[localization_shard_0001.json] Processing 130/130 jobs (Streaming)...
🚀 [Item W117444] Generating EVERYTHING for: 没有
🚀 [Item W117448] Generating EVERYTHING for: 半天
🚀 [Item W117449] Generating EVERYTHING for: 帮
🚀 [Item W117450] Generating EVERYTHING for: 杯
🚀 [Item W117452] Generating EVERYTHING for: 北边
🚀 [Item W117453] Generating EVERYTHING for: 本子
🚀 [Item W117454] Generating EVERYTHING for: 别的
🚀 [Item W117458] Generating EVERYTHING for: 不对
🚀 [Item W117460] Generating EVERYTHING for: 常
🚀 [Item W117462] Generating EVERYTHING for: 唱
🚀 [Item W117464] Generating EVERYTHING for: 车票
🚀 [Item W117466] Generating EVERYTHING for: 车站
🚀 [Item W117471] Generating EVERYTHING for: 打
🚀 [Item W117471] Generating EVERYTHING for: 打
🚀 [Item W117472] Generating EVERYTHING for: 打车
🚀 [Item W117476] Generating EVERYTHING for: 大学生
🚀 [Item W117477] Generating EVERYTHING for: 得到
🚀 [Item W117480] Generating EVERYTHING for: 第
🚀 [Item W117482] Generating EVERYTHING for: 电
🚀 [Item W117485] Generating EVERYTHING for: 电影院
🚀 [Item W117487] Generating EVERYTHING for: 动
🚀 [Item W117488] Generating EVERYTHING for: 读书
🚀 [Item W117491] Generating EVERYTHING for: 放假
🚀 [Item W117495] Generating EVERYTHING for: 干什么
🚀 [Item W117496] Generating EVERYTHING for: 哥
🚀 [Item W117497] Generating EVERYTHING for: 歌
🚀 [Item W117498] Generating EVERYTHING for: 关上
🚀 [Item W117499] Generating EVERYTHING for: 国
🚀 [Item W117500] Generating EVERYTHING for: 国外
🚀 [Item W117501] Generating EVERYTHING for: 还有
🚀 [Item W117502] Generating EVERYTHING for: 汉字
🚀 [Item W117503] Generating EVERYTHING for: 好看
🚀 [Item W117504] Generating EVERYTHING for: 好听
🚀 [Item W117505] Generating EVERYTHING for: 好玩儿
🚀 [Item W117506] Generating EVERYTHING for: 后
🚀 [Item W117507] Generating EVERYTHING for: 后边
🚀 [Item W117508] Generating EVERYTHING for: 后天
🚀 [Item W117509] Generating EVERYTHING for: 话
🚀 [Item W117510] Generating EVERYTHING for: 回到
🚀 [Item W117511] Generating EVERYTHING for: 回家
🚀 [Item W117512] Generating EVERYTHING for: 回来
🚀 [Item W117513] Generating EVERYTHING for: 回去
🚀 [Item W117514] Generating EVERYTHING for: 火车
🚀 [Item W117515] Generating EVERYTHING for: 机票
🚀 [Item W117516] Generating EVERYTHING for: 记
🚀 [Item W117517] Generating EVERYTHING for: 记住
🚀 [Item W117518] Generating EVERYTHING for: 家里
🚀 [Item W117519] Generating EVERYTHING for: 家人
🚀 [Item W117520] Generating EVERYTHING for: 间
🚀 [Item W117521] Generating EVERYTHING for: 见
🚀 [Item W117522] Generating EVERYTHING for: 教学楼
🚀 [Item W117523] Generating EVERYTHING for: 姐
🚀 [Item W117524] Generating EVERYTHING for: 今年
🚀 [Item W117525] Generating EVERYTHING for: 进来
🚀 [Item W117526] Generating EVERYTHING for: 进去
🚀 [Item W117527] Generating EVERYTHING for: 开车
🚀 [Item W117528] Generating EVERYTHING for: 开会
🚀 [Item W117529] Generating EVERYTHING for: 看病
🚀 [Item W117530] Generating EVERYTHING for: 看到
🚀 [Item W117531] Generating EVERYTHING for: 考
🚀 [Item W117532] Generating EVERYTHING for: 课本
🚀 [Item W117533] Generating EVERYTHING for: 课文
🚀 [Item W117534] Generating EVERYTHING for: 来到
🚀 [Item W117535] Generating EVERYTHING for: 老人
🚀 [Item W117536] Generating EVERYTHING for: 里边
🚀 [Item W117537] Generating EVERYTHING for: 〇
🚀 [Item W117538] Generating EVERYTHING for: 六
🚀 [Item W117539] Generating EVERYTHING for: 楼上
🚀 [Item W117540] Generating EVERYTHING for: 楼下
🚀 [Item W117541] Generating EVERYTHING for: 路口
🚀 [Item W117542] Generating EVERYTHING for: 路上
🚀 [Item W117543] Generating EVERYTHING for: 妈
🚀 [Item W117545] Generating EVERYTHING for: 没什么
🚀 [Item W117546] Generating EVERYTHING for: 没事儿
🚀 [Item W117547] Generating EVERYTHING for: 妹
🚀 [Item W117548] Generating EVERYTHING for: 门口
🚀 [Item W117549] Generating EVERYTHING for: 门票
🚀 [Item W117550] Generating EVERYTHING for: 们
🚀 [Item W117551] Generating EVERYTHING for: 朋友们
🚀 [Item W117552] Generating EVERYTHING for: 面条儿
🚀 [Item W117553] Generating EVERYTHING for: 明年
🚀 [Item W117554] Generating EVERYTHING for: 哪里
🚀 [Item W117555] Generating EVERYTHING for: 哪儿
🚀 [Item W117556] Generating EVERYTHING for: 哪些
🚀 [Item W117557] Generating EVERYTHING for: 那边
🚀 [Item W117558] Generating EVERYTHING for: 那里
🚀 [Item W117559] Generating EVERYTHING for: 那儿
🚀 [Item W117560] Generating EVERYTHING for: 那些
🚀 [Item W117561] Generating EVERYTHING for: 奶
🚀 [Item W117562] Generating EVERYTHING for: 男孩儿
🚀 [Item W117563] Generating EVERYTHING for: 男朋友
🚀 [Item W117564] Generating EVERYTHING for: 男人
🚀 [Item W117565] Generating EVERYTHING for: 男生
🚀 [Item W117566] Generating EVERYTHING for: 南边
🚀 [Item W117567] Generating EVERYTHING for: 你们
🚀 [Item W117568] Generating EVERYTHING for: 女孩儿
🚀 [Item W117569] Generating EVERYTHING for: 女朋友
🚀 [Item W117570] Generating EVERYTHING for: 女人
🚀 [Item W117571] Generating EVERYTHING for: 女生
🚀 [Item W117572] Generating EVERYTHING for: 跑
🚀 [Item W117573] Generating EVERYTHING for: 起
🚀 [Item W117574] Generating EVERYTHING for: 汽车
🚀 [Item W117575] Generating EVERYTHING for: 前边
🚀 [Item W117576] Generating EVERYTHING for: 前天
🚀 [Item W117577] Generating EVERYTHING for: 钱包
🚀 [Item W117578] Generating EVERYTHING for: 请进
🚀 [Item W117579] Generating EVERYTHING for: 请问
🚀 [Item W117580] Generating EVERYTHING for: 请坐
🚀 [Item W117581] Generating EVERYTHING for: 球
🚀 [Item W117582] Generating EVERYTHING for: 肉
🚀 [Item W117583] Generating EVERYTHING for: 山
🚀 [Item W117584] Generating EVERYTHING for: 商场
🚀 [Item W117585] Generating EVERYTHING for: 上边
🚀 [Item W117586] Generating EVERYTHING for: 上车
🚀 [Item W117587] Generating EVERYTHING for: 上次
🚀 [Item W117588] Generating EVERYTHING for: 上课
🚀 [Item W117589] Generating EVERYTHING for: 上学
🚀 [Item W117590] Generating EVERYTHING for: 身上
🚀 [Item W117591] Generating EVERYTHING for: 事
🚀 [Item W117592] Generating EVERYTHING for: 是不是
🚀 [Item W117593] Generating EVERYTHING for: 手
🚀 [Item W117594] Generating EVERYTHING for: 书包
🚀 [Item W117595] Generating EVERYTHING for: 书店
🚀 [Item W117596] Generating EVERYTHING for: 睡
🚀 [Item W117597] Generating EVERYTHING for: 说
🚀 [Item W117598] Generating EVERYTHING for: 他们
🚀 [Item W117599] Generating EVERYTHING for: 她们
🚀 [Item W117600] Generating EVERYTHING for: 天
🚀 [Item W117601] Generating EVERYTHING for: 听到
🚀 [Item W117602] Generating EVERYTHING for: 听见
[localization_shard_0002.json] Processing 130/130 jobs (Streaming)...
🚀 [Item W117603] Generating EVERYTHING for: 听写
🚀 [Item W117604] Generating EVERYTHING for: 外边
🚀 [Item W117605] Generating EVERYTHING for: 外国
🚀 [Item W117606] Generating EVERYTHING for: 外语
🚀 [Item W117607] Generating EVERYTHING for: 玩儿
🚀 [Item W117608] Generating EVERYTHING for: 晚
🚀 [Item W117609] Generating EVERYTHING for: 晚饭
🚀 [Item W117610] Generating EVERYTHING for: 网上
🚀 [Item W117611] Generating EVERYTHING for: 网友
🚀 [Item W117612] Generating EVERYTHING for: 忘
🚀 [Item W117613] Generating EVERYTHING for: 午饭
🚀 [Item W117614] Generating EVERYTHING for: 西边
🚀 [Item W117615] Generating EVERYTHING for: 下班
🚀 [Item W117616] Generating EVERYTHING for: 下边
🚀 [Item W117617] Generating EVERYTHING for: 下车
🚀 [Item W117618] Generating EVERYTHING for: 下次
🚀 [Item W117619] Generating EVERYTHING for: 下课
🚀 [Item W117620] Generating EVERYTHING for: 小孩儿
🚀 [Item W117621] Generating EVERYTHING for: 小朋友
🚀 [Item W117622] Generating EVERYTHING for: 小学
🚀 [Item W117623] Generating EVERYTHING for: 小学生
🚀 [Item W117624] Generating EVERYTHING for: 新年
🚀 [Item W117625] Generating EVERYTHING for: 星期日
🚀 [Item W117626] Generating EVERYTHING for: 星期天
🚀 [Item W117627] Generating EVERYTHING for: 学
🚀 [Item W117628] Generating EVERYTHING for: 学院
🚀 [Item W117629] Generating EVERYTHING for: 一半
🚀 [Item W117630] Generating EVERYTHING for: 一块儿
🚀 [Item W117631] Generating EVERYTHING for: 一下儿
🚀 [Item W117631] Generating EVERYTHING for: 一下儿
🚀 [Item W117632] Generating EVERYTHING for: 一点儿
🚀 [Item W117633] Generating EVERYTHING for: 一些
🚀 [Item W117634] Generating EVERYTHING for: 有的
🚀 [Item W117635] Generating EVERYTHING for: 有时候
🚀 [Item W117636] Generating EVERYTHING for: 有时
🚀 [Item W117637] Generating EVERYTHING for: 有些
🚀 [Item W117638] Generating EVERYTHING for: 有一些
🚀 [Item W117639] Generating EVERYTHING for: 有用
🚀 [Item W117640] Generating EVERYTHING for: 右
🚀 [Item W117641] Generating EVERYTHING for: 雨
🚀 [Item W117642] Generating EVERYTHING for: 在家
🚀 [Item W117643] Generating EVERYTHING for: 早
🚀 [Item W117644] Generating EVERYTHING for: 早饭
🚀 [Item W117645] Generating EVERYTHING for: 找到
🚀 [Item W117646] Generating EVERYTHING for: 这边
🚀 [Item W117647] Generating EVERYTHING for: 这里
🚀 [Item W117648] Generating EVERYTHING for: 这儿
🚀 [Item W117649] Generating EVERYTHING for: 这些
🚀 [Item W117650] Generating EVERYTHING for: 真的
🚀 [Item W117651] Generating EVERYTHING for: 中
🚀 [Item W117652] Generating EVERYTHING for: 中学
🚀 [Item W117653] Generating EVERYTHING for: 中学生
🚀 [Item W117654] Generating EVERYTHING for: 子
🚀 [Item W117655] Generating EVERYTHING for: 走路
🚀 [Item W117656] Generating EVERYTHING for: 左
🚀 [Item W117657] Generating EVERYTHING for: 坐下
🚀 [Item W117658] Generating EVERYTHING for: 爱人
🚀 [Item W117659] Generating EVERYTHING for: 白色
🚀 [Item W117660] Generating EVERYTHING for: 班长
🚀 [Item W117661] Generating EVERYTHING for: 办
🚀 [Item W117662] Generating EVERYTHING for: 半夜
🚀 [Item W117663] Generating EVERYTHING for: 比如说
🚀 [Item W117664] Generating EVERYTHING for: 笔
🚀 [Item W117665] Generating EVERYTHING for: 笔记
🚀 [Item W117666] Generating EVERYTHING for: 边
🚀 [Item W117667] Generating EVERYTHING for: 变
🚀 [Item W117668] Generating EVERYTHING for: 变成
🚀 [Item W117669] Generating EVERYTHING for: 表
🚀 [Item W117670] Generating EVERYTHING for: 不错
🚀 [Item W117671] Generating EVERYTHING for: 不够
🚀 [Item W117672] Generating EVERYTHING for: 不太
🚀 [Item W117673] Generating EVERYTHING for: 不要
🚀 [Item W117674] Generating EVERYTHING for: 不好意思
🚀 [Item W117675] Generating EVERYTHING for: 不久
🚀 [Item W117676] Generating EVERYTHING for: 不满
🚀 [Item W117677] Generating EVERYTHING for: 不少
🚀 [Item W117678] Generating EVERYTHING for: 不同
🚀 [Item W117679] Generating EVERYTHING for: 不行
🚀 [Item W117680] Generating EVERYTHING for: 不一定
🚀 [Item W117681] Generating EVERYTHING for: 不一会儿
🚀 [Item W117682] Generating EVERYTHING for: 草地
🚀 [Item W117683] Generating EVERYTHING for: 查
🚀 [Item W117684] Generating EVERYTHING for: 常见
🚀 [Item W117685] Generating EVERYTHING for: 常用
🚀 [Item W117686] Generating EVERYTHING for: 车辆
🚀 [Item W117687] Generating EVERYTHING for: 成
🚀 [Item W117687] Generating EVERYTHING for: 成
🚀 [Item W117688] Generating EVERYTHING for: 出国
🚀 [Item W117689] Generating EVERYTHING for: 出门
🚀 [Item W117690] Generating EVERYTHING for: 出院
🚀 [Item W117691] Generating EVERYTHING for: 出租
🚀 [Item W117692] Generating EVERYTHING for: 春节
🚀 [Item W117693] Generating EVERYTHING for: 春天
🚀 [Item W117694] Generating EVERYTHING for: 词
🚀 [Item W117695] Generating EVERYTHING for: 从小
🚀 [Item W117696] Generating EVERYTHING for: 大部分
🚀 [Item W117697] Generating EVERYTHING for: 大大
🚀 [Item W117698] Generating EVERYTHING for: 大多数
🚀 [Item W117699] Generating EVERYTHING for: 大海
🚀 [Item W117700] Generating EVERYTHING for: 大量
🚀 [Item W117701] Generating EVERYTHING for: 大门
🚀 [Item W117702] Generating EVERYTHING for: 大人
🚀 [Item W117703] Generating EVERYTHING for: 大声
🚀 [Item W117704] Generating EVERYTHING for: 大小
🚀 [Item W117705] Generating EVERYTHING for: 大衣
🚀 [Item W117706] Generating EVERYTHING for: 大自然
🚀 [Item W117707] Generating EVERYTHING for: 带来
🚀 [Item W117708] Generating EVERYTHING for: 但
🚀 [Item W117709] Generating EVERYTHING for: 蛋
🚀 [Item W117710] Generating EVERYTHING for: 道
🚀 [Item W117711] Generating EVERYTHING for: 道路
🚀 [Item W117712] Generating EVERYTHING for: 得出
🚀 [Item W117713] Generating EVERYTHING for: 的话
🚀 [Item W117714] Generating EVERYTHING for: 等到
🚀 [Item W117715] Generating EVERYTHING for: 地铁站
🚀 [Item W117716] Generating EVERYTHING for: 点头
🚀 [Item W117717] Generating EVERYTHING for: 店
🚀 [Item W117718] Generating EVERYTHING for: 东北
🚀 [Item W117719] Generating EVERYTHING for: 东方
🚀 [Item W117720] Generating EVERYTHING for: 东南
🚀 [Item W117721] Generating EVERYTHING for: 冬天
🚀 [Item W117722] Generating EVERYTHING for: 懂得
🚀 [Item W117723] Generating EVERYTHING for: 动物园
🚀 [Item W117724] Generating EVERYTHING for: 读音
🚀 [Item W117725] Generating EVERYTHING for: 度
🚀 [Item W117725] Generating EVERYTHING for: 度
🚀 [Item W117726] Generating EVERYTHING for: 队
🚀 [Item W117727] Generating EVERYTHING for: 队长
🚀 [Item W117728] Generating EVERYTHING for: 多久
🚀 [Item W117729] Generating EVERYTHING for: 多数
[localization_shard_0003.json] Processing 130/130 jobs (Streaming)...
🚀 [Item W117730] Generating EVERYTHING for: 多云
🚀 [Item W117731] Generating EVERYTHING for: 饭馆
🚀 [Item W117732] Generating EVERYTHING for: 方便面
🚀 [Item W117733] Generating EVERYTHING for: 放下
🚀 [Item W117734] Generating EVERYTHING for: 分开
🚀 [Item W117735] Generating EVERYTHING for: 分数
🚀 [Item W117736] Generating EVERYTHING for: 封
🚀 [Item W117736] Generating EVERYTHING for: 封
🚀 [Item W117737] Generating EVERYTHING for: 服务
🚀 [Item W117738] Generating EVERYTHING for: 该
🚀 [Item W117738] Generating EVERYTHING for: 该
🚀 [Item W117739] Generating EVERYTHING for: 改
🚀 [Item W117740] Generating EVERYTHING for: 感到
🚀 [Item W117741] Generating EVERYTHING for: 刚刚
🚀 [Item W117742] Generating EVERYTHING for: 高中
🚀 [Item W117743] Generating EVERYTHING for: 公交车
🚀 [Item W117744] Generating EVERYTHING for: 公路
🚀 [Item W117745] Generating EVERYTHING for: 关机
🚀 [Item W117746] Generating EVERYTHING for: 过来
🚀 [Item W117747] Generating EVERYTHING for: 过年
🚀 [Item W117748] Generating EVERYTHING for: 海
🚀 [Item W117749] Generating EVERYTHING for: 海边
🚀 [Item W117750] Generating EVERYTHING for: 好多
🚀 [Item W117751] Generating EVERYTHING for: 好久
🚀 [Item W117752] Generating EVERYTHING for: 好人
🚀 [Item W117753] Generating EVERYTHING for: 好事
🚀 [Item W117754] Generating EVERYTHING for: 河
🚀 [Item W117755] Generating EVERYTHING for: 黑色
🚀 [Item W117756] Generating EVERYTHING for: 红色
🚀 [Item W117757] Generating EVERYTHING for: 湖
🚀 [Item W117758] Generating EVERYTHING for: 花园
🚀 [Item W117759] Generating EVERYTHING for: 画家
🚀 [Item W117760] Generating EVERYTHING for: 画儿
🚀 [Item W117761] Generating EVERYTHING for: 坏处
🚀 [Item W117762] Generating EVERYTHING for: 坏人
🚀 [Item W117763] Generating EVERYTHING for: 黄
🚀 [Item W117764] Generating EVERYTHING for: 黄色
🚀 [Item W117765] Generating EVERYTHING for: 回国
🚀 [Item W117766] Generating EVERYTHING for: 或
🚀 [Item W117767] Generating EVERYTHING for: 鸡
🚀 [Item W117768] Generating EVERYTHING for: 级
🚀 [Item W117769] Generating EVERYTHING for: 急
🚀 [Item W117770] Generating EVERYTHING for: 计算机
🚀 [Item W117771] Generating EVERYTHING for: 加
🚀 [Item W117772] Generating EVERYTHING for: 加油
🚀 [Item W117773] Generating EVERYTHING for: 科学家
🚀 [Item W117774] Generating EVERYTHING for: 家长
🚀 [Item W117775] Generating EVERYTHING for: 假期
🚀 [Item W117776] Generating EVERYTHING for: 见到
🚀 [Item W117777] Generating EVERYTHING for: 见过
🚀 [Item W117778] Generating EVERYTHING for: 讲话
🚀 [Item W117779] Generating EVERYTHING for: 交给
🚀 [Item W117780] Generating EVERYTHING for: 交朋友
🚀 [Item W117781] Generating EVERYTHING for: 叫作
🚀 [Item W117782] Generating EVERYTHING for: 教师
🚀 [Item W117783] Generating EVERYTHING for: 教学
🚀 [Item W117784] Generating EVERYTHING for: 接到
🚀 [Item W117785] Generating EVERYTHING for: 接下来
🚀 [Item W117786] Generating EVERYTHING for: 街
🚀 [Item W117787] Generating EVERYTHING for: 斤
🚀 [Item W117788] Generating EVERYTHING for: 今后
🚀 [Item W117789] Generating EVERYTHING for: 进入
🚀 [Item W117790] Generating EVERYTHING for: 酒
🚀 [Item W117791] Generating EVERYTHING for: 酒店
🚀 [Item W117792] Generating EVERYTHING for: 就要
🚀 [Item W117793] Generating EVERYTHING for: 举手
🚀 [Item W117794] Generating EVERYTHING for: 句
🚀 [Item W117795] Generating EVERYTHING for: 卡
🚀 [Item W117796] Generating EVERYTHING for: 开机
🚀 [Item W117797] Generating EVERYTHING for: 开学
🚀 [Item W117798] Generating EVERYTHING for: 考生
🚀 [Item W117799] Generating EVERYTHING for: 科
🚀 [Item W117800] Generating EVERYTHING for: 课堂
🚀 [Item W117801] Generating EVERYTHING for: 快餐
🚀 [Item W117802] Generating EVERYTHING for: 快点儿
🚀 [Item W117803] Generating EVERYTHING for: 快要
🚀 [Item W117804] Generating EVERYTHING for: 蓝色
🚀 [Item W117805] Generating EVERYTHING for: 篮球
🚀 [Item W117806] Generating EVERYTHING for: 老王
🚀 [Item W117807] Generating EVERYTHING for: 老年
🚀 [Item W117808] Generating EVERYTHING for: 老朋友
🚀 [Item W117809] Generating EVERYTHING for: 老是
🚀 [Item W117810] Generating EVERYTHING for: 里头
🚀 [Item W117811] Generating EVERYTHING for: 例子
🚀 [Item W117812] Generating EVERYTHING for: 练
🚀 [Item W117813] Generating EVERYTHING for: 凉
🚀 [Item W117814] Generating EVERYTHING for: 零下
🚀 [Item W117815] Generating EVERYTHING for: 留下
🚀 [Item W117816] Generating EVERYTHING for: 留学生
🚀 [Item W117817] Generating EVERYTHING for: 流
🚀 [Item W117818] Generating EVERYTHING for: 路边
🚀 [Item W117819] Generating EVERYTHING for: 旅客
🚀 [Item W117820] Generating EVERYTHING for: 绿色
🚀 [Item W117821] Generating EVERYTHING for: 面
🚀 [Item W117822] Generating EVERYTHING for: 面前
🚀 [Item W117823] Generating EVERYTHING for: 名
🚀 [Item W117824] Generating EVERYTHING for: 名称
🚀 [Item W117825] Generating EVERYTHING for: 名单
🚀 [Item W117826] Generating EVERYTHING for: 拿出
🚀 [Item W117827] Generating EVERYTHING for: 拿到
🚀 [Item W117828] Generating EVERYTHING for: 那会儿
🚀 [Item W117829] Generating EVERYTHING for: 那么
🚀 [Item W117830] Generating EVERYTHING for: 那时候
🚀 [Item W117831] Generating EVERYTHING for: 那时
🚀 [Item W117832] Generating EVERYTHING for: 那样
🚀 [Item W117833] Generating EVERYTHING for: 南方
🚀 [Item W117834] Generating EVERYTHING for: 难看
🚀 [Item W117835] Generating EVERYTHING for: 难题
🚀 [Item W117836] Generating EVERYTHING for: 难听
🚀 [Item W117837] Generating EVERYTHING for: 能够
🚀 [Item W117838] Generating EVERYTHING for: 爬
🚀 [Item W117839] Generating EVERYTHING for: 怕
🚀 [Item W117839] Generating EVERYTHING for: 怕
🚀 [Item W117840] Generating EVERYTHING for: 排
🚀 [Item W117840] Generating EVERYTHING for: 排
🚀 [Item W117841] Generating EVERYTHING for: 排球
🚀 [Item W117842] Generating EVERYTHING for: 碰到
🚀 [Item W117843] Generating EVERYTHING for: 碰见
🚀 [Item W117844] Generating EVERYTHING for: 瓶
🚀 [Item W117845] Generating EVERYTHING for: 普通
🚀 [Item W117846] Generating EVERYTHING for: 骑车
🚀 [Item W117847] Generating EVERYTHING for: 气
🚀 [Item W117848] Generating EVERYTHING for: 气温
🚀 [Item W117849] Generating EVERYTHING for: 千克
🚀 [Item W117850] Generating EVERYTHING for: 前年
🚀 [Item W117851] Generating EVERYTHING for: 青年
🚀 [Item W117852] Generating EVERYTHING for: 晴天
🚀 [Item W117853] Generating EVERYTHING for: 请客
🚀 [Item W117854] Generating EVERYTHING for: 秋天
🚀 [Item W117855] Generating EVERYTHING for: 求
[localization_shard_0004.json] Processing 130/130 jobs (Streaming)...
🚀 [Item W117856] Generating EVERYTHING for: 球场
🚀 [Item W117857] Generating EVERYTHING for: 球队
🚀 [Item W117858] Generating EVERYTHING for: 球鞋
🚀 [Item W117859] Generating EVERYTHING for: 取得
🚀 [Item W117860] Generating EVERYTHING for: 全
🚀 [Item W117861] Generating EVERYTHING for: 全国
🚀 [Item W117862] Generating EVERYTHING for: 全家
🚀 [Item W117863] Generating EVERYTHING for: 全年
🚀 [Item W117864] Generating EVERYTHING for: 全身
🚀 [Item W117865] Generating EVERYTHING for: 全体
🚀 [Item W117866] Generating EVERYTHING for: 人们
🚀 [Item W117867] Generating EVERYTHING for: 人数
🚀 [Item W117868] Generating EVERYTHING for: 日报
🚀 [Item W117869] Generating EVERYTHING for: 商人
🚀 [Item W117870] Generating EVERYTHING for: 上周
🚀 [Item W117871] Generating EVERYTHING for: 少数
🚀 [Item W117872] Generating EVERYTHING for: 少年
🚀 [Item W117873] Generating EVERYTHING for: 身边
🚀 [Item W117874] Generating EVERYTHING for: 什么样
🚀 [Item W117875] Generating EVERYTHING for: 生
🚀 [Item W117875] Generating EVERYTHING for: 生
🚀 [Item W117876] Generating EVERYTHING for: 生词
🚀 [Item W117877] Generating EVERYTHING for: 市
🚀 [Item W117878] Generating EVERYTHING for: 市长
🚀 [Item W117879] Generating EVERYTHING for: 收到
🚀 [Item W117880] Generating EVERYTHING for: 熟
🚀 [Item W117881] Generating EVERYTHING for: 熟
🚀 [Item W117882] Generating EVERYTHING for: 送到
🚀 [Item W117883] Generating EVERYTHING for: 送给
🚀 [Item W117884] Generating EVERYTHING for: 算
🚀 [Item W117885] Generating EVERYTHING for: 它们
🚀 [Item W117886] Generating EVERYTHING for: 提出
🚀 [Item W117887] Generating EVERYTHING for: 提到
🚀 [Item W117888] Generating EVERYTHING for: 体育场
🚀 [Item W117889] Generating EVERYTHING for: 体育馆
🚀 [Item W117890] Generating EVERYTHING for: 天上
🚀 [Item W117891] Generating EVERYTHING for: 听讲
🚀 [Item W117892] Generating EVERYTHING for: 听说
🚀 [Item W117893] Generating EVERYTHING for: 停车
🚀 [Item W117894] Generating EVERYTHING for: 停车场
🚀 [Item W117895] Generating EVERYTHING for: 挺好
🚀 [Item W117896] Generating EVERYTHING for: 通
🚀 [Item W117897] Generating EVERYTHING for: 同样
🚀 [Item W117898] Generating EVERYTHING for: 头
🚀 [Item W117898] Generating EVERYTHING for: 头
🚀 [Item W117899] Generating EVERYTHING for: 头
🚀 [Item W117900] Generating EVERYTHING for: 图片
🚀 [Item W117901] Generating EVERYTHING for: 外地
🚀 [Item W117902] Generating EVERYTHING for: 外卖
🚀 [Item W117903] Generating EVERYTHING for: 晚安
🚀 [Item W117904] Generating EVERYTHING for: 晚报
🚀 [Item W117905] Generating EVERYTHING for: 晚餐
🚀 [Item W117906] Generating EVERYTHING for: 晚会
🚀 [Item W117907] Generating EVERYTHING for: 网
🚀 [Item W117908] Generating EVERYTHING for: 问路
🚀 [Item W117909] Generating EVERYTHING for: 午餐
🚀 [Item W117910] Generating EVERYTHING for: 午睡
🚀 [Item W117911] Generating EVERYTHING for: 西北
🚀 [Item W117912] Generating EVERYTHING for: 西餐
🚀 [Item W117913] Generating EVERYTHING for: 西方
🚀 [Item W117914] Generating EVERYTHING for: 西南
🚀 [Item W117915] Generating EVERYTHING for: 西医
🚀 [Item W117916] Generating EVERYTHING for: 洗衣机
🚀 [Item W117917] Generating EVERYTHING for: 下雪
🚀 [Item W117918] Generating EVERYTHING for: 下周
🚀 [Item W117919] Generating EVERYTHING for: 夏天
🚀 [Item W117920] Generating EVERYTHING for: 想到
🚀 [Item W117921] Generating EVERYTHING for: 想法
🚀 [Item W117922] Generating EVERYTHING for: 想起
🚀 [Item W117923] Generating EVERYTHING for: 相机
🚀 [Item W117924] Generating EVERYTHING for: 小王
🚀 [Item W117925] Generating EVERYTHING for: 小声
🚀 [Item W117926] Generating EVERYTHING for: 小时候
🚀 [Item W117927] Generating EVERYTHING for: 小组
🚀 [Item W117928] Generating EVERYTHING for: 校园
🚀 [Item W117929] Generating EVERYTHING for: 笑话儿
🚀 [Item W117930] Generating EVERYTHING for: 鞋
🚀 [Item W117931] Generating EVERYTHING for: 心里
🚀 [Item W117932] Generating EVERYTHING for: 心中
🚀 [Item W117933] Generating EVERYTHING for: 信
🚀 [Item W117933] Generating EVERYTHING for: 信
🚀 [Item W117934] Generating EVERYTHING for: 星星
🚀 [Item W117935] Generating EVERYTHING for: 姓名
🚀 [Item W117936] Generating EVERYTHING for: 休假
🚀 [Item W117937] Generating EVERYTHING for: 选
🚀 [Item W117938] Generating EVERYTHING for: 眼
🚀 [Item W117939] Generating EVERYTHING for: 养
🚀 [Item W117940] Generating EVERYTHING for: 药店
🚀 [Item W117941] Generating EVERYTHING for: 药片
🚀 [Item W117942] Generating EVERYTHING for: 药水
🚀 [Item W117943] Generating EVERYTHING for: 夜里
🚀 [Item W117944] Generating EVERYTHING for: 一部分
🚀 [Item W117945] Generating EVERYTHING for: 一路平安
🚀 [Item W117946] Generating EVERYTHING for: 一路顺风
🚀 [Item W117947] Generating EVERYTHING for: 以后
🚀 [Item W117948] Generating EVERYTHING for: 以上
🚀 [Item W117949] Generating EVERYTHING for: 以外
🚀 [Item W117950] Generating EVERYTHING for: 以下
🚀 [Item W117951] Generating EVERYTHING for: 一点点
🚀 [Item W117952] Generating EVERYTHING for: 一生
🚀 [Item W117953] Generating EVERYTHING for: 阴天
🚀 [Item W117954] Generating EVERYTHING for: 音节
🚀 [Item W117955] Generating EVERYTHING for: 音乐会
🚀 [Item W117956] Generating EVERYTHING for: 银行卡
🚀 [Item W117957] Generating EVERYTHING for: 英文
🚀 [Item W117958] Generating EVERYTHING for: 英语
🚀 [Item W117959] Generating EVERYTHING for: 影片
🚀 [Item W117960] Generating EVERYTHING for: 油
🚀 [Item W117961] Generating EVERYTHING for: 游客
🚀 [Item W117962] Generating EVERYTHING for: 有空儿
🚀 [Item W117963] Generating EVERYTHING for: 有人
🚀 [Item W117964] Generating EVERYTHING for: 有点儿
🚀 [Item W117965] Generating EVERYTHING for: 有一点儿
🚀 [Item W117966] Generating EVERYTHING for: 有意思
🚀 [Item W117967] Generating EVERYTHING for: 院
🚀 [Item W117968] Generating EVERYTHING for: 院长
🚀 [Item W117969] Generating EVERYTHING for: 院子
🚀 [Item W117970] Generating EVERYTHING for: 月份
🚀 [Item W117971] Generating EVERYTHING for: 越来越
🚀 [Item W117972] Generating EVERYTHING for: 咱
🚀 [Item W117973] Generating EVERYTHING for: 早餐
🚀 [Item W117974] Generating EVERYTHING for: 早晨
🚀 [Item W117975] Generating EVERYTHING for: 早就
🚀 [Item W117976] Generating EVERYTHING for: 怎么办
🚀 [Item W117977] Generating EVERYTHING for: 怎样
🚀 [Item W117978] Generating EVERYTHING for: 站住
🚀 [Item W117979] Generating EVERYTHING for: 长大
🚀 [Item W117980] Generating EVERYTHING for: 找出
🚀 [Item W117981] Generating EVERYTHING for: 照相
🚀 [Item W117982] Generating EVERYTHING for: 这么
[localization_shard_0005.json] Processing 130/130 jobs (Streaming)...
🚀 [Item W117983] Generating EVERYTHING for: 这时候
🚀 [Item W117984] Generating EVERYTHING for: 这时
🚀 [Item W117985] Generating EVERYTHING for: 这样
🚀 [Item W117986] Generating EVERYTHING for: 正是
🚀 [Item W117987] Generating EVERYTHING for: 只能
🚀 [Item W117988] Generating EVERYTHING for: 纸
🚀 [Item W117989] Generating EVERYTHING for: 中餐
🚀 [Item W117990] Generating EVERYTHING for: 中级
🚀 [Item W117991] Generating EVERYTHING for: 中年
🚀 [Item W117992] Generating EVERYTHING for: 中小学
🚀 [Item W117993] Generating EVERYTHING for: 中医
🚀 [Item W117994] Generating EVERYTHING for: 周
🚀 [Item W117995] Generating EVERYTHING for: 住房
🚀 [Item W117996] Generating EVERYTHING for: 住院
🚀 [Item W117997] Generating EVERYTHING for: 字典
🚀 [Item W117998] Generating EVERYTHING for: 走过
🚀 [Item W117999] Generating EVERYTHING for: 走进
🚀 [Item W118000] Generating EVERYTHING for: 走开
🚀 [Item W118001] Generating EVERYTHING for: 组长
🚀 [Item W118002] Generating EVERYTHING for: 做到
🚀 [Item W118003] Generating EVERYTHING for: 做法
🚀 [Item W118004] Generating EVERYTHING for: 做饭
🚀 [Item W118005] Generating EVERYTHING for: 按
🚀 [Item W118006] Generating EVERYTHING for: 白菜
🚀 [Item W118007] Generating EVERYTHING for: 班级
🚀 [Item W118008] Generating EVERYTHING for: 搬家
🚀 [Item W118009] Generating EVERYTHING for: 板
🚀 [Item W118010] Generating EVERYTHING for: 保
🚀 [Item W118011] Generating EVERYTHING for: 保安
🚀 [Item W118012] Generating EVERYTHING for: 报
🚀 [Item W118012] Generating EVERYTHING for: 报
🚀 [Item W118013] Generating EVERYTHING for: 北部
🚀 [Item W118014] Generating EVERYTHING for: 背后
🚀 [Item W118015] Generating EVERYTHING for: 变为
🚀 [Item W118016] Generating EVERYTHING for: 并
🚀 [Item W118016] Generating EVERYTHING for: 并
🚀 [Item W118017] Generating EVERYTHING for: 播出
🚀 [Item W118018] Generating EVERYTHING for: 不必
🚀 [Item W118019] Generating EVERYTHING for: 不论
🚀 [Item W118020] Generating EVERYTHING for: 补
🚀 [Item W118021] Generating EVERYTHING for: 不光
🚀 [Item W118022] Generating EVERYTHING for: 步
🚀 [Item W118023] Generating EVERYTHING for: 部
🚀 [Item W118024] Generating EVERYTHING for: 部长
🚀 [Item W118025] Generating EVERYTHING for: 才能
🚀 [Item W118026] Generating EVERYTHING for: 采用
🚀 [Item W118027] Generating EVERYTHING for: 彩色
🚀 [Item W118028] Generating EVERYTHING for: 长处
🚀 [Item W118029] Generating EVERYTHING for: 长期
🚀 [Item W118030] Generating EVERYTHING for: 厂
🚀 [Item W118031] Generating EVERYTHING for: 衬衣
🚀 [Item W118032] Generating EVERYTHING for: 称为
🚀 [Item W118033] Generating EVERYTHING for: 城
🚀 [Item W118034] Generating EVERYTHING for: 初
🚀 [Item W118035] Generating EVERYTHING for: 初一
🚀 [Item W118036] Generating EVERYTHING for: 初中
🚀 [Item W118037] Generating EVERYTHING for: 传
🚀 [Item W118038] Generating EVERYTHING for: 传来
🚀 [Item W118039] Generating EVERYTHING for: 村
🚀 [Item W118040] Generating EVERYTHING for: 打破
🚀 [Item W118041] Generating EVERYTHING for: 代
🚀 [Item W118042] Generating EVERYTHING for: 代表团
🚀 [Item W118043] Generating EVERYTHING for: 带动
🚀 [Item W118044] Generating EVERYTHING for: 当中
🚀 [Item W118045] Generating EVERYTHING for: 得分
🚀 [Item W118046] Generating EVERYTHING for: 底下
🚀 [Item W118047] Generating EVERYTHING for: 电视剧
🚀 [Item W118048] Generating EVERYTHING for: 电视台
🚀 [Item W118049] Generating EVERYTHING for: 调
🚀 [Item W118050] Generating EVERYTHING for: 订
🚀 [Item W118051] Generating EVERYTHING for: 东部
🚀 [Item W118052] Generating EVERYTHING for: 动人
🚀 [Item W118053] Generating EVERYTHING for: 读者
🚀 [Item W118054] Generating EVERYTHING for: 短处
🚀 [Item W118055] Generating EVERYTHING for: 短裤
🚀 [Item W118056] Generating EVERYTHING for: 短期
🚀 [Item W118057] Generating EVERYTHING for: 队员
🚀 [Item W118058] Generating EVERYTHING for: 发出
🚀 [Item W118059] Generating EVERYTHING for: 发送
🚀 [Item W118060] Generating EVERYTHING for: 防
🚀 [Item W118061] Generating EVERYTHING for: 房屋
🚀 [Item W118062] Generating EVERYTHING for: 房租
🚀 [Item W118063] Generating EVERYTHING for: 放到
🚀 [Item W118064] Generating EVERYTHING for: 飞行
🚀 [Item W118065] Generating EVERYTHING for: 费
🚀 [Item W118066] Generating EVERYTHING for: 费用
🚀 [Item W118067] Generating EVERYTHING for: 分组
🚀 [Item W118068] Generating EVERYTHING for: 福
🚀 [Item W118069] Generating EVERYTHING for: 父母
🚀 [Item W118070] Generating EVERYTHING for: 付
🚀 [Item W118071] Generating EVERYTHING for: 改造
🚀 [Item W118072] Generating EVERYTHING for: 赶到
🚀 [Item W118073] Generating EVERYTHING for: 干吗
🚀 [Item W118074] Generating EVERYTHING for: 高速
🚀 [Item W118075] Generating EVERYTHING for: 歌迷
🚀 [Item W118076] Generating EVERYTHING for: 歌声
🚀 [Item W118077] Generating EVERYTHING for: 歌手
🚀 [Item W118078] Generating EVERYTHING for: 各地
🚀 [Item W118079] Generating EVERYTHING for: 各位
🚀 [Item W118080] Generating EVERYTHING for: 各种
🚀 [Item W118081] Generating EVERYTHING for: 更加
🚀 [Item W118082] Generating EVERYTHING for: 工夫
🚀 [Item W118083] Generating EVERYTHING for: 公共
🚀 [Item W118084] Generating EVERYTHING for: 公务员
🚀 [Item W118085] Generating EVERYTHING for: 功课
🚀 [Item W118086] Generating EVERYTHING for: 共有
🚀 [Item W118087] Generating EVERYTHING for: 古
🚀 [Item W118088] Generating EVERYTHING for: 关注
🚀 [Item W118089] Generating EVERYTHING for: 观看
🚀 [Item W118090] Generating EVERYTHING for: 管
🚀 [Item W118091] Generating EVERYTHING for: 国内
🚀 [Item W118092] Generating EVERYTHING for: 国庆
🚀 [Item W118093] Generating EVERYTHING for: 哈哈
🚀 [Item W118094] Generating EVERYTHING for: 好好
🚀 [Item W118095] Generating EVERYTHING for: 合
🚀 [Item W118096] Generating EVERYTHING for: 红茶
🚀 [Item W118097] Generating EVERYTHING for: 红酒
🚀 [Item W118098] Generating EVERYTHING for: 后年
🚀 [Item W118099] Generating EVERYTHING for: 划船
🚀 [Item W118100] Generating EVERYTHING for: 华人
🚀 [Item W118101] Generating EVERYTHING for: 化
🚀 [Item W118102] Generating EVERYTHING for: 现代化
🚀 [Item W118103] Generating EVERYTHING for: 话剧
🚀 [Item W118104] Generating EVERYTHING for: 环
🚀 [Item W118105] Generating EVERYTHING for: 环保
🚀 [Item W118106] Generating EVERYTHING for: 会员
🚀 [Item W118107] Generating EVERYTHING for: 活
🚀 [Item W118108] Generating EVERYTHING for: 基本上
🚀 [Item W118109] Generating EVERYTHING for: 极了
🚀 [Item W118110] Generating EVERYTHING for: 加快
[localization_shard_0006.json] Processing 130/130 jobs (Streaming)...
🚀 [Item W118111] Generating EVERYTHING for: 加强
🚀 [Item W118112] Generating EVERYTHING for: 价钱
🚀 [Item W118113] Generating EVERYTHING for: 架
🚀 [Item W118114] Generating EVERYTHING for: 建
🚀 [Item W118115] Generating EVERYTHING for: 建成
🚀 [Item W118116] Generating EVERYTHING for: 交费
🚀 [Item W118117] Generating EVERYTHING for: 交警
🚀 [Item W118118] Generating EVERYTHING for: 较
🚀 [Item W118119] Generating EVERYTHING for: 解开
🚀 [Item W118120] Generating EVERYTHING for: 金
🚀 [Item W118121] Generating EVERYTHING for: 金牌
🚀 [Item W118122] Generating EVERYTHING for: 仅
🚀 [Item W118123] Generating EVERYTHING for: 仅仅
🚀 [Item W118124] Generating EVERYTHING for: 紧
🚀 [Item W118125] Generating EVERYTHING for: 进一步
🚀 [Item W118126] Generating EVERYTHING for: 近期
🚀 [Item W118127] Generating EVERYTHING for: 静
🚀 [Item W118128] Generating EVERYTHING for: 就是
🚀 [Item W118129] Generating EVERYTHING for: 具有
🚀 [Item W118130] Generating EVERYTHING for: 剧场
🚀 [Item W118131] Generating EVERYTHING for: 开业
🚀 [Item W118132] Generating EVERYTHING for: 看起来
🚀 [Item W118133] Generating EVERYTHING for: 看上去
🚀 [Item W118134] Generating EVERYTHING for: 科技
🚀 [Item W118135] Generating EVERYTHING for: 可乐
🚀 [Item W118136] Generating EVERYTHING for: 空儿
🚀 [Item W118137] Generating EVERYTHING for: 快速
🚀 [Item W118138] Generating EVERYTHING for: 老太太
🚀 [Item W118139] Generating EVERYTHING for: 老头儿
🚀 [Item W118140] Generating EVERYTHING for: 乐
🚀 [Item W118141] Generating EVERYTHING for: 类
🚀 [Item W118142] Generating EVERYTHING for: 里面
🚀 [Item W118143] Generating EVERYTHING for: 力
🚀 [Item W118143] Generating EVERYTHING for: 力
🚀 [Item W118144] Generating EVERYTHING for: 连续剧
🚀 [Item W118145] Generating EVERYTHING for: 联合国
🚀 [Item W118146] Generating EVERYTHING for: 凉水
🚀 [Item W118147] Generating EVERYTHING for: 领
🚀 [Item W118148] Generating EVERYTHING for: 另一方面
🚀 [Item W118149] Generating EVERYTHING for: 录
🚀 [Item W118150] Generating EVERYTHING for: 路线
🚀 [Item W118151] Generating EVERYTHING for: 旅馆
🚀 [Item W118152] Generating EVERYTHING for: 旅行社
🚀 [Item W118153] Generating EVERYTHING for: 绿茶
🚀 [Item W118154] Generating EVERYTHING for: 慢慢
🚀 [Item W118155] Generating EVERYTHING for: 没用
🚀 [Item W118156] Generating EVERYTHING for: 美
🚀 [Item W118157] Generating EVERYTHING for: 美好
🚀 [Item W118158] Generating EVERYTHING for: 美食
🚀 [Item W118159] Generating EVERYTHING for: 美元
🚀 [Item W118160] Generating EVERYTHING for: 迷
🚀 [Item W118161] Generating EVERYTHING for: 奶茶
🚀 [Item W118162] Generating EVERYTHING for: 男子
🚀 [Item W118163] Generating EVERYTHING for: 南部
🚀 [Item W118164] Generating EVERYTHING for: 难度
🚀 [Item W118165] Generating EVERYTHING for: 内心
🚀 [Item W118166] Generating EVERYTHING for: 能不能
🚀 [Item W118167] Generating EVERYTHING for: 年初
🚀 [Item W118168] Generating EVERYTHING for: 年底
🚀 [Item W118169] Generating EVERYTHING for: 牛
🚀 [Item W118169] Generating EVERYTHING for: 牛
🚀 [Item W118170] Generating EVERYTHING for: 女子
🚀 [Item W118171] Generating EVERYTHING for: 排名
🚀 [Item W118172] Generating EVERYTHING for: 牌子
🚀 [Item W118173] Generating EVERYTHING for: 配
🚀 [Item W118174] Generating EVERYTHING for: 皮
🚀 [Item W118175] Generating EVERYTHING for: 皮包
🚀 [Item W118176] Generating EVERYTHING for: 票价
🚀 [Item W118177] Generating EVERYTHING for: 期
🚀 [Item W118178] Generating EVERYTHING for: 齐
🚀 [Item W118179] Generating EVERYTHING for: 前后
🚀 [Item W118180] Generating EVERYTHING for: 前进
🚀 [Item W118181] Generating EVERYTHING for: 前面
🚀 [Item W118182] Generating EVERYTHING for: 前往
🚀 [Item W118183] Generating EVERYTHING for: 强
🚀 [Item W118184] Generating EVERYTHING for: 强大
🚀 [Item W118185] Generating EVERYTHING for: 巧
🚀 [Item W118186] Generating EVERYTHING for: 亲
🚀 [Item W118187] Generating EVERYTHING for: 亲人
🚀 [Item W118188] Generating EVERYTHING for: 情感
🚀 [Item W118189] Generating EVERYTHING for: 区
🚀 [Item W118190] Generating EVERYTHING for: 全场
🚀 [Item W118191] Generating EVERYTHING for: 全球
🚀 [Item W118192] Generating EVERYTHING for: 缺
🚀 [Item W118193] Generating EVERYTHING for: 人民
🚀 [Item W118194] Generating EVERYTHING for: 人群
🚀 [Item W118195] Generating EVERYTHING for: 认出
🚀 [Item W118196] Generating EVERYTHING for: 认得
🚀 [Item W118197] Generating EVERYTHING for: 任
🚀 [Item W118198] Generating EVERYTHING for: 仍
🚀 [Item W118199] Generating EVERYTHING for: 沙子
🚀 [Item W118200] Generating EVERYTHING for: 伤
🚀 [Item W118201] Generating EVERYTHING for: 上来
🚀 [Item W118202] Generating EVERYTHING for: 上面
🚀 [Item W118203] Generating EVERYTHING for: 上去
🚀 [Item W118204] Generating EVERYTHING for: 上升
🚀 [Item W118205] Generating EVERYTHING for: 上衣
🚀 [Item W118206] Generating EVERYTHING for: 身份证
🚀 [Item W118207] Generating EVERYTHING for: 深入
🚀 [Item W118208] Generating EVERYTHING for: 胜
🚀 [Item W118209] Generating EVERYTHING for: 时
🚀 [Item W118210] Generating EVERYTHING for: 实际上
🚀 [Item W118211] Generating EVERYTHING for: 实验室
🚀 [Item W118212] Generating EVERYTHING for: 食品
🚀 [Item W118213] Generating EVERYTHING for: 世界杯
🚀 [Item W118214] Generating EVERYTHING for: 事实上
🚀 [Item W118215] Generating EVERYTHING for: 试题
🚀 [Item W118216] Generating EVERYTHING for: 适用
🚀 [Item W118217] Generating EVERYTHING for: 室
🚀 [Item W118218] Generating EVERYTHING for: 收费
🚀 [Item W118219] Generating EVERYTHING for: 收看
🚀 [Item W118220] Generating EVERYTHING for: 收听
🚀 [Item W118221] Generating EVERYTHING for: 受
🚀 [Item W118222] Generating EVERYTHING for: 熟人
🚀 [Item W118223] Generating EVERYTHING for: 属
🚀 [Item W118224] Generating EVERYTHING for: 随
🚀 [Item W118225] Generating EVERYTHING for: 所长
🚀 [Item W118226] Generating EVERYTHING for: 谈话
🚀 [Item W118227] Generating EVERYTHING for: 调
🚀 [Item W118228] Generating EVERYTHING for: 跳
🚀 [Item W118229] Generating EVERYTHING for: 跳高
🚀 [Item W118230] Generating EVERYTHING for: 跳远
🚀 [Item W118231] Generating EVERYTHING for: 铁
🚀 [Item W118232] Generating EVERYTHING for: 铁路
🚀 [Item W118233] Generating EVERYTHING for: 听力
🚀 [Item W118234] Generating EVERYTHING for: 听众
🚀 [Item W118235] Generating EVERYTHING for: 停止
🚀 [Item W118236] Generating EVERYTHING for: 通信
🚀 [Item W118237] Generating EVERYTHING for: 痛
🚀 [Item W118237] Generating EVERYTHING for: 痛
[localization_shard_0007.json] Processing 130/130 jobs (Streaming)...
🚀 [Item W118238] Generating EVERYTHING for: 头脑
🚀 [Item W118239] Generating EVERYTHING for: 图
🚀 [Item W118240] Generating EVERYTHING for: 图画
🚀 [Item W118241] Generating EVERYTHING for: 土
🚀 [Item W118241] Generating EVERYTHING for: 土
🚀 [Item W118242] Generating EVERYTHING for: 推动
🚀 [Item W118243] Generating EVERYTHING for: 推进
🚀 [Item W118244] Generating EVERYTHING for: 推开
🚀 [Item W118245] Generating EVERYTHING for: 退出
🚀 [Item W118246] Generating EVERYTHING for: 外面
🚀 [Item W118247] Generating EVERYTHING for: 外文
🚀 [Item W118248] Generating EVERYTHING for: 围
🚀 [Item W118249] Generating EVERYTHING for: 卫生
🚀 [Item W118250] Generating EVERYTHING for: 舞台
🚀 [Item W118251] Generating EVERYTHING for: 西部
🚀 [Item W118252] Generating EVERYTHING for: 下来
🚀 [Item W118253] Generating EVERYTHING for: 下面
🚀 [Item W118254] Generating EVERYTHING for: 下去
🚀 [Item W118255] Generating EVERYTHING for: 线
🚀 [Item W118256] Generating EVERYTHING for: 相比
🚀 [Item W118257] Generating EVERYTHING for: 相互
🚀 [Item W118258] Generating EVERYTHING for: 心
🚀 [Item W118259] Generating EVERYTHING for: 行李
🚀 [Item W118260] Generating EVERYTHING for: 性
🚀 [Item W118261] Generating EVERYTHING for: 积极性
🚀 [Item W118262] Generating EVERYTHING for: 修
🚀 [Item W118263] Generating EVERYTHING for: 学费
🚀 [Item W118264] Generating EVERYTHING for: 压
🚀 [Item W118265] Generating EVERYTHING for: 烟
🚀 [Item W118266] Generating EVERYTHING for: 眼前
🚀 [Item W118267] Generating EVERYTHING for: 演
🚀 [Item W118268] Generating EVERYTHING for: 演唱
🚀 [Item W118269] Generating EVERYTHING for: 演唱会
🚀 [Item W118270] Generating EVERYTHING for: 羊
🚀 [Item W118271] Generating EVERYTHING for: 衣架
🚀 [Item W118272] Generating EVERYTHING for: 已
🚀 [Item W118273] Generating EVERYTHING for: 一方面
🚀 [Item W118274] Generating EVERYTHING for: 银牌
🚀 [Item W118275] Generating EVERYTHING for: 应当
🚀 [Item W118276] Generating EVERYTHING for: 影视
🚀 [Item W118277] Generating EVERYTHING for: 邮件
🚀 [Item W118278] Generating EVERYTHING for: 邮票
🚀 [Item W118279] Generating EVERYTHING for: 邮箱
🚀 [Item W118280] Generating EVERYTHING for: 游
🚀 [Item W118281] Generating EVERYTHING for: 有的是
🚀 [Item W118282] Generating EVERYTHING for: 有效
🚀 [Item W118283] Generating EVERYTHING for: 预计
🚀 [Item W118284] Generating EVERYTHING for: 员
🚀 [Item W118285] Generating EVERYTHING for: 约
🚀 [Item W118286] Generating EVERYTHING for: 乐队
🚀 [Item W118287] Generating EVERYTHING for: 早已
🚀 [Item W118288] Generating EVERYTHING for: 造
🚀 [Item W118289] Generating EVERYTHING for: 增长
🚀 [Item W118290] Generating EVERYTHING for: 者
🚀 [Item W118291] Generating EVERYTHING for: 争
🚀 [Item W118292] Generating EVERYTHING for: 整
🚀 [Item W118293] Generating EVERYTHING for: 整天
🚀 [Item W118294] Generating EVERYTHING for: 整整
🚀 [Item W118295] Generating EVERYTHING for: 证
🚀 [Item W118296] Generating EVERYTHING for: 支付
🚀 [Item W118297] Generating EVERYTHING for: 直到
🚀 [Item W118298] Generating EVERYTHING for: 值
🚀 [Item W118299] Generating EVERYTHING for: 职工
🚀 [Item W118300] Generating EVERYTHING for: 只是
🚀 [Item W118301] Generating EVERYTHING for: 指出
🚀 [Item W118302] Generating EVERYTHING for: 志愿
🚀 [Item W118303] Generating EVERYTHING for: 中部
🚀 [Item W118304] Generating EVERYTHING for: 中华民族
🚀 [Item W118305] Generating EVERYTHING for: 钟
🚀 [Item W118306] Generating EVERYTHING for: 祝
🚀 [Item W118307] Generating EVERYTHING for: 抓住
🚀 [Item W118308] Generating EVERYTHING for: 准
🚀 [Item W118309] Generating EVERYTHING for: 子女
🚀 [Item W118310] Generating EVERYTHING for: 自身
🚀 [Item W118311] Generating EVERYTHING for: 总
🚀 [Item W118312] Generating EVERYTHING for: 足够
🚀 [Item W118313] Generating EVERYTHING for: 足球
🚀 [Item W118314] Generating EVERYTHING for: 做客
🚀 [Item W118315] Generating EVERYTHING for: 矮小
🚀 [Item W118316] Generating EVERYTHING for: 爱国
🚀 [Item W118317] Generating EVERYTHING for: 安
🚀 [Item W118318] Generating EVERYTHING for: 巴士
🚀 [Item W118319] Generating EVERYTHING for: 百货
🚀 [Item W118320] Generating EVERYTHING for: 摆动
🚀 [Item W118321] Generating EVERYTHING for: 败
🚀 [Item W118322] Generating EVERYTHING for: 办事
🚀 [Item W118323] Generating EVERYTHING for: 宝
🚀 [Item W118324] Generating EVERYTHING for: 宝宝
🚀 [Item W118325] Generating EVERYTHING for: 宝石
🚀 [Item W118326] Generating EVERYTHING for: 被迫
🚀 [Item W118327] Generating EVERYTHING for: 比分
🚀 [Item W118328] Generating EVERYTHING for: 毕业生
🚀 [Item W118329] Generating EVERYTHING for: 避
🚀 [Item W118330] Generating EVERYTHING for: 编
🚀 [Item W118331] Generating EVERYTHING for: 冰
🚀 [Item W118332] Generating EVERYTHING for: 冰雪
🚀 [Item W118333] Generating EVERYTHING for: 兵
🚀 [Item W118334] Generating EVERYTHING for: 不在乎
🚀 [Item W118335] Generating EVERYTHING for: 步行
🚀 [Item W118336] Generating EVERYTHING for: 测
🚀 [Item W118337] Generating EVERYTHING for: 测试
🚀 [Item W118338] Generating EVERYTHING for: 曾
🚀 [Item W118339] Generating EVERYTHING for: 茶叶
🚀 [Item W118340] Generating EVERYTHING for: 唱片
🚀 [Item W118341] Generating EVERYTHING for: 抄写
🚀 [Item W118342] Generating EVERYTHING for: 潮
🚀 [Item W118343] Generating EVERYTHING for: 沉
🚀 [Item W118344] Generating EVERYTHING for: 诚信
🚀 [Item W118345] Generating EVERYTHING for: 尺
🚀 [Item W118346] Generating EVERYTHING for: 尺寸
🚀 [Item W118347] Generating EVERYTHING for: 充电
🚀 [Item W118348] Generating EVERYTHING for: 虫子
🚀 [Item W118349] Generating EVERYTHING for: 抽
🚀 [Item W118350] Generating EVERYTHING for: 抽奖
🚀 [Item W118351] Generating EVERYTHING for: 出售
🚀 [Item W118352] Generating EVERYTHING for: 处于
🚀 [Item W118353] Generating EVERYTHING for: 处
🚀 [Item W118354] Generating EVERYTHING for: 穿上
🚀 [Item W118355] Generating EVERYTHING for: 窗台
🚀 [Item W118356] Generating EVERYTHING for: 窗子
🚀 [Item W118357] Generating EVERYTHING for: 春季
🚀 [Item W118358] Generating EVERYTHING for: 纯
🚀 [Item W118359] Generating EVERYTHING for: 纯净水
🚀 [Item W118360] Generating EVERYTHING for: 此
🚀 [Item W118361] Generating EVERYTHING for: 粗
🚀 [Item W118362] Generating EVERYTHING for: 促销
🚀 [Item W118363] Generating EVERYTHING for: 打
🚀 [Item W118364] Generating EVERYTHING for: 打败
🚀 [Item W118365] Generating EVERYTHING for: 打雷
🚀 [Item W118366] Generating EVERYTHING for: 大巴
[localization_shard_0008.json] Processing 130/130 jobs (Streaming)...
🚀 [Item W118367] Generating EVERYTHING for: 大多
🚀 [Item W118368] Generating EVERYTHING for: 大哥
🚀 [Item W118369] Generating EVERYTHING for: 大规模
🚀 [Item W118370] Generating EVERYTHING for: 大会
🚀 [Item W118371] Generating EVERYTHING for: 大姐
🚀 [Item W118372] Generating EVERYTHING for: 大楼
🚀 [Item W118373] Generating EVERYTHING for: 大陆
🚀 [Item W118374] Generating EVERYTHING for: 大妈
🚀 [Item W118375] Generating EVERYTHING for: 大爷
🚀 [Item W118376] Generating EVERYTHING for: 大众
🚀 [Item W118377] Generating EVERYTHING for: 袋
🚀 [Item W118378] Generating EVERYTHING for: 单
🚀 [Item W118379] Generating EVERYTHING for: 倒车
🚀 [Item W118380] Generating EVERYTHING for: 倒车
🚀 [Item W118381] Generating EVERYTHING for: 灯光
🚀 [Item W118382] Generating EVERYTHING for: 登
🚀 [Item W118383] Generating EVERYTHING for: 登山
🚀 [Item W118384] Generating EVERYTHING for: 地面
🚀 [Item W118385] Generating EVERYTHING for: 地下
🚀 [Item W118386] Generating EVERYTHING for: 点名
🚀 [Item W118387] Generating EVERYTHING for: 电灯
🚀 [Item W118388] Generating EVERYTHING for: 电动车
🚀 [Item W118389] Generating EVERYTHING for: 定
🚀 [Item W118390] Generating EVERYTHING for: 冬季
🚀 [Item W118391] Generating EVERYTHING for: 动摇
🚀 [Item W118392] Generating EVERYTHING for: 独自
🚀 [Item W118393] Generating EVERYTHING for: 堵
🚀 [Item W118394] Generating EVERYTHING for: 多次
🚀 [Item W118395] Generating EVERYTHING for: 多年
🚀 [Item W118396] Generating EVERYTHING for: 多样
🚀 [Item W118397] Generating EVERYTHING for: 多种
🚀 [Item W118398] Generating EVERYTHING for: 而是
🚀 [Item W118399] Generating EVERYTHING for: 耳机
🚀 [Item W118400] Generating EVERYTHING for: 二手
🚀 [Item W118401] Generating EVERYTHING for: 法
🚀 [Item W118402] Generating EVERYTHING for: 法官
🚀 [Item W118403] Generating EVERYTHING for: 烦
🚀 [Item W118404] Generating EVERYTHING for: 反
🚀 [Item W118405] Generating EVERYTHING for: 肥
🚀 [Item W118406] Generating EVERYTHING for: 分为
🚀 [Item W118407] Generating EVERYTHING for: 分之
🚀 [Item W118408] Generating EVERYTHING for: 夫妻
🚀 [Item W118409] Generating EVERYTHING for: 付出
🚀 [Item W118410] Generating EVERYTHING for: 高价
🚀 [Item W118411] Generating EVERYTHING for: 高铁
🚀 [Item W118412] Generating EVERYTHING for: 隔
🚀 [Item W118413] Generating EVERYTHING for: 隔开
🚀 [Item W118414] Generating EVERYTHING for: 各个
🚀 [Item W118415] Generating EVERYTHING for: 工程
🚀 [Item W118416] Generating EVERYTHING for: 供应
🚀 [Item W118417] Generating EVERYTHING for: 共
🚀 [Item W118418] Generating EVERYTHING for: 构造
🚀 [Item W118419] Generating EVERYTHING for: 购买
🚀 [Item W118420] Generating EVERYTHING for: 瓜
🚀 [Item W118421] Generating EVERYTHING for: 怪
🚀 [Item W118421] Generating EVERYTHING for: 怪
🚀 [Item W118422] Generating EVERYTHING for: 归
🚀 [Item W118423] Generating EVERYTHING for: 海水
🚀 [Item W118424] Generating EVERYTHING for: 含
🚀 [Item W118425] Generating EVERYTHING for: 含量
🚀 [Item W118426] Generating EVERYTHING for: 含有
🚀 [Item W118427] Generating EVERYTHING for: 寒冷
🚀 [Item W118428] Generating EVERYTHING for: 毫升
🚀 [Item W118429] Generating EVERYTHING for: 好友
🚀 [Item W118430] Generating EVERYTHING for: 黑暗
🚀 [Item W118431] Generating EVERYTHING for: 红包
🚀 [Item W118432] Generating EVERYTHING for: 后头
🚀 [Item W118433] Generating EVERYTHING for: 户
🚀 [Item W118434] Generating EVERYTHING for: 黄瓜
🚀 [Item W118435] Generating EVERYTHING for: 回复
🚀 [Item W118436] Generating EVERYTHING for: 汇
🚀 [Item W118437] Generating EVERYTHING for: 伙
🚀 [Item W118438] Generating EVERYTHING for: 货
🚀 [Item W118439] Generating EVERYTHING for: 获
🚀 [Item W118440] Generating EVERYTHING for: 获奖
🚀 [Item W118441] Generating EVERYTHING for: 获取
🚀 [Item W118442] Generating EVERYTHING for: 季
🚀 [Item W118443] Generating EVERYTHING for: 既
🚀 [Item W118444] Generating EVERYTHING for: 加入
🚀 [Item W118445] Generating EVERYTHING for: 检测
🚀 [Item W118446] Generating EVERYTHING for: 减
🚀 [Item W118447] Generating EVERYTHING for: 渐渐
🚀 [Item W118448] Generating EVERYTHING for: 江
🚀 [Item W118449] Generating EVERYTHING for: 奖
🚀 [Item W118450] Generating EVERYTHING for: 奖学金
🚀 [Item W118451] Generating EVERYTHING for: 降
🚀 [Item W118452] Generating EVERYTHING for: 降价
🚀 [Item W118453] Generating EVERYTHING for: 降温
🚀 [Item W118454] Generating EVERYTHING for: 结
🚀 [Item W118455] Generating EVERYTHING for: 姐妹
🚀 [Item W118456] Generating EVERYTHING for: 紧密
🚀 [Item W118457] Generating EVERYTHING for: 局
🚀 [Item W118457] Generating EVERYTHING for: 局
🚀 [Item W118458] Generating EVERYTHING for: 聚
🚀 [Item W118459] Generating EVERYTHING for: 开花
🚀 [Item W118460] Generating EVERYTHING for: 看来
🚀 [Item W118461] Generating EVERYTHING for: 口袋
🚀 [Item W118462] Generating EVERYTHING for: 口语
🚀 [Item W118463] Generating EVERYTHING for: 快递
🚀 [Item W118464] Generating EVERYTHING for: 宽广
🚀 [Item W118465] Generating EVERYTHING for: 扩展
🚀 [Item W118466] Generating EVERYTHING for: 括号
🚀 [Item W118467] Generating EVERYTHING for: 垃圾
🚀 [Item W118468] Generating EVERYTHING for: 拉开
🚀 [Item W118469] Generating EVERYTHING for: 老公
🚀 [Item W118470] Generating EVERYTHING for: 老家
🚀 [Item W118471] Generating EVERYTHING for: 泪
🚀 [Item W118472] Generating EVERYTHING for: 泪水
🚀 [Item W118473] Generating EVERYTHING for: 离不开
🚀 [Item W118474] Generating EVERYTHING for: 量
🚀 [Item W118475] Generating EVERYTHING for: 两边
🚀 [Item W118476] Generating EVERYTHING for: 疗养
🚀 [Item W118477] Generating EVERYTHING for: 列
🚀 [Item W118478] Generating EVERYTHING for: 列入
🚀 [Item W118479] Generating EVERYTHING for: 列为
🚀 [Item W118480] Generating EVERYTHING for: 楼梯
🚀 [Item W118481] Generating EVERYTHING for: 轮
🚀 [Item W118482] Generating EVERYTHING for: 轮椅
🚀 [Item W118483] Generating EVERYTHING for: 轮子
🚀 [Item W118484] Generating EVERYTHING for: 落
🚀 [Item W118485] Generating EVERYTHING for: 毛衣
🚀 [Item W118486] Generating EVERYTHING for: 没错
🚀 [Item W118487] Generating EVERYTHING for: 没法儿
🚀 [Item W118488] Generating EVERYTHING for: 没想到
🚀 [Item W118489] Generating EVERYTHING for: 美金
🚀 [Item W118490] Generating EVERYTHING for: 美女
🚀 [Item W118491] Generating EVERYTHING for: 梦见
🚀 [Item W118492] Generating EVERYTHING for: 密
🚀 [Item W118493] Generating EVERYTHING for: 面试
🚀 [Item W118494] Generating EVERYTHING for: 描述
[localization_shard_0009.json] Processing 130/130 jobs (Streaming)...
🚀 [Item W118495] Generating EVERYTHING for: 名牌儿
🚀 [Item W118496] Generating EVERYTHING for: 名人
🚀 [Item W118497] Generating EVERYTHING for: 模特儿
🚀 [Item W118498] Generating EVERYTHING for: 末
🚀 [Item W118499] Generating EVERYTHING for: 男女
🚀 [Item W118500] Generating EVERYTHING for: 男士
🚀 [Item W118501] Generating EVERYTHING for: 闹
🚀 [Item W118502] Generating EVERYTHING for: 闹钟
🚀 [Item W118503] Generating EVERYTHING for: 宁静
🚀 [Item W118504] Generating EVERYTHING for: 暖气
🚀 [Item W118505] Generating EVERYTHING for: 拍照
🚀 [Item W118506] Generating EVERYTHING for: 牌
🚀 [Item W118507] Generating EVERYTHING for: 盘
🚀 [Item W118507] Generating EVERYTHING for: 盘
🚀 [Item W118508] Generating EVERYTHING for: 胖子
🚀 [Item W118509] Generating EVERYTHING for: 培训班
🚀 [Item W118510] Generating EVERYTHING for: 平稳
🚀 [Item W118511] Generating EVERYTHING for: 期末
🚀 [Item W118512] Generating EVERYTHING for: 期中
🚀 [Item W118513] Generating EVERYTHING for: 气球
🚀 [Item W118514] Generating EVERYTHING for: 汽水
🚀 [Item W118515] Generating EVERYTHING for: 前头
🚀 [Item W118516] Generating EVERYTHING for: 穷人
🚀 [Item W118517] Generating EVERYTHING for: 秋季
🚀 [Item W118518] Generating EVERYTHING for: 燃料
🚀 [Item W118519] Generating EVERYTHING for: 散
🚀 [Item W118520] Generating EVERYTHING for: 扫
🚀 [Item W118521] Generating EVERYTHING for: 色
🚀 [Item W118522] Generating EVERYTHING for: 闪
🚀 [Item W118523] Generating EVERYTHING for: 赏
🚀 [Item W118524] Generating EVERYTHING for: 上个月
🚀 [Item W118525] Generating EVERYTHING for: 上楼
🚀 [Item W118526] Generating EVERYTHING for: 上门
🚀 [Item W118527] Generating EVERYTHING for: 烧
🚀 [Item W118528] Generating EVERYTHING for: 身高
🚀 [Item W118529] Generating EVERYTHING for: 深厚
🚀 [Item W118530] Generating EVERYTHING for: 诗人
🚀 [Item W118531] Generating EVERYTHING for: 湿
🚀 [Item W118532] Generating EVERYTHING for: 食堂
🚀 [Item W118533] Generating EVERYTHING for: 使劲
🚀 [Item W118534] Generating EVERYTHING for: 市区
🚀 [Item W118535] Generating EVERYTHING for: 收回
🚀 [Item W118536] Generating EVERYTHING for: 手里
🚀 [Item W118537] Generating EVERYTHING for: 守
🚀 [Item W118538] Generating EVERYTHING for: 暑假
🚀 [Item W118539] Generating EVERYTHING for: 树林
🚀 [Item W118540] Generating EVERYTHING for: 树叶
🚀 [Item W118541] Generating EVERYTHING for: 刷
🚀 [Item W118542] Generating EVERYTHING for: 刷子
🚀 [Item W118543] Generating EVERYTHING for: 帅哥
🚀 [Item W118544] Generating EVERYTHING for: 率先
🚀 [Item W118545] Generating EVERYTHING for: 睡着
🚀 [Item W118546] Generating EVERYTHING for: 松
🚀 [Item W118547] Generating EVERYTHING for: 松树
🚀 [Item W118548] Generating EVERYTHING for: 塑料
🚀 [Item W118549] Generating EVERYTHING for: 酸奶
🚀 [Item W118550] Generating EVERYTHING for: 孙女
🚀 [Item W118551] Generating EVERYTHING for: 缩小
🚀 [Item W118552] Generating EVERYTHING for: 台上
🚀 [Item W118553] Generating EVERYTHING for: 套餐
🚀 [Item W118554] Generating EVERYTHING for: 特价
🚀 [Item W118555] Generating EVERYTHING for: 体操
🚀 [Item W118556] Generating EVERYTHING for: 体检
🚀 [Item W118557] Generating EVERYTHING for: 体重
🚀 [Item W118558] Generating EVERYTHING for: 替
🚀 [Item W118559] Generating EVERYTHING for: 替代
🚀 [Item W118560] Generating EVERYTHING for: 填
🚀 [Item W118561] Generating EVERYTHING for: 挑
🚀 [Item W118562] Generating EVERYTHING for: 挑选
🚀 [Item W118563] Generating EVERYTHING for: 挑
🚀 [Item W118564] Generating EVERYTHING for: 贴
🚀 [Item W118565] Generating EVERYTHING for: 停下
🚀 [Item W118566] Generating EVERYTHING for: 通知书
🚀 [Item W118567] Generating EVERYTHING for: 童年
🚀 [Item W118568] Generating EVERYTHING for: 投
🚀 [Item W118569] Generating EVERYTHING for: 透
🚀 [Item W118570] Generating EVERYTHING for: 途中
🚀 [Item W118571] Generating EVERYTHING for: 外汇
🚀 [Item W118572] Generating EVERYTHING for: 外交官
🚀 [Item W118573] Generating EVERYTHING for: 外套
🚀 [Item W118574] Generating EVERYTHING for: 弯
🚀 [Item W118575] Generating EVERYTHING for: 晚点
🚀 [Item W118576] Generating EVERYTHING for: 王
🚀 [Item W118577] Generating EVERYTHING for: 网址
🚀 [Item W118578] Generating EVERYTHING for: 微信
🚀 [Item W118579] Generating EVERYTHING for: 味儿
🚀 [Item W118580] Generating EVERYTHING for: 稳
🚀 [Item W118581] Generating EVERYTHING for: 无法
🚀 [Item W118582] Generating EVERYTHING for: 无限
🚀 [Item W118583] Generating EVERYTHING for: 五颜六色
🚀 [Item W118584] Generating EVERYTHING for: 吸
🚀 [Item W118585] Generating EVERYTHING for: 吸管
🚀 [Item W118586] Generating EVERYTHING for: 吸烟
🚀 [Item W118587] Generating EVERYTHING for: 喜爱
🚀 [Item W118588] Generating EVERYTHING for: 细
🚀 [Item W118589] Generating EVERYTHING for: 下个月
🚀 [Item W118590] Generating EVERYTHING for: 下降
🚀 [Item W118591] Generating EVERYTHING for: 下楼
🚀 [Item W118592] Generating EVERYTHING for: 夏季
🚀 [Item W118593] Generating EVERYTHING for: 鲜
🚀 [Item W118594] Generating EVERYTHING for: 鲜花
🚀 [Item W118595] Generating EVERYTHING for: 箱
🚀 [Item W118596] Generating EVERYTHING for: 箱子
🚀 [Item W118597] Generating EVERYTHING for: 相片
🚀 [Item W118598] Generating EVERYTHING for: 小型
🚀 [Item W118599] Generating EVERYTHING for: 新型
🚀 [Item W118600] Generating EVERYTHING for: 型
🚀 [Item W118601] Generating EVERYTHING for: 型号
🚀 [Item W118602] Generating EVERYTHING for: 兴趣
🚀 [Item W118603] Generating EVERYTHING for: 胸部
🚀 [Item W118604] Generating EVERYTHING for: 学分
🚀 [Item W118605] Generating EVERYTHING for: 学年
🚀 [Item W118606] Generating EVERYTHING for: 学时
🚀 [Item W118607] Generating EVERYTHING for: 牙
🚀 [Item W118608] Generating EVERYTHING for: 牙刷
🚀 [Item W118609] Generating EVERYTHING for: 亚运会
🚀 [Item W118610] Generating EVERYTHING for: 严
🚀 [Item W118611] Generating EVERYTHING for: 研究生
🚀 [Item W118612] Generating EVERYTHING for: 研制
🚀 [Item W118613] Generating EVERYTHING for: 眼泪
🚀 [Item W118614] Generating EVERYTHING for: 眼里
🚀 [Item W118615] Generating EVERYTHING for: 药物
🚀 [Item W118616] Generating EVERYTHING for: 医疗
🚀 [Item W118617] Generating EVERYTHING for: 医学
🚀 [Item W118618] Generating EVERYTHING for: 移
🚀 [Item W118619] Generating EVERYTHING for: 以内
🚀 [Item W118620] Generating EVERYTHING for: 一般来说
🚀 [Item W118621] Generating EVERYTHING for: 引
🚀 [Item W118622] Generating EVERYTHING for: 引进
🚀 [Item W118623] Generating EVERYTHING for: 应
[localization_shard_0010.json] Processing 130/130 jobs (Streaming)...
🚀 [Item W118624] Generating EVERYTHING for: 赢得
🚀 [Item W118625] Generating EVERYTHING for: 优良
🚀 [Item W118626] Generating EVERYTHING for: 有劲儿
🚀 [Item W118627] Generating EVERYTHING for: 有限
🚀 [Item W118628] Generating EVERYTHING for: 语音
🚀 [Item W118629] Generating EVERYTHING for: 预测
🚀 [Item W118630] Generating EVERYTHING for: 遇
🚀 [Item W118631] Generating EVERYTHING for: 遇见
🚀 [Item W118632] Generating EVERYTHING for: 月底
🚀 [Item W118633] Generating EVERYTHING for: 运动会
🚀 [Item W118634] Generating EVERYTHING for: 运动员
🚀 [Item W118635] Generating EVERYTHING for: 赞赏
🚀 [Item W118636] Generating EVERYTHING for: 战胜
🚀 [Item W118637] Generating EVERYTHING for: 战士
🚀 [Item W118638] Generating EVERYTHING for: 招呼
🚀 [Item W118639] Generating EVERYTHING for: 针
🚀 [Item W118640] Generating EVERYTHING for: 之后
🚀 [Item W118641] Generating EVERYTHING for: 之间
🚀 [Item W118642] Generating EVERYTHING for: 之前
🚀 [Item W118643] Generating EVERYTHING for: 之一
🚀 [Item W118644] Generating EVERYTHING for: 制订
🚀 [Item W118645] Generating EVERYTHING for: 治
🚀 [Item W118646] Generating EVERYTHING for: 中奖
🚀 [Item W118647] Generating EVERYTHING for: 转动
🚀 [Item W118648] Generating EVERYTHING for: 转身
🚀 [Item W118649] Generating EVERYTHING for: 转弯
🚀 [Item W118650] Generating EVERYTHING for: 装置
🚀 [Item W118651] Generating EVERYTHING for: 自
🚀 [Item W118652] Generating EVERYTHING for: 嘴巴
🚀 [Item W118653] Generating EVERYTHING for: 作出
🚀 [Item W118654] Generating EVERYTHING for: 做梦
🚀 [Item W118655] Generating EVERYTHING for: 岸上
🚀 [Item W118656] Generating EVERYTHING for: 拔
🚀 [Item W118657] Generating EVERYTHING for: 白酒
🚀 [Item W118658] Generating EVERYTHING for: 版
🚀 [Item W118659] Generating EVERYTHING for: 背包
🚀 [Item W118660] Generating EVERYTHING for: 悲剧
🚀 [Item W118661] Generating EVERYTHING for: 悲伤
🚀 [Item W118662] Generating EVERYTHING for: 辈
🚀 [Item W118663] Generating EVERYTHING for: 必
🚀 [Item W118664] Generating EVERYTHING for: 必需
🚀 [Item W118665] Generating EVERYTHING for: 闭幕
🚀 [Item W118666] Generating EVERYTHING for: 闭幕式
🚀 [Item W118667] Generating EVERYTHING for: 变动
🚀 [Item W118668] Generating EVERYTHING for: 饼
🚀 [Item W118669] Generating EVERYTHING for: 博客
🚀 [Item W118670] Generating EVERYTHING for: 不利
🚀 [Item W118671] Generating EVERYTHING for: 不幸
🚀 [Item W118672] Generating EVERYTHING for: 不易
🚀 [Item W118673] Generating EVERYTHING for: 不曾
🚀 [Item W118674] Generating EVERYTHING for: 不良
🚀 [Item W118675] Generating EVERYTHING for: 不能不
🚀 [Item W118676] Generating EVERYTHING for: 不停
🚀 [Item W118677] Generating EVERYTHING for: 不许
🚀 [Item W118678] Generating EVERYTHING for: 猜测
🚀 [Item W118679] Generating EVERYTHING for: 餐馆
🚀 [Item W118680] Generating EVERYTHING for: 餐饮
🚀 [Item W118681] Generating EVERYTHING for: 草原
🚀 [Item W118682] Generating EVERYTHING for: 叉
🚀 [Item W118683] Generating EVERYTHING for: 查询
🚀 [Item W118684] Generating EVERYTHING for: 差点儿
🚀 [Item W118685] Generating EVERYTHING for: 差一点儿
🚀 [Item W118686] Generating EVERYTHING for: 拆除
🚀 [Item W118687] Generating EVERYTHING for: 长度
🚀 [Item W118688] Generating EVERYTHING for: 长寿
🚀 [Item W118689] Generating EVERYTHING for: 肠
🚀 [Item W118690] Generating EVERYTHING for: 厂长
🚀 [Item W118691] Generating EVERYTHING for: 车主
🚀 [Item W118692] Generating EVERYTHING for: 城里
🚀 [Item W118693] Generating EVERYTHING for: 乘车
🚀 [Item W118694] Generating EVERYTHING for: 乘客
🚀 [Item W118695] Generating EVERYTHING for: 池子
🚀 [Item W118696] Generating EVERYTHING for: 迟
🚀 [Item W118697] Generating EVERYTHING for: 愁
🚀 [Item W118698] Generating EVERYTHING for: 出汗
🚀 [Item W118699] Generating EVERYTHING for: 出于
🚀 [Item W118700] Generating EVERYTHING for: 初期
🚀 [Item W118701] Generating EVERYTHING for: 处罚
🚀 [Item W118702] Generating EVERYTHING for: 处在
🚀 [Item W118703] Generating EVERYTHING for: 传递
🚀 [Item W118704] Generating EVERYTHING for: 辞典
🚀 [Item W118705] Generating EVERYTHING for: 此后
🚀 [Item W118706] Generating EVERYTHING for: 此刻
🚀 [Item W118707] Generating EVERYTHING for: 此时
🚀 [Item W118708] Generating EVERYTHING for: 从中
🚀 [Item W118709] Generating EVERYTHING for: 脆
🚀 [Item W118710] Generating EVERYTHING for: 存款
🚀 [Item W118711] Generating EVERYTHING for: 寸
🚀 [Item W118712] Generating EVERYTHING for: 答
🚀 [Item W118713] Generating EVERYTHING for: 大胆
🚀 [Item W118714] Generating EVERYTHING for: 大都
🚀 [Item W118715] Generating EVERYTHING for: 大纲
🚀 [Item W118716] Generating EVERYTHING for: 大奖赛
🚀 [Item W118717] Generating EVERYTHING for: 大脑
🚀 [Item W118718] Generating EVERYTHING for: 大事
🚀 [Item W118719] Generating EVERYTHING for: 大厅
🚀 [Item W118720] Generating EVERYTHING for: 大熊猫
🚀 [Item W118721] Generating EVERYTHING for: 大于
🚀 [Item W118722] Generating EVERYTHING for: 待
🚀 [Item W118723] Generating EVERYTHING for: 带有
🚀 [Item W118724] Generating EVERYTHING for: 单一
🚀 [Item W118725] Generating EVERYTHING for: 胆
🚀 [Item W118726] Generating EVERYTHING for: 胆小
🚀 [Item W118727] Generating EVERYTHING for: 当年
🚀 [Item W118728] Generating EVERYTHING for: 到来
🚀 [Item W118729] Generating EVERYTHING for: 倒是
🚀 [Item W118730] Generating EVERYTHING for: 得了
🚀 [Item W118731] Generating EVERYTHING for: 得以
🚀 [Item W118732] Generating EVERYTHING for: 低于
🚀 [Item W118733] Generating EVERYTHING for: 地带
🚀 [Item W118734] Generating EVERYTHING for: 地形
🚀 [Item W118735] Generating EVERYTHING for: 递给
🚀 [Item W118736] Generating EVERYTHING for: 点燃
🚀 [Item W118737] Generating EVERYTHING for: 电饭锅
🚀 [Item W118738] Generating EVERYTHING for: 电子版
🚀 [Item W118739] Generating EVERYTHING for: 豆制品
🚀 [Item W118740] Generating EVERYTHING for: 毒
🚀 [Item W118741] Generating EVERYTHING for: 躲
🚀 [Item W118742] Generating EVERYTHING for: 儿女
🚀 [Item W118743] Generating EVERYTHING for: 二维码
🚀 [Item W118744] Generating EVERYTHING for: 罚
🚀 [Item W118745] Generating EVERYTHING for: 法规
🚀 [Item W118746] Generating EVERYTHING for: 法制
🚀 [Item W118747] Generating EVERYTHING for: 返回
🚀 [Item W118748] Generating EVERYTHING for: 分成
🚀 [Item W118749] Generating EVERYTHING for: 分类
🚀 [Item W118750] Generating EVERYTHING for: 分离
🚀 [Item W118751] Generating EVERYTHING for: 分享
🚀 [Item W118752] Generating EVERYTHING for: 疯
🚀 [Item W118753] Generating EVERYTHING for: 负责人
[localization_shard_0011.json] Processing 130/130 jobs (Streaming)...
🚀 [Item W118754] Generating EVERYTHING for: 钢笔
🚀 [Item W118755] Generating EVERYTHING for: 钢琴
🚀 [Item W118756] Generating EVERYTHING for: 高大
🚀 [Item W118757] Generating EVERYTHING for: 高度
🚀 [Item W118758] Generating EVERYTHING for: 高跟鞋
🚀 [Item W118759] Generating EVERYTHING for: 高温
🚀 [Item W118760] Generating EVERYTHING for: 高于
🚀 [Item W118761] Generating EVERYTHING for: 高原
🚀 [Item W118762] Generating EVERYTHING for: 搞好
🚀 [Item W118763] Generating EVERYTHING for: 歌曲
🚀 [Item W118764] Generating EVERYTHING for: 个儿
🚀 [Item W118765] Generating EVERYTHING for: 更换
🚀 [Item W118766] Generating EVERYTHING for: 工艺
🚀 [Item W118767] Generating EVERYTHING for: 工作日
🚀 [Item W118768] Generating EVERYTHING for: 共享
🚀 [Item W118769] Generating EVERYTHING for: 沟
🚀 [Item W118770] Generating EVERYTHING for: 古老
🚀 [Item W118771] Generating EVERYTHING for: 鼓
🚀 [Item W118772] Generating EVERYTHING for: 光线
🚀 [Item W118773] Generating EVERYTHING for: 广
🚀 [Item W118774] Generating EVERYTHING for: 鬼
🚀 [Item W118775] Generating EVERYTHING for: 柜子
🚀 [Item W118776] Generating EVERYTHING for: 国民
🚀 [Item W118777] Generating EVERYTHING for: 害
🚀 [Item W118778] Generating EVERYTHING for: 好运
🚀 [Item W118779] Generating EVERYTHING for: 盒
🚀 [Item W118780] Generating EVERYTHING for: 盒饭
🚀 [Item W118781] Generating EVERYTHING for: 贺卡
🚀 [Item W118782] Generating EVERYTHING for: 猴
🚀 [Item W118783] Generating EVERYTHING for: 胡同儿
🚀 [Item W118784] Generating EVERYTHING for: 胡子
🚀 [Item W118785] Generating EVERYTHING for: 虎
🚀 [Item W118786] Generating EVERYTHING for: 华语
🚀 [Item W118787] Generating EVERYTHING for: 画面
🚀 [Item W118788] Generating EVERYTHING for: 慌
🚀 [Item W118789] Generating EVERYTHING for: 慌忙
🚀 [Item W118790] Generating EVERYTHING for: 灰色
🚀 [Item W118791] Generating EVERYTHING for: 回头
🚀 [Item W118792] Generating EVERYTHING for: 回信
🚀 [Item W118793] Generating EVERYTHING for: 汇款
🚀 [Item W118794] Generating EVERYTHING for: 会谈
🚀 [Item W118795] Generating EVERYTHING for: 火腿
🚀 [Item W118796] Generating EVERYTHING for: 火灾
🚀 [Item W118797] Generating EVERYTHING for: 或是
🚀 [Item W118798] Generating EVERYTHING for: 机器人
🚀 [Item W118799] Generating EVERYTHING for: 机制
🚀 [Item W118800] Generating EVERYTHING for: 挤
🚀 [Item W118801] Generating EVERYTHING for: 技能
🚀 [Item W118802] Generating EVERYTHING for: 加热
🚀 [Item W118803] Generating EVERYTHING for: 加上
🚀 [Item W118804] Generating EVERYTHING for: 加速
🚀 [Item W118805] Generating EVERYTHING for: 加以
🚀 [Item W118806] Generating EVERYTHING for: 夹
🚀 [Item W118807] Generating EVERYTHING for: 价
🚀 [Item W118808] Generating EVERYTHING for: 驾照
🚀 [Item W118809] Generating EVERYTHING for: 肩
🚀 [Item W118810] Generating EVERYTHING for: 减轻
🚀 [Item W118811] Generating EVERYTHING for: 剪
🚀 [Item W118812] Generating EVERYTHING for: 剪子
🚀 [Item W118813] Generating EVERYTHING for: 建造
🚀 [Item W118814] Generating EVERYTHING for: 键
🚀 [Item W118815] Generating EVERYTHING for: 将
🚀 [Item W118816] Generating EVERYTHING for: 将要
🚀 [Item W118817] Generating EVERYTHING for: 胶带
🚀 [Item W118818] Generating EVERYTHING for: 脚步
🚀 [Item W118819] Generating EVERYTHING for: 今日
🚀 [Item W118820] Generating EVERYTHING for: 紧紧
🚀 [Item W118821] Generating EVERYTHING for: 尽可能
🚀 [Item W118822] Generating EVERYTHING for: 景象
🚀 [Item W118823] Generating EVERYTHING for: 酒鬼
🚀 [Item W118824] Generating EVERYTHING for: 救灾
🚀 [Item W118825] Generating EVERYTHING for: 局长
🚀 [Item W118826] Generating EVERYTHING for: 决不
🚀 [Item W118827] Generating EVERYTHING for: 军人
🚀 [Item W118828] Generating EVERYTHING for: 开幕
🚀 [Item W118829] Generating EVERYTHING for: 看成
🚀 [Item W118830] Generating EVERYTHING for: 看出
🚀 [Item W118831] Generating EVERYTHING for: 烤肉
🚀 [Item W118832] Generating EVERYTHING for: 靠近
🚀 [Item W118833] Generating EVERYTHING for: 咳
🚀 [Item W118834] Generating EVERYTHING for: 可
🚀 [Item W118835] Generating EVERYTHING for: 客气
🚀 [Item W118836] Generating EVERYTHING for: 空中
🚀 [Item W118837] Generating EVERYTHING for: 口号
🚀 [Item W118838] Generating EVERYTHING for: 库
🚀 [Item W118839] Generating EVERYTHING for: 宽度
🚀 [Item W118840] Generating EVERYTHING for: 狂
🚀 [Item W118841] Generating EVERYTHING for: 亏
🚀 [Item W118842] Generating EVERYTHING for: 困扰
🚀 [Item W118843] Generating EVERYTHING for: 落
🚀 [Item W118844] Generating EVERYTHING for: 来信
🚀 [Item W118845] Generating EVERYTHING for: 礼
🚀 [Item W118846] Generating EVERYTHING for: 礼拜
🚀 [Item W118847] Generating EVERYTHING for: 立
🚀 [Item W118848] Generating EVERYTHING for: 连接
🚀 [Item W118849] Generating EVERYTHING for: 脸盆
🚀 [Item W118850] Generating EVERYTHING for: 脸色
🚀 [Item W118851] Generating EVERYTHING for: 两岸
🚀 [Item W118852] Generating EVERYTHING for: 铃声
🚀 [Item W118853] Generating EVERYTHING for: 领带
🚀 [Item W118854] Generating EVERYTHING for: 令
🚀 [Item W118855] Generating EVERYTHING for: 流动
🚀 [Item W118856] Generating EVERYTHING for: 漏洞
🚀 [Item W118857] Generating EVERYTHING for: 买卖
🚀 [Item W118858] Generating EVERYTHING for: 毛笔
🚀 [Item W118859] Generating EVERYTHING for: 冒
🚀 [Item W118860] Generating EVERYTHING for: 煤
🚀 [Item W118861] Generating EVERYTHING for: 煤气
🚀 [Item W118862] Generating EVERYTHING for: 门诊
🚀 [Item W118863] Generating EVERYTHING for: 明亮
🚀 [Item W118864] Generating EVERYTHING for: 摩托
🚀 [Item W118865] Generating EVERYTHING for: 男性
🚀 [Item W118866] Generating EVERYTHING for: 南北
🚀 [Item W118867] Generating EVERYTHING for: 南极
🚀 [Item W118868] Generating EVERYTHING for: 难以
🚀 [Item W118869] Generating EVERYTHING for: 脑子
🚀 [Item W118870] Generating EVERYTHING for: 年前
🚀 [Item W118871] Generating EVERYTHING for: 农产品
🚀 [Item W118872] Generating EVERYTHING for: 女性
🚀 [Item W118873] Generating EVERYTHING for: 暖
🚀 [Item W118874] Generating EVERYTHING for: 拍摄
🚀 [Item W118875] Generating EVERYTHING for: 旁
🚀 [Item W118876] Generating EVERYTHING for: 赔
🚀 [Item W118877] Generating EVERYTHING for: 喷
🚀 [Item W118878] Generating EVERYTHING for: 骗子
🚀 [Item W118879] Generating EVERYTHING for: 拼
🚀 [Item W118880] Generating EVERYTHING for: 品
🚀 [Item W118881] Generating EVERYTHING for: 葡萄酒
🚀 [Item W118882] Generating EVERYTHING for: 其
🚀 [Item W118883] Generating EVERYTHING for: 启动
[localization_shard_0012.json] Processing 130/130 jobs (Streaming)...
🚀 [Item W118884] Generating EVERYTHING for: 起到
🚀 [Item W118885] Generating EVERYTHING for: 气体
🚀 [Item W118886] Generating EVERYTHING for: 签订
🚀 [Item W118887] Generating EVERYTHING for: 签名
🚀 [Item W118888] Generating EVERYTHING for: 签约
🚀 [Item W118889] Generating EVERYTHING for: 签字
🚀 [Item W118890] Generating EVERYTHING for: 强度
🚀 [Item W118891] Generating EVERYTHING for: 墙壁
🚀 [Item W118892] Generating EVERYTHING for: 敲门
🚀 [Item W118893] Generating EVERYTHING for: 琴
🚀 [Item W118894] Generating EVERYTHING for: 全都
🚀 [Item W118895] Generating EVERYTHING for: 全世界
🚀 [Item W118896] Generating EVERYTHING for: 泉
🚀 [Item W118897] Generating EVERYTHING for: 群体
🚀 [Item W118898] Generating EVERYTHING for: 热量
🚀 [Item W118899] Generating EVERYTHING for: 人力
🚀 [Item W118900] Generating EVERYTHING for: 忍
🚀 [Item W118901] Generating EVERYTHING for: 认
🚀 [Item W118902] Generating EVERYTHING for: 如此
🚀 [Item W118903] Generating EVERYTHING for: 如同
🚀 [Item W118904] Generating EVERYTHING for: 如下
🚀 [Item W118905] Generating EVERYTHING for: 入门
🚀 [Item W118906] Generating EVERYTHING for: 散
🚀 [Item W118907] Generating EVERYTHING for: 杀毒
🚀 [Item W118908] Generating EVERYTHING for: 山区
🚀 [Item W118909] Generating EVERYTHING for: 扇
🚀 [Item W118910] Generating EVERYTHING for: 扇
🚀 [Item W118911] Generating EVERYTHING for: 上下
🚀 [Item W118912] Generating EVERYTHING for: 上涨
🚀 [Item W118913] Generating EVERYTHING for: 稍
🚀 [Item W118914] Generating EVERYTHING for: 舍得
🚀 [Item W118915] Generating EVERYTHING for: 社
🚀 [Item W118916] Generating EVERYTHING for: 射
🚀 [Item W118917] Generating EVERYTHING for: 摄像
🚀 [Item W118918] Generating EVERYTHING for: 摄像机
🚀 [Item W118919] Generating EVERYTHING for: 摄影师
🚀 [Item W118920] Generating EVERYTHING for: 深处
🚀 [Item W118921] Generating EVERYTHING for: 深度
🚀 [Item W118922] Generating EVERYTHING for: 神
🚀 [Item W118923] Generating EVERYTHING for: 神情
🚀 [Item W118924] Generating EVERYTHING for: 升高
🚀 [Item W118925] Generating EVERYTHING for: 生成
🚀 [Item W118926] Generating EVERYTHING for: 声
🚀 [Item W118927] Generating EVERYTHING for: 剩下
🚀 [Item W118928] Generating EVERYTHING for: 诗歌
🚀 [Item W118929] Generating EVERYTHING for: 使得
🚀 [Item W118930] Generating EVERYTHING for: 式
🚀 [Item W118931] Generating EVERYTHING for: 视为
🚀 [Item W118932] Generating EVERYTHING for: 收购
🚀 [Item W118933] Generating EVERYTHING for: 收集
🚀 [Item W118934] Generating EVERYTHING for: 手段
🚀 [Item W118935] Generating EVERYTHING for: 寿司
🚀 [Item W118936] Generating EVERYTHING for: 受灾
🚀 [Item W118937] Generating EVERYTHING for: 书柜
🚀 [Item W118938] Generating EVERYTHING for: 书桌
🚀 [Item W118939] Generating EVERYTHING for: 输出
🚀 [Item W118940] Generating EVERYTHING for: 鼠
🚀 [Item W118941] Generating EVERYTHING for: 数目
🚀 [Item W118942] Generating EVERYTHING for: 摔
🚀 [Item W118943] Generating EVERYTHING for: 双手
🚀 [Item W118944] Generating EVERYTHING for: 水产品
🚀 [Item W118945] Generating EVERYTHING for: 水分
🚀 [Item W118946] Generating EVERYTHING for: 水库
🚀 [Item W118947] Generating EVERYTHING for: 水灾
🚀 [Item W118948] Generating EVERYTHING for: 睡眠
🚀 [Item W118949] Generating EVERYTHING for: 说法
🚀 [Item W118950] Generating EVERYTHING for: 四周
🚀 [Item W118951] Generating EVERYTHING for: 搜
🚀 [Item W118952] Generating EVERYTHING for: 酸甜苦辣
🚀 [Item W118953] Generating EVERYTHING for: 随后
🚀 [Item W118954] Generating EVERYTHING for: 损害
🚀 [Item W118955] Generating EVERYTHING for: 所在
🚀 [Item W118956] Generating EVERYTHING for: 抬头
🚀 [Item W118957] Generating EVERYTHING for: 弹
🚀 [Item W118958] Generating EVERYTHING for: 逃跑
🚀 [Item W118959] Generating EVERYTHING for: 逃走
🚀 [Item W118960] Generating EVERYTHING for: 桃花
🚀 [Item W118961] Generating EVERYTHING for: 桃树
🚀 [Item W118962] Generating EVERYTHING for: 特性
🚀 [Item W118963] Generating EVERYTHING for: 特有
🚀 [Item W118964] Generating EVERYTHING for: 提起
🚀 [Item W118965] Generating EVERYTHING for: 体力
🚀 [Item W118966] Generating EVERYTHING for: 厅
🚀 [Item W118967] Generating EVERYTHING for: 停留
🚀 [Item W118968] Generating EVERYTHING for: 偷偷
🚀 [Item W118969] Generating EVERYTHING for: 兔
🚀 [Item W118970] Generating EVERYTHING for: 团长
🚀 [Item W118971] Generating EVERYTHING for: 推行
🚀 [Item W118972] Generating EVERYTHING for: 完了
🚀 [Item W118973] Generating EVERYTHING for: 微博
🚀 [Item W118974] Generating EVERYTHING for: 为止
🚀 [Item W118975] Generating EVERYTHING for: 为主
🚀 [Item W118976] Generating EVERYTHING for: 违法
🚀 [Item W118977] Generating EVERYTHING for: 违规
🚀 [Item W118978] Generating EVERYTHING for: 握
🚀 [Item W118979] Generating EVERYTHING for: 污水
🚀 [Item W118980] Generating EVERYTHING for: 屋
🚀 [Item W118981] Generating EVERYTHING for: 无疑
🚀 [Item W118982] Generating EVERYTHING for: 舞
🚀 [Item W118983] Generating EVERYTHING for: 物价
🚀 [Item W118984] Generating EVERYTHING for: 西装
🚀 [Item W118985] Generating EVERYTHING for: 喜剧
🚀 [Item W118986] Generating EVERYTHING for: 戏
🚀 [Item W118987] Generating EVERYTHING for: 先后
🚀 [Item W118988] Generating EVERYTHING for: 闲
🚀 [Item W118989] Generating EVERYTHING for: 显
🚀 [Item W118990] Generating EVERYTHING for: 现有
🚀 [Item W118991] Generating EVERYTHING for: 献
🚀 [Item W118992] Generating EVERYTHING for: 乡
🚀 [Item W118993] Generating EVERYTHING for: 乡村
🚀 [Item W118994] Generating EVERYTHING for: 向前
🚀 [Item W118995] Generating EVERYTHING for: 向上
🚀 [Item W118996] Generating EVERYTHING for: 消费者
🚀 [Item W118997] Generating EVERYTHING for: 小偷儿
🚀 [Item W118998] Generating EVERYTHING for: 协议书
🚀 [Item W118999] Generating EVERYTHING for: 信箱
🚀 [Item W119000] Generating EVERYTHING for: 行驶
🚀 [Item W119001] Generating EVERYTHING for: 熊
🚀 [Item W119002] Generating EVERYTHING for: 选修
🚀 [Item W119003] Generating EVERYTHING for: 学科
🚀 [Item W119004] Generating EVERYTHING for: 学者
🚀 [Item W119005] Generating EVERYTHING for: 寻求
🚀 [Item W119006] Generating EVERYTHING for: 鸭子
🚀 [Item W119007] Generating EVERYTHING for: 言语
🚀 [Item W119008] Generating EVERYTHING for: 研究所
🚀 [Item W119009] Generating EVERYTHING for: 摇头
🚀 [Item W119010] Generating EVERYTHING for: 也好
🚀 [Item W119011] Generating EVERYTHING for: 夜间
🚀 [Item W119012] Generating EVERYTHING for: 依法
🚀 [Item W119013] Generating EVERYTHING for: 依照
[localization_shard_0013.json] Processing 130/130 jobs (Streaming)...
🚀 [Item W119014] Generating EVERYTHING for: 一带
🚀 [Item W119015] Generating EVERYTHING for: 一句话
🚀 [Item W119016] Generating EVERYTHING for: 一路
🚀 [Item W119017] Generating EVERYTHING for: 一下子
🚀 [Item W119018] Generating EVERYTHING for: 一口气
🚀 [Item W119019] Generating EVERYTHING for: 一身
🚀 [Item W119020] Generating EVERYTHING for: 应
🚀 [Item W119021] Generating EVERYTHING for: 用不着
🚀 [Item W119022] Generating EVERYTHING for: 用来
🚀 [Item W119023] Generating EVERYTHING for: 用于
🚀 [Item W119024] Generating EVERYTHING for: 由此
🚀 [Item W119025] Generating EVERYTHING for: 游泳池
🚀 [Item W119026] Generating EVERYTHING for: 有毒
🚀 [Item W119027] Generating EVERYTHING for: 有害
🚀 [Item W119028] Generating EVERYTHING for: 有力
🚀 [Item W119029] Generating EVERYTHING for: 有利于
🚀 [Item W119030] Generating EVERYTHING for: 有着
🚀 [Item W119031] Generating EVERYTHING for: 雨水
🚀 [Item W119032] Generating EVERYTHING for: 预备
🚀 [Item W119033] Generating EVERYTHING for: 原有
🚀 [Item W119034] Generating EVERYTHING for: 远处
🚀 [Item W119035] Generating EVERYTHING for: 怨
🚀 [Item W119036] Generating EVERYTHING for: 愿
🚀 [Item W119037] Generating EVERYTHING for: 月饼
🚀 [Item W119038] Generating EVERYTHING for: 月球
🚀 [Item W119039] Generating EVERYTHING for: 阅览室
🚀 [Item W119040] Generating EVERYTHING for: 运
🚀 [Item W119041] Generating EVERYTHING for: 灾
🚀 [Item W119042] Generating EVERYTHING for: 灾区
🚀 [Item W119043] Generating EVERYTHING for: 再次
🚀 [Item W119044] Generating EVERYTHING for: 再也
🚀 [Item W119045] Generating EVERYTHING for: 在场
🚀 [Item W119046] Generating EVERYTHING for: 在内
🚀 [Item W119047] Generating EVERYTHING for: 暂停
🚀 [Item W119048] Generating EVERYTHING for: 糟
🚀 [Item W119049] Generating EVERYTHING for: 早期
🚀 [Item W119050] Generating EVERYTHING for: 增
🚀 [Item W119051] Generating EVERYTHING for: 增产
🚀 [Item W119052] Generating EVERYTHING for: 增大
🚀 [Item W119053] Generating EVERYTHING for: 增多
🚀 [Item W119054] Generating EVERYTHING for: 增强
🚀 [Item W119055] Generating EVERYTHING for: 赠
🚀 [Item W119056] Generating EVERYTHING for: 占有
🚀 [Item W119057] Generating EVERYTHING for: 涨价
🚀 [Item W119058] Generating EVERYTHING for: 招生
🚀 [Item W119059] Generating EVERYTHING for: 招手
🚀 [Item W119060] Generating EVERYTHING for: 真诚
🚀 [Item W119061] Generating EVERYTHING for: 正版
🚀 [Item W119062] Generating EVERYTHING for: 正如
🚀 [Item W119063] Generating EVERYTHING for: 挣钱
🚀 [Item W119064] Generating EVERYTHING for: 之内
🚀 [Item W119065] Generating EVERYTHING for: 之外
🚀 [Item W119066] Generating EVERYTHING for: 之下
🚀 [Item W119067] Generating EVERYTHING for: 之中
🚀 [Item W119068] Generating EVERYTHING for: 直线
🚀 [Item W119069] Generating EVERYTHING for: 只不过
🚀 [Item W119070] Generating EVERYTHING for: 只见
🚀 [Item W119071] Generating EVERYTHING for: 至
🚀 [Item W119072] Generating EVERYTHING for: 制成
🚀 [Item W119073] Generating EVERYTHING for: 中秋节
🚀 [Item W119074] Generating EVERYTHING for: 中药
🚀 [Item W119075] Generating EVERYTHING for: 中毒
🚀 [Item W119076] Generating EVERYTHING for: 众多
🚀 [Item W119077] Generating EVERYTHING for: 主体
🚀 [Item W119078] Generating EVERYTHING for: 专辑
🚀 [Item W119079] Generating EVERYTHING for: 转化
🚀 [Item W119080] Generating EVERYTHING for: 转换
🚀 [Item W119081] Generating EVERYTHING for: 转向
🚀 [Item W119082] Generating EVERYTHING for: 自杀
🚀 [Item W119083] Generating EVERYTHING for: 总数
🚀 [Item W119084] Generating EVERYTHING for: 总体
🚀 [Item W119085] Generating EVERYTHING for: 挨着
🚀 [Item W119086] Generating EVERYTHING for: 挨打
🚀 [Item W119087] Generating EVERYTHING for: 安检
🚀 [Item W119088] Generating EVERYTHING for: 罢了
🚀 [Item W119089] Generating EVERYTHING for: 白领
🚀 [Item W119090] Generating EVERYTHING for: 百分点
🚀 [Item W119091] Generating EVERYTHING for: 办公
🚀 [Item W119092] Generating EVERYTHING for: 办事处
🚀 [Item W119093] Generating EVERYTHING for: 办学
🚀 [Item W119094] Generating EVERYTHING for: 半决赛
🚀 [Item W119095] Generating EVERYTHING for: 保健
🚀 [Item W119096] Generating EVERYTHING for: 报刊
🚀 [Item W119097] Generating EVERYTHING for: 报考
🚀 [Item W119098] Generating EVERYTHING for: 暴风雨
🚀 [Item W119099] Generating EVERYTHING for: 暴雨
🚀 [Item W119100] Generating EVERYTHING for: 爆
🚀 [Item W119101] Generating EVERYTHING for: 背心
🚀 [Item W119102] Generating EVERYTHING for: 背着
🚀 [Item W119103] Generating EVERYTHING for: 奔跑
🚀 [Item W119104] Generating EVERYTHING for: 本地
🚀 [Item W119105] Generating EVERYTHING for: 本期
🚀 [Item W119106] Generating EVERYTHING for: 本土
🚀 [Item W119107] Generating EVERYTHING for: 逼
🚀 [Item W119108] Generating EVERYTHING for: 笔试
🚀 [Item W119109] Generating EVERYTHING for: 必将
🚀 [Item W119110] Generating EVERYTHING for: 必修
🚀 [Item W119111] Generating EVERYTHING for: 闭
🚀 [Item W119112] Generating EVERYTHING for: 编制
🚀 [Item W119113] Generating EVERYTHING for: 变更
🚀 [Item W119114] Generating EVERYTHING for: 变换
🚀 [Item W119115] Generating EVERYTHING for: 变形
🚀 [Item W119116] Generating EVERYTHING for: 便是
🚀 [Item W119117] Generating EVERYTHING for: 遍地
🚀 [Item W119118] Generating EVERYTHING for: 表面上
🚀 [Item W119119] Generating EVERYTHING for: 病房
🚀 [Item W119120] Generating EVERYTHING for: 病情
🚀 [Item W119121] Generating EVERYTHING for: 拨打
🚀 [Item W119122] Generating EVERYTHING for: 波动
🚀 [Item W119123] Generating EVERYTHING for: 播
🚀 [Item W119124] Generating EVERYTHING for: 不便
🚀 [Item W119125] Generating EVERYTHING for: 不见
🚀 [Item W119126] Generating EVERYTHING for: 不再
🚀 [Item W119127] Generating EVERYTHING for: 不至于
🚀 [Item W119128] Generating EVERYTHING for: 补考
🚀 [Item W119129] Generating EVERYTHING for: 补课
🚀 [Item W119130] Generating EVERYTHING for: 补习
🚀 [Item W119131] Generating EVERYTHING for: 补助
🚀 [Item W119132] Generating EVERYTHING for: 捕
🚀 [Item W119133] Generating EVERYTHING for: 不成
🚀 [Item W119134] Generating EVERYTHING for: 不仅仅
🚀 [Item W119135] Generating EVERYTHING for: 不通
🚀 [Item W119136] Generating EVERYTHING for: 不怎么
🚀 [Item W119137] Generating EVERYTHING for: 不怎么样
🚀 [Item W119138] Generating EVERYTHING for: 不值
🚀 [Item W119139] Generating EVERYTHING for: 布满
🚀 [Item W119140] Generating EVERYTHING for: 部队
🚀 [Item W119141] Generating EVERYTHING for: 参赛
🚀 [Item W119142] Generating EVERYTHING for: 参展
🚀 [Item W119143] Generating EVERYTHING for: 餐
[localization_shard_0014.json] Processing 130/130 jobs (Streaming)...
🚀 [Item W119144] Generating EVERYTHING for: 残疾人
🚀 [Item W119145] Generating EVERYTHING for: 惨
🚀 [Item W119146] Generating EVERYTHING for: 藏
🚀 [Item W119147] Generating EVERYTHING for: 侧
🚀 [Item W119148] Generating EVERYTHING for: 测定
🚀 [Item W119149] Generating EVERYTHING for: 层面
🚀 [Item W119150] Generating EVERYTHING for: 差异
🚀 [Item W119151] Generating EVERYTHING for: 查出
🚀 [Item W119152] Generating EVERYTHING for: 查看
🚀 [Item W119153] Generating EVERYTHING for: 拆迁
🚀 [Item W119154] Generating EVERYTHING for: 产量
🚀 [Item W119155] Generating EVERYTHING for: 长短
🚀 [Item W119156] Generating EVERYTHING for: 长假
🚀 [Item W119157] Generating EVERYTHING for: 长久
🚀 [Item W119158] Generating EVERYTHING for: 长跑
🚀 [Item W119159] Generating EVERYTHING for: 长远
🚀 [Item W119160] Generating EVERYTHING for: 常规
🚀 [Item W119161] Generating EVERYTHING for: 常年
🚀 [Item W119162] Generating EVERYTHING for: 厂商
🚀 [Item W119163] Generating EVERYTHING for: 场地
🚀 [Item W119164] Generating EVERYTHING for: 场馆
🚀 [Item W119165] Generating EVERYTHING for: 场景
🚀 [Item W119166] Generating EVERYTHING for: 超
🚀 [Item W119167] Generating EVERYTHING for: 超出
🚀 [Item W119168] Generating EVERYTHING for: 炒股
🚀 [Item W119169] Generating EVERYTHING for: 炒作
🚀 [Item W119170] Generating EVERYTHING for: 车号
🚀 [Item W119171] Generating EVERYTHING for: 车牌
🚀 [Item W119172] Generating EVERYTHING for: 车展
🚀 [Item W119173] Generating EVERYTHING for: 撤离
🚀 [Item W119174] Generating EVERYTHING for: 撑
🚀 [Item W119175] Generating EVERYTHING for: 成品
🚀 [Item W119176] Generating EVERYTHING for: 城区
🚀 [Item W119177] Generating EVERYTHING for: 城乡
🚀 [Item W119178] Generating EVERYTHING for: 城镇
🚀 [Item W119179] Generating EVERYTHING for: 持有
🚀 [Item W119180] Generating EVERYTHING for: 重建
🚀 [Item W119181] Generating EVERYTHING for: 重组
🚀 [Item W119182] Generating EVERYTHING for: 出场
🚀 [Item W119183] Generating EVERYTHING for: 出动
🚀 [Item W119184] Generating EVERYTHING for: 出访
🚀 [Item W119185] Generating EVERYTHING for: 出面
🚀 [Item W119186] Generating EVERYTHING for: 出名
🚀 [Item W119187] Generating EVERYTHING for: 出入
🚀 [Item W119188] Generating EVERYTHING for: 出事
🚀 [Item W119189] Generating EVERYTHING for: 出台
🚀 [Item W119190] Generating EVERYTHING for: 出行
🚀 [Item W119191] Generating EVERYTHING for: 初等
🚀 [Item W119192] Generating EVERYTHING for: 厨师
🚀 [Item W119193] Generating EVERYTHING for: 处处
🚀 [Item W119194] Generating EVERYTHING for: 处长
🚀 [Item W119195] Generating EVERYTHING for: 传出
🚀 [Item W119196] Generating EVERYTHING for: 传媒
🚀 [Item W119197] Generating EVERYTHING for: 传输
🚀 [Item W119198] Generating EVERYTHING for: 传言
🚀 [Item W119199] Generating EVERYTHING for: 船员
🚀 [Item W119200] Generating EVERYTHING for: 船长
🚀 [Item W119201] Generating EVERYTHING for: 船只
🚀 [Item W119202] Generating EVERYTHING for: 窗口
🚀 [Item W119203] Generating EVERYTHING for: 创办
🚀 [Item W119204] Generating EVERYTHING for: 创建
🚀 [Item W119205] Generating EVERYTHING for: 创意
🚀 [Item W119206] Generating EVERYTHING for: 此处
🚀 [Item W119207] Generating EVERYTHING for: 此次
🚀 [Item W119208] Generating EVERYTHING for: 此前
🚀 [Item W119209] Generating EVERYTHING for: 此事
🚀 [Item W119210] Generating EVERYTHING for: 此致
🚀 [Item W119211] Generating EVERYTHING for: 次数
🚀 [Item W119212] Generating EVERYTHING for: 从不
🚀 [Item W119213] Generating EVERYTHING for: 从没
🚀 [Item W119214] Generating EVERYTHING for: 村庄
🚀 [Item W119215] Generating EVERYTHING for: 错过
🚀 [Item W119216] Generating EVERYTHING for: 打动
🚀 [Item W119217] Generating EVERYTHING for: 打断
🚀 [Item W119218] Generating EVERYTHING for: 打发
🚀 [Item W119219] Generating EVERYTHING for: 打牌
🚀 [Item W119220] Generating EVERYTHING for: 打印机
🚀 [Item W119221] Generating EVERYTHING for: 打造
🚀 [Item W119222] Generating EVERYTHING for: 大道
🚀 [Item W119223] Generating EVERYTHING for: 大街
🚀 [Item W119224] Generating EVERYTHING for: 大力
🚀 [Item W119225] Generating EVERYTHING for: 大米
🚀 [Item W119226] Generating EVERYTHING for: 大批
🚀 [Item W119227] Generating EVERYTHING for: 大赛
🚀 [Item W119228] Generating EVERYTHING for: 大师
🚀 [Item W119229] Generating EVERYTHING for: 大使
🚀 [Item W119230] Generating EVERYTHING for: 待会儿
🚀 [Item W119231] Generating EVERYTHING for: 担忧
🚀 [Item W119232] Generating EVERYTHING for: 单打
🚀 [Item W119233] Generating EVERYTHING for: 当成
🚀 [Item W119234] Generating EVERYTHING for: 当天
🚀 [Item W119235] Generating EVERYTHING for: 当作
🚀 [Item W119236] Generating EVERYTHING for: 档
🚀 [Item W119237] Generating EVERYTHING for: 岛
🚀 [Item W119238] Generating EVERYTHING for: 到期
🚀 [Item W119239] Generating EVERYTHING for: 盗版
🚀 [Item W119240] Generating EVERYTHING for: 道教
🚀 [Item W119241] Generating EVERYTHING for: 低头
🚀 [Item W119242] Generating EVERYTHING for: 低温
🚀 [Item W119243] Generating EVERYTHING for: 地板
🚀 [Item W119244] Generating EVERYTHING for: 地名
🚀 [Item W119245] Generating EVERYTHING for: 地下室
🚀 [Item W119246] Generating EVERYTHING for: 电车
🚀 [Item W119247] Generating EVERYTHING for: 电动
🚀 [Item W119248] Generating EVERYTHING for: 电力
🚀 [Item W119249] Generating EVERYTHING for: 电器
🚀 [Item W119250] Generating EVERYTHING for: 调研
🚀 [Item W119251] Generating EVERYTHING for: 定价
🚀 [Item W119252] Generating EVERYTHING for: 定时
🚀 [Item W119253] Generating EVERYTHING for: 定位
🚀 [Item W119254] Generating EVERYTHING for: 动画
🚀 [Item W119255] Generating EVERYTHING for: 都市
🚀 [Item W119256] Generating EVERYTHING for: 赌
🚀 [Item W119257] Generating EVERYTHING for: 渡
🚀 [Item W119258] Generating EVERYTHING for: 短片
🚀 [Item W119259] Generating EVERYTHING for: 对外
🚀 [Item W119260] Generating EVERYTHING for: 多半
🚀 [Item W119261] Generating EVERYTHING for: 多方面
🚀 [Item W119262] Generating EVERYTHING for: 多媒体
🚀 [Item W119263] Generating EVERYTHING for: 夺
🚀 [Item W119264] Generating EVERYTHING for: 夺取
🚀 [Item W119265] Generating EVERYTHING for: 恩人
🚀 [Item W119266] Generating EVERYTHING for: 儿科
🚀 [Item W119267] Generating EVERYTHING for: 发病
🚀 [Item W119268] Generating EVERYTHING for: 发电
🚀 [Item W119269] Generating EVERYTHING for: 发放
🚀 [Item W119270] Generating EVERYTHING for: 发怒
🚀 [Item W119271] Generating EVERYTHING for: 发起
🚀 [Item W119272] Generating EVERYTHING for: 发言人
🚀 [Item W119273] Generating EVERYTHING for: 法庭
[localization_shard_0015.json] Processing 130/130 jobs (Streaming)...
🚀 [Item W119274] Generating EVERYTHING for: 法语
🚀 [Item W119275] Generating EVERYTHING for: 番茄
🚀 [Item W119276] Generating EVERYTHING for: 反响
🚀 [Item W119277] Generating EVERYTHING for: 犯
🚀 [Item W119278] Generating EVERYTHING for: 犯规
🚀 [Item W119279] Generating EVERYTHING for: 犯罪
🚀 [Item W119280] Generating EVERYTHING for: 防范
🚀 [Item W119281] Generating EVERYTHING for: 房价
🚀 [Item W119282] Generating EVERYTHING for: 飞船
🚀 [Item W119283] Generating EVERYTHING for: 飞行员
🚀 [Item W119284] Generating EVERYTHING for: 分工
🚀 [Item W119285] Generating EVERYTHING for: 峰会
🚀 [Item W119286] Generating EVERYTHING for: 佛
🚀 [Item W119287] Generating EVERYTHING for: 佛教
🚀 [Item W119288] Generating EVERYTHING for: 服
🚀 [Item W119289] Generating EVERYTHING for: 浮
🚀 [Item W119290] Generating EVERYTHING for: 父女
🚀 [Item W119291] Generating EVERYTHING for: 父子
🚀 [Item W119292] Generating EVERYTHING for: 负
🚀 [Item W119293] Generating EVERYTHING for: 复苏
🚀 [Item W119294] Generating EVERYTHING for: 富人
🚀 [Item W119295] Generating EVERYTHING for: 富有
🚀 [Item W119296] Generating EVERYTHING for: 改装
🚀 [Item W119297] Generating EVERYTHING for: 肝
🚀 [Item W119298] Generating EVERYTHING for: 杆
🚀 [Item W119299] Generating EVERYTHING for: 赶不上
🚀 [Item W119300] Generating EVERYTHING for: 赶忙
🚀 [Item W119301] Generating EVERYTHING for: 赶上
🚀 [Item W119302] Generating EVERYTHING for: 敢于
🚀 [Item W119303] Generating EVERYTHING for: 感人
🚀 [Item W119304] Generating EVERYTHING for: 刚好
🚀 [Item W119305] Generating EVERYTHING for: 高层
🚀 [Item W119306] Generating EVERYTHING for: 高等
🚀 [Item W119307] Generating EVERYTHING for: 高考
🚀 [Item W119308] Generating EVERYTHING for: 高科技
🚀 [Item W119309] Generating EVERYTHING for: 高手
🚀 [Item W119310] Generating EVERYTHING for: 稿子
🚀 [Item W119311] Generating EVERYTHING for: 歌唱
🚀 [Item W119312] Generating EVERYTHING for: 歌词
🚀 [Item W119313] Generating EVERYTHING for: 歌星
🚀 [Item W119314] Generating EVERYTHING for: 革新
🚀 [Item W119315] Generating EVERYTHING for: 更是
🚀 [Item W119316] Generating EVERYTHING for: 工商
🚀 [Item W119317] Generating EVERYTHING for: 公
🚀 [Item W119318] Generating EVERYTHING for: 公安
🚀 [Item W119319] Generating EVERYTHING for: 公鸡
🚀 [Item W119320] Generating EVERYTHING for: 公众
🚀 [Item W119321] Generating EVERYTHING for: 宫
🚀 [Item W119322] Generating EVERYTHING for: 构建
🚀 [Item W119323] Generating EVERYTHING for: 孤儿
🚀 [Item W119324] Generating EVERYTHING for: 股
🚀 [Item W119325] Generating EVERYTHING for: 顾
🚀 [Item W119326] Generating EVERYTHING for: 刮
🚀 [Item W119327] Generating EVERYTHING for: 拐
🚀 [Item W119328] Generating EVERYTHING for: 关爱
🚀 [Item W119329] Generating EVERYTHING for: 关联
🚀 [Item W119330] Generating EVERYTHING for: 官司
🚀 [Item W119331] Generating EVERYTHING for: 管道
🚀 [Item W119332] Generating EVERYTHING for: 国产
🚀 [Item W119333] Generating EVERYTHING for: 国歌
🚀 [Item W119334] Generating EVERYTHING for: 国会
🚀 [Item W119335] Generating EVERYTHING for: 国旗
🚀 [Item W119336] Generating EVERYTHING for: 果酱
🚀 [Item W119337] Generating EVERYTHING for: 果树
🚀 [Item W119338] Generating EVERYTHING for: 过后
🚀 [Item W119339] Generating EVERYTHING for: 过时
🚀 [Item W119340] Generating EVERYTHING for: 海报
🚀 [Item W119341] Generating EVERYTHING for: 海底
🚀 [Item W119342] Generating EVERYTHING for: 海军
🚀 [Item W119343] Generating EVERYTHING for: 海浪
🚀 [Item W119344] Generating EVERYTHING for: 海外
🚀 [Item W119345] Generating EVERYTHING for: 海湾
🚀 [Item W119346] Generating EVERYTHING for: 好容易
🚀 [Item W119347] Generating EVERYTHING for: 好不容易
🚀 [Item W119348] Generating EVERYTHING for: 好似
🚀 [Item W119349] Generating EVERYTHING for: 好转
🚀 [Item W119350] Generating EVERYTHING for: 好学
🚀 [Item W119351] Generating EVERYTHING for: 合约
🚀 [Item W119353] Generating EVERYTHING for: 很难说
🚀 [Item W119354] Generating EVERYTHING for: 狠
🚀 [Item W119355] Generating EVERYTHING for: 衡量
🚀 [Item W119356] Generating EVERYTHING for: 宏大
🚀 [Item W119357] Generating EVERYTHING for: 互动
🚀 [Item W119358] Generating EVERYTHING for: 户外
🚀 [Item W119359] Generating EVERYTHING for: 护
🚀 [Item W119360] Generating EVERYTHING for: 花费
🚀 [Item W119361] Generating EVERYTHING for: 花瓶
🚀 [Item W119362] Generating EVERYTHING for: 化解
🚀 [Item W119363] Generating EVERYTHING for: 回应
🚀 [Item W119364] Generating EVERYTHING for: 毁
🚀 [Item W119365] Generating EVERYTHING for: 会见
🚀 [Item W119366] Generating EVERYTHING for: 会长
🚀 [Item W119367] Generating EVERYTHING for: 绘画
🚀 [Item W119368] Generating EVERYTHING for: 昏
🚀 [Item W119369] Generating EVERYTHING for: 混
🚀 [Item W119370] Generating EVERYTHING for: 机动车
🚀 [Item W119371] Generating EVERYTHING for: 机关
🚀 [Item W119372] Generating EVERYTHING for: 基督教
🚀 [Item W119373] Generating EVERYTHING for: 吉利
🚀 [Item W119374] Generating EVERYTHING for: 急救
🚀 [Item W119375] Generating EVERYTHING for: 集
🚀 [Item W119376] Generating EVERYTHING for: 加盟
🚀 [Item W119377] Generating EVERYTHING for: 家电
🚀 [Item W119378] Generating EVERYTHING for: 家园
🚀 [Item W119379] Generating EVERYTHING for: 假日
🚀 [Item W119380] Generating EVERYTHING for: 尖
🚀 [Item W119381] Generating EVERYTHING for: 监测
🚀 [Item W119382] Generating EVERYTHING for: 简介
🚀 [Item W119383] Generating EVERYTHING for: 箭
🚀 [Item W119384] Generating EVERYTHING for: 讲课
🚀 [Item W119385] Generating EVERYTHING for: 酱
🚀 [Item W119386] Generating EVERYTHING for: 脚印
🚀 [Item W119387] Generating EVERYTHING for: 觉
🚀 [Item W119388] Generating EVERYTHING for: 教堂
🚀 [Item W119389] Generating EVERYTHING for: 教育部
🚀 [Item W119390] Generating EVERYTHING for: 接收
🚀 [Item W119391] Generating EVERYTHING for: 揭
🚀 [Item W119392] Generating EVERYTHING for: 街头
🚀 [Item W119393] Generating EVERYTHING for: 节假日
🚀 [Item W119394] Generating EVERYTHING for: 节能
🚀 [Item W119395] Generating EVERYTHING for: 解
🚀 [Item W119396] Generating EVERYTHING for: 解说
🚀 [Item W119397] Generating EVERYTHING for: 界
🚀 [Item W119398] Generating EVERYTHING for: 文艺界
🚀 [Item W119399] Generating EVERYTHING for: 金额
🚀 [Item W119400] Generating EVERYTHING for: 金钱
🚀 [Item W119401] Generating EVERYTHING for: 尽
🚀 [Item W119402] Generating EVERYTHING for: 近日
🚀 [Item W119403] Generating EVERYTHING for: 近视
🚀 [Item W119404] Generating EVERYTHING for: 惊人
[localization_shard_0016.json] Processing 130/130 jobs (Streaming)...
🚀 [Item W119405] Generating EVERYTHING for: 惊喜
🚀 [Item W119406] Generating EVERYTHING for: 精
🚀 [Item W119407] Generating EVERYTHING for: 精美
🚀 [Item W119408] Generating EVERYTHING for: 精品
🚀 [Item W119409] Generating EVERYTHING for: 景
🚀 [Item W119410] Generating EVERYTHING for: 景点
🚀 [Item W119411] Generating EVERYTHING for: 净
🚀 [Item W119412] Generating EVERYTHING for: 酒水
🚀 [Item W119413] Generating EVERYTHING for: 救命
🚀 [Item W119414] Generating EVERYTHING for: 救援
🚀 [Item W119415] Generating EVERYTHING for: 救助
🚀 [Item W119416] Generating EVERYTHING for: 就是说
🚀 [Item W119417] Generating EVERYTHING for: 就算
🚀 [Item W119418] Generating EVERYTHING for: 剧
🚀 [Item W119419] Generating EVERYTHING for: 据
🚀 [Item W119420] Generating EVERYTHING for: 捐款
🚀 [Item W119421] Generating EVERYTHING for: 捐赠
🚀 [Item W119422] Generating EVERYTHING for: 捐助
🚀 [Item W119423] Generating EVERYTHING for: 绝
🚀 [Item W119424] Generating EVERYTHING for: 绝大多数
🚀 [Item W119425] Generating EVERYTHING for: 军舰
🚀 [Item W119426] Generating EVERYTHING for: 开创
🚀 [Item W119427] Generating EVERYTHING for: 开关
🚀 [Item W119428] Generating EVERYTHING for: 开设
🚀 [Item W119429] Generating EVERYTHING for: 开通
🚀 [Item W119430] Generating EVERYTHING for: 开头
🚀 [Item W119431] Generating EVERYTHING for: 开夜车
🚀 [Item W119432] Generating EVERYTHING for: 看管
🚀 [Item W119433] Generating EVERYTHING for: 看得见
🚀 [Item W119434] Generating EVERYTHING for: 看得起
🚀 [Item W119435] Generating EVERYTHING for: 看好
🚀 [Item W119436] Generating EVERYTHING for: 看作
🚀 [Item W119437] Generating EVERYTHING for: 康复
🚀 [Item W119438] Generating EVERYTHING for: 考场
🚀 [Item W119439] Generating EVERYTHING for: 考题
🚀 [Item W119440] Generating EVERYTHING for: 科研
🚀 [Item W119441] Generating EVERYTHING for: 客车
🚀 [Item W119442] Generating EVERYTHING for: 肯
🚀 [Item W119443] Generating EVERYTHING for: 空军
🚀 [Item W119444] Generating EVERYTHING for: 口试
🚀 [Item W119445] Generating EVERYTHING for: 酷
🚀 [Item W119446] Generating EVERYTHING for: 快车
🚀 [Item W119447] Generating EVERYTHING for: 宽阔
🚀 [Item W119448] Generating EVERYTHING for: 矿
🚀 [Item W119449] Generating EVERYTHING for: 阔
🚀 [Item W119450] Generating EVERYTHING for: 来往
🚀 [Item W119451] Generating EVERYTHING for: 赖
🚀 [Item W119452] Generating EVERYTHING for: 蓝领
🚀 [Item W119453] Generating EVERYTHING for: 蓝天
🚀 [Item W119454] Generating EVERYTHING for: 牢
🚀 [Item W119455] Generating EVERYTHING for: 老乡
🚀 [Item W119456] Generating EVERYTHING for: 冷气
🚀 [Item W119457] Generating EVERYTHING for: 冷水
🚀 [Item W119458] Generating EVERYTHING for: 礼堂
🚀 [Item W119459] Generating EVERYTHING for: 理
🚀 [Item W119460] Generating EVERYTHING for: 理财
🚀 [Item W119461] Generating EVERYTHING for: 影响力
🚀 [Item W119462] Generating EVERYTHING for: 利
🚀 [Item W119463] Generating EVERYTHING for: 联赛
🚀 [Item W119464] Generating EVERYTHING for: 联手
🚀 [Item W119465] Generating EVERYTHING for: 凉鞋
🚀 [Item W119466] Generating EVERYTHING for: 两侧
🚀 [Item W119467] Generating EVERYTHING for: 两手
🚀 [Item W119468] Generating EVERYTHING for: 聊
🚀 [Item W119469] Generating EVERYTHING for: 聊天儿
🚀 [Item W119470] Generating EVERYTHING for: 料
🚀 [Item W119471] Generating EVERYTHING for: 裂
🚀 [Item W119472] Generating EVERYTHING for: 领取
🚀 [Item W119473] Generating EVERYTHING for: 另
🚀 [Item W119474] Generating EVERYTHING for: 留言
🚀 [Item W119475] Generating EVERYTHING for: 流感
🚀 [Item W119476] Generating EVERYTHING for: 楼道
🚀 [Item W119477] Generating EVERYTHING for: 楼房
🚀 [Item W119478] Generating EVERYTHING for: 露
🚀 [Item W119479] Generating EVERYTHING for: 陆军
🚀 [Item W119480] Generating EVERYTHING for: 录像
🚀 [Item W119481] Generating EVERYTHING for: 录音机
🚀 [Item W119482] Generating EVERYTHING for: 路过
🚀 [Item W119483] Generating EVERYTHING for: 露
🚀 [Item W119484] Generating EVERYTHING for: 旅店
🚀 [Item W119485] Generating EVERYTHING for: 绿化
🚀 [Item W119486] Generating EVERYTHING for: 马车
🚀 [Item W119487] Generating EVERYTHING for: 埋
🚀 [Item W119488] Generating EVERYTHING for: 慢车
🚀 [Item W119489] Generating EVERYTHING for: 盲人
🚀 [Item W119490] Generating EVERYTHING for: 梅花
🚀 [Item W119491] Generating EVERYTHING for: 美容
🚀 [Item W119492] Generating EVERYTHING for: 蒙
🚀 [Item W119493] Generating EVERYTHING for: 蒙
🚀 [Item W119494] Generating EVERYTHING for: 猛
🚀 [Item W119495] Generating EVERYTHING for: 棉
🚀 [Item W119496] Generating EVERYTHING for: 面对面
🚀 [Item W119497] Generating EVERYTHING for: 面向
🚀 [Item W119498] Generating EVERYTHING for: 妙
🚀 [Item W119499] Generating EVERYTHING for: 灭
🚀 [Item W119500] Generating EVERYTHING for: 民歌
🚀 [Item W119501] Generating EVERYTHING for: 民工
🚀 [Item W119502] Generating EVERYTHING for: 民警
🚀 [Item W119503] Generating EVERYTHING for: 民意
🚀 [Item W119504] Generating EVERYTHING for: 名胜
🚀 [Item W119505] Generating EVERYTHING for: 名义
🚀 [Item W119506] Generating EVERYTHING for: 明日
🚀 [Item W119507] Generating EVERYTHING for: 命
🚀 [Item W119507] Generating EVERYTHING for: 命
🚀 [Item W119508] Generating EVERYTHING for: 磨
🚀 [Item W119509] Generating EVERYTHING for: 没收
🚀 [Item W119510] Generating EVERYTHING for: 墨水
🚀 [Item W119511] Generating EVERYTHING for: 母
🚀 [Item W119512] Generating EVERYTHING for: 母鸡
🚀 [Item W119513] Generating EVERYTHING for: 母女
🚀 [Item W119514] Generating EVERYTHING for: 母子
🚀 [Item W119515] Generating EVERYTHING for: 墓
🚀 [Item W119516] Generating EVERYTHING for: 拿走
🚀 [Item W119517] Generating EVERYTHING for: 奶粉
🚀 [Item W119518] Generating EVERYTHING for: 奶牛
🚀 [Item W119519] Generating EVERYTHING for: 难忘
🚀 [Item W119520] Generating EVERYTHING for: 内地
🚀 [Item W119521] Generating EVERYTHING for: 内外
🚀 [Item W119522] Generating EVERYTHING for: 内衣
🚀 [Item W119523] Generating EVERYTHING for: 能否
🚀 [Item W119524] Generating EVERYTHING for: 泥
🚀 [Item W119525] Generating EVERYTHING for: 扭
🚀 [Item W119526] Generating EVERYTHING for: 排行榜
🚀 [Item W119527] Generating EVERYTHING for: 派出
🚀 [Item W119528] Generating EVERYTHING for: 判
🚀 [Item W119529] Generating EVERYTHING for: 泡
🚀 [Item W119530] Generating EVERYTHING for: 炮
🚀 [Item W119531] Generating EVERYTHING for: 陪同
🚀 [Item W119532] Generating EVERYTHING for: 配置
🚀 [Item W119533] Generating EVERYTHING for: 皮球
[localization_shard_0017.json] Processing 130/130 jobs (Streaming)...
🚀 [Item W119534] Generating EVERYTHING for: 偏
🚀 [Item W119535] Generating EVERYTHING for: 品牌
🚀 [Item W119536] Generating EVERYTHING for: 聘请
🚀 [Item W119537] Generating EVERYTHING for: 平方米
🚀 [Item W119538] Generating EVERYTHING for: 平台
🚀 [Item W119539] Generating EVERYTHING for: 评
🚀 [Item W119540] Generating EVERYTHING for: 评选
🚀 [Item W119541] Generating EVERYTHING for: 起点
🚀 [Item W119542] Generating EVERYTHING for: 起诉
🚀 [Item W119543] Generating EVERYTHING for: 恰好
🚀 [Item W119544] Generating EVERYTHING for: 恰恰
🚀 [Item W119545] Generating EVERYTHING for: 前方
🚀 [Item W119546] Generating EVERYTHING for: 前来
🚀 [Item W119547] Generating EVERYTHING for: 强盗
🚀 [Item W119548] Generating EVERYTHING for: 强化
🚀 [Item W119549] Generating EVERYTHING for: 强势
🚀 [Item W119550] Generating EVERYTHING for: 强壮
🚀 [Item W119551] Generating EVERYTHING for: 茄子
🚀 [Item W119552] Generating EVERYTHING for: 亲属
🚀 [Item W119553] Generating EVERYTHING for: 亲眼
🚀 [Item W119554] Generating EVERYTHING for: 清
🚀 [Item W119555] Generating EVERYTHING for: 清洁工
🚀 [Item W119556] Generating EVERYTHING for: 清明节
🚀 [Item W119557] Generating EVERYTHING for: 清洗
🚀 [Item W119558] Generating EVERYTHING for: 求职
🚀 [Item W119559] Generating EVERYTHING for: 球拍
🚀 [Item W119560] Generating EVERYTHING for: 球星
🚀 [Item W119561] Generating EVERYTHING for: 球员
🚀 [Item W119562] Generating EVERYTHING for: 取款
🚀 [Item W119563] Generating EVERYTHING for: 取款机
🚀 [Item W119564] Generating EVERYTHING for: 去掉
🚀 [Item W119565] Generating EVERYTHING for: 权
🚀 [Item W119566] Generating EVERYTHING for: 全力
🚀 [Item W119567] Generating EVERYTHING for: 全新
🚀 [Item W119568] Generating EVERYTHING for: 券
🚀 [Item W119569] Generating EVERYTHING for: 却是
🚀 [Item W119570] Generating EVERYTHING for: 让座
🚀 [Item W119571] Generating EVERYTHING for: 热点
🚀 [Item W119572] Generating EVERYTHING for: 热水
🚀 [Item W119573] Generating EVERYTHING for: 热水器
🚀 [Item W119574] Generating EVERYTHING for: 热线
🚀 [Item W119575] Generating EVERYTHING for: 人权
🚀 [Item W119576] Generating EVERYTHING for: 认同
🚀 [Item W119577] Generating EVERYTHING for: 日夜
🚀 [Item W119578] Generating EVERYTHING for: 日语
🚀 [Item W119579] Generating EVERYTHING for: 融合
🚀 [Item W119580] Generating EVERYTHING for: 融入
🚀 [Item W119581] Generating EVERYTHING for: 如
🚀 [Item W119582] Generating EVERYTHING for: 如一
🚀 [Item W119583] Generating EVERYTHING for: 乳制品
🚀 [Item W119584] Generating EVERYTHING for: 入
🚀 [Item W119585] Generating EVERYTHING for: 入学
🚀 [Item W119586] Generating EVERYTHING for: 若
🚀 [Item W119587] Generating EVERYTHING for: 塞
🚀 [Item W119588] Generating EVERYTHING for: 赛
🚀 [Item W119589] Generating EVERYTHING for: 赛场
🚀 [Item W119590] Generating EVERYTHING for: 三明治
🚀 [Item W119591] Generating EVERYTHING for: 山峰
🚀 [Item W119592] Generating EVERYTHING for: 山谷
🚀 [Item W119593] Generating EVERYTHING for: 山坡
🚀 [Item W119594] Generating EVERYTHING for: 伤口
🚀 [Item W119595] Generating EVERYTHING for: 伤亡
🚀 [Item W119596] Generating EVERYTHING for: 伤员
🚀 [Item W119597] Generating EVERYTHING for: 商城
🚀 [Item W119598] Generating EVERYTHING for: 上帝
🚀 [Item W119599] Generating EVERYTHING for: 上市
🚀 [Item W119600] Generating EVERYTHING for: 上台
🚀 [Item W119601] Generating EVERYTHING for: 上演
🚀 [Item W119602] Generating EVERYTHING for: 勺
🚀 [Item W119603] Generating EVERYTHING for: 少儿
🚀 [Item W119604] Generating EVERYTHING for: 设计师
🚀 [Item W119605] Generating EVERYTHING for: 深化
🚀 [Item W119606] Generating EVERYTHING for: 深深
🚀 [Item W119607] Generating EVERYTHING for: 升级
🚀 [Item W119608] Generating EVERYTHING for: 升学
🚀 [Item W119609] Generating EVERYTHING for: 升值
🚀 [Item W119610] Generating EVERYTHING for: 生活费
🚀 [Item W119611] Generating EVERYTHING for: 省钱
🚀 [Item W119612] Generating EVERYTHING for: 圣诞节
🚀 [Item W119613] Generating EVERYTHING for: 师父
🚀 [Item W119614] Generating EVERYTHING for: 师生
🚀 [Item W119615] Generating EVERYTHING for: 时节
🚀 [Item W119616] Generating EVERYTHING for: 时时
🚀 [Item W119617] Generating EVERYTHING for: 时装
🚀 [Item W119618] Generating EVERYTHING for: 识
🚀 [Item W119619] Generating EVERYTHING for: 识字
🚀 [Item W119620] Generating EVERYTHING for: 食欲
🚀 [Item W119621] Generating EVERYTHING for: 市民
🚀 [Item W119622] Generating EVERYTHING for: 事后
🚀 [Item W119623] Generating EVERYTHING for: 试点
🚀 [Item W119624] Generating EVERYTHING for: 适当
🚀 [Item W119625] Generating EVERYTHING for: 收取
🚀 [Item W119626] Generating EVERYTHING for: 收养
🚀 [Item W119627] Generating EVERYTHING for: 手续费
🚀 [Item W119628] Generating EVERYTHING for: 首次
🚀 [Item W119629] Generating EVERYTHING for: 首脑
🚀 [Item W119630] Generating EVERYTHING for: 首席
🚀 [Item W119631] Generating EVERYTHING for: 首相
🚀 [Item W119632] Generating EVERYTHING for: 书房
🚀 [Item W119633] Generating EVERYTHING for: 薯片
🚀 [Item W119634] Generating EVERYTHING for: 薯条
🚀 [Item W119635] Generating EVERYTHING for: 双打
🚀 [Item W119636] Generating EVERYTHING for: 爽
🚀 [Item W119637] Generating EVERYTHING for: 顺
🚀 [Item W119638] Generating EVERYTHING for: 说明书
🚀 [Item W119639] Generating EVERYTHING for: 说实话
🚀 [Item W119640] Generating EVERYTHING for: 司长
🚀 [Item W119641] Generating EVERYTHING for: 四处
🚀 [Item W119642] Generating EVERYTHING for: 寺
🚀 [Item W119643] Generating EVERYTHING for: 送礼
🚀 [Item W119644] Generating EVERYTHING for: 送行
🚀 [Item W119645] Generating EVERYTHING for: 算了
🚀 [Item W119646] Generating EVERYTHING for: 算是
🚀 [Item W119647] Generating EVERYTHING for: 虽
🚀 [Item W119648] Generating EVERYTHING for: 岁数
🚀 [Item W119649] Generating EVERYTHING for: 踏
🚀 [Item W119650] Generating EVERYTHING for: 台灯
🚀 [Item W119651] Generating EVERYTHING for: 太阳能
🚀 [Item W119652] Generating EVERYTHING for: 特
🚀 [Item W119653] Generating EVERYTHING for: 特大
🚀 [Item W119654] Generating EVERYTHING for: 特地
🚀 [Item W119655] Generating EVERYTHING for: 特快
🚀 [Item W119656] Generating EVERYTHING for: 疼痛
🚀 [Item W119657] Generating EVERYTHING for: 踢
🚀 [Item W119658] Generating EVERYTHING for: 提交
🚀 [Item W119659] Generating EVERYTHING for: 提升
🚀 [Item W119660] Generating EVERYTHING for: 天然
🚀 [Item W119661] Generating EVERYTHING for: 天下
🚀 [Item W119662] Generating EVERYTHING for: 添
🚀 [Item W119663] Generating EVERYTHING for: 田
[localization_shard_0018.json] Processing 130/130 jobs (Streaming)...
🚀 [Item W119664] Generating EVERYTHING for: 跳水
🚀 [Item W119665] Generating EVERYTHING for: 听取
🚀 [Item W119666] Generating EVERYTHING for: 通报
🚀 [Item W119667] Generating EVERYTHING for: 通道
🚀 [Item W119668] Generating EVERYTHING for: 通红
🚀 [Item W119669] Generating EVERYTHING for: 通话
🚀 [Item W119670] Generating EVERYTHING for: 通行
🚀 [Item W119671] Generating EVERYTHING for: 同
🚀 [Item W119672] Generating EVERYTHING for: 同行
🚀 [Item W119673] Generating EVERYTHING for: 同期
🚀 [Item W119674] Generating EVERYTHING for: 同一
🚀 [Item W119675] Generating EVERYTHING for: 铜牌
🚀 [Item W119676] Generating EVERYTHING for: 头疼
🚀 [Item W119677] Generating EVERYTHING for: 图书
🚀 [Item W119678] Generating EVERYTHING for: 团队
🚀 [Item W119679] Generating EVERYTHING for: 推出
🚀 [Item W119680] Generating EVERYTHING for: 退票
🚀 [Item W119681] Generating EVERYTHING for: 吞
🚀 [Item W119682] Generating EVERYTHING for: 托
🚀 [Item W119683] Generating EVERYTHING for: 拖
🚀 [Item W119684] Generating EVERYTHING for: 拖鞋
🚀 [Item W119685] Generating EVERYTHING for: 挖
🚀 [Item W119686] Generating EVERYTHING for: 外币
🚀 [Item W119687] Generating EVERYTHING for: 外部
🚀 [Item W119688] Generating EVERYTHING for: 外出
🚀 [Item W119689] Generating EVERYTHING for: 外观
🚀 [Item W119690] Generating EVERYTHING for: 外科
🚀 [Item W119691] Generating EVERYTHING for: 外来
🚀 [Item W119692] Generating EVERYTHING for: 外头
🚀 [Item W119693] Generating EVERYTHING for: 外衣
🚀 [Item W119694] Generating EVERYTHING for: 外资
🚀 [Item W119695] Generating EVERYTHING for: 弯曲
🚀 [Item W119696] Generating EVERYTHING for: 顽皮
🚀 [Item W119697] Generating EVERYTHING for: 王后
🚀 [Item W119698] Generating EVERYTHING for: 网吧
🚀 [Item W119699] Generating EVERYTHING for: 网页
🚀 [Item W119700] Generating EVERYTHING for: 往后
🚀 [Item W119701] Generating EVERYTHING for: 往来
🚀 [Item W119702] Generating EVERYTHING for: 往年
🚀 [Item W119703] Generating EVERYTHING for: 望见
🚀 [Item W119704] Generating EVERYTHING for: 微波炉
🚀 [Item W119705] Generating EVERYTHING for: 为此
🚀 [Item W119706] Generating EVERYTHING for: 为何
🚀 [Item W119707] Generating EVERYTHING for: 文娱
🚀 [Item W119708] Generating EVERYTHING for: 卧铺
🚀 [Item W119709] Generating EVERYTHING for: 乌云
🚀 [Item W119710] Generating EVERYTHING for: 无边
🚀 [Item W119711] Generating EVERYTHING for: 无关
🚀 [Item W119712] Generating EVERYTHING for: 无效
🚀 [Item W119713] Generating EVERYTHING for: 物品
🚀 [Item W119714] Generating EVERYTHING for: 误
🚀 [Item W119715] Generating EVERYTHING for: 西班牙语
🚀 [Item W119716] Generating EVERYTHING for: 吸毒
🚀 [Item W119717] Generating EVERYTHING for: 洗衣粉
🚀 [Item W119718] Generating EVERYTHING for: 戏曲
🚀 [Item W119719] Generating EVERYTHING for: 先锋
🚀 [Item W119720] Generating EVERYTHING for: 显出
🚀 [Item W119721] Generating EVERYTHING for: 险
🚀 [Item W119722] Generating EVERYTHING for: 线路
🚀 [Item W119723] Generating EVERYTHING for: 响声
🚀 [Item W119724] Generating EVERYTHING for: 想不到
🚀 [Item W119725] Generating EVERYTHING for: 小费
🚀 [Item W119726] Generating EVERYTHING for: 小于
🚀 [Item W119727] Generating EVERYTHING for: 晓得
🚀 [Item W119728] Generating EVERYTHING for: 笑脸
🚀 [Item W119729] Generating EVERYTHING for: 笑容
🚀 [Item W119730] Generating EVERYTHING for: 笑声
🚀 [Item W119731] Generating EVERYTHING for: 写字楼
🚀 [Item W119732] Generating EVERYTHING for: 写字台
🚀 [Item W119733] Generating EVERYTHING for: 心愿
🚀 [Item W119734] Generating EVERYTHING for: 心脏病
🚀 [Item W119735] Generating EVERYTHING for: 新人
🚀 [Item W119736] Generating EVERYTHING for: 新兴
🚀 [Item W119737] Generating EVERYTHING for: 信用
🚀 [Item W119738] Generating EVERYTHING for: 行程
🚀 [Item W119739] Generating EVERYTHING for: 形
🚀 [Item W119740] Generating EVERYTHING for: 凶
🚀 [Item W119741] Generating EVERYTHING for: 修车
🚀 [Item W119742] Generating EVERYTHING for: 袖珍
🚀 [Item W119743] Generating EVERYTHING for: 悬
🚀 [Item W119744] Generating EVERYTHING for: 学会
🚀 [Item W119745] Generating EVERYTHING for: 学员
🚀 [Item W119746] Generating EVERYTHING for: 血管
🚀 [Item W119747] Generating EVERYTHING for: 血液
🚀 [Item W119748] Generating EVERYTHING for: 烟花
🚀 [Item W119749] Generating EVERYTHING for: 沿
🚀 [Item W119750] Generating EVERYTHING for: 沿着
🚀 [Item W119751] Generating EVERYTHING for: 研发
🚀 [Item W119752] Generating EVERYTHING for: 眼看
🚀 [Item W119753] Generating EVERYTHING for: 洋
🚀 [Item W119754] Generating EVERYTHING for: 仰
🚀 [Item W119755] Generating EVERYTHING for: 养老
🚀 [Item W119756] Generating EVERYTHING for: 样
🚀 [Item W119757] Generating EVERYTHING for: 药品
🚀 [Item W119758] Generating EVERYTHING for: 要不然
🚀 [Item W119759] Generating EVERYTHING for: 要好
🚀 [Item W119760] Generating EVERYTHING for: 要么
🚀 [Item W119761] Generating EVERYTHING for: 野
🚀 [Item W119762] Generating EVERYTHING for: 野生
🚀 [Item W119763] Generating EVERYTHING for: 医药
🚀 [Item W119764] Generating EVERYTHING for: 依次
🚀 [Item W119765] Generating EVERYTHING for: 一次性
🚀 [Item W119766] Generating EVERYTHING for: 一代
🚀 [Item W119767] Generating EVERYTHING for: 一道
🚀 [Item W119768] Generating EVERYTHING for: 一路上
🚀 [Item W119769] Generating EVERYTHING for: 一番
🚀 [Item W119770] Generating EVERYTHING for: 一模一样
🚀 [Item W119771] Generating EVERYTHING for: 一齐
🚀 [Item W119772] Generating EVERYTHING for: 一时
🚀 [Item W119773] Generating EVERYTHING for: 一同
🚀 [Item W119774] Generating EVERYTHING for: 一行
🚀 [Item W119775] Generating EVERYTHING for: 艺人
🚀 [Item W119776] Generating EVERYTHING for: 议题
🚀 [Item W119777] Generating EVERYTHING for: 意想不到
🚀 [Item W119778] Generating EVERYTHING for: 意愿
🚀 [Item W119779] Generating EVERYTHING for: 因
🚀 [Item W119780] Generating EVERYTHING for: 阴影
🚀 [Item W119781] Generating EVERYTHING for: 音量
🚀 [Item W119782] Generating EVERYTHING for: 音像
🚀 [Item W119783] Generating EVERYTHING for: 隐藏
🚀 [Item W119784] Generating EVERYTHING for: 印
🚀 [Item W119785] Generating EVERYTHING for: 迎来
🚀 [Item W119786] Generating EVERYTHING for: 影迷
🚀 [Item W119787] Generating EVERYTHING for: 影星
🚀 [Item W119788] Generating EVERYTHING for: 应对
🚀 [Item W119789] Generating EVERYTHING for: 应急
🚀 [Item W119790] Generating EVERYTHING for: 用处
🚀 [Item W119791] Generating EVERYTHING for: 用得着
🚀 [Item W119792] Generating EVERYTHING for: 用法
🚀 [Item W119793] Generating EVERYTHING for: 用品
[localization_shard_0019.json] Processing 130/130 jobs (Streaming)...
🚀 [Item W119794] Generating EVERYTHING for: 用心
🚀 [Item W119795] Generating EVERYTHING for: 优质
🚀 [Item W119796] Generating EVERYTHING for: 游人
🚀 [Item W119797] Generating EVERYTHING for: 游玩
🚀 [Item W119798] Generating EVERYTHING for: 游戏机
🚀 [Item W119799] Generating EVERYTHING for: 游行
🚀 [Item W119800] Generating EVERYTHING for: 有关
🚀 [Item W119801] Generating EVERYTHING for: 有没有
🚀 [Item W119802] Generating EVERYTHING for: 有事
🚀 [Item W119803] Generating EVERYTHING for: 于
🚀 [Item W119804] Generating EVERYTHING for: 宇航员
🚀 [Item W119805] Generating EVERYTHING for: 雨衣
🚀 [Item W119806] Generating EVERYTHING for: 预约
🚀 [Item W119807] Generating EVERYTHING for: 园
🚀 [Item W119808] Generating EVERYTHING for: 园地
🚀 [Item W119809] Generating EVERYTHING for: 原
🚀 [Item W119810] Generating EVERYTHING for: 圆珠笔
🚀 [Item W119811] Generating EVERYTHING for: 援助
🚀 [Item W119812] Generating EVERYTHING for: 远方
🚀 [Item W119813] Generating EVERYTHING for: 远离
🚀 [Item W119814] Generating EVERYTHING for: 远远
🚀 [Item W119815] Generating EVERYTHING for: 约定
🚀 [Item W119816] Generating EVERYTHING for: 乐曲
🚀 [Item W119817] Generating EVERYTHING for: 运作
🚀 [Item W119818] Generating EVERYTHING for: 晕车
🚀 [Item W119819] Generating EVERYTHING for: 杂
🚀 [Item W119820] Generating EVERYTHING for: 再生
🚀 [Item W119821] Generating EVERYTHING for: 再说
🚀 [Item W119822] Generating EVERYTHING for: 遭到
🚀 [Item W119823] Generating EVERYTHING for: 早晚
🚀 [Item W119824] Generating EVERYTHING for: 增进
🚀 [Item W119825] Generating EVERYTHING for: 增值
🚀 [Item W119826] Generating EVERYTHING for: 炸
🚀 [Item W119827] Generating EVERYTHING for: 炸弹
🚀 [Item W119828] Generating EVERYTHING for: 炸药
🚀 [Item W119829] Generating EVERYTHING for: 债
🚀 [Item W119830] Generating EVERYTHING for: 战场
🚀 [Item W119831] Generating EVERYTHING for: 战友
🚀 [Item W119832] Generating EVERYTHING for: 站台
🚀 [Item W119833] Generating EVERYTHING for: 章
🚀 [Item W119834] Generating EVERYTHING for: 秘书长
🚀 [Item W119835] Generating EVERYTHING for: 掌声
🚀 [Item W119836] Generating EVERYTHING for: 账
🚀 [Item W119837] Generating EVERYTHING for: 招
🚀 [Item W119838] Generating EVERYTHING for: 这就是说
🚀 [Item W119839] Generating EVERYTHING for: 镇
🚀 [Item W119840] Generating EVERYTHING for: 整治
🚀 [Item W119841] Generating EVERYTHING for: 政党
🚀 [Item W119842] Generating EVERYTHING for: 之类
🚀 [Item W119843] Generating EVERYTHING for: 知名
🚀 [Item W119844] Generating EVERYTHING for: 织
🚀 [Item W119845] Generating EVERYTHING for: 直升机
🚀 [Item W119846] Generating EVERYTHING for: 职责
🚀 [Item W119847] Generating EVERYTHING for: 止
🚀 [Item W119848] Generating EVERYTHING for: 只得
🚀 [Item W119849] Generating EVERYTHING for: 只顾
🚀 [Item W119850] Generating EVERYTHING for: 只管
🚀 [Item W119851] Generating EVERYTHING for: 指数
🚀 [Item W119852] Generating EVERYTHING for: 指头
🚀 [Item W119853] Generating EVERYTHING for: 指着
🚀 [Item W119854] Generating EVERYTHING for: 治病
🚀 [Item W119855] Generating EVERYTHING for: 中等
🚀 [Item W119856] Generating EVERYTHING for: 中华
🚀 [Item W119857] Generating EVERYTHING for: 中期
🚀 [Item W119858] Generating EVERYTHING for: 中外
🚀 [Item W119859] Generating EVERYTHING for: 忠心
🚀 [Item W119860] Generating EVERYTHING for: 钟头
🚀 [Item W119861] Generating EVERYTHING for: 肿
🚀 [Item W119862] Generating EVERYTHING for: 种种
🚀 [Item W119863] Generating EVERYTHING for: 珠宝
🚀 [Item W119864] Generating EVERYTHING for: 主持人
🚀 [Item W119865] Generating EVERYTHING for: 主角
🚀 [Item W119866] Generating EVERYTHING for: 驻
🚀 [Item W119867] Generating EVERYTHING for: 柱子
🚀 [Item W119868] Generating EVERYTHING for: 祝愿
🚀 [Item W119869] Generating EVERYTHING for: 专用
🚀 [Item W119870] Generating EVERYTHING for: 转动
🚀 [Item W119871] Generating EVERYTHING for: 赚钱
🚀 [Item W119872] Generating EVERYTHING for: 捉
🚀 [Item W119873] Generating EVERYTHING for: 自来水
🚀 [Item W119874] Generating EVERYTHING for: 自我
🚀 [Item W119875] Generating EVERYTHING for: 自学
🚀 [Item W119876] Generating EVERYTHING for: 自言自语
🚀 [Item W119877] Generating EVERYTHING for: 自在
🚀 [Item W119878] Generating EVERYTHING for: 总部
🚀 [Item W119879] Generating EVERYTHING for: 总监
🚀 [Item W119880] Generating EVERYTHING for: 总经理
🚀 [Item W119881] Generating EVERYTHING for: 总量
🚀 [Item W119882] Generating EVERYTHING for: 奏
🚀 [Item W119883] Generating EVERYTHING for: 租金
🚀 [Item W119884] Generating EVERYTHING for: 足
🚀 [Item W119885] Generating EVERYTHING for: 族
🚀 [Item W119886] Generating EVERYTHING for: 上班族
🚀 [Item W119887] Generating EVERYTHING for: 祖母
🚀 [Item W119888] Generating EVERYTHING for: 钻
🚀 [Item W119889] Generating EVERYTHING for: 最佳
🚀 [Item W119890] Generating EVERYTHING for: 最终
🚀 [Item W119891] Generating EVERYTHING for: 罪
🚀 [Item W119892] Generating EVERYTHING for: 罪恶
🚀 [Item W119893] Generating EVERYTHING for: 作
🚀 [Item W119894] Generating EVERYTHING for: 作战
🚀 [Item W119895] Generating EVERYTHING for: 座谈会
🚀 [Item W119896] Generating EVERYTHING for: 阿拉伯语
🚀 [Item W119897] Generating EVERYTHING for: 哎呀
🚀 [Item W119898] Generating EVERYTHING for: 哀求
🚀 [Item W119899] Generating EVERYTHING for: 挨家挨户
🚀 [Item W119900] Generating EVERYTHING for: 癌
🚀 [Item W119901] Generating EVERYTHING for: 艾滋病
🚀 [Item W119902] Generating EVERYTHING for: 爱理不理
🚀 [Item W119903] Generating EVERYTHING for: 爱面子
🚀 [Item W119904] Generating EVERYTHING for: 碍事
🚀 [Item W119905] Generating EVERYTHING for: 安定
🚀 [Item W119906] Generating EVERYTHING for: 安抚
🚀 [Item W119907] Generating EVERYTHING for: 安眠药
🚀 [Item W119908] Generating EVERYTHING for: 安稳
🚀 [Item W119909] Generating EVERYTHING for: 安心
🚀 [Item W119910] Generating EVERYTHING for: 安逸
🚀 [Item W119911] Generating EVERYTHING for: 按键
🚀 [Item W119912] Generating EVERYTHING for: 按理说
🚀 [Item W119913] Generating EVERYTHING for: 按说
🚀 [Item W119914] Generating EVERYTHING for: 暗地里
🚀 [Item W119915] Generating EVERYTHING for: 暗杀
🚀 [Item W119916] Generating EVERYTHING for: 暗中
🚀 [Item W119917] Generating EVERYTHING for: 凹
🚀 [Item W119918] Generating EVERYTHING for: 傲
🚀 [Item W119919] Generating EVERYTHING for: 傲慢
🚀 [Item W119920] Generating EVERYTHING for: 奥运会
🚀 [Item W119921] Generating EVERYTHING for: 八卦
🚀 [Item W119922] Generating EVERYTHING for: 芭蕾
🚀 [Item W119923] Generating EVERYTHING for: 把柄
[localization_shard_0020.json] Processing 130/130 jobs (Streaming)...
🚀 [Item W119924] Generating EVERYTHING for: 靶子
🚀 [Item W119925] Generating EVERYTHING for: 坝
🚀 [Item W119926] Generating EVERYTHING for: 罢免
🚀 [Item W119927] Generating EVERYTHING for: 罢休
🚀 [Item W119928] Generating EVERYTHING for: 霸占
🚀 [Item W119929] Generating EVERYTHING for: 白白
🚀 [Item W119930] Generating EVERYTHING for: 百分比
🚀 [Item W119931] Generating EVERYTHING for: 百合
🚀 [Item W119932] Generating EVERYTHING for: 百科全书
🚀 [Item W119933] Generating EVERYTHING for: 柏树
🚀 [Item W119934] Generating EVERYTHING for: 摆放
🚀 [Item W119935] Generating EVERYTHING for: 摆平
🚀 [Item W119936] Generating EVERYTHING for: 摆设
🚀 [Item W119937] Generating EVERYTHING for: 拜会
🚀 [Item W119938] Generating EVERYTHING for: 拜见
🚀 [Item W119939] Generating EVERYTHING for: 扳
🚀 [Item W119940] Generating EVERYTHING for: 颁奖
🚀 [Item W119941] Generating EVERYTHING for: 斑点
🚀 [Item W119942] Generating EVERYTHING for: 搬迁
🚀 [Item W119943] Generating EVERYTHING for: 板块
🚀 [Item W119944] Generating EVERYTHING for: 办不到
🚀 [Item W119945] Generating EVERYTHING for: 半边天
🚀 [Item W119946] Generating EVERYTHING for: 半场
🚀 [Item W119947] Generating EVERYTHING for: 半岛
🚀 [Item W119948] Generating EVERYTHING for: 半路
🚀 [Item W119949] Generating EVERYTHING for: 半数
🚀 [Item W119950] Generating EVERYTHING for: 半信半疑
🚀 [Item W119951] Generating EVERYTHING for: 半真半假
🚀 [Item W119952] Generating EVERYTHING for: 扮
🚀 [Item W119953] Generating EVERYTHING for: 伴
🚀 [Item W119954] Generating EVERYTHING for: 伴奏
🚀 [Item W119955] Generating EVERYTHING for: 拌
🚀 [Item W119956] Generating EVERYTHING for: 帮手
🚀 [Item W119957] Generating EVERYTHING for: 绑
🚀 [Item W119958] Generating EVERYTHING for: 棒球
🚀 [Item W119959] Generating EVERYTHING for: 包容
🚀 [Item W119960] Generating EVERYTHING for: 包扎
🚀 [Item W119961] Generating EVERYTHING for: 剥
🚀 [Item W119962] Generating EVERYTHING for: 煲
🚀 [Item W119963] Generating EVERYTHING for: 饱满
🚀 [Item W119964] Generating EVERYTHING for: 宝库
🚀 [Item W119965] Generating EVERYTHING for: 宝藏
🚀 [Item W119966] Generating EVERYTHING for: 保暖
🚀 [Item W119967] Generating EVERYTHING for: 保鲜
🚀 [Item W119968] Generating EVERYTHING for: 保修
🚀 [Item W119969] Generating EVERYTHING for: 保佑
🚀 [Item W119970] Generating EVERYTHING for: 保质期
🚀 [Item W119971] Generating EVERYTHING for: 堡垒
🚀 [Item W119972] Generating EVERYTHING for: 报废
🚀 [Item W119973] Generating EVERYTHING for: 报亭
🚀 [Item W119974] Generating EVERYTHING for: 豹
🚀 [Item W119975] Generating EVERYTHING for: 暴风骤雨
🚀 [Item W119976] Generating EVERYTHING for: 暴利
🚀 [Item W119977] Generating EVERYTHING for: 暴躁
🚀 [Item W119978] Generating EVERYTHING for: 爆冷门
🚀 [Item W119979] Generating EVERYTHING for: 爆满
🚀 [Item W119980] Generating EVERYTHING for: 爆竹
🚀 [Item W119981] Generating EVERYTHING for: 悲欢离合
🚀 [Item W119982] Generating EVERYTHING for: 悲痛
🚀 [Item W119983] Generating EVERYTHING for: 碑
🚀 [Item W119984] Generating EVERYTHING for: 备课
🚀 [Item W119985] Generating EVERYTHING for: 备受
🚀 [Item W119986] Generating EVERYTHING for: 备用
🚀 [Item W119987] Generating EVERYTHING for: 背面
🚀 [Item W119988] Generating EVERYTHING for: 被捕
🚀 [Item W119989] Generating EVERYTHING for: 奔赴
🚀 [Item W119990] Generating EVERYTHING for: 本分
🚀 [Item W119991] Generating EVERYTHING for: 本色
🚀 [Item W119992] Generating EVERYTHING for: 本性
🚀 [Item W119993] Generating EVERYTHING for: 本意
🚀 [Item W119994] Generating EVERYTHING for: 本着
🚀 [Item W119995] Generating EVERYTHING for: 奔
🚀 [Item W119996] Generating EVERYTHING for: 笨蛋
🚀 [Item W119997] Generating EVERYTHING for: 笨重
🚀 [Item W119998] Generating EVERYTHING for: 绷
🚀 [Item W119999] Generating EVERYTHING for: 绷带
🚀 [Item W120000] Generating EVERYTHING for: 逼近
🚀 [Item W120001] Generating EVERYTHING for: 逼真
🚀 [Item W120002] Generating EVERYTHING for: 比比皆是
🚀 [Item W120003] Generating EVERYTHING for: 比不上
🚀 [Item W120004] Generating EVERYTHING for: 比起
🚀 [Item W120005] Generating EVERYTHING for: 比试
🚀 [Item W120006] Generating EVERYTHING for: 必不可少
🚀 [Item W120007] Generating EVERYTHING for: 必定
🚀 [Item W120008] Generating EVERYTHING for: 碧绿
🚀 [Item W120009] Generating EVERYTHING for: 壁画
🚀 [Item W120010] Generating EVERYTHING for: 避难
🚀 [Item W120011] Generating EVERYTHING for: 避暑
🚀 [Item W120012] Generating EVERYTHING for: 边远
🚀 [Item W120013] Generating EVERYTHING for: 编号
🚀 [Item W120014] Generating EVERYTHING for: 编剧
🚀 [Item W120015] Generating EVERYTHING for: 编排
🚀 [Item W120016] Generating EVERYTHING for: 编写
🚀 [Item W120017] Generating EVERYTHING for: 编造
🚀 [Item W120018] Generating EVERYTHING for: 贬值
🚀 [Item W120019] Generating EVERYTHING for: 变革
🚀 [Item W120020] Generating EVERYTHING for: 变幻莫测
🚀 [Item W120021] Generating EVERYTHING for: 变异
🚀 [Item W120022] Generating EVERYTHING for: 便道
🚀 [Item W120023] Generating EVERYTHING for: 便饭
🚀 [Item W120024] Generating EVERYTHING for: 便捷
🚀 [Item W120025] Generating EVERYTHING for: 便利店
🚀 [Item W120026] Generating EVERYTHING for: 辨别
🚀 [Item W120027] Generating EVERYTHING for: 辩
🚀 [Item W120028] Generating EVERYTHING for: 标
🚀 [Item W120029] Generating EVERYTHING for: 标榜
🚀 [Item W120030] Generating EVERYTHING for: 标签
🚀 [Item W120031] Generating EVERYTHING for: 标示
🚀 [Item W120032] Generating EVERYTHING for: 标语
🚀 [Item W120033] Generating EVERYTHING for: 标致
🚀 [Item W120034] Generating EVERYTHING for: 飙升
🚀 [Item W120035] Generating EVERYTHING for: 表白
🚀 [Item W120036] Generating EVERYTHING for: 表述
🚀 [Item W120037] Generating EVERYTHING for: 表率
🚀 [Item W120038] Generating EVERYTHING for: 别具匠心
🚀 [Item W120039] Generating EVERYTHING for: 别看
🚀 [Item W120040] Generating EVERYTHING for: 别说
🚀 [Item W120041] Generating EVERYTHING for: 别提了
🚀 [Item W120042] Generating EVERYTHING for: 彬彬有礼
🚀 [Item W120043] Generating EVERYTHING for: 滨海
🚀 [Item W120044] Generating EVERYTHING for: 缤纷
🚀 [Item W120045] Generating EVERYTHING for: 冰棍儿
🚀 [Item W120046] Generating EVERYTHING for: 冰山
🚀 [Item W120047] Generating EVERYTHING for: 秉承
🚀 [Item W120048] Generating EVERYTHING for: 并购
🚀 [Item W120049] Generating EVERYTHING for: 并行
🚀 [Item W120050] Generating EVERYTHING for: 病床
🚀 [Item W120051] Generating EVERYTHING for: 病症
🚀 [Item W120052] Generating EVERYTHING for: 拨款
🚀 [Item W120053] Generating EVERYTHING for: 拨通
[localization_shard_0021.json] Processing 130/130 jobs (Streaming)...
🚀 [Item W120054] Generating EVERYTHING for: 波及
🚀 [Item W120055] Generating EVERYTHING for: 波澜
🚀 [Item W120056] Generating EVERYTHING for: 波折
🚀 [Item W120057] Generating EVERYTHING for: 剥夺
🚀 [Item W120058] Generating EVERYTHING for: 伯伯
🚀 [Item W120059] Generating EVERYTHING for: 伯父
🚀 [Item W120060] Generating EVERYTHING for: 驳回
🚀 [Item W120061] Generating EVERYTHING for: 不定
🚀 [Item W120062] Generating EVERYTHING for: 不利于
🚀 [Item W120063] Generating EVERYTHING for: 不慎
🚀 [Item W120064] Generating EVERYTHING for: 不适
🚀 [Item W120065] Generating EVERYTHING for: 不算
🚀 [Item W120066] Generating EVERYTHING for: 不屑
🚀 [Item W120067] Generating EVERYTHING for: 不懈
🚀 [Item W120068] Generating EVERYTHING for: 不亚于
🚀 [Item W120069] Generating EVERYTHING for: 不亦乐乎
🚀 [Item W120070] Generating EVERYTHING for: 不翼而飞
🚀 [Item W120071] Generating EVERYTHING for: 不用说
🚀 [Item W120072] Generating EVERYTHING for: 不正之风
🚀 [Item W120073] Generating EVERYTHING for: 补给
🚀 [Item W120074] Generating EVERYTHING for: 哺育
🚀 [Item W120075] Generating EVERYTHING for: 不耻下问
🚀 [Item W120076] Generating EVERYTHING for: 不辞而别
🚀 [Item W120077] Generating EVERYTHING for: 不得而知
🚀 [Item W120078] Generating EVERYTHING for: 不得已
🚀 [Item W120079] Generating EVERYTHING for: 不服
🚀 [Item W120080] Generating EVERYTHING for: 不服气
🚀 [Item W120081] Generating EVERYTHING for: 不假思索
🚀 [Item W120082] Generating EVERYTHING for: 不解
🚀 [Item W120083] Generating EVERYTHING for: 不经意
🚀 [Item W120084] Generating EVERYTHING for: 不景气
🚀 [Item W120085] Generating EVERYTHING for: 不可避免
🚀 [Item W120086] Generating EVERYTHING for: 不肯
🚀 [Item W120087] Generating EVERYTHING for: 不理
🚀 [Item W120088] Generating EVERYTHING for: 不了了之
🚀 [Item W120089] Generating EVERYTHING for: 不难
🚀 [Item W120090] Generating EVERYTHING for: 不平
🚀 [Item W120091] Generating EVERYTHING for: 不起眼
🚀 [Item W120092] Generating EVERYTHING for: 不容
🚀 [Item W120093] Generating EVERYTHING for: 不如说
🚀 [Item W120094] Generating EVERYTHING for: 不同寻常
🚀 [Item W120095] Generating EVERYTHING for: 不为人知
🚀 [Item W120096] Generating EVERYTHING for: 不宜
🚀 [Item W120097] Generating EVERYTHING for: 不已
🚀 [Item W120098] Generating EVERYTHING for: 不以为然
🚀 [Item W120099] Generating EVERYTHING for: 不由自主
🚀 [Item W120100] Generating EVERYTHING for: 不予
🚀 [Item W120101] Generating EVERYTHING for: 不约而同
🚀 [Item W120102] Generating EVERYTHING for: 不知
🚀 [Item W120103] Generating EVERYTHING for: 不知不觉
🚀 [Item W120104] Generating EVERYTHING for: 不准
🚀 [Item W120105] Generating EVERYTHING for: 步入
🚀 [Item W120106] Generating EVERYTHING for: 部件
🚀 [Item W120107] Generating EVERYTHING for: 猜谜
🚀 [Item W120108] Generating EVERYTHING for: 猜想
🚀 [Item W120109] Generating EVERYTHING for: 才华
🚀 [Item W120110] Generating EVERYTHING for: 财经
🚀 [Item W120111] Generating EVERYTHING for: 财力
🚀 [Item W120112] Generating EVERYTHING for: 财物
🚀 [Item W120113] Generating EVERYTHING for: 裁
🚀 [Item W120114] Generating EVERYTHING for: 裁定
🚀 [Item W120115] Generating EVERYTHING for: 裁决
🚀 [Item W120116] Generating EVERYTHING for: 采
🚀 [Item W120117] Generating EVERYTHING for: 采矿
🚀 [Item W120118] Generating EVERYTHING for: 彩电
🚀 [Item W120119] Generating EVERYTHING for: 彩霞
🚀 [Item W120120] Generating EVERYTHING for: 菜市场
🚀 [Item W120121] Generating EVERYTHING for: 参见
🚀 [Item W120122] Generating EVERYTHING for: 参军
🚀 [Item W120123] Generating EVERYTHING for: 餐桌
🚀 [Item W120124] Generating EVERYTHING for: 残
🚀 [Item W120125] Generating EVERYTHING for: 残缺
🚀 [Item W120126] Generating EVERYTHING for: 惨白
🚀 [Item W120127] Generating EVERYTHING for: 惨痛
🚀 [Item W120128] Generating EVERYTHING for: 惨重
🚀 [Item W120129] Generating EVERYTHING for: 苍蝇
🚀 [Item W120130] Generating EVERYTHING for: 沧桑
🚀 [Item W120131] Generating EVERYTHING for: 藏匿
🚀 [Item W120132] Generating EVERYTHING for: 藏品
🚀 [Item W120133] Generating EVERYTHING for: 藏身
🚀 [Item W120134] Generating EVERYTHING for: 操控
🚀 [Item W120135] Generating EVERYTHING for: 槽
🚀 [Item W120136] Generating EVERYTHING for: 草坪
🚀 [Item W120137] Generating EVERYTHING for: 侧重
🚀 [Item W120138] Generating EVERYTHING for: 测算
🚀 [Item W120139] Generating EVERYTHING for: 蹭
🚀 [Item W120140] Generating EVERYTHING for: 差错
🚀 [Item W120141] Generating EVERYTHING for: 差额
🚀 [Item W120142] Generating EVERYTHING for: 插手
🚀 [Item W120143] Generating EVERYTHING for: 插图
🚀 [Item W120144] Generating EVERYTHING for: 插嘴
🚀 [Item W120145] Generating EVERYTHING for: 茶道
🚀 [Item W120146] Generating EVERYTHING for: 茶馆儿
🚀 [Item W120147] Generating EVERYTHING for: 查处
🚀 [Item W120148] Generating EVERYTHING for: 查明
🚀 [Item W120149] Generating EVERYTHING for: 查找
🚀 [Item W120150] Generating EVERYTHING for: 察觉
🚀 [Item W120151] Generating EVERYTHING for: 察看
🚀 [Item W120152] Generating EVERYTHING for: 掺
🚀 [Item W120153] Generating EVERYTHING for: 禅杖
🚀 [Item W120154] Generating EVERYTHING for: 缠
🚀 [Item W120155] Generating EVERYTHING for: 产
🚀 [Item W120156] Generating EVERYTHING for: 产地
🚀 [Item W120157] Generating EVERYTHING for: 产物
🚀 [Item W120158] Generating EVERYTHING for: 产值
🚀 [Item W120159] Generating EVERYTHING for: 铲
🚀 [Item W120160] Generating EVERYTHING for: 铲子
🚀 [Item W120161] Generating EVERYTHING for: 猖狂
🚀 [Item W120162] Generating EVERYTHING for: 长达
🚀 [Item W120163] Generating EVERYTHING for: 长期以来
🚀 [Item W120164] Generating EVERYTHING for: 长效
🚀 [Item W120165] Generating EVERYTHING for: 长征
🚀 [Item W120166] Generating EVERYTHING for: 长足
🚀 [Item W120167] Generating EVERYTHING for: 常理
🚀 [Item W120168] Generating EVERYTHING for: 常人
🚀 [Item W120169] Generating EVERYTHING for: 常态
🚀 [Item W120170] Generating EVERYTHING for: 常温
🚀 [Item W120171] Generating EVERYTHING for: 嫦娥
🚀 [Item W120172] Generating EVERYTHING for: 厂家
🚀 [Item W120173] Generating EVERYTHING for: 畅谈
🚀 [Item W120174] Generating EVERYTHING for: 抄袭
🚀 [Item W120175] Generating EVERYTHING for: 超标
🚀 [Item W120176] Generating EVERYTHING for: 超车
🚀 [Item W120177] Generating EVERYTHING for: 超前
🚀 [Item W120178] Generating EVERYTHING for: 超速
🚀 [Item W120179] Generating EVERYTHING for: 朝着
🚀 [Item W120180] Generating EVERYTHING for: 嘲弄
🚀 [Item W120181] Generating EVERYTHING for: 吵嘴
🚀 [Item W120182] Generating EVERYTHING for: 车道
🚀 [Item W120183] Generating EVERYTHING for: 车祸
[localization_shard_0022.json] Processing 130/130 jobs (Streaming)...
🚀 [Item W120184] Generating EVERYTHING for: 车间
🚀 [Item W120185] Generating EVERYTHING for: 车轮
🚀 [Item W120186] Generating EVERYTHING for: 车速
🚀 [Item W120187] Generating EVERYTHING for: 车位
🚀 [Item W120188] Generating EVERYTHING for: 车型
🚀 [Item W120189] Generating EVERYTHING for: 车轴
🚀 [Item W120190] Generating EVERYTHING for: 扯
🚀 [Item W120191] Generating EVERYTHING for: 彻夜
🚀 [Item W120192] Generating EVERYTHING for: 撤
🚀 [Item W120193] Generating EVERYTHING for: 撤换
🚀 [Item W120194] Generating EVERYTHING for: 沉甸甸
🚀 [Item W120195] Generating EVERYTHING for: 沉浸
🚀 [Item W120196] Generating EVERYTHING for: 沉迷
🚀 [Item W120197] Generating EVERYTHING for: 沉稳
🚀 [Item W120198] Generating EVERYTHING for: 趁机
🚀 [Item W120199] Generating EVERYTHING for: 趁早
🚀 [Item W120200] Generating EVERYTHING for: 趁着
🚀 [Item W120201] Generating EVERYTHING for: 称作
🚀 [Item W120202] Generating EVERYTHING for: 成才
🚀 [Item W120203] Generating EVERYTHING for: 成家
🚀 [Item W120204] Generating EVERYTHING for: 成年
🚀 [Item W120205] Generating EVERYTHING for: 成千上万
🚀 [Item W120206] Generating EVERYTHING for: 成群结队
🚀 [Item W120207] Generating EVERYTHING for: 成问题
🚀 [Item W120208] Generating EVERYTHING for: 成型
🚀 [Item W120209] Generating EVERYTHING for: 诚心诚意
🚀 [Item W120210] Generating EVERYTHING for: 诚意
🚀 [Item W120211] Generating EVERYTHING for: 承载
🚀 [Item W120212] Generating EVERYTHING for: 城墙
🚀 [Item W120213] Generating EVERYTHING for: 乘人之危
🚀 [Item W120214] Generating EVERYTHING for: 惩处
🚀 [Item W120215] Generating EVERYTHING for: 橙汁
🚀 [Item W120216] Generating EVERYTHING for: 逞能
🚀 [Item W120217] Generating EVERYTHING for: 逞强
🚀 [Item W120218] Generating EVERYTHING for: 吃不上
🚀 [Item W120219] Generating EVERYTHING for: 吃喝玩乐
🚀 [Item W120220] Generating EVERYTHING for: 痴呆
🚀 [Item W120221] Generating EVERYTHING for: 痴迷
🚀 [Item W120222] Generating EVERYTHING for: 痴心
🚀 [Item W120223] Generating EVERYTHING for: 驰名
🚀 [Item W120224] Generating EVERYTHING for: 迟迟
🚀 [Item W120225] Generating EVERYTHING for: 持
🚀 [Item W120226] Generating EVERYTHING for: 持之以恒
🚀 [Item W120227] Generating EVERYTHING for: 尺度
🚀 [Item W120228] Generating EVERYTHING for: 耻辱
🚀 [Item W120229] Generating EVERYTHING for: 耻笑
🚀 [Item W120230] Generating EVERYTHING for: 冲刺
🚀 [Item W120231] Generating EVERYTHING for: 冲浪
🚀 [Item W120232] Generating EVERYTHING for: 冲洗
🚀 [Item W120233] Generating EVERYTHING for: 冲撞
🚀 [Item W120234] Generating EVERYTHING for: 充
🚀 [Item W120235] Generating EVERYTHING for: 重播
🚀 [Item W120236] Generating EVERYTHING for: 重返
🚀 [Item W120237] Generating EVERYTHING for: 重合
🚀 [Item W120238] Generating EVERYTHING for: 重申
🚀 [Item W120239] Generating EVERYTHING for: 重现
🚀 [Item W120240] Generating EVERYTHING for: 崇尚
🚀 [Item W120241] Generating EVERYTHING for: 宠
🚀 [Item W120242] Generating EVERYTHING for: 宠爱
🚀 [Item W120243] Generating EVERYTHING for: 抽签
🚀 [Item W120244] Generating EVERYTHING for: 仇
🚀 [Item W120245] Generating EVERYTHING for: 仇恨
🚀 [Item W120246] Generating EVERYTHING for: 仇人
🚀 [Item W120247] Generating EVERYTHING for: 稠
🚀 [Item W120248] Generating EVERYTHING for: 愁眉苦脸
🚀 [Item W120249] Generating EVERYTHING for: 筹
🚀 [Item W120250] Generating EVERYTHING for: 筹办
🚀 [Item W120251] Generating EVERYTHING for: 筹措
🚀 [Item W120252] Generating EVERYTHING for: 筹划
🚀 [Item W120253] Generating EVERYTHING for: 筹集
🚀 [Item W120254] Generating EVERYTHING for: 筹码
🚀 [Item W120255] Generating EVERYTHING for: 丑陋
🚀 [Item W120256] Generating EVERYTHING for: 丑闻
🚀 [Item W120257] Generating EVERYTHING for: 瞅
🚀 [Item W120258] Generating EVERYTHING for: 出版社
🚀 [Item W120259] Generating EVERYTHING for: 出厂
🚀 [Item W120260] Generating EVERYTHING for: 出丑
🚀 [Item W120261] Generating EVERYTHING for: 出道
🚀 [Item W120262] Generating EVERYTHING for: 出发点
🚀 [Item W120263] Generating EVERYTHING for: 出风头
🚀 [Item W120264] Generating EVERYTHING for: 出境
🚀 [Item W120265] Generating EVERYTHING for: 出局
🚀 [Item W120266] Generating EVERYTHING for: 出具
🚀 [Item W120267] Generating EVERYTHING for: 出口成章
🚀 [Item W120268] Generating EVERYTHING for: 出毛病
🚀 [Item W120269] Generating EVERYTHING for: 出难题
🚀 [Item W120270] Generating EVERYTHING for: 出人意料
🚀 [Item W120271] Generating EVERYTHING for: 出任
🚀 [Item W120272] Generating EVERYTHING for: 出山
🚀 [Item W120273] Generating EVERYTHING for: 出手
🚀 [Item W120274] Generating EVERYTHING for: 出头
🚀 [Item W120275] Generating EVERYTHING for: 出土
🚀 [Item W120276] Generating EVERYTHING for: 出血
🚀 [Item W120277] Generating EVERYTHING for: 出演
🚀 [Item W120278] Generating EVERYTHING for: 出洋相
🚀 [Item W120279] Generating EVERYTHING for: 出游
🚀 [Item W120280] Generating EVERYTHING for: 出众
🚀 [Item W120281] Generating EVERYTHING for: 出主意
🚀 [Item W120282] Generating EVERYTHING for: 出资
🚀 [Item W120283] Generating EVERYTHING for: 出自
🚀 [Item W120284] Generating EVERYTHING for: 出走
🚀 [Item W120285] Generating EVERYTHING for: 初次
🚀 [Item W120286] Generating EVERYTHING for: 初衷
🚀 [Item W120287] Generating EVERYTHING for: 除此之外
🚀 [Item W120288] Generating EVERYTHING for: 除去
🚀 [Item W120289] Generating EVERYTHING for: 除外
🚀 [Item W120290] Generating EVERYTHING for: 处方
🚀 [Item W120291] Generating EVERYTHING for: 触动
🚀 [Item W120292] Generating EVERYTHING for: 触觉
🚀 [Item W120293] Generating EVERYTHING for: 触摸
🚀 [Item W120294] Generating EVERYTHING for: 触目惊心
🚀 [Item W120295] Generating EVERYTHING for: 揣
🚀 [Item W120296] Generating EVERYTHING for: 揣测
🚀 [Item W120297] Generating EVERYTHING for: 揣摩
🚀 [Item W120298] Generating EVERYTHING for: 踹
🚀 [Item W120299] Generating EVERYTHING for: 穿过
🚀 [Item W120300] Generating EVERYTHING for: 穿小鞋
🚀 [Item W120301] Generating EVERYTHING for: 穿着
🚀 [Item W120302] Generating EVERYTHING for: 传承
🚀 [Item W120303] Generating EVERYTHING for: 传奇
🚀 [Item W120304] Generating EVERYTHING for: 传染病
🚀 [Item W120305] Generating EVERYTHING for: 传人
🚀 [Item W120306] Generating EVERYTHING for: 传闻
🚀 [Item W120307] Generating EVERYTHING for: 船桨
🚀 [Item W120308] Generating EVERYTHING for: 喘
🚀 [Item W120309] Generating EVERYTHING for: 喘息
🚀 [Item W120310] Generating EVERYTHING for: 串门
🚀 [Item W120311] Generating EVERYTHING for: 创伤
🚀 [Item W120312] Generating EVERYTHING for: 床位
🚀 [Item W120313] Generating EVERYTHING for: 创
[localization_shard_0023.json] Processing 130/130 jobs (Streaming)...
🚀 [Item W120314] Generating EVERYTHING for: 创始人
🚀 [Item W120315] Generating EVERYTHING for: 吹了
🚀 [Item W120316] Generating EVERYTHING for: 垂
🚀 [Item W120317] Generating EVERYTHING for: 垂头丧气
🚀 [Item W120318] Generating EVERYTHING for: 捶
🚀 [Item W120319] Generating EVERYTHING for: 锤子
🚀 [Item W120320] Generating EVERYTHING for: 纯朴
🚀 [Item W120321] Generating EVERYTHING for: 醇厚
🚀 [Item W120322] Generating EVERYTHING for: 蠢
🚀 [Item W120323] Generating EVERYTHING for: 戳
🚀 [Item W120324] Generating EVERYTHING for: 绰号
🚀 [Item W120325] Generating EVERYTHING for: 瓷
🚀 [Item W120326] Generating EVERYTHING for: 瓷器
🚀 [Item W120327] Generating EVERYTHING for: 辞
🚀 [Item W120328] Generating EVERYTHING for: 辞呈
🚀 [Item W120329] Generating EVERYTHING for: 辞去
🚀 [Item W120330] Generating EVERYTHING for: 辞退
🚀 [Item W120331] Generating EVERYTHING for: 磁卡
🚀 [Item W120332] Generating EVERYTHING for: 磁盘
🚀 [Item W120333] Generating EVERYTHING for: 此起彼伏
🚀 [Item W120334] Generating EVERYTHING for: 次日
🚀 [Item W120335] Generating EVERYTHING for: 刺耳
🚀 [Item W120336] Generating EVERYTHING for: 刺骨
🚀 [Item W120337] Generating EVERYTHING for: 刺绣
🚀 [Item W120338] Generating EVERYTHING for: 赐
🚀 [Item W120339] Generating EVERYTHING for: 赐教
🚀 [Item W120340] Generating EVERYTHING for: 匆匆
🚀 [Item W120341] Generating EVERYTHING for: 葱
🚀 [Item W120342] Generating EVERYTHING for: 从今以后
🚀 [Item W120343] Generating EVERYTHING for: 从来不
🚀 [Item W120344] Generating EVERYTHING for: 从容不迫
🚀 [Item W120345] Generating EVERYTHING for: 从头
🚀 [Item W120346] Generating EVERYTHING for: 从未
🚀 [Item W120347] Generating EVERYTHING for: 从业
🚀 [Item W120348] Generating EVERYTHING for: 从早到晚
🚀 [Item W120349] Generating EVERYTHING for: 丛林
🚀 [Item W120350] Generating EVERYTHING for: 凑
🚀 [Item W120351] Generating EVERYTHING for: 凑巧
🚀 [Item W120352] Generating EVERYTHING for: 粗暴
🚀 [Item W120353] Generating EVERYTHING for: 粗略
🚀 [Item W120354] Generating EVERYTHING for: 粗心大意
🚀 [Item W120355] Generating EVERYTHING for: 促成
🚀 [Item W120356] Generating EVERYTHING for: 簇拥
🚀 [Item W120357] Generating EVERYTHING for: 催促
🚀 [Item W120358] Generating EVERYTHING for: 催眠
🚀 [Item W120359] Generating EVERYTHING for: 摧毁
🚀 [Item W120360] Generating EVERYTHING for: 翠绿
🚀 [Item W120361] Generating EVERYTHING for: 存放
🚀 [Item W120362] Generating EVERYTHING for: 存心
🚀 [Item W120363] Generating EVERYTHING for: 存折
🚀 [Item W120364] Generating EVERYTHING for: 措手不及
🚀 [Item W120365] Generating EVERYTHING for: 错别字
🚀 [Item W120366] Generating EVERYTHING for: 错觉
🚀 [Item W120367] Generating EVERYTHING for: 错位
🚀 [Item W120368] Generating EVERYTHING for: 错综复杂
🚀 [Item W120369] Generating EVERYTHING for: 搭乘
🚀 [Item W120370] Generating EVERYTHING for: 搭建
🚀 [Item W120371] Generating EVERYTHING for: 达标
🚀 [Item W120372] Generating EVERYTHING for: 打岔
🚀 [Item W120373] Generating EVERYTHING for: 打倒
🚀 [Item W120374] Generating EVERYTHING for: 打盹儿
🚀 [Item W120375] Generating EVERYTHING for: 打搅
🚀 [Item W120376] Generating EVERYTHING for: 打捞
🚀 [Item W120377] Generating EVERYTHING for: 打磨
🚀 [Item W120378] Generating EVERYTHING for: 打通
🚀 [Item W120379] Generating EVERYTHING for: 大包大揽
🚀 [Item W120380] Generating EVERYTHING for: 大笔
🚀 [Item W120381] Generating EVERYTHING for: 大吃一惊
🚀 [Item W120382] Generating EVERYTHING for: 大大咧咧
🚀 [Item W120383] Generating EVERYTHING for: 大地
🚀 [Item W120384] Generating EVERYTHING for: 大队
🚀 [Item W120385] Generating EVERYTHING for: 大幅度
🚀 [Item W120386] Generating EVERYTHING for: 大公无私
🚀 [Item W120387] Generating EVERYTHING for: 大家庭
🚀 [Item W120388] Generating EVERYTHING for: 大街小巷
🚀 [Item W120389] Generating EVERYTHING for: 大惊小怪
🚀 [Item W120390] Generating EVERYTHING for: 大局
🚀 [Item W120391] Generating EVERYTHING for: 大款
🚀 [Item W120392] Generating EVERYTHING for: 大面积
🚀 [Item W120393] Generating EVERYTHING for: 大名鼎鼎
🚀 [Item W120394] Generating EVERYTHING for: 大模大样
🚀 [Item W120395] Generating EVERYTHING for: 大棚
🚀 [Item W120396] Generating EVERYTHING for: 大片
🚀 [Item W120397] Generating EVERYTHING for: 大气
🚀 [Item W120398] Generating EVERYTHING for: 大数据
🚀 [Item W120399] Generating EVERYTHING for: 大体上
🚀 [Item W120400] Generating EVERYTHING for: 大同小异
🚀 [Item W120401] Generating EVERYTHING for: 大腕儿
🚀 [Item W120402] Generating EVERYTHING for: 大选
🚀 [Item W120403] Generating EVERYTHING for: 大雁
🚀 [Item W120404] Generating EVERYTHING for: 大有可为
🚀 [Item W120405] Generating EVERYTHING for: 大宗
🚀 [Item W120406] Generating EVERYTHING for: 逮
🚀 [Item W120407] Generating EVERYTHING for: 代号
🚀 [Item W120408] Generating EVERYTHING for: 代理人
🚀 [Item W120409] Generating EVERYTHING for: 代言人
🚀 [Item W120410] Generating EVERYTHING for: 带队
🚀 [Item W120411] Generating EVERYTHING for: 带路
🚀 [Item W120412] Generating EVERYTHING for: 带头
🚀 [Item W120413] Generating EVERYTHING for: 带头人
🚀 [Item W120414] Generating EVERYTHING for: 待
🚀 [Item W120415] Generating EVERYTHING for: 怠工
🚀 [Item W120416] Generating EVERYTHING for: 担
🚀 [Item W120417] Generating EVERYTHING for: 担当
🚀 [Item W120418] Generating EVERYTHING for: 担负
🚀 [Item W120419] Generating EVERYTHING for: 单边
🚀 [Item W120420] Generating EVERYTHING for: 单薄
🚀 [Item W120421] Generating EVERYTHING for: 单方面
🚀 [Item W120422] Generating EVERYTHING for: 单身
🚀 [Item W120423] Generating EVERYTHING for: 耽搁
🚀 [Item W120424] Generating EVERYTHING for: 胆子
🚀 [Item W120425] Generating EVERYTHING for: 但愿
🚀 [Item W120426] Generating EVERYTHING for: 担
🚀 [Item W120427] Generating EVERYTHING for: 担子
🚀 [Item W120428] Generating EVERYTHING for: 淡化
🚀 [Item W120429] Generating EVERYTHING for: 当即
🚀 [Item W120430] Generating EVERYTHING for: 当今
🚀 [Item W120431] Generating EVERYTHING for: 当日
🚀 [Item W120432] Generating EVERYTHING for: 当下
🚀 [Item W120433] Generating EVERYTHING for: 当着
🚀 [Item W120434] Generating EVERYTHING for: 当之无愧
🚀 [Item W120435] Generating EVERYTHING for: 当众
🚀 [Item W120436] Generating EVERYTHING for: 当晚
🚀 [Item W120437] Generating EVERYTHING for: 当真
🚀 [Item W120438] Generating EVERYTHING for: 荡漾
🚀 [Item W120439] Generating EVERYTHING for: 导火索
🚀 [Item W120440] Generating EVERYTHING for: 导师
🚀 [Item W120441] Generating EVERYTHING for: 倒卖
🚀 [Item W120442] Generating EVERYTHING for: 倒塌
🚀 [Item W120443] Generating EVERYTHING for: 倒下
[localization_shard_0024.json] Processing 130/130 jobs (Streaming)...
🚀 [Item W120444] Generating EVERYTHING for: 到头来
🚀 [Item W120445] Generating EVERYTHING for: 到位
🚀 [Item W120446] Generating EVERYTHING for: 倒计时
🚀 [Item W120447] Generating EVERYTHING for: 倒数
🚀 [Item W120448] Generating EVERYTHING for: 盗
🚀 [Item W120449] Generating EVERYTHING for: 悼念
🚀 [Item W120450] Generating EVERYTHING for: 道具
🚀 [Item W120451] Generating EVERYTHING for: 稻草
🚀 [Item W120452] Generating EVERYTHING for: 得当
🚀 [Item W120453] Generating EVERYTHING for: 得失
🚀 [Item W120454] Generating EVERYTHING for: 得手
🚀 [Item W120455] Generating EVERYTHING for: 得体
🚀 [Item W120456] Generating EVERYTHING for: 得益于
🚀 [Item W120457] Generating EVERYTHING for: 得意扬扬
🚀 [Item W120458] Generating EVERYTHING for: 得知
🚀 [Item W120459] Generating EVERYTHING for: 德
🚀 [Item W120460] Generating EVERYTHING for: 灯泡
🚀 [Item W120461] Generating EVERYTHING for: 登机
🚀 [Item W120462] Generating EVERYTHING for: 凳子
🚀 [Item W120463] Generating EVERYTHING for: 低调
🚀 [Item W120464] Generating EVERYTHING for: 低估
🚀 [Item W120465] Generating EVERYTHING for: 低谷
🚀 [Item W120466] Generating EVERYTHING for: 低价
🚀 [Item W120467] Generating EVERYTHING for: 低迷
🚀 [Item W120468] Generating EVERYTHING for: 低碳
🚀 [Item W120469] Generating EVERYTHING for: 低下
🚀 [Item W120470] Generating EVERYTHING for: 堤
🚀 [Item W120471] Generating EVERYTHING for: 提防
🚀 [Item W120472] Generating EVERYTHING for: 笛子
🚀 [Item W120473] Generating EVERYTHING for: 抵触
🚀 [Item W120474] Generating EVERYTHING for: 抵挡
🚀 [Item W120475] Generating EVERYTHING for: 抵消
🚀 [Item W120476] Generating EVERYTHING for: 抵押
🚀 [Item W120477] Generating EVERYTHING for: 抵御
🚀 [Item W120478] Generating EVERYTHING for: 底层
🚀 [Item W120479] Generating EVERYTHING for: 底线
🚀 [Item W120480] Generating EVERYTHING for: 底蕴
🚀 [Item W120481] Generating EVERYTHING for: 底子
🚀 [Item W120482] Generating EVERYTHING for: 地段
🚀 [Item W120483] Generating EVERYTHING for: 地下水
🚀 [Item W120484] Generating EVERYTHING for: 地狱
🚀 [Item W120485] Generating EVERYTHING for: 地域
🚀 [Item W120486] Generating EVERYTHING for: 弟子
🚀 [Item W120487] Generating EVERYTHING for: 帝国
🚀 [Item W120488] Generating EVERYTHING for: 帝国主义
🚀 [Item W120489] Generating EVERYTHING for: 递交
🚀 [Item W120490] Generating EVERYTHING for: 第一手
🚀 [Item W120491] Generating EVERYTHING for: 第一线
🚀 [Item W120492] Generating EVERYTHING for: 颠覆
🚀 [Item W120493] Generating EVERYTHING for: 巅峰
🚀 [Item W120494] Generating EVERYTHING for: 典范
🚀 [Item W120495] Generating EVERYTHING for: 点火
🚀 [Item W120496] Generating EVERYTHING for: 点击率
🚀 [Item W120497] Generating EVERYTHING for: 点评
🚀 [Item W120498] Generating EVERYTHING for: 点子
🚀 [Item W120499] Generating EVERYTHING for: 电报
🚀 [Item W120500] Generating EVERYTHING for: 电铃
🚀 [Item W120501] Generating EVERYTHING for: 电网
🚀 [Item W120502] Generating EVERYTHING for: 电线
🚀 [Item W120503] Generating EVERYTHING for: 电信
🚀 [Item W120504] Generating EVERYTHING for: 电讯
🚀 [Item W120505] Generating EVERYTHING for: 垫底
🚀 [Item W120506] Generating EVERYTHING for: 垫子
🚀 [Item W120507] Generating EVERYTHING for: 淀粉
🚀 [Item W120508] Generating EVERYTHING for: 殿堂
🚀 [Item W120509] Generating EVERYTHING for: 刁难
🚀 [Item W120510] Generating EVERYTHING for: 雕
🚀 [Item W120511] Generating EVERYTHING for: 吊销
🚀 [Item W120512] Generating EVERYTHING for: 钓鱼
🚀 [Item W120513] Generating EVERYTHING for: 调度
🚀 [Item W120514] Generating EVERYTHING for: 掉队
🚀 [Item W120515] Generating EVERYTHING for: 掉头
🚀 [Item W120516] Generating EVERYTHING for: 爹
🚀 [Item W120517] Generating EVERYTHING for: 迭起
🚀 [Item W120518] Generating EVERYTHING for: 叠
🚀 [Item W120519] Generating EVERYTHING for: 钉子
🚀 [Item W120520] Generating EVERYTHING for: 顶多
🚀 [Item W120521] Generating EVERYTHING for: 顶级
🚀 [Item W120522] Generating EVERYTHING for: 顶尖
🚀 [Item W120523] Generating EVERYTHING for: 订单
🚀 [Item W120524] Generating EVERYTHING for: 订购
🚀 [Item W120525] Generating EVERYTHING for: 订婚
🚀 [Item W120526] Generating EVERYTHING for: 订立
🚀 [Item W120527] Generating EVERYTHING for: 钉
🚀 [Item W120528] Generating EVERYTHING for: 定金
🚀 [Item W120529] Generating EVERYTHING for: 定居
🚀 [Item W120530] Generating EVERYTHING for: 定论
🚀 [Item W120531] Generating EVERYTHING for: 定为
🚀 [Item W120532] Generating EVERYTHING for: 定向
🚀 [Item W120533] Generating EVERYTHING for: 定心丸
🚀 [Item W120534] Generating EVERYTHING for: 定做
🚀 [Item W120535] Generating EVERYTHING for: 丢掉
🚀 [Item W120536] Generating EVERYTHING for: 丢脸
🚀 [Item W120537] Generating EVERYTHING for: 丢弃
🚀 [Item W120538] Generating EVERYTHING for: 丢失
🚀 [Item W120539] Generating EVERYTHING for: 东奔西走
🚀 [Item W120540] Generating EVERYTHING for: 董事
🚀 [Item W120541] Generating EVERYTHING for: 董事会
🚀 [Item W120542] Generating EVERYTHING for: 懂事
🚀 [Item W120543] Generating EVERYTHING for: 动不动
🚀 [Item W120544] Generating EVERYTHING for: 动感
🚀 [Item W120545] Generating EVERYTHING for: 动工
🚀 [Item W120546] Generating EVERYTHING for: 动弹
🚀 [Item W120547] Generating EVERYTHING for: 动听
🚀 [Item W120548] Generating EVERYTHING for: 动向
🚀 [Item W120549] Generating EVERYTHING for: 动用
🚀 [Item W120550] Generating EVERYTHING for: 栋梁
🚀 [Item W120551] Generating EVERYTHING for: 兜儿
🚀 [Item W120552] Generating EVERYTHING for: 兜售
🚀 [Item W120553] Generating EVERYTHING for: 抖
🚀 [Item W120554] Generating EVERYTHING for: 陡
🚀 [Item W120555] Generating EVERYTHING for: 斗
🚀 [Item W120556] Generating EVERYTHING for: 斗志
🚀 [Item W120557] Generating EVERYTHING for: 豆浆
🚀 [Item W120558] Generating EVERYTHING for: 豆子
🚀 [Item W120559] Generating EVERYTHING for: 都会
🚀 [Item W120560] Generating EVERYTHING for: 独
🚀 [Item W120561] Generating EVERYTHING for: 独唱
🚀 [Item W120562] Generating EVERYTHING for: 独家
🚀 [Item W120563] Generating EVERYTHING for: 独立自主
🚀 [Item W120564] Generating EVERYTHING for: 独身
🚀 [Item W120565] Generating EVERYTHING for: 独一无二
🚀 [Item W120566] Generating EVERYTHING for: 妒忌
🚀 [Item W120567] Generating EVERYTHING for: 知名度
🚀 [Item W120568] Generating EVERYTHING for: 度假
🚀 [Item W120569] Generating EVERYTHING for: 渡过
🚀 [Item W120570] Generating EVERYTHING for: 短缺
🚀 [Item W120571] Generating EVERYTHING for: 短暂
🚀 [Item W120572] Generating EVERYTHING for: 段落
🚀 [Item W120573] Generating EVERYTHING for: 断断续续
[localization_shard_0025.json] Processing 130/130 jobs (Streaming)...
🚀 [Item W120574] Generating EVERYTHING for: 断裂
🚀 [Item W120575] Generating EVERYTHING for: 堆砌
🚀 [Item W120576] Generating EVERYTHING for: 队形
🚀 [Item W120577] Generating EVERYTHING for: 对白
🚀 [Item W120578] Generating EVERYTHING for: 对得起
🚀 [Item W120579] Generating EVERYTHING for: 对弈
🚀 [Item W120580] Generating EVERYTHING for: 对峙
🚀 [Item W120581] Generating EVERYTHING for: 对准
🚀 [Item W120582] Generating EVERYTHING for: 敦促
🚀 [Item W120583] Generating EVERYTHING for: 敦厚
🚀 [Item W120584] Generating EVERYTHING for: 炖
🚀 [Item W120585] Generating EVERYTHING for: 多边
🚀 [Item W120586] Generating EVERYTHING for: 多功能
🚀 [Item W120587] Generating EVERYTHING for: 多劳多得
🚀 [Item W120588] Generating EVERYTHING for: 多年来
🚀 [Item W120589] Generating EVERYTHING for: 多心
🚀 [Item W120590] Generating EVERYTHING for: 多元
🚀 [Item W120591] Generating EVERYTHING for: 夺冠
🚀 [Item W120592] Generating EVERYTHING for: 夺魁
🚀 [Item W120593] Generating EVERYTHING for: 躲避
🚀 [Item W120594] Generating EVERYTHING for: 舵手
🚀 [Item W120595] Generating EVERYTHING for: 讹诈
🚀 [Item W120596] Generating EVERYTHING for: 俄语
🚀 [Item W120597] Generating EVERYTHING for: 鹅
🚀 [Item W120598] Generating EVERYTHING for: 厄运
🚀 [Item W120599] Generating EVERYTHING for: 恶
🚀 [Item W120600] Generating EVERYTHING for: 恶性
🚀 [Item W120601] Generating EVERYTHING for: 恶意
🚀 [Item W120602] Generating EVERYTHING for: 鳄鱼
🚀 [Item W120603] Generating EVERYTHING for: 恩赐
🚀 [Item W120604] Generating EVERYTHING for: 恩惠
🚀 [Item W120605] Generating EVERYTHING for: 恩情
🚀 [Item W120606] Generating EVERYTHING for: 耳光
🚀 [Item W120607] Generating EVERYTHING for: 耳目一新
🚀 [Item W120608] Generating EVERYTHING for: 耳熟能详
🚀 [Item W120609] Generating EVERYTHING for: 耳闻目睹
🚀 [Item W120610] Generating EVERYTHING for: 二手车
🚀 [Item W120611] Generating EVERYTHING for: 发布会
🚀 [Item W120612] Generating EVERYTHING for: 发电机
🚀 [Item W120613] Generating EVERYTHING for: 发愤图强
🚀 [Item W120614] Generating EVERYTHING for: 发光
🚀 [Item W120615] Generating EVERYTHING for: 发火
🚀 [Item W120616] Generating EVERYTHING for: 发酵
🚀 [Item W120617] Generating EVERYTHING for: 发掘
🚀 [Item W120618] Generating EVERYTHING for: 发愣
🚀 [Item W120619] Generating EVERYTHING for: 发脾气
🚀 [Item W120620] Generating EVERYTHING for: 发起人
🚀 [Item W120621] Generating EVERYTHING for: 发热
🚀 [Item W120622] Generating EVERYTHING for: 发泄
🚀 [Item W120623] Generating EVERYTHING for: 发扬光大
🚀 [Item W120624] Generating EVERYTHING for: 发源地
🚀 [Item W120625] Generating EVERYTHING for: 发作
🚀 [Item W120626] Generating EVERYTHING for: 阀门
🚀 [Item W120627] Generating EVERYTHING for: 发型
🚀 [Item W120628] Generating EVERYTHING for: 帆
🚀 [Item W120629] Generating EVERYTHING for: 帆船
🚀 [Item W120630] Generating EVERYTHING for: 翻番
🚀 [Item W120631] Generating EVERYTHING for: 翻来覆去
🚀 [Item W120632] Generating EVERYTHING for: 翻天覆地
🚀 [Item W120633] Generating EVERYTHING for: 凡
🚀 [Item W120634] Generating EVERYTHING for: 烦闷
🚀 [Item W120635] Generating EVERYTHING for: 烦躁
🚀 [Item W120636] Generating EVERYTHING for: 繁重
🚀 [Item W120637] Generating EVERYTHING for: 反差
🚀 [Item W120638] Generating EVERYTHING for: 反倒
🚀 [Item W120639] Generating EVERYTHING for: 反过来
🚀 [Item W120640] Generating EVERYTHING for: 反击
🚀 [Item W120641] Generating EVERYTHING for: 反弹
🚀 [Item W120642] Generating EVERYTHING for: 反省
🚀 [Item W120643] Generating EVERYTHING for: 返还
🚀 [Item W120644] Generating EVERYTHING for: 犯愁
🚀 [Item W120645] Generating EVERYTHING for: 饭碗
🚀 [Item W120646] Generating EVERYTHING for: 方方面面
🚀 [Item W120647] Generating EVERYTHING for: 方向盘
🚀 [Item W120648] Generating EVERYTHING for: 防盗
🚀 [Item W120649] Generating EVERYTHING for: 防盗门
🚀 [Item W120650] Generating EVERYTHING for: 防护
🚀 [Item W120651] Generating EVERYTHING for: 防火墙
🚀 [Item W120652] Generating EVERYTHING for: 防卫
🚀 [Item W120653] Generating EVERYTHING for: 防汛
🚀 [Item W120654] Generating EVERYTHING for: 防疫
🚀 [Item W120655] Generating EVERYTHING for: 妨害
🚀 [Item W120656] Generating EVERYTHING for: 房地产
🚀 [Item W120657] Generating EVERYTHING for: 仿
🚀 [Item W120658] Generating EVERYTHING for: 仿制
🚀 [Item W120659] Generating EVERYTHING for: 访谈
🚀 [Item W120660] Generating EVERYTHING for: 放过
🚀 [Item W120661] Generating EVERYTHING for: 放水
🚀 [Item W120662] Generating EVERYTHING for: 放肆
🚀 [Item W120663] Generating EVERYTHING for: 放映
🚀 [Item W120664] Generating EVERYTHING for: 放置
🚀 [Item W120665] Generating EVERYTHING for: 放纵
🚀 [Item W120666] Generating EVERYTHING for: 飞速
🚀 [Item W120667] Generating EVERYTHING for: 飞往
🚀 [Item W120668] Generating EVERYTHING for: 非金属
🚀 [Item W120669] Generating EVERYTHING for: 非得
🚀 [Item W120670] Generating EVERYTHING for: 非凡
🚀 [Item W120671] Generating EVERYTHING for: 绯闻
🚀 [Item W120672] Generating EVERYTHING for: 肥料
🚀 [Item W120673] Generating EVERYTHING for: 肥胖
🚀 [Item W120674] Generating EVERYTHING for: 废
🚀 [Item W120675] Generating EVERYTHING for: 废品
🚀 [Item W120676] Generating EVERYTHING for: 废物
🚀 [Item W120677] Generating EVERYTHING for: 沸沸扬扬
🚀 [Item W120678] Generating EVERYTHING for: 费劲
🚀 [Item W120679] Generating EVERYTHING for: 分担
🚀 [Item W120680] Generating EVERYTHING for: 分割
🚀 [Item W120681] Generating EVERYTHING for: 分化
🚀 [Item W120682] Generating EVERYTHING for: 分赃
🚀 [Item W120683] Generating EVERYTHING for: 分支
🚀 [Item W120684] Generating EVERYTHING for: 芬芳
🚀 [Item W120685] Generating EVERYTHING for: 氛围
🚀 [Item W120686] Generating EVERYTHING for: 坟
🚀 [Item W120687] Generating EVERYTHING for: 焚烧
🚀 [Item W120688] Generating EVERYTHING for: 粉
🚀 [Item W120689] Generating EVERYTHING for: 粉丝
🚀 [Item W120690] Generating EVERYTHING for: 分外
🚀 [Item W120691] Generating EVERYTHING for: 份额
🚀 [Item W120692] Generating EVERYTHING for: 奋力
🚀 [Item W120693] Generating EVERYTHING for: 奋勇
🚀 [Item W120694] Generating EVERYTHING for: 粪
🚀 [Item W120695] Generating EVERYTHING for: 粪便
🚀 [Item W120696] Generating EVERYTHING for: 丰富多彩
🚀 [Item W120697] Generating EVERYTHING for: 丰厚
🚀 [Item W120698] Generating EVERYTHING for: 丰硕
🚀 [Item W120699] Generating EVERYTHING for: 风波
🚀 [Item W120700] Generating EVERYTHING for: 风采
🚀 [Item W120701] Generating EVERYTHING for: 风餐露宿
🚀 [Item W120702] Generating EVERYTHING for: 风范
🚀 [Item W120703] Generating EVERYTHING for: 风风雨雨
[localization_shard_0026.json] Processing 130/130 jobs (Streaming)...
🚀 [Item W120704] Generating EVERYTHING for: 风和日丽
🚀 [Item W120705] Generating EVERYTHING for: 风浪
🚀 [Item W120706] Generating EVERYTHING for: 风力
🚀 [Item W120707] Generating EVERYTHING for: 风流
🚀 [Item W120708] Generating EVERYTHING for: 风貌
🚀 [Item W120709] Generating EVERYTHING for: 风情
🚀 [Item W120710] Generating EVERYTHING for: 风沙
🚀 [Item W120711] Generating EVERYTHING for: 风尚
🚀 [Item W120712] Generating EVERYTHING for: 风水
🚀 [Item W120713] Generating EVERYTHING for: 风雨
🚀 [Item W120714] Generating EVERYTHING for: 风云
🚀 [Item W120715] Generating EVERYTHING for: 风筝
🚀 [Item W120716] Generating EVERYTHING for: 封顶
🚀 [Item W120717] Generating EVERYTHING for: 封面
🚀 [Item W120718] Generating EVERYTHING for: 疯子
🚀 [Item W120719] Generating EVERYTHING for: 峰回路转
🚀 [Item W120720] Generating EVERYTHING for: 蜂蜜
🚀 [Item W120721] Generating EVERYTHING for: 缝
🚀 [Item W120722] Generating EVERYTHING for: 缝合
🚀 [Item W120723] Generating EVERYTHING for: 凤凰
🚀 [Item W120724] Generating EVERYTHING for: 缝
🚀 [Item W120725] Generating EVERYTHING for: 孵化
🚀 [Item W120726] Generating EVERYTHING for: 敷
🚀 [Item W120727] Generating EVERYTHING for: 扶持
🚀 [Item W120728] Generating EVERYTHING for: 服饰
🚀 [Item W120729] Generating EVERYTHING for: 服务器
🚀 [Item W120730] Generating EVERYTHING for: 服用
🚀 [Item W120731] Generating EVERYTHING for: 俘获
🚀 [Item W120732] Generating EVERYTHING for: 浮力
🚀 [Item W120733] Generating EVERYTHING for: 浮现
🚀 [Item W120734] Generating EVERYTHING for: 浮躁
🚀 [Item W120735] Generating EVERYTHING for: 抚恤
🚀 [Item W120736] Generating EVERYTHING for: 抚养费
🚀 [Item W120737] Generating EVERYTHING for: 斧子
🚀 [Item W120738] Generating EVERYTHING for: 俯首
🚀 [Item W120739] Generating EVERYTHING for: 腐化
🚀 [Item W120740] Generating EVERYTHING for: 付费
🚀 [Item W120741] Generating EVERYTHING for: 负面
🚀 [Item W120742] Generating EVERYTHING for: 负有
🚀 [Item W120743] Generating EVERYTHING for: 附
🚀 [Item W120744] Generating EVERYTHING for: 附带
🚀 [Item W120745] Generating EVERYTHING for: 附加
🚀 [Item W120746] Generating EVERYTHING for: 赴
🚀 [Item W120747] Generating EVERYTHING for: 复查
🚀 [Item W120748] Generating EVERYTHING for: 复发
🚀 [Item W120749] Generating EVERYTHING for: 复合
🚀 [Item W120750] Generating EVERYTHING for: 复原
🚀 [Item W120751] Generating EVERYTHING for: 副作用
🚀 [Item W120752] Generating EVERYTHING for: 富含
🚀 [Item W120753] Generating EVERYTHING for: 富豪
🚀 [Item W120754] Generating EVERYTHING for: 富强
🚀 [Item W120755] Generating EVERYTHING for: 富翁
🚀 [Item W120756] Generating EVERYTHING for: 富足
🚀 [Item W120757] Generating EVERYTHING for: 腹部
🚀 [Item W120758] Generating EVERYTHING for: 改版
🚀 [Item W120759] Generating EVERYTHING for: 改编
🚀 [Item W120760] Generating EVERYTHING for: 改动
🚀 [Item W120761] Generating EVERYTHING for: 改革开放
🚀 [Item W120762] Generating EVERYTHING for: 改名
🚀 [Item W120763] Generating EVERYTHING for: 改日
🚀 [Item W120764] Generating EVERYTHING for: 改为
🚀 [Item W120765] Generating EVERYTHING for: 改邪归正
🚀 [Item W120766] Generating EVERYTHING for: 盖子
🚀 [Item W120767] Generating EVERYTHING for: 概况
🚀 [Item W120768] Generating EVERYTHING for: 概率
🚀 [Item W120769] Generating EVERYTHING for: 概论
🚀 [Item W120770] Generating EVERYTHING for: 干戈
🚀 [Item W120771] Generating EVERYTHING for: 甘心
🚀 [Item W120772] Generating EVERYTHING for: 肝脏
🚀 [Item W120773] Generating EVERYTHING for: 赶赴
🚀 [Item W120774] Generating EVERYTHING for: 赶往
🚀 [Item W120775] Generating EVERYTHING for: 敢情
🚀 [Item W120776] Generating EVERYTHING for: 感
🚀 [Item W120777] Generating EVERYTHING for: 责任感
🚀 [Item W120778] Generating EVERYTHING for: 感触
🚀 [Item W120779] Generating EVERYTHING for: 感恩
🚀 [Item W120780] Generating EVERYTHING for: 感染力
🚀 [Item W120781] Generating EVERYTHING for: 感叹
🚀 [Item W120782] Generating EVERYTHING for: 感性
🚀 [Item W120783] Generating EVERYTHING for: 干部
🚀 [Item W120784] Generating EVERYTHING for: 干事
🚀 [Item W120785] Generating EVERYTHING for: 刚毅
🚀 [Item W120786] Generating EVERYTHING for: 纲要
🚀 [Item W120787] Generating EVERYTHING for: 钢
🚀 [Item W120788] Generating EVERYTHING for: 缸
🚀 [Item W120789] Generating EVERYTHING for: 港
🚀 [Item W120790] Generating EVERYTHING for: 杠铃
🚀 [Item W120791] Generating EVERYTHING for: 高昂
🚀 [Item W120792] Generating EVERYTHING for: 高傲
🚀 [Item W120793] Generating EVERYTHING for: 高低
🚀 [Item W120794] Generating EVERYTHING for: 高调
🚀 [Item W120795] Generating EVERYTHING for: 高额
🚀 [Item W120796] Generating EVERYTHING for: 高尔夫球
🚀 [Item W120797] Generating EVERYTHING for: 高峰期
🚀 [Item W120798] Generating EVERYTHING for: 高贵
🚀 [Item W120799] Generating EVERYTHING for: 高空
🚀 [Item W120800] Generating EVERYTHING for: 高龄
🚀 [Item W120801] Generating EVERYTHING for: 高山
🚀 [Item W120802] Generating EVERYTHING for: 高效
🚀 [Item W120803] Generating EVERYTHING for: 高新技术
🚀 [Item W120804] Generating EVERYTHING for: 高血压
🚀 [Item W120805] Generating EVERYTHING for: 高压
🚀 [Item W120806] Generating EVERYTHING for: 高雅
🚀 [Item W120807] Generating EVERYTHING for: 搞鬼
🚀 [Item W120808] Generating EVERYTHING for: 搞笑
🚀 [Item W120809] Generating EVERYTHING for: 告
🚀 [Item W120810] Generating EVERYTHING for: 告示
🚀 [Item W120811] Generating EVERYTHING for: 告知
🚀 [Item W120812] Generating EVERYTHING for: 告状
🚀 [Item W120813] Generating EVERYTHING for: 戈壁
🚀 [Item W120814] Generating EVERYTHING for: 搁浅
🚀 [Item W120815] Generating EVERYTHING for: 搁置
🚀 [Item W120816] Generating EVERYTHING for: 歌剧
🚀 [Item W120817] Generating EVERYTHING for: 歌舞
🚀 [Item W120818] Generating EVERYTHING for: 歌咏
🚀 [Item W120819] Generating EVERYTHING for: 格
🚀 [Item W120820] Generating EVERYTHING for: 格格不入
🚀 [Item W120821] Generating EVERYTHING for: 个案
🚀 [Item W120822] Generating EVERYTHING for: 个头儿
🚀 [Item W120823] Generating EVERYTHING for: 各奔前程
🚀 [Item W120824] Generating EVERYTHING for: 各式各样
🚀 [Item W120825] Generating EVERYTHING for: 根基
🚀 [Item W120826] Generating EVERYTHING for: 根治
🚀 [Item W120827] Generating EVERYTHING for: 跟不上
🚀 [Item W120828] Generating EVERYTHING for: 跟上
🚀 [Item W120829] Generating EVERYTHING for: 更改
🚀 [Item W120830] Generating EVERYTHING for: 更衣室
🚀 [Item W120831] Generating EVERYTHING for: 耿直
🚀 [Item W120832] Generating EVERYTHING for: 工地
🚀 [Item W120833] Generating EVERYTHING for: 工会
[localization_shard_0027.json] Processing 130/130 jobs (Streaming)...
🚀 [Item W120834] Generating EVERYTHING for: 工科
🚀 [Item W120835] Generating EVERYTHING for: 工商界
🚀 [Item W120836] Generating EVERYTHING for: 工序
🚀 [Item W120837] Generating EVERYTHING for: 工整
🚀 [Item W120838] Generating EVERYTHING for: 工作量
🚀 [Item W120839] Generating EVERYTHING for: 弓
🚀 [Item W120840] Generating EVERYTHING for: 公车
🚀 [Item W120841] Generating EVERYTHING for: 公费
🚀 [Item W120842] Generating EVERYTHING for: 公共场所
🚀 [Item W120843] Generating EVERYTHING for: 公函
🚀 [Item W120844] Generating EVERYTHING for: 公积金
🚀 [Item W120845] Generating EVERYTHING for: 公开信
🚀 [Item W120846] Generating EVERYTHING for: 公款
🚀 [Item W120847] Generating EVERYTHING for: 公立
🚀 [Item W120848] Generating EVERYTHING for: 公墓
🚀 [Item W120849] Generating EVERYTHING for: 公仆
🚀 [Item W120850] Generating EVERYTHING for: 公顷
🚀 [Item W120851] Generating EVERYTHING for: 公示
🚀 [Item W120852] Generating EVERYTHING for: 公事
🚀 [Item W120853] Generating EVERYTHING for: 公益
🚀 [Item W120854] Generating EVERYTHING for: 公益性
🚀 [Item W120855] Generating EVERYTHING for: 公用
🚀 [Item W120856] Generating EVERYTHING for: 公约
🚀 [Item W120857] Generating EVERYTHING for: 公职
🚀 [Item W120858] Generating EVERYTHING for: 功
🚀 [Item W120859] Generating EVERYTHING for: 功臣
🚀 [Item W120860] Generating EVERYTHING for: 功底
🚀 [Item W120861] Generating EVERYTHING for: 功力
🚀 [Item W120862] Generating EVERYTHING for: 功率
🚀 [Item W120863] Generating EVERYTHING for: 攻
🚀 [Item W120864] Generating EVERYTHING for: 攻读
🚀 [Item W120865] Generating EVERYTHING for: 攻关
🚀 [Item W120866] Generating EVERYTHING for: 供
🚀 [Item W120867] Generating EVERYTHING for: 供暖
🚀 [Item W120868] Generating EVERYTHING for: 供求
🚀 [Item W120869] Generating EVERYTHING for: 宫廷
🚀 [Item W120870] Generating EVERYTHING for: 恭维
🚀 [Item W120871] Generating EVERYTHING for: 拱
🚀 [Item W120872] Generating EVERYTHING for: 共识
🚀 [Item W120873] Generating EVERYTHING for: 共同体
🚀 [Item W120874] Generating EVERYTHING for: 共性
🚀 [Item W120875] Generating EVERYTHING for: 供奉
🚀 [Item W120876] Generating EVERYTHING for: 勾
🚀 [Item W120877] Generating EVERYTHING for: 勾画
🚀 [Item W120878] Generating EVERYTHING for: 钩
🚀 [Item W120879] Generating EVERYTHING for: 构想
🚀 [Item W120880] Generating EVERYTHING for: 购
🚀 [Item W120881] Generating EVERYTHING for: 够呛
🚀 [Item W120882] Generating EVERYTHING for: 估算
🚀 [Item W120883] Generating EVERYTHING for: 沽名钓誉
🚀 [Item W120884] Generating EVERYTHING for: 孤单
🚀 [Item W120885] Generating EVERYTHING for: 孤零零
🚀 [Item W120886] Generating EVERYTHING for: 孤陋寡闻
🚀 [Item W120887] Generating EVERYTHING for: 古迹
🚀 [Item W120888] Generating EVERYTHING for: 古今中外
🚀 [Item W120889] Generating EVERYTHING for: 古朴
🚀 [Item W120890] Generating EVERYTHING for: 古人
🚀 [Item W120891] Generating EVERYTHING for: 股民
🚀 [Item W120892] Generating EVERYTHING for: 股市
🚀 [Item W120893] Generating EVERYTHING for: 骨气
🚀 [Item W120894] Generating EVERYTHING for: 骨折
🚀 [Item W120895] Generating EVERYTHING for: 故
🚀 [Item W120896] Generating EVERYTHING for: 顾不得
🚀 [Item W120897] Generating EVERYTHING for: 顾不上
🚀 [Item W120898] Generating EVERYTHING for: 顾及
🚀 [Item W120899] Generating EVERYTHING for: 顾全大局
🚀 [Item W120900] Generating EVERYTHING for: 雇
🚀 [Item W120901] Generating EVERYTHING for: 雇员
🚀 [Item W120902] Generating EVERYTHING for: 雇主
🚀 [Item W120903] Generating EVERYTHING for: 瓜分
🚀 [Item W120904] Generating EVERYTHING for: 瓜子
🚀 [Item W120905] Generating EVERYTHING for: 寡妇
🚀 [Item W120906] Generating EVERYTHING for: 挂钩
🚀 [Item W120907] Generating EVERYTHING for: 挂念
🚀 [Item W120908] Generating EVERYTHING for: 挂失
🚀 [Item W120909] Generating EVERYTHING for: 乖巧
🚀 [Item W120910] Generating EVERYTHING for: 怪物
🚀 [Item W120911] Generating EVERYTHING for: 怪异
🚀 [Item W120912] Generating EVERYTHING for: 关掉
🚀 [Item W120913] Generating EVERYTHING for: 关节
🚀 [Item W120914] Generating EVERYTHING for: 关税
🚀 [Item W120915] Generating EVERYTHING for: 关头
🚀 [Item W120916] Generating EVERYTHING for: 观测
🚀 [Item W120917] Generating EVERYTHING for: 观感
🚀 [Item W120918] Generating EVERYTHING for: 观摩
🚀 [Item W120919] Generating EVERYTHING for: 观赏
🚀 [Item W120920] Generating EVERYTHING for: 观望
🚀 [Item W120921] Generating EVERYTHING for: 官兵
🚀 [Item W120922] Generating EVERYTHING for: 官吏
🚀 [Item W120923] Generating EVERYTHING for: 官僚
🚀 [Item W120924] Generating EVERYTHING for: 官僚主义
🚀 [Item W120925] Generating EVERYTHING for: 官员
🚀 [Item W120926] Generating EVERYTHING for: 棺材
🚀 [Item W120927] Generating EVERYTHING for: 管家
🚀 [Item W120928] Generating EVERYTHING for: 管教
🚀 [Item W120929] Generating EVERYTHING for: 管理费
🚀 [Item W120930] Generating EVERYTHING for: 管用
🚀 [Item W120931] Generating EVERYTHING for: 贯穿
🚀 [Item W120932] Generating EVERYTHING for: 贯通
🚀 [Item W120933] Generating EVERYTHING for: 惯
🚀 [Item W120934] Generating EVERYTHING for: 惯性
🚀 [Item W120935] Generating EVERYTHING for: 灌
🚀 [Item W120936] Generating EVERYTHING for: 灌输
🚀 [Item W120937] Generating EVERYTHING for: 罐头
🚀 [Item W120938] Generating EVERYTHING for: 光碟
🚀 [Item W120939] Generating EVERYTHING for: 光顾
🚀 [Item W120940] Generating EVERYTHING for: 光环
🚀 [Item W120941] Generating EVERYTHING for: 光缆
🚀 [Item W120942] Generating EVERYTHING for: 光明磊落
🚀 [Item W120943] Generating EVERYTHING for: 光泽
🚀 [Item W120944] Generating EVERYTHING for: 广义
🚀 [Item W120945] Generating EVERYTHING for: 归结
🚀 [Item W120946] Generating EVERYTHING for: 归来
🚀 [Item W120947] Generating EVERYTHING for: 归属
🚀 [Item W120948] Generating EVERYTHING for: 归宿
🚀 [Item W120949] Generating EVERYTHING for: 龟
🚀 [Item W120950] Generating EVERYTHING for: 闺女
🚀 [Item W120951] Generating EVERYTHING for: 瑰宝
🚀 [Item W120952] Generating EVERYTHING for: 轨迹
🚀 [Item W120953] Generating EVERYTHING for: 贵宾
🚀 [Item W120954] Generating EVERYTHING for: 贵重
🚀 [Item W120955] Generating EVERYTHING for: 桂花
🚀 [Item W120956] Generating EVERYTHING for: 滚动
🚀 [Item W120957] Generating EVERYTHING for: 棍
🚀 [Item W120958] Generating EVERYTHING for: 棍子
🚀 [Item W120959] Generating EVERYTHING for: 国宝
🚀 [Item W120960] Generating EVERYTHING for: 国画
🚀 [Item W120961] Generating EVERYTHING for: 国徽
🚀 [Item W120962] Generating EVERYTHING for: 国情
🚀 [Item W120963] Generating EVERYTHING for: 国土
[localization_shard_0028.json] Processing 130/130 jobs (Streaming)...
🚀 [Item W120964] Generating EVERYTHING for: 国学
🚀 [Item W120965] Generating EVERYTHING for: 国有
🚀 [Item W120966] Generating EVERYTHING for: 果园
🚀 [Item W120967] Generating EVERYTHING for: 果真
🚀 [Item W120968] Generating EVERYTHING for: 裹
🚀 [Item W120969] Generating EVERYTHING for: 过半
🚀 [Item W120970] Generating EVERYTHING for: 过不去
🚀 [Item W120971] Generating EVERYTHING for: 过错
🚀 [Item W120972] Generating EVERYTHING for: 过道
🚀 [Item W120973] Generating EVERYTHING for: 过关
🚀 [Item W120974] Generating EVERYTHING for: 过节
🚀 [Item W120975] Generating EVERYTHING for: 过境
🚀 [Item W120976] Generating EVERYTHING for: 过日子
🚀 [Item W120977] Generating EVERYTHING for: 过剩
🚀 [Item W120978] Generating EVERYTHING for: 过头
🚀 [Item W120979] Generating EVERYTHING for: 过往
🚀 [Item W120980] Generating EVERYTHING for: 过意不去
🚀 [Item W120981] Generating EVERYTHING for: 过硬
🚀 [Item W120982] Generating EVERYTHING for: 过早
🚀 [Item W120983] Generating EVERYTHING for: 海岸
🚀 [Item W120984] Generating EVERYTHING for: 海盗
🚀 [Item W120985] Generating EVERYTHING for: 海量
🚀 [Item W120986] Generating EVERYTHING for: 海绵
🚀 [Item W120987] Generating EVERYTHING for: 海面
🚀 [Item W120988] Generating EVERYTHING for: 海内外
🚀 [Item W120989] Generating EVERYTHING for: 海滩
🚀 [Item W120990] Generating EVERYTHING for: 海峡
🚀 [Item W120991] Generating EVERYTHING for: 海啸
🚀 [Item W120992] Generating EVERYTHING for: 海域
🚀 [Item W120993] Generating EVERYTHING for: 海运
🚀 [Item W120994] Generating EVERYTHING for: 海藻
🚀 [Item W120995] Generating EVERYTHING for: 骇人听闻
🚀 [Item W120996] Generating EVERYTHING for: 害虫
🚀 [Item W120997] Generating EVERYTHING for: 害臊
🚀 [Item W120998] Generating EVERYTHING for: 酣畅
🚀 [Item W120999] Generating EVERYTHING for: 酣睡
🚀 [Item W121000] Generating EVERYTHING for: 含蓄
🚀 [Item W121001] Generating EVERYTHING for: 函授
🚀 [Item W121002] Generating EVERYTHING for: 涵盖
🚀 [Item W121003] Generating EVERYTHING for: 涵义
🚀 [Item W121004] Generating EVERYTHING for: 汗水
🚀 [Item W121005] Generating EVERYTHING for: 旱
🚀 [Item W121006] Generating EVERYTHING for: 旱灾
🚀 [Item W121007] Generating EVERYTHING for: 焊
🚀 [Item W121008] Generating EVERYTHING for: 行家
🚀 [Item W121009] Generating EVERYTHING for: 行情
🚀 [Item W121010] Generating EVERYTHING for: 航海
🚀 [Item W121011] Generating EVERYTHING for: 航天员
🚀 [Item W121012] Generating EVERYTHING for: 航运
🚀 [Item W121013] Generating EVERYTHING for: 毫不
🚀 [Item W121014] Generating EVERYTHING for: 毫不犹豫
🚀 [Item W121015] Generating EVERYTHING for: 好比
🚀 [Item W121016] Generating EVERYTHING for: 好歹
🚀 [Item W121017] Generating EVERYTHING for: 好感
🚀 [Item W121018] Generating EVERYTHING for: 好坏
🚀 [Item W121019] Generating EVERYTHING for: 好家伙
🚀 [Item W121020] Generating EVERYTHING for: 好评
🚀 [Item W121021] Generating EVERYTHING for: 好说
🚀 [Item W121022] Generating EVERYTHING for: 好笑
🚀 [Item W121023] Generating EVERYTHING for: 好心
🚀 [Item W121024] Generating EVERYTHING for: 好心人
🚀 [Item W121025] Generating EVERYTHING for: 好意
🚀 [Item W121026] Generating EVERYTHING for: 好在
🚀 [Item W121027] Generating EVERYTHING for: 号称
🚀 [Item W121028] Generating EVERYTHING for: 好奇心
🚀 [Item W121029] Generating EVERYTHING for: 耗
🚀 [Item W121030] Generating EVERYTHING for: 耗时
🚀 [Item W121031] Generating EVERYTHING for: 浩劫
🚀 [Item W121032] Generating EVERYTHING for: 呵护
🚀 [Item W121033] Generating EVERYTHING for: 禾苗
🚀 [Item W121034] Generating EVERYTHING for: 合唱
🚀 [Item W121035] Generating EVERYTHING for: 合乎
🚀 [Item W121036] Generating EVERYTHING for: 合计
🚀 [Item W121037] Generating EVERYTHING for: 合情合理
🚀 [Item W121038] Generating EVERYTHING for: 合资
🚀 [Item W121039] Generating EVERYTHING for: 合作社
🚀 [Item W121040] Generating EVERYTHING for: 何处
🚀 [Item W121041] Generating EVERYTHING for: 何苦
🚀 [Item W121042] Generating EVERYTHING for: 何时
🚀 [Item W121043] Generating EVERYTHING for: 和平共处
🚀 [Item W121044] Generating EVERYTHING for: 和尚
🚀 [Item W121045] Generating EVERYTHING for: 河流
🚀 [Item W121046] Generating EVERYTHING for: 河畔
🚀 [Item W121047] Generating EVERYTHING for: 荷花
🚀 [Item W121048] Generating EVERYTHING for: 核
🚀 [Item W121049] Generating EVERYTHING for: 核电站
🚀 [Item W121050] Generating EVERYTHING for: 核对
🚀 [Item W121051] Generating EVERYTHING for: 核能
🚀 [Item W121052] Generating EVERYTHING for: 核实
🚀 [Item W121053] Generating EVERYTHING for: 核桃
🚀 [Item W121054] Generating EVERYTHING for: 核武器
🚀 [Item W121055] Generating EVERYTHING for: 贺电
🚀 [Item W121056] Generating EVERYTHING for: 贺信
🚀 [Item W121057] Generating EVERYTHING for: 喝彩
🚀 [Item W121058] Generating EVERYTHING for: 赫然
🚀 [Item W121059] Generating EVERYTHING for: 鹤立鸡群
🚀 [Item W121060] Generating EVERYTHING for: 黑白
🚀 [Item W121061] Generating EVERYTHING for: 黑客
🚀 [Item W121062] Generating EVERYTHING for: 黑马
🚀 [Item W121063] Generating EVERYTHING for: 黑手
🚀 [Item W121064] Generating EVERYTHING for: 黑心
🚀 [Item W121065] Generating EVERYTHING for: 横七竖八
🚀 [Item W121066] Generating EVERYTHING for: 横向
🚀 [Item W121067] Generating EVERYTHING for: 轰
🚀 [Item W121068] Generating EVERYTHING for: 轰炸
🚀 [Item W121069] Generating EVERYTHING for: 哄堂大笑
🚀 [Item W121070] Generating EVERYTHING for: 烘干
🚀 [Item W121071] Generating EVERYTHING for: 烘托
🚀 [Item W121072] Generating EVERYTHING for: 弘扬
🚀 [Item W121073] Generating EVERYTHING for: 红灯
🚀 [Item W121074] Generating EVERYTHING for: 红火
🚀 [Item W121075] Generating EVERYTHING for: 红扑扑
🚀 [Item W121076] Generating EVERYTHING for: 红润
🚀 [Item W121077] Generating EVERYTHING for: 红薯
🚀 [Item W121078] Generating EVERYTHING for: 红眼
🚀 [Item W121079] Generating EVERYTHING for: 洪亮
🚀 [Item W121080] Generating EVERYTHING for: 后备
🚀 [Item W121081] Generating EVERYTHING for: 后备箱
🚀 [Item W121082] Generating EVERYTHING for: 后盾
🚀 [Item W121083] Generating EVERYTHING for: 后期
🚀 [Item W121084] Generating EVERYTHING for: 后人
🚀 [Item W121085] Generating EVERYTHING for: 后台
🚀 [Item W121086] Generating EVERYTHING for: 后退
🚀 [Item W121087] Generating EVERYTHING for: 后续
🚀 [Item W121088] Generating EVERYTHING for: 后遗症
🚀 [Item W121089] Generating EVERYTHING for: 后裔
🚀 [Item W121090] Generating EVERYTHING for: 后者
🚀 [Item W121091] Generating EVERYTHING for: 厚道
🚀 [Item W121092] Generating EVERYTHING for: 厚度
🚀 [Item W121093] Generating EVERYTHING for: 候选人
[localization_shard_0029.json] Processing 130/130 jobs (Streaming)...
🚀 [Item W121094] Generating EVERYTHING for: 呼风唤雨
🚀 [Item W121095] Generating EVERYTHING for: 呼救
🚀 [Item W121096] Generating EVERYTHING for: 呼声
🚀 [Item W121097] Generating EVERYTHING for: 呼应
🚀 [Item W121098] Generating EVERYTHING for: 忽高忽低
🚀 [Item W121099] Generating EVERYTHING for: 忽悠
🚀 [Item W121100] Generating EVERYTHING for: 胡闹
🚀 [Item W121101] Generating EVERYTHING for: 胡思乱想
🚀 [Item W121102] Generating EVERYTHING for: 糊
🚀 [Item W121103] Generating EVERYTHING for: 互补
🚀 [Item W121104] Generating EVERYTHING for: 互访
🚀 [Item W121105] Generating EVERYTHING for: 互信
🚀 [Item W121106] Generating EVERYTHING for: 互助
🚀 [Item W121107] Generating EVERYTHING for: 护理
🚀 [Item W121108] Generating EVERYTHING for: 花卉
🚀 [Item W121109] Generating EVERYTHING for: 花纹
🚀 [Item W121110] Generating EVERYTHING for: 花样
🚀 [Item W121111] Generating EVERYTHING for: 划算
🚀 [Item W121112] Generating EVERYTHING for: 哗变
🚀 [Item W121113] Generating EVERYTHING for: 哗然
🚀 [Item W121114] Generating EVERYTHING for: 滑冰
🚀 [Item W121115] Generating EVERYTHING for: 滑稽
🚀 [Item W121116] Generating EVERYTHING for: 滑梯
🚀 [Item W121117] Generating EVERYTHING for: 滑雪
🚀 [Item W121118] Generating EVERYTHING for: 化身
🚀 [Item W121119] Generating EVERYTHING for: 化纤
🚀 [Item W121120] Generating EVERYTHING for: 化险为夷
🚀 [Item W121121] Generating EVERYTHING for: 划时代
🚀 [Item W121122] Generating EVERYTHING for: 画册
🚀 [Item W121123] Generating EVERYTHING for: 画龙点睛
🚀 [Item W121124] Generating EVERYTHING for: 画展
🚀 [Item W121125] Generating EVERYTHING for: 话费
🚀 [Item W121126] Generating EVERYTHING for: 话语
🚀 [Item W121127] Generating EVERYTHING for: 怀抱
🚀 [Item W121128] Generating EVERYTHING for: 怀旧
🚀 [Item W121129] Generating EVERYTHING for: 怀里
🚀 [Item W121130] Generating EVERYTHING for: 怀着
🚀 [Item W121131] Generating EVERYTHING for: 槐树
🚀 [Item W121132] Generating EVERYTHING for: 坏事
🚀 [Item W121133] Generating EVERYTHING for: 欢呼
🚀 [Item W121134] Generating EVERYTHING for: 欢聚
🚀 [Item W121135] Generating EVERYTHING for: 欢快
🚀 [Item W121136] Generating EVERYTHING for: 欢声笑语
🚀 [Item W121137] Generating EVERYTHING for: 还款
🚀 [Item W121138] Generating EVERYTHING for: 环球
🚀 [Item W121139] Generating EVERYTHING for: 环绕
🚀 [Item W121140] Generating EVERYTHING for: 缓
🚀 [Item W121141] Generating EVERYTHING for: 缓缓
🚀 [Item W121142] Generating EVERYTHING for: 缓慢
🚀 [Item W121143] Generating EVERYTHING for: 幻觉
🚀 [Item W121144] Generating EVERYTHING for: 幻影
🚀 [Item W121145] Generating EVERYTHING for: 换成
🚀 [Item W121146] Generating EVERYTHING for: 换取
🚀 [Item W121147] Generating EVERYTHING for: 换位
🚀 [Item W121148] Generating EVERYTHING for: 换言之
🚀 [Item W121149] Generating EVERYTHING for: 唤起
🚀 [Item W121150] Generating EVERYTHING for: 患
🚀 [Item W121151] Generating EVERYTHING for: 患病
🚀 [Item W121152] Generating EVERYTHING for: 患有
🚀 [Item W121153] Generating EVERYTHING for: 焕发
🚀 [Item W121154] Generating EVERYTHING for: 荒
🚀 [Item W121155] Generating EVERYTHING for: 荒诞
🚀 [Item W121156] Generating EVERYTHING for: 慌乱
🚀 [Item W121157] Generating EVERYTHING for: 皇宫
🚀 [Item W121158] Generating EVERYTHING for: 皇上
🚀 [Item W121159] Generating EVERYTHING for: 皇室
🚀 [Item W121160] Generating EVERYTHING for: 谎话
🚀 [Item W121161] Generating EVERYTHING for: 谎言
🚀 [Item W121162] Generating EVERYTHING for: 晃荡
🚀 [Item W121163] Generating EVERYTHING for: 回归
🚀 [Item W121164] Generating EVERYTHING for: 回扣
🚀 [Item W121165] Generating EVERYTHING for: 回馈
🚀 [Item W121166] Generating EVERYTHING for: 回落
🚀 [Item W121167] Generating EVERYTHING for: 回升
🚀 [Item W121168] Generating EVERYTHING for: 回首
🚀 [Item W121169] Generating EVERYTHING for: 回味
🚀 [Item W121170] Generating EVERYTHING for: 回想
🚀 [Item W121171] Generating EVERYTHING for: 回忆录
🚀 [Item W121172] Generating EVERYTHING for: 毁坏
🚀 [Item W121173] Generating EVERYTHING for: 汇合
🚀 [Item W121174] Generating EVERYTHING for: 汇集
🚀 [Item W121175] Generating EVERYTHING for: 汇聚
🚀 [Item W121176] Generating EVERYTHING for: 会场
🚀 [Item W121177] Generating EVERYTHING for: 会面
🚀 [Item W121178] Generating EVERYTHING for: 会意
🚀 [Item W121179] Generating EVERYTHING for: 会诊
🚀 [Item W121180] Generating EVERYTHING for: 绘声绘色
🚀 [Item W121181] Generating EVERYTHING for: 婚纱
🚀 [Item W121182] Generating EVERYTHING for: 魂
🚀 [Item W121183] Generating EVERYTHING for: 混凝土
🚀 [Item W121184] Generating EVERYTHING for: 豁
🚀 [Item W121185] Generating EVERYTHING for: 豁出去
🚀 [Item W121186] Generating EVERYTHING for: 活期
🚀 [Item W121187] Generating EVERYTHING for: 活儿
🚀 [Item W121188] Generating EVERYTHING for: 火暴
🚀 [Item W121189] Generating EVERYTHING for: 火锅
🚀 [Item W121190] Generating EVERYTHING for: 火候
🚀 [Item W121191] Generating EVERYTHING for: 火花
🚀 [Item W121192] Generating EVERYTHING for: 火炬
🚀 [Item W121193] Generating EVERYTHING for: 火辣辣
🚀 [Item W121194] Generating EVERYTHING for: 火热
🚀 [Item W121195] Generating EVERYTHING for: 火山
🚀 [Item W121196] Generating EVERYTHING for: 火速
🚀 [Item W121197] Generating EVERYTHING for: 伙食
🚀 [Item W121198] Generating EVERYTHING for: 或多或少
🚀 [Item W121199] Generating EVERYTHING for: 货车
🚀 [Item W121200] Generating EVERYTHING for: 货物
🚀 [Item W121201] Generating EVERYTHING for: 货运
🚀 [Item W121202] Generating EVERYTHING for: 获胜
🚀 [Item W121203] Generating EVERYTHING for: 获悉
🚀 [Item W121204] Generating EVERYTHING for: 祸害
🚀 [Item W121205] Generating EVERYTHING for: 霍乱
🚀 [Item W121206] Generating EVERYTHING for: 豁达
🚀 [Item W121207] Generating EVERYTHING for: 几率
🚀 [Item W121208] Generating EVERYTHING for: 机舱
🚀 [Item W121209] Generating EVERYTHING for: 肌肤
🚀 [Item W121210] Generating EVERYTHING for: 积
🚀 [Item W121211] Generating EVERYTHING for: 积淀
🚀 [Item W121212] Generating EVERYTHING for: 积蓄
🚀 [Item W121213] Generating EVERYTHING for: 基本功
🚀 [Item W121214] Generating EVERYTHING for: 基层
🚀 [Item W121215] Generating EVERYTHING for: 基于
🚀 [Item W121216] Generating EVERYTHING for: 基准
🚀 [Item W121217] Generating EVERYTHING for: 畸形
🚀 [Item W121218] Generating EVERYTHING for: 激光
🚀 [Item W121219] Generating EVERYTHING for: 激化
🚀 [Item W121220] Generating EVERYTHING for: 激活
🚀 [Item W121221] Generating EVERYTHING for: 激起
🚀 [Item W121222] Generating EVERYTHING for: 激素
🚀 [Item W121223] Generating EVERYTHING for: 及
[localization_shard_0030.json] Processing 130/130 jobs (Streaming)...
🚀 [Item W121224] Generating EVERYTHING for: 及其
🚀 [Item W121225] Generating EVERYTHING for: 吉普
🚀 [Item W121226] Generating EVERYTHING for: 吉他
🚀 [Item W121227] Generating EVERYTHING for: 吉祥物
🚀 [Item W121228] Generating EVERYTHING for: 极度
🚀 [Item W121229] Generating EVERYTHING for: 极力
🚀 [Item W121230] Generating EVERYTHING for: 极少数
🚀 [Item W121231] Generating EVERYTHING for: 极为
🚀 [Item W121232] Generating EVERYTHING for: 即
🚀 [Item W121233] Generating EVERYTHING for: 即可
🚀 [Item W121234] Generating EVERYTHING for: 急迫
🚀 [Item W121235] Generating EVERYTHING for: 急性
🚀 [Item W121236] Generating EVERYTHING for: 急需
🚀 [Item W121237] Generating EVERYTHING for: 急于
🚀 [Item W121238] Generating EVERYTHING for: 急转弯
🚀 [Item W121239] Generating EVERYTHING for: 棘手
🚀 [Item W121240] Generating EVERYTHING for: 集会
🚀 [Item W121241] Generating EVERYTHING for: 集结
🚀 [Item W121242] Generating EVERYTHING for: 集邮
🚀 [Item W121243] Generating EVERYTHING for: 集装箱
🚀 [Item W121244] Generating EVERYTHING for: 集资
🚀 [Item W121245] Generating EVERYTHING for: 挤压
🚀 [Item W121246] Generating EVERYTHING for: 脊梁
🚀 [Item W121247] Generating EVERYTHING for: 计
🚀 [Item W121248] Generating EVERYTHING for: 计策
🚀 [Item W121249] Generating EVERYTHING for: 计时
🚀 [Item W121250] Generating EVERYTHING for: 记号
🚀 [Item W121251] Generating EVERYTHING for: 记忆犹新
🚀 [Item W121252] Generating EVERYTHING for: 纪录片
🚀 [Item W121253] Generating EVERYTHING for: 纪念碑
🚀 [Item W121254] Generating EVERYTHING for: 纪念馆
🚀 [Item W121255] Generating EVERYTHING for: 纪念日
🚀 [Item W121256] Generating EVERYTHING for: 纪实
🚀 [Item W121257] Generating EVERYTHING for: 技艺
🚀 [Item W121258] Generating EVERYTHING for: 忌
🚀 [Item W121259] Generating EVERYTHING for: 忌口
🚀 [Item W121260] Generating EVERYTHING for: 剂
🚀 [Item W121261] Generating EVERYTHING for: 继
🚀 [Item W121262] Generating EVERYTHING for: 继而
🚀 [Item W121263] Generating EVERYTHING for: 继父
🚀 [Item W121264] Generating EVERYTHING for: 继母
🚀 [Item W121265] Generating EVERYTHING for: 祭
🚀 [Item W121266] Generating EVERYTHING for: 祭奠
🚀 [Item W121267] Generating EVERYTHING for: 祭祀
🚀 [Item W121268] Generating EVERYTHING for: 加紧
🚀 [Item W121269] Generating EVERYTHING for: 加深
🚀 [Item W121270] Generating EVERYTHING for: 加重
🚀 [Item W121271] Generating EVERYTHING for: 佳节
🚀 [Item W121272] Generating EVERYTHING for: 家家户户
🚀 [Item W121273] Generating EVERYTHING for: 家教
🚀 [Item W121274] Generating EVERYTHING for: 家境
🚀 [Item W121275] Generating EVERYTHING for: 家禽
🚀 [Item W121276] Generating EVERYTHING for: 家用
🚀 [Item W121277] Generating EVERYTHING for: 家政
🚀 [Item W121278] Generating EVERYTHING for: 家族
🚀 [Item W121279] Generating EVERYTHING for: 嘉年华
🚀 [Item W121280] Generating EVERYTHING for: 假定
🚀 [Item W121281] Generating EVERYTHING for: 假冒
🚀 [Item W121282] Generating EVERYTHING for: 假使
🚀 [Item W121283] Generating EVERYTHING for: 价位
🚀 [Item W121284] Generating EVERYTHING for: 价值观
🚀 [Item W121285] Generating EVERYTHING for: 驾
🚀 [Item W121286] Generating EVERYTHING for: 驾车
🚀 [Item W121287] Generating EVERYTHING for: 驾驭
🚀 [Item W121288] Generating EVERYTHING for: 架势
🚀 [Item W121289] Generating EVERYTHING for: 架子
🚀 [Item W121290] Generating EVERYTHING for: 嫁妆
🚀 [Item W121291] Generating EVERYTHING for: 奸诈
🚀 [Item W121292] Generating EVERYTHING for: 歼灭
🚀 [Item W121293] Generating EVERYTHING for: 坚持不懈
🚀 [Item W121294] Generating EVERYTHING for: 坚守
🚀 [Item W121295] Generating EVERYTHING for: 坚信
🚀 [Item W121296] Generating EVERYTHING for: 肩负
🚀 [Item W121297] Generating EVERYTHING for: 艰苦奋斗
🚀 [Item W121298] Generating EVERYTHING for: 艰险
🚀 [Item W121299] Generating EVERYTHING for: 艰辛
🚀 [Item W121300] Generating EVERYTHING for: 监察
🚀 [Item W121301] Generating EVERYTHING for: 监管
🚀 [Item W121302] Generating EVERYTHING for: 监护
🚀 [Item W121303] Generating EVERYTHING for: 监控
🚀 [Item W121304] Generating EVERYTHING for: 兼
🚀 [Item W121305] Generating EVERYTHING for: 兼顾
🚀 [Item W121306] Generating EVERYTHING for: 兼任
🚀 [Item W121307] Generating EVERYTHING for: 兼容
🚀 [Item W121308] Generating EVERYTHING for: 检察
🚀 [Item W121309] Generating EVERYTHING for: 减免
🚀 [Item W121310] Generating EVERYTHING for: 减弱
🚀 [Item W121311] Generating EVERYTHING for: 减速
🚀 [Item W121312] Generating EVERYTHING for: 减压
🚀 [Item W121313] Generating EVERYTHING for: 简称
🚀 [Item W121314] Generating EVERYTHING for: 简短
🚀 [Item W121315] Generating EVERYTHING for: 简洁
🚀 [Item W121316] Generating EVERYTHING for: 简易
🚀 [Item W121317] Generating EVERYTHING for: 见钱眼开
🚀 [Item W121318] Generating EVERYTHING for: 见仁见智
🚀 [Item W121319] Generating EVERYTHING for: 见识
🚀 [Item W121320] Generating EVERYTHING for: 见外
🚀 [Item W121321] Generating EVERYTHING for: 见效
🚀 [Item W121322] Generating EVERYTHING for: 见证
🚀 [Item W121323] Generating EVERYTHING for: 间断
🚀 [Item W121324] Generating EVERYTHING for: 间隙
🚀 [Item W121325] Generating EVERYTHING for: 建交
🚀 [Item W121326] Generating EVERYTHING for: 建树
🚀 [Item W121327] Generating EVERYTHING for: 建筑师
🚀 [Item W121328] Generating EVERYTHING for: 建筑物
🚀 [Item W121329] Generating EVERYTHING for: 贱
🚀 [Item W121330] Generating EVERYTHING for: 健美
🚀 [Item W121331] Generating EVERYTHING for: 健壮
🚀 [Item W121332] Generating EVERYTHING for: 鉴赏
🚀 [Item W121333] Generating EVERYTHING for: 姜
🚀 [Item W121334] Generating EVERYTHING for: 僵
🚀 [Item W121335] Generating EVERYTHING for: 僵化
🚀 [Item W121336] Generating EVERYTHING for: 僵局
🚀 [Item W121337] Generating EVERYTHING for: 讲解
🚀 [Item W121338] Generating EVERYTHING for: 讲述
🚀 [Item W121339] Generating EVERYTHING for: 讲学
🚀 [Item W121340] Generating EVERYTHING for: 奖杯
🚀 [Item W121341] Generating EVERYTHING for: 奖牌
🚀 [Item W121342] Generating EVERYTHING for: 奖品
🚀 [Item W121343] Generating EVERYTHING for: 奖项
🚀 [Item W121344] Generating EVERYTHING for: 交锋
🚀 [Item W121345] Generating EVERYTHING for: 交付
🚀 [Item W121346] Generating EVERYTHING for: 交集
🚀 [Item W121347] Generating EVERYTHING for: 交接
🚀 [Item W121348] Generating EVERYTHING for: 交界
🚀 [Item W121349] Generating EVERYTHING for: 交纳
🚀 [Item W121350] Generating EVERYTHING for: 交情
🚀 [Item W121351] Generating EVERYTHING for: 交谈
🚀 [Item W121352] Generating EVERYTHING for: 交替
🚀 [Item W121353] Generating EVERYTHING for: 交头接耳
[localization_shard_0031.json] Processing 130/130 jobs (Streaming)...
🚀 [Item W121354] Generating EVERYTHING for: 交响乐
🚀 [Item W121355] Generating EVERYTHING for: 郊外
🚀 [Item W121356] Generating EVERYTHING for: 郊游
🚀 [Item W121357] Generating EVERYTHING for: 娇惯
🚀 [Item W121358] Generating EVERYTHING for: 胶囊
🚀 [Item W121359] Generating EVERYTHING for: 胶片
🚀 [Item W121360] Generating EVERYTHING for: 焦
🚀 [Item W121361] Generating EVERYTHING for: 焦距
🚀 [Item W121362] Generating EVERYTHING for: 焦虑
🚀 [Item W121363] Generating EVERYTHING for: 焦躁
🚀 [Item W121364] Generating EVERYTHING for: 礁石
🚀 [Item W121365] Generating EVERYTHING for: 嚼
🚀 [Item W121366] Generating EVERYTHING for: 绞
🚀 [Item W121367] Generating EVERYTHING for: 矫正
🚀 [Item W121368] Generating EVERYTHING for: 搅
🚀 [Item W121369] Generating EVERYTHING for: 缴
🚀 [Item W121370] Generating EVERYTHING for: 缴费
🚀 [Item W121371] Generating EVERYTHING for: 叫板
🚀 [Item W121372] Generating EVERYTHING for: 叫好
🚀 [Item W121373] Generating EVERYTHING for: 轿车
🚀 [Item W121374] Generating EVERYTHING for: 较劲
🚀 [Item W121375] Generating EVERYTHING for: 教科书
🚀 [Item W121376] Generating EVERYTHING for: 教条
🚀 [Item W121377] Generating EVERYTHING for: 阶级
🚀 [Item W121378] Generating EVERYTHING for: 阶梯
🚀 [Item W121379] Generating EVERYTHING for: 结
🚀 [Item W121380] Generating EVERYTHING for: 接班
🚀 [Item W121381] Generating EVERYTHING for: 接班人
🚀 [Item W121382] Generating EVERYTHING for: 接二连三
🚀 [Item W121383] Generating EVERYTHING for: 接轨
🚀 [Item W121384] Generating EVERYTHING for: 接济
🚀 [Item W121385] Generating EVERYTHING for: 接见
🚀 [Item W121386] Generating EVERYTHING for: 接力
🚀 [Item W121387] Generating EVERYTHING for: 接纳
🚀 [Item W121388] Generating EVERYTHING for: 接手
🚀 [Item W121389] Generating EVERYTHING for: 接送
🚀 [Item W121390] Generating EVERYTHING for: 接替
🚀 [Item W121391] Generating EVERYTHING for: 接听
🚀 [Item W121392] Generating EVERYTHING for: 接通
🚀 [Item W121393] Generating EVERYTHING for: 揭发
🚀 [Item W121394] Generating EVERYTHING for: 揭示
🚀 [Item W121395] Generating EVERYTHING for: 揭晓
🚀 [Item W121396] Generating EVERYTHING for: 节俭
🚀 [Item W121397] Generating EVERYTHING for: 节气
🚀 [Item W121398] Generating EVERYTHING for: 节水
🚀 [Item W121399] Generating EVERYTHING for: 节衣缩食
🚀 [Item W121400] Generating EVERYTHING for: 劫
🚀 [Item W121401] Generating EVERYTHING for: 劫持
🚀 [Item W121402] Generating EVERYTHING for: 洁净
🚀 [Item W121403] Generating EVERYTHING for: 结冰
🚀 [Item W121404] Generating EVERYTHING for: 结识
🚀 [Item W121405] Generating EVERYTHING for: 结尾
🚀 [Item W121406] Generating EVERYTHING for: 截
🚀 [Item W121407] Generating EVERYTHING for: 截然不同
🚀 [Item W121408] Generating EVERYTHING for: 竭力
🚀 [Item W121409] Generating EVERYTHING for: 解答
🚀 [Item W121410] Generating EVERYTHING for: 解读
🚀 [Item W121411] Generating EVERYTHING for: 解救
🚀 [Item W121412] Generating EVERYTHING for: 解脱
🚀 [Item W121413] Generating EVERYTHING for: 解围
🚀 [Item W121414] Generating EVERYTHING for: 解析
🚀 [Item W121415] Generating EVERYTHING for: 介入
🚀 [Item W121416] Generating EVERYTHING for: 介意
🚀 [Item W121417] Generating EVERYTHING for: 介于
🚀 [Item W121418] Generating EVERYTHING for: 戒烟
🚀 [Item W121419] Generating EVERYTHING for: 届时
🚀 [Item W121420] Generating EVERYTHING for: 界定
🚀 [Item W121421] Generating EVERYTHING for: 界线
🚀 [Item W121422] Generating EVERYTHING for: 借条
🚀 [Item W121423] Generating EVERYTHING for: 借用
🚀 [Item W121424] Generating EVERYTHING for: 金子
🚀 [Item W121425] Generating EVERYTHING for: 金字塔
🚀 [Item W121426] Generating EVERYTHING for: 津贴
🚀 [Item W121427] Generating EVERYTHING for: 筋
🚀 [Item W121428] Generating EVERYTHING for: 禁不住
🚀 [Item W121429] Generating EVERYTHING for: 仅次于
🚀 [Item W121430] Generating EVERYTHING for: 尽
🚀 [Item W121431] Generating EVERYTHING for: 尽早
🚀 [Item W121432] Generating EVERYTHING for: 紧凑
🚀 [Item W121433] Generating EVERYTHING for: 紧接着
🚀 [Item W121434] Generating EVERYTHING for: 紧缺
🚀 [Item W121435] Generating EVERYTHING for: 紧缩
🚀 [Item W121436] Generating EVERYTHING for: 锦旗
🚀 [Item W121437] Generating EVERYTHING for: 尽情
🚀 [Item W121438] Generating EVERYTHING for: 尽头
🚀 [Item W121439] Generating EVERYTHING for: 进场
🚀 [Item W121440] Generating EVERYTHING for: 进程
🚀 [Item W121441] Generating EVERYTHING for: 进出
🚀 [Item W121442] Generating EVERYTHING for: 进出口
🚀 [Item W121443] Generating EVERYTHING for: 进度
🚀 [Item W121444] Generating EVERYTHING for: 进修
🚀 [Item W121445] Generating EVERYTHING for: 近年来
🚀 [Item W121446] Generating EVERYTHING for: 劲头
🚀 [Item W121447] Generating EVERYTHING for: 禁忌
🚀 [Item W121448] Generating EVERYTHING for: 禁区
🚀 [Item W121449] Generating EVERYTHING for: 经
🚀 [Item W121450] Generating EVERYTHING for: 经度
🚀 [Item W121451] Generating EVERYTHING for: 经久不息
🚀 [Item W121452] Generating EVERYTHING for: 经贸
🚀 [Item W121453] Generating EVERYTHING for: 经受
🚀 [Item W121454] Generating EVERYTHING for: 荆棘
🚀 [Item W121455] Generating EVERYTHING for: 惊
🚀 [Item W121456] Generating EVERYTHING for: 惊诧
🚀 [Item W121457] Generating EVERYTHING for: 惊慌
🚀 [Item W121458] Generating EVERYTHING for: 惊慌失措
🚀 [Item W121459] Generating EVERYTHING for: 惊叹
🚀 [Item W121460] Generating EVERYTHING for: 惊天动地
🚀 [Item W121461] Generating EVERYTHING for: 惊险
🚀 [Item W121462] Generating EVERYTHING for: 惊心动魄
🚀 [Item W121463] Generating EVERYTHING for: 惊醒
🚀 [Item W121464] Generating EVERYTHING for: 晶莹
🚀 [Item W121465] Generating EVERYTHING for: 精练
🚀 [Item W121466] Generating EVERYTHING for: 精妙
🚀 [Item W121467] Generating EVERYTHING for: 精明
🚀 [Item W121468] Generating EVERYTHING for: 精疲力竭
🚀 [Item W121469] Generating EVERYTHING for: 精神病
🚀 [Item W121470] Generating EVERYTHING for: 精髓
🚀 [Item W121471] Generating EVERYTHING for: 精细
🚀 [Item W121472] Generating EVERYTHING for: 精英
🚀 [Item W121473] Generating EVERYTHING for: 颈部
🚀 [Item W121474] Generating EVERYTHING for: 景观
🚀 [Item W121475] Generating EVERYTHING for: 景区
🚀 [Item W121476] Generating EVERYTHING for: 警车
🚀 [Item W121477] Generating EVERYTHING for: 警官
🚀 [Item W121478] Generating EVERYTHING for: 警钟
🚀 [Item W121479] Generating EVERYTHING for: 净化
🚀 [Item W121480] Generating EVERYTHING for: 竞技
🚀 [Item W121481] Generating EVERYTHING for: 竞相
🚀 [Item W121482] Generating EVERYTHING for: 竟
🚀 [Item W121483] Generating EVERYTHING for: 竟敢
[localization_shard_0032.json] Processing 130/130 jobs (Streaming)...
🚀 [Item W121484] Generating EVERYTHING for: 敬
🚀 [Item W121485] Generating EVERYTHING for: 敬爱
🚀 [Item W121486] Generating EVERYTHING for: 敬而远之
🚀 [Item W121487] Generating EVERYTHING for: 敬酒
🚀 [Item W121488] Generating EVERYTHING for: 敬佩
🚀 [Item W121489] Generating EVERYTHING for: 敬请
🚀 [Item W121490] Generating EVERYTHING for: 敬意
🚀 [Item W121491] Generating EVERYTHING for: 敬重
🚀 [Item W121492] Generating EVERYTHING for: 静止
🚀 [Item W121493] Generating EVERYTHING for: 境地
🚀 [Item W121494] Generating EVERYTHING for: 境内
🚀 [Item W121495] Generating EVERYTHING for: 境外
🚀 [Item W121496] Generating EVERYTHING for: 境遇
🚀 [Item W121497] Generating EVERYTHING for: 窘迫
🚀 [Item W121498] Generating EVERYTHING for: 纠缠
🚀 [Item W121499] Generating EVERYTHING for: 揪
🚀 [Item W121500] Generating EVERYTHING for: 久违
🚀 [Item W121501] Generating EVERYTHING for: 久仰
🚀 [Item W121502] Generating EVERYTHING for: 酒楼
🚀 [Item W121503] Generating EVERYTHING for: 救治
🚀 [Item W121504] Generating EVERYTHING for: 就餐
🚀 [Item W121505] Generating EVERYTHING for: 就地
🚀 [Item W121506] Generating EVERYTHING for: 就读
🚀 [Item W121507] Generating EVERYTHING for: 就任
🚀 [Item W121508] Generating EVERYTHING for: 就医
🚀 [Item W121509] Generating EVERYTHING for: 就诊
🚀 [Item W121510] Generating EVERYTHING for: 就座
🚀 [Item W121511] Generating EVERYTHING for: 居高临下
🚀 [Item W121512] Generating EVERYTHING for: 居民楼
🚀 [Item W121513] Generating EVERYTHING for: 菊花
🚀 [Item W121514] Generating EVERYTHING for: 橘子
🚀 [Item W121515] Generating EVERYTHING for: 举报
🚀 [Item W121516] Generating EVERYTHING for: 举措
🚀 [Item W121517] Generating EVERYTHING for: 举例
🚀 [Item W121518] Generating EVERYTHING for: 举世闻名
🚀 [Item W121519] Generating EVERYTHING for: 举世无双
🚀 [Item W121520] Generating EVERYTHING for: 举一反三
🚀 [Item W121521] Generating EVERYTHING for: 举止
🚀 [Item W121522] Generating EVERYTHING for: 举重
🚀 [Item W121523] Generating EVERYTHING for: 巨额
🚀 [Item W121524] Generating EVERYTHING for: 巨人
🚀 [Item W121525] Generating EVERYTHING for: 巨头
🚀 [Item W121526] Generating EVERYTHING for: 巨星
🚀 [Item W121527] Generating EVERYTHING for: 巨型
🚀 [Item W121528] Generating EVERYTHING for: 剧目
🚀 [Item W121529] Generating EVERYTHING for: 剧情
🚀 [Item W121530] Generating EVERYTHING for: 剧团
🚀 [Item W121531] Generating EVERYTHING for: 剧院
🚀 [Item W121532] Generating EVERYTHING for: 剧组
🚀 [Item W121533] Generating EVERYTHING for: 据此
🚀 [Item W121534] Generating EVERYTHING for: 距
🚀 [Item W121535] Generating EVERYTHING for: 锯
🚀 [Item W121536] Generating EVERYTHING for: 聚集
🚀 [Item W121537] Generating EVERYTHING for: 捐献
🚀 [Item W121538] Generating EVERYTHING for: 卷入
🚀 [Item W121539] Generating EVERYTHING for: 卷子
🚀 [Item W121540] Generating EVERYTHING for: 决议
🚀 [Item W121541] Generating EVERYTHING for: 诀别
🚀 [Item W121542] Generating EVERYTHING for: 诀窍
🚀 [Item W121543] Generating EVERYTHING for: 角逐
🚀 [Item W121544] Generating EVERYTHING for: 绝技
🚀 [Item W121545] Generating EVERYTHING for: 绝缘
🚀 [Item W121546] Generating EVERYTHING for: 绝招
🚀 [Item W121547] Generating EVERYTHING for: 崛起
🚀 [Item W121548] Generating EVERYTHING for: 爵士
🚀 [Item W121549] Generating EVERYTHING for: 倔
🚀 [Item W121550] Generating EVERYTHING for: 军官
🚀 [Item W121551] Generating EVERYTHING for: 均衡
🚀 [Item W121552] Generating EVERYTHING for: 俊
🚀 [Item W121553] Generating EVERYTHING for: 俊俏
🚀 [Item W121554] Generating EVERYTHING for: 骏马
🚀 [Item W121555] Generating EVERYTHING for: 竣工
🚀 [Item W121556] Generating EVERYTHING for: 卡片
🚀 [Item W121557] Generating EVERYTHING for: 开办
🚀 [Item W121558] Generating EVERYTHING for: 开场
🚀 [Item W121559] Generating EVERYTHING for: 开场白
🚀 [Item W121560] Generating EVERYTHING for: 开动
🚀 [Item W121561] Generating EVERYTHING for: 开发区
🚀 [Item W121562] Generating EVERYTHING for: 开发商
🚀 [Item W121563] Generating EVERYTHING for: 开工
🚀 [Item W121564] Generating EVERYTHING for: 开垦
🚀 [Item W121565] Generating EVERYTHING for: 开口
🚀 [Item W121566] Generating EVERYTHING for: 开启
🚀 [Item W121567] Generating EVERYTHING for: 开枪
🚀 [Item W121568] Generating EVERYTHING for: 开天辟地
🚀 [Item W121569] Generating EVERYTHING for: 开销
🚀 [Item W121570] Generating EVERYTHING for: 开张
🚀 [Item W121571] Generating EVERYTHING for: 凯歌
🚀 [Item W121572] Generating EVERYTHING for: 楷模
🚀 [Item W121573] Generating EVERYTHING for: 看护
🚀 [Item W121574] Generating EVERYTHING for: 堪称
🚀 [Item W121575] Generating EVERYTHING for: 侃大山
🚀 [Item W121576] Generating EVERYTHING for: 看得出
🚀 [Item W121577] Generating EVERYTHING for: 看热闹
🚀 [Item W121578] Generating EVERYTHING for: 看似
🚀 [Item W121579] Generating EVERYTHING for: 看台
🚀 [Item W121580] Generating EVERYTHING for: 看样子
🚀 [Item W121581] Generating EVERYTHING for: 看中
🚀 [Item W121582] Generating EVERYTHING for: 看重
🚀 [Item W121583] Generating EVERYTHING for: 抗衡
🚀 [Item W121584] Generating EVERYTHING for: 抗拒
🚀 [Item W121585] Generating EVERYTHING for: 抗生素
🚀 [Item W121586] Generating EVERYTHING for: 抗争
🚀 [Item W121587] Generating EVERYTHING for: 考量
🚀 [Item W121588] Generating EVERYTHING for: 烤
🚀 [Item W121589] Generating EVERYTHING for: 苛刻
🚀 [Item W121590] Generating EVERYTHING for: 科幻
🚀 [Item W121591] Generating EVERYTHING for: 科普
🚀 [Item W121592] Generating EVERYTHING for: 壳
🚀 [Item W121593] Generating EVERYTHING for: 可悲
🚀 [Item W121594] Generating EVERYTHING for: 可不是
🚀 [Item W121595] Generating EVERYTHING for: 可乘之机
🚀 [Item W121596] Generating EVERYTHING for: 可耻
🚀 [Item W121597] Generating EVERYTHING for: 可歌可泣
🚀 [Item W121598] Generating EVERYTHING for: 可贵
🚀 [Item W121599] Generating EVERYTHING for: 可谓
🚀 [Item W121600] Generating EVERYTHING for: 可想而知
🚀 [Item W121601] Generating EVERYTHING for: 可笑
🚀 [Item W121602] Generating EVERYTHING for: 可信
🚀 [Item W121603] Generating EVERYTHING for: 可疑
🚀 [Item W121604] Generating EVERYTHING for: 克隆
🚀 [Item W121605] Generating EVERYTHING for: 刻意
🚀 [Item W121606] Generating EVERYTHING for: 刻舟求剑
🚀 [Item W121607] Generating EVERYTHING for: 客房
🚀 [Item W121608] Generating EVERYTHING for: 客机
🚀 [Item W121609] Generating EVERYTHING for: 客流
🚀 [Item W121610] Generating EVERYTHING for: 客运
🚀 [Item W121611] Generating EVERYTHING for: 恳求
🚀 [Item W121612] Generating EVERYTHING for: 空荡荡
🚀 [Item W121613] Generating EVERYTHING for: 空难
[localization_shard_0033.json] Processing 130/130 jobs (Streaming)...
🚀 [Item W121614] Generating EVERYTHING for: 空前
🚀 [Item W121615] Generating EVERYTHING for: 恐慌
🚀 [Item W121616] Generating EVERYTHING for: 恐龙
🚀 [Item W121617] Generating EVERYTHING for: 空地
🚀 [Item W121618] Generating EVERYTHING for: 控告
🚀 [Item W121619] Generating EVERYTHING for: 抠
🚀 [Item W121620] Generating EVERYTHING for: 口碑
🚀 [Item W121621] Generating EVERYTHING for: 口才
🚀 [Item W121622] Generating EVERYTHING for: 口吃
🚀 [Item W121623] Generating EVERYTHING for: 口感
🚀 [Item W121624] Generating EVERYTHING for: 口径
🚀 [Item W121625] Generating EVERYTHING for: 口令
🚀 [Item W121626] Generating EVERYTHING for: 口哨
🚀 [Item W121627] Generating EVERYTHING for: 口水
🚀 [Item W121628] Generating EVERYTHING for: 口香糖
🚀 [Item W121629] Generating EVERYTHING for: 口罩
🚀 [Item W121630] Generating EVERYTHING for: 口子
🚀 [Item W121631] Generating EVERYTHING for: 扣除
🚀 [Item W121632] Generating EVERYTHING for: 扣留
🚀 [Item W121633] Generating EVERYTHING for: 扣人心弦
🚀 [Item W121634] Generating EVERYTHING for: 扣押
🚀 [Item W121635] Generating EVERYTHING for: 哭笑不得
🚀 [Item W121636] Generating EVERYTHING for: 窟窿
🚀 [Item W121637] Generating EVERYTHING for: 苦力
🚀 [Item W121638] Generating EVERYTHING for: 苦练
🚀 [Item W121639] Generating EVERYTHING for: 苦难
🚀 [Item W121640] Generating EVERYTHING for: 苦恼
🚀 [Item W121641] Generating EVERYTHING for: 苦笑
🚀 [Item W121642] Generating EVERYTHING for: 苦心
🚀 [Item W121643] Generating EVERYTHING for: 酷似
🚀 [Item W121644] Generating EVERYTHING for: 夸大
🚀 [Item W121645] Generating EVERYTHING for: 夸奖
🚀 [Item W121646] Generating EVERYTHING for: 夸夸其谈
🚀 [Item W121647] Generating EVERYTHING for: 夸耀
🚀 [Item W121648] Generating EVERYTHING for: 垮
🚀 [Item W121649] Generating EVERYTHING for: 跨国
🚀 [Item W121650] Generating EVERYTHING for: 跨越
🚀 [Item W121651] Generating EVERYTHING for: 快捷
🚀 [Item W121652] Generating EVERYTHING for: 宽泛
🚀 [Item W121653] Generating EVERYTHING for: 宽厚
🚀 [Item W121654] Generating EVERYTHING for: 宽恕
🚀 [Item W121655] Generating EVERYTHING for: 宽松
🚀 [Item W121656] Generating EVERYTHING for: 款项
🚀 [Item W121657] Generating EVERYTHING for: 狂欢
🚀 [Item W121658] Generating EVERYTHING for: 狂欢节
🚀 [Item W121659] Generating EVERYTHING for: 狂热
🚀 [Item W121660] Generating EVERYTHING for: 矿藏
🚀 [Item W121661] Generating EVERYTHING for: 框
🚀 [Item W121662] Generating EVERYTHING for: 亏本
🚀 [Item W121663] Generating EVERYTHING for: 捆
🚀 [Item W121664] Generating EVERYTHING for: 困惑
🚀 [Item W121665] Generating EVERYTHING for: 困境
🚀 [Item W121666] Generating EVERYTHING for: 扩
🚀 [Item W121667] Generating EVERYTHING for: 扩建
🚀 [Item W121668] Generating EVERYTHING for: 括弧
🚀 [Item W121669] Generating EVERYTHING for: 阔绰
🚀 [Item W121670] Generating EVERYTHING for: 拉动
🚀 [Item W121671] Generating EVERYTHING for: 拉拢
🚀 [Item W121672] Generating EVERYTHING for: 拉锁
🚀 [Item W121673] Generating EVERYTHING for: 啦啦队
🚀 [Item W121674] Generating EVERYTHING for: 腊月
🚀 [Item W121675] Generating EVERYTHING for: 蜡
🚀 [Item W121676] Generating EVERYTHING for: 来宾
🚀 [Item W121677] Generating EVERYTHING for: 来电
🚀 [Item W121678] Generating EVERYTHING for: 来访
🚀 [Item W121679] Generating EVERYTHING for: 来回
🚀 [Item W121680] Generating EVERYTHING for: 来临
🚀 [Item W121681] Generating EVERYTHING for: 来龙去脉
🚀 [Item W121682] Generating EVERYTHING for: 来年
🚀 [Item W121683] Generating EVERYTHING for: 来源于
🚀 [Item W121684] Generating EVERYTHING for: 栏
🚀 [Item W121685] Generating EVERYTHING for: 栏杆
🚀 [Item W121686] Generating EVERYTHING for: 蓝图
🚀 [Item W121687] Generating EVERYTHING for: 揽
🚀 [Item W121688] Generating EVERYTHING for: 缆车
🚀 [Item W121689] Generating EVERYTHING for: 懒得
🚀 [Item W121690] Generating EVERYTHING for: 滥用
🚀 [Item W121691] Generating EVERYTHING for: 狼
🚀 [Item W121692] Generating EVERYTHING for: 朗诵
🚀 [Item W121693] Generating EVERYTHING for: 浪
🚀 [Item W121694] Generating EVERYTHING for: 劳动力
🚀 [Item W121695] Generating EVERYTHING for: 劳累
🚀 [Item W121696] Generating EVERYTHING for: 劳务
🚀 [Item W121697] Generating EVERYTHING for: 牢记
🚀 [Item W121698] Generating EVERYTHING for: 牢牢
🚀 [Item W121699] Generating EVERYTHING for: 老伴儿
🚀 [Item W121700] Generating EVERYTHING for: 老大
🚀 [Item W121701] Generating EVERYTHING for: 老汉
🚀 [Item W121702] Generating EVERYTHING for: 老化
🚀 [Item W121703] Generating EVERYTHING for: 老人家
🚀 [Item W121704] Generating EVERYTHING for: 老实说
🚀 [Item W121705] Generating EVERYTHING for: 老远
🚀 [Item W121706] Generating EVERYTHING for: 老字号
🚀 [Item W121707] Generating EVERYTHING for: 姥爷
🚀 [Item W121708] Generating EVERYTHING for: 涝
🚀 [Item W121709] Generating EVERYTHING for: 乐园
🚀 [Item W121710] Generating EVERYTHING for: 勒
🚀 [Item W121711] Generating EVERYTHING for: 雷同
🚀 [Item W121712] Generating EVERYTHING for: 累积
🚀 [Item W121713] Generating EVERYTHING for: 累计
🚀 [Item W121714] Generating EVERYTHING for: 类别
🚀 [Item W121715] Generating EVERYTHING for: 棱角
🚀 [Item W121716] Generating EVERYTHING for: 冷冻
🚀 [Item W121717] Generating EVERYTHING for: 冷酷无情
🚀 [Item W121718] Generating EVERYTHING for: 冷门
🚀 [Item W121719] Generating EVERYTHING for: 冷漠
🚀 [Item W121720] Generating EVERYTHING for: 冷笑
🚀 [Item W121721] Generating EVERYTHING for: 冷战
🚀 [Item W121722] Generating EVERYTHING for: 离谱儿
🚀 [Item W121723] Generating EVERYTHING for: 离奇
🚀 [Item W121724] Generating EVERYTHING for: 离职
🚀 [Item W121725] Generating EVERYTHING for: 礼服
🚀 [Item W121726] Generating EVERYTHING for: 礼品
🚀 [Item W121727] Generating EVERYTHING for: 礼仪
🚀 [Item W121728] Generating EVERYTHING for: 理会
🚀 [Item W121729] Generating EVERYTHING for: 理科
🚀 [Item W121730] Generating EVERYTHING for: 理念
🚀 [Item W121731] Generating EVERYTHING for: 理事
🚀 [Item W121732] Generating EVERYTHING for: 理性
🚀 [Item W121733] Generating EVERYTHING for: 力不从心
🚀 [Item W121734] Generating EVERYTHING for: 力度
🚀 [Item W121735] Generating EVERYTHING for: 历程
🚀 [Item W121736] Generating EVERYTHING for: 历届
🚀 [Item W121737] Generating EVERYTHING for: 历经
🚀 [Item W121738] Generating EVERYTHING for: 历时
🚀 [Item W121739] Generating EVERYTHING for: 立方米
🚀 [Item W121740] Generating EVERYTHING for: 立功
🚀 [Item W121741] Generating EVERYTHING for: 励志
🚀 [Item W121742] Generating EVERYTHING for: 利率
🚀 [Item W121743] Generating EVERYTHING for: 利索
[localization_shard_0034.json] Processing 130/130 jobs (Streaming)...
🚀 [Item W121744] Generating EVERYTHING for: 连滚带爬
🚀 [Item W121745] Generating EVERYTHING for: 连绵
🚀 [Item W121746] Generating EVERYTHING for: 连任
🚀 [Item W121747] Generating EVERYTHING for: 连锁店
🚀 [Item W121748] Generating EVERYTHING for: 连夜
🚀 [Item W121749] Generating EVERYTHING for: 怜惜
🚀 [Item W121750] Generating EVERYTHING for: 帘子
🚀 [Item W121751] Generating EVERYTHING for: 莲子
🚀 [Item W121752] Generating EVERYTHING for: 联邦
🚀 [Item W121753] Generating EVERYTHING for: 联网
🚀 [Item W121754] Generating EVERYTHING for: 廉价
🚀 [Item W121755] Generating EVERYTHING for: 廉正
🚀 [Item W121756] Generating EVERYTHING for: 廉政
🚀 [Item W121757] Generating EVERYTHING for: 脸颊
🚀 [Item W121758] Generating EVERYTHING for: 炼
🚀 [Item W121759] Generating EVERYTHING for: 恋恋不舍
🚀 [Item W121760] Generating EVERYTHING for: 良
🚀 [Item W121761] Generating EVERYTHING for: 良性
🚀 [Item W121762] Generating EVERYTHING for: 凉爽
🚀 [Item W121763] Generating EVERYTHING for: 两口子
🚀 [Item W121764] Generating EVERYTHING for: 两栖
🚀 [Item W121765] Generating EVERYTHING for: 亮点
🚀 [Item W121766] Generating EVERYTHING for: 亮丽
🚀 [Item W121767] Generating EVERYTHING for: 亮相
🚀 [Item W121768] Generating EVERYTHING for: 疗法
🚀 [Item W121769] Generating EVERYTHING for: 疗效
🚀 [Item W121770] Generating EVERYTHING for: 寥寥无几
🚀 [Item W121771] Generating EVERYTHING for: 潦草
🚀 [Item W121772] Generating EVERYTHING for: 了结
🚀 [Item W121773] Generating EVERYTHING for: 了却
🚀 [Item W121774] Generating EVERYTHING for: 料到
🚀 [Item W121775] Generating EVERYTHING for: 料理
🚀 [Item W121776] Generating EVERYTHING for: 咧嘴
🚀 [Item W121777] Generating EVERYTHING for: 劣势
🚀 [Item W121778] Generating EVERYTHING for: 劣质
🚀 [Item W121779] Generating EVERYTHING for: 烈士
🚀 [Item W121780] Generating EVERYTHING for: 猎犬
🚀 [Item W121781] Generating EVERYTHING for: 猎人
🚀 [Item W121782] Generating EVERYTHING for: 裂缝
🚀 [Item W121783] Generating EVERYTHING for: 裂痕
🚀 [Item W121784] Generating EVERYTHING for: 拎
🚀 [Item W121785] Generating EVERYTHING for: 邻国
🚀 [Item W121786] Generating EVERYTHING for: 临
🚀 [Item W121787] Generating EVERYTHING for: 临街
🚀 [Item W121788] Generating EVERYTHING for: 临近
🚀 [Item W121789] Generating EVERYTHING for: 灵
🚀 [Item W121790] Generating EVERYTHING for: 灵机一动
🚀 [Item W121791] Generating EVERYTHING for: 灵巧
🚀 [Item W121792] Generating EVERYTHING for: 灵通
🚀 [Item W121793] Generating EVERYTHING for: 零花钱
🚀 [Item W121794] Generating EVERYTHING for: 零售
🚀 [Item W121795] Generating EVERYTHING for: 领队
🚀 [Item W121796] Generating EVERYTHING for: 领军
🚀 [Item W121797] Generating EVERYTHING for: 领略
🚀 [Item W121798] Generating EVERYTHING for: 领事
🚀 [Item W121799] Generating EVERYTHING for: 领养
🚀 [Item W121800] Generating EVERYTHING for: 溜达
🚀 [Item W121801] Generating EVERYTHING for: 浏览器
🚀 [Item W121802] Generating EVERYTHING for: 留心
🚀 [Item W121803] Generating EVERYTHING for: 留意
🚀 [Item W121804] Generating EVERYTHING for: 流畅
🚀 [Item W121805] Generating EVERYTHING for: 流程
🚀 [Item W121806] Generating EVERYTHING for: 流量
🚀 [Item W121807] Generating EVERYTHING for: 流入
🚀 [Item W121808] Generating EVERYTHING for: 流失
🚀 [Item W121809] Generating EVERYTHING for: 流水
🚀 [Item W121810] Generating EVERYTHING for: 流淌
🚀 [Item W121811] Generating EVERYTHING for: 流向
🚀 [Item W121812] Generating EVERYTHING for: 流血
🚀 [Item W121813] Generating EVERYTHING for: 流域
🚀 [Item W121814] Generating EVERYTHING for: 流转
🚀 [Item W121815] Generating EVERYTHING for: 柳树
🚀 [Item W121816] Generating EVERYTHING for: 遛
🚀 [Item W121817] Generating EVERYTHING for: 龙舟
🚀 [Item W121818] Generating EVERYTHING for: 聋
🚀 [Item W121819] Generating EVERYTHING for: 聋人
🚀 [Item W121820] Generating EVERYTHING for: 笼子
🚀 [Item W121821] Generating EVERYTHING for: 笼统
🚀 [Item W121822] Generating EVERYTHING for: 露面
🚀 [Item W121823] Generating EVERYTHING for: 芦花
🚀 [Item W121824] Generating EVERYTHING for: 炉子
🚀 [Item W121825] Generating EVERYTHING for: 卤味
🚀 [Item W121826] Generating EVERYTHING for: 鲁莽
🚀 [Item W121827] Generating EVERYTHING for: 录制
🚀 [Item W121828] Generating EVERYTHING for: 鹿
🚀 [Item W121829] Generating EVERYTHING for: 路程
🚀 [Item W121830] Generating EVERYTHING for: 路灯
🚀 [Item W121831] Generating EVERYTHING for: 路段
🚀 [Item W121832] Generating EVERYTHING for: 路况
🚀 [Item W121833] Generating EVERYTHING for: 路面
🚀 [Item W121834] Generating EVERYTHING for: 路人
🚀 [Item W121835] Generating EVERYTHING for: 路途
🚀 [Item W121836] Generating EVERYTHING for: 路子
🚀 [Item W121837] Generating EVERYTHING for: 露天
🚀 [Item W121838] Generating EVERYTHING for: 旅程
🚀 [Item W121839] Generating EVERYTHING for: 旅途
🚀 [Item W121840] Generating EVERYTHING for: 铝
🚀 [Item W121841] Generating EVERYTHING for: 屡
🚀 [Item W121842] Generating EVERYTHING for: 缕
🚀 [Item W121843] Generating EVERYTHING for: 率
🚀 [Item W121844] Generating EVERYTHING for: 成功率
🚀 [Item W121845] Generating EVERYTHING for: 绿灯
🚀 [Item W121846] Generating EVERYTHING for: 绿地
🚀 [Item W121847] Generating EVERYTHING for: 孪生
🚀 [Item W121848] Generating EVERYTHING for: 卵
🚀 [Item W121849] Generating EVERYTHING for: 乱七八糟
🚀 [Item W121850] Generating EVERYTHING for: 略
🚀 [Item W121851] Generating EVERYTHING for: 略微
🚀 [Item W121852] Generating EVERYTHING for: 抡
🚀 [Item W121853] Generating EVERYTHING for: 伦理
🚀 [Item W121854] Generating EVERYTHING for: 轮换
🚀 [Item W121855] Generating EVERYTHING for: 论述
🚀 [Item W121856] Generating EVERYTHING for: 罗
🚀 [Item W121857] Generating EVERYTHING for: 萝卜
🚀 [Item W121858] Generating EVERYTHING for: 螺丝
🚀 [Item W121859] Generating EVERYTHING for: 裸
🚀 [Item W121860] Generating EVERYTHING for: 裸露
🚀 [Item W121861] Generating EVERYTHING for: 落差
🚀 [Item W121862] Generating EVERYTHING for: 落地
🚀 [Item W121863] Generating EVERYTHING for: 落户
🚀 [Item W121864] Generating EVERYTHING for: 落下
🚀 [Item W121865] Generating EVERYTHING for: 麻
🚀 [Item W121866] Generating EVERYTHING for: 麻将
🚀 [Item W121867] Generating EVERYTHING for: 麻辣
🚀 [Item W121868] Generating EVERYTHING for: 马后炮
🚀 [Item W121869] Generating EVERYTHING for: 马力
🚀 [Item W121870] Generating EVERYTHING for: 马桶
🚀 [Item W121871] Generating EVERYTHING for: 马戏
🚀 [Item W121872] Generating EVERYTHING for: 码
🚀 [Item W121873] Generating EVERYTHING for: 埋藏
[localization_shard_0035.json] Processing 130/130 jobs (Streaming)...
🚀 [Item W121874] Generating EVERYTHING for: 买不起
🚀 [Item W121875] Generating EVERYTHING for: 迈进
🚀 [Item W121876] Generating EVERYTHING for: 卖弄
🚀 [Item W121877] Generating EVERYTHING for: 脉络
🚀 [Item W121878] Generating EVERYTHING for: 蛮
🚀 [Item W121879] Generating EVERYTHING for: 瞒
🚀 [Item W121880] Generating EVERYTHING for: 满怀
🚀 [Item W121881] Generating EVERYTHING for: 漫
🚀 [Item W121882] Generating EVERYTHING for: 漫游
🚀 [Item W121883] Generating EVERYTHING for: 慢慢来
🚀 [Item W121884] Generating EVERYTHING for: 忙活
🚀 [Item W121885] Generating EVERYTHING for: 忙乱
🚀 [Item W121886] Generating EVERYTHING for: 矛头
🚀 [Item W121887] Generating EVERYTHING for: 茅台
🚀 [Item W121888] Generating EVERYTHING for: 茅台酒
🚀 [Item W121889] Generating EVERYTHING for: 茂密
🚀 [Item W121890] Generating EVERYTHING for: 冒昧
🚀 [Item W121891] Generating EVERYTHING for: 没劲
🚀 [Item W121892] Generating EVERYTHING for: 没说的
🚀 [Item W121893] Generating EVERYTHING for: 没完没了
🚀 [Item W121894] Generating EVERYTHING for: 没意思
🚀 [Item W121895] Generating EVERYTHING for: 没辙
🚀 [Item W121896] Generating EVERYTHING for: 没准儿
🚀 [Item W121897] Generating EVERYTHING for: 玫瑰
🚀 [Item W121898] Generating EVERYTHING for: 眉开眼笑
🚀 [Item W121899] Generating EVERYTHING for: 煤矿
🚀 [Item W121900] Generating EVERYTHING for: 每当
🚀 [Item W121901] Generating EVERYTHING for: 每逢
🚀 [Item W121902] Generating EVERYTHING for: 美德
🚀 [Item W121903] Generating EVERYTHING for: 美化
🚀 [Item W121904] Generating EVERYTHING for: 美景
🚀 [Item W121905] Generating EVERYTHING for: 美人
🚀 [Item W121906] Generating EVERYTHING for: 美味
🚀 [Item W121907] Generating EVERYTHING for: 美中不足
🚀 [Item W121908] Generating EVERYTHING for: 美滋滋
🚀 [Item W121909] Generating EVERYTHING for: 闷
🚀 [Item W121910] Generating EVERYTHING for: 门当户对
🚀 [Item W121911] Generating EVERYTHING for: 门槛
🚀 [Item W121912] Generating EVERYTHING for: 门铃
🚀 [Item W121913] Generating EVERYTHING for: 门路
🚀 [Item W121914] Generating EVERYTHING for: 闷
🚀 [Item W121915] Generating EVERYTHING for: 萌发
🚀 [Item W121916] Generating EVERYTHING for: 盟友
🚀 [Item W121917] Generating EVERYTHING for: 朦胧
🚀 [Item W121918] Generating EVERYTHING for: 猛然
🚀 [Item W121919] Generating EVERYTHING for: 梦幻
🚀 [Item W121920] Generating EVERYTHING for: 迷惑不解
🚀 [Item W121921] Generating EVERYTHING for: 迷恋
🚀 [Item W121922] Generating EVERYTHING for: 迷失
🚀 [Item W121923] Generating EVERYTHING for: 谜
🚀 [Item W121924] Generating EVERYTHING for: 谜底
🚀 [Item W121925] Generating EVERYTHING for: 谜团
🚀 [Item W121926] Generating EVERYTHING for: 秘方
🚀 [Item W121927] Generating EVERYTHING for: 秘诀
🚀 [Item W121928] Generating EVERYTHING for: 密不可分
🚀 [Item W121929] Generating EVERYTHING for: 密集
🚀 [Item W121930] Generating EVERYTHING for: 蜜
🚀 [Item W121931] Generating EVERYTHING for: 蜜月
🚀 [Item W121932] Generating EVERYTHING for: 免
🚀 [Item W121933] Generating EVERYTHING for: 免不了
🚀 [Item W121934] Generating EVERYTHING for: 免除
🚀 [Item W121935] Generating EVERYTHING for: 免职
🚀 [Item W121936] Generating EVERYTHING for: 缅怀
🚀 [Item W121937] Generating EVERYTHING for: 面部
🚀 [Item W121938] Generating EVERYTHING for: 面粉
🚀 [Item W121939] Generating EVERYTHING for: 面红耳赤
🚀 [Item W121940] Generating EVERYTHING for: 面面俱到
🚀 [Item W121941] Generating EVERYTHING for: 面目全非
🚀 [Item W121942] Generating EVERYTHING for: 苗
🚀 [Item W121943] Generating EVERYTHING for: 苗头
🚀 [Item W121944] Generating EVERYTHING for: 庙
🚀 [Item W121945] Generating EVERYTHING for: 庙会
🚀 [Item W121946] Generating EVERYTHING for: 灭绝
🚀 [Item W121947] Generating EVERYTHING for: 民办
🚀 [Item W121948] Generating EVERYTHING for: 民俗
🚀 [Item W121949] Generating EVERYTHING for: 民用
🚀 [Item W121950] Generating EVERYTHING for: 民众
🚀 [Item W121951] Generating EVERYTHING for: 名贵
🚀 [Item W121952] Generating EVERYTHING for: 名利
🚀 [Item W121953] Generating EVERYTHING for: 名气
🚀 [Item W121954] Generating EVERYTHING for: 名声
🚀 [Item W121955] Generating EVERYTHING for: 名言
🚀 [Item W121956] Generating EVERYTHING for: 名著
🚀 [Item W121957] Generating EVERYTHING for: 明朗
🚀 [Item W121958] Generating EVERYTHING for: 明媚
🚀 [Item W121959] Generating EVERYTHING for: 铭记
🚀 [Item W121960] Generating EVERYTHING for: 命题
🚀 [Item W121961] Generating EVERYTHING for: 模拟
🚀 [Item W121962] Generating EVERYTHING for: 磨难
🚀 [Item W121963] Generating EVERYTHING for: 磨损
🚀 [Item W121964] Generating EVERYTHING for: 蘑菇
🚀 [Item W121965] Generating EVERYTHING for: 抹
🚀 [Item W121966] Generating EVERYTHING for: 末日
🚀 [Item W121967] Generating EVERYTHING for: 没落
🚀 [Item W121968] Generating EVERYTHING for: 莫非
🚀 [Item W121969] Generating EVERYTHING for: 莫过于
🚀 [Item W121970] Generating EVERYTHING for: 漠然
🚀 [Item W121971] Generating EVERYTHING for: 墨
🚀 [Item W121972] Generating EVERYTHING for: 默读
🚀 [Item W121973] Generating EVERYTHING for: 默默无闻
🚀 [Item W121974] Generating EVERYTHING for: 默契
🚀 [Item W121975] Generating EVERYTHING for: 谋害
🚀 [Item W121976] Generating EVERYTHING for: 谋生
🚀 [Item W121977] Generating EVERYTHING for: 牡丹
🚀 [Item W121978] Generating EVERYTHING for: 亩
🚀 [Item W121979] Generating EVERYTHING for: 木板
🚀 [Item W121980] Generating EVERYTHING for: 木材
🚀 [Item W121981] Generating EVERYTHING for: 木匠
🚀 [Item W121982] Generating EVERYTHING for: 木偶
🚀 [Item W121983] Generating EVERYTHING for: 目不转睛
🚀 [Item W121984] Generating EVERYTHING for: 目瞪口呆
🚀 [Item W121985] Generating EVERYTHING for: 目的地
🚀 [Item W121986] Generating EVERYTHING for: 目中无人
🚀 [Item W121987] Generating EVERYTHING for: 沐浴露
🚀 [Item W121988] Generating EVERYTHING for: 牧场
🚀 [Item W121989] Generating EVERYTHING for: 牧民
🚀 [Item W121990] Generating EVERYTHING for: 募捐
🚀 [Item W121991] Generating EVERYTHING for: 墓碑
🚀 [Item W121992] Generating EVERYTHING for: 墓地
🚀 [Item W121993] Generating EVERYTHING for: 幕
🚀 [Item W121994] Generating EVERYTHING for: 幕后
🚀 [Item W121995] Generating EVERYTHING for: 穆斯林
🚀 [Item W121996] Generating EVERYTHING for: 哪知道
🚀 [Item W121997] Generating EVERYTHING for: 呐喊
🚀 [Item W121998] Generating EVERYTHING for: 纳入
🚀 [Item W121999] Generating EVERYTHING for: 纳税
🚀 [Item W122000] Generating EVERYTHING for: 纳税人
🚀 [Item W122001] Generating EVERYTHING for: 乃
🚀 [Item W122002] Generating EVERYTHING for: 乃至
🚀 [Item W122003] Generating EVERYTHING for: 耐
[localization_shard_0036.json] Processing 130/130 jobs (Streaming)...
🚀 [Item W122004] Generating EVERYTHING for: 耐人寻味
🚀 [Item W122005] Generating EVERYTHING for: 耐性
🚀 [Item W122006] Generating EVERYTHING for: 南瓜
🚀 [Item W122007] Generating EVERYTHING for: 难处
🚀 [Item W122008] Generating EVERYTHING for: 难得一见
🚀 [Item W122009] Generating EVERYTHING for: 难点
🚀 [Item W122010] Generating EVERYTHING for: 难关
🚀 [Item W122011] Generating EVERYTHING for: 难说
🚀 [Item W122012] Generating EVERYTHING for: 难为情
🚀 [Item W122013] Generating EVERYTHING for: 难以想象
🚀 [Item W122014] Generating EVERYTHING for: 难以置信
🚀 [Item W122015] Generating EVERYTHING for: 挠
🚀 [Item W122016] Generating EVERYTHING for: 恼羞成怒
🚀 [Item W122017] Generating EVERYTHING for: 脑海
🚀 [Item W122018] Generating EVERYTHING for: 脑筋
🚀 [Item W122019] Generating EVERYTHING for: 闹事
🚀 [Item W122020] Generating EVERYTHING for: 闹着玩儿
🚀 [Item W122021] Generating EVERYTHING for: 内存
🚀 [Item W122022] Generating EVERYTHING for: 内阁
🚀 [Item W122023] Generating EVERYTHING for: 内行
🚀 [Item W122024] Generating EVERYTHING for: 内向
🚀 [Item W122025] Generating EVERYTHING for: 内需
🚀 [Item W122026] Generating EVERYTHING for: 能耗
🚀 [Item W122027] Generating EVERYTHING for: 能耐
🚀 [Item W122028] Generating EVERYTHING for: 能人
🚀 [Item W122029] Generating EVERYTHING for: 尼龙
🚀 [Item W122030] Generating EVERYTHING for: 泥潭
🚀 [Item W122031] Generating EVERYTHING for: 泥土
🚀 [Item W122032] Generating EVERYTHING for: 拟
🚀 [Item W122033] Generating EVERYTHING for: 逆
🚀 [Item W122034] Generating EVERYTHING for: 匿名
🚀 [Item W122035] Generating EVERYTHING for: 年画
🚀 [Item W122036] Generating EVERYTHING for: 年迈
🚀 [Item W122037] Generating EVERYTHING for: 年限
🚀 [Item W122038] Generating EVERYTHING for: 年薪
🚀 [Item W122039] Generating EVERYTHING for: 年夜饭
🚀 [Item W122040] Generating EVERYTHING for: 年终
🚀 [Item W122041] Generating EVERYTHING for: 黏
🚀 [Item W122042] Generating EVERYTHING for: 念念不忘
🚀 [Item W122043] Generating EVERYTHING for: 念书
🚀 [Item W122044] Generating EVERYTHING for: 念头
🚀 [Item W122045] Generating EVERYTHING for: 娘
🚀 [Item W122046] Generating EVERYTHING for: 酿造
🚀 [Item W122047] Generating EVERYTHING for: 鸟巢
🚀 [Item W122048] Generating EVERYTHING for: 尿
🚀 [Item W122049] Generating EVERYTHING for: 扭曲
🚀 [Item W122050] Generating EVERYTHING for: 扭头
🚀 [Item W122051] Generating EVERYTHING for: 纽带
🚀 [Item W122052] Generating EVERYTHING for: 纽扣
🚀 [Item W122053] Generating EVERYTHING for: 农场
🚀 [Item W122054] Generating EVERYTHING for: 农民工
🚀 [Item W122055] Generating EVERYTHING for: 农作物
🚀 [Item W122056] Generating EVERYTHING for: 浓缩
🚀 [Item W122057] Generating EVERYTHING for: 浓郁
🚀 [Item W122058] Generating EVERYTHING for: 浓重
🚀 [Item W122059] Generating EVERYTHING for: 弄虚作假
🚀 [Item W122060] Generating EVERYTHING for: 女婿
🚀 [Item W122061] Generating EVERYTHING for: 暖烘烘
🚀 [Item W122062] Generating EVERYTHING for: 诺言
🚀 [Item W122063] Generating EVERYTHING for: 拍板
🚀 [Item W122064] Generating EVERYTHING for: 拍卖
🚀 [Item W122065] Generating EVERYTHING for: 拍戏
🚀 [Item W122066] Generating EVERYTHING for: 牌照
🚀 [Item W122067] Generating EVERYTHING for: 攀
🚀 [Item W122068] Generating EVERYTHING for: 攀升
🚀 [Item W122069] Generating EVERYTHING for: 盘算
🚀 [Item W122070] Generating EVERYTHING for: 判处
🚀 [Item W122071] Generating EVERYTHING for: 判定
🚀 [Item W122072] Generating EVERYTHING for: 盼
🚀 [Item W122073] Generating EVERYTHING for: 叛逆
🚀 [Item W122074] Generating EVERYTHING for: 旁观
🚀 [Item W122075] Generating EVERYTHING for: 抛
🚀 [Item W122076] Generating EVERYTHING for: 抛开
🚀 [Item W122077] Generating EVERYTHING for: 刨
🚀 [Item W122078] Generating EVERYTHING for: 跑车
🚀 [Item W122079] Generating EVERYTHING for: 跑道
🚀 [Item W122080] Generating EVERYTHING for: 跑龙套
🚀 [Item W122081] Generating EVERYTHING for: 胚胎
🚀 [Item W122082] Generating EVERYTHING for: 陪伴
🚀 [Item W122083] Generating EVERYTHING for: 陪葬
🚀 [Item W122084] Generating EVERYTHING for: 赔钱
🚀 [Item W122085] Generating EVERYTHING for: 配件
🚀 [Item W122086] Generating EVERYTHING for: 配送
🚀 [Item W122087] Generating EVERYTHING for: 配音
🚀 [Item W122088] Generating EVERYTHING for: 喷泉
🚀 [Item W122089] Generating EVERYTHING for: 抨击
🚀 [Item W122090] Generating EVERYTHING for: 烹调
🚀 [Item W122091] Generating EVERYTHING for: 蓬勃
🚀 [Item W122092] Generating EVERYTHING for: 鹏程万里
🚀 [Item W122093] Generating EVERYTHING for: 膨胀
🚀 [Item W122094] Generating EVERYTHING for: 捧场
🚀 [Item W122095] Generating EVERYTHING for: 碰钉子
🚀 [Item W122096] Generating EVERYTHING for: 碰巧
🚀 [Item W122097] Generating EVERYTHING for: 碰上
🚀 [Item W122098] Generating EVERYTHING for: 碰撞
🚀 [Item W122099] Generating EVERYTHING for: 披露
🚀 [Item W122100] Generating EVERYTHING for: 皮带
🚀 [Item W122101] Generating EVERYTHING for: 疲惫不堪
🚀 [Item W122102] Generating EVERYTHING for: 脾
🚀 [Item W122103] Generating EVERYTHING for: 匹配
🚀 [Item W122104] Generating EVERYTHING for: 媲美
🚀 [Item W122105] Generating EVERYTHING for: 僻静
🚀 [Item W122106] Generating EVERYTHING for: 譬如说
🚀 [Item W122107] Generating EVERYTHING for: 片子
🚀 [Item W122108] Generating EVERYTHING for: 偏方
🚀 [Item W122109] Generating EVERYTHING for: 偏向
🚀 [Item W122110] Generating EVERYTHING for: 偏远
🚀 [Item W122111] Generating EVERYTHING for: 篇幅
🚀 [Item W122112] Generating EVERYTHING for: 片段
🚀 [Item W122113] Generating EVERYTHING for: 骗人
🚀 [Item W122114] Generating EVERYTHING for: 漂
🚀 [Item W122115] Generating EVERYTHING for: 票房
🚀 [Item W122116] Generating EVERYTHING for: 贫富
🚀 [Item W122117] Generating EVERYTHING for: 贫穷
🚀 [Item W122118] Generating EVERYTHING for: 频频
🚀 [Item W122119] Generating EVERYTHING for: 品位
🚀 [Item W122120] Generating EVERYTHING for: 品行
🚀 [Item W122121] Generating EVERYTHING for: 聘
🚀 [Item W122122] Generating EVERYTHING for: 聘任
🚀 [Item W122123] Generating EVERYTHING for: 聘用
🚀 [Item W122124] Generating EVERYTHING for: 平常心
🚀 [Item W122125] Generating EVERYTHING for: 平淡
🚀 [Item W122126] Generating EVERYTHING for: 平和
🚀 [Item W122127] Generating EVERYTHING for: 平价
🚀 [Item W122128] Generating EVERYTHING for: 平民
🚀 [Item W122129] Generating EVERYTHING for: 平日
🚀 [Item W122130] Generating EVERYTHING for: 平息
🚀 [Item W122131] Generating EVERYTHING for: 评定
🚀 [Item W122132] Generating EVERYTHING for: 评论员
🚀 [Item W122133] Generating EVERYTHING for: 评判
[localization_shard_0037.json] Processing 130/130 jobs (Streaming)...
🚀 [Item W122134] Generating EVERYTHING for: 评审
🚀 [Item W122135] Generating EVERYTHING for: 评委
🚀 [Item W122136] Generating EVERYTHING for: 凭借
🚀 [Item W122137] Generating EVERYTHING for: 凭着
🚀 [Item W122138] Generating EVERYTHING for: 凭证
🚀 [Item W122139] Generating EVERYTHING for: 瓶颈
🚀 [Item W122140] Generating EVERYTHING for: 萍水相逢
🚀 [Item W122141] Generating EVERYTHING for: 泼冷水
🚀 [Item W122142] Generating EVERYTHING for: 迫使
🚀 [Item W122143] Generating EVERYTHING for: 破案
🚀 [Item W122144] Generating EVERYTHING for: 破除
🚀 [Item W122145] Generating EVERYTHING for: 破解
🚀 [Item W122146] Generating EVERYTHING for: 破旧
🚀 [Item W122147] Generating EVERYTHING for: 破裂
🚀 [Item W122148] Generating EVERYTHING for: 破灭
🚀 [Item W122149] Generating EVERYTHING for: 破碎
🚀 [Item W122150] Generating EVERYTHING for: 扑克
🚀 [Item W122151] Generating EVERYTHING for: 扑面而来
🚀 [Item W122152] Generating EVERYTHING for: 铺路
🚀 [Item W122153] Generating EVERYTHING for: 菩萨
🚀 [Item W122154] Generating EVERYTHING for: 普通人
🚀 [Item W122155] Generating EVERYTHING for: 谱
🚀 [Item W122156] Generating EVERYTHING for: 七嘴八舌
🚀 [Item W122157] Generating EVERYTHING for: 沏
🚀 [Item W122158] Generating EVERYTHING for: 期盼
🚀 [Item W122159] Generating EVERYTHING for: 欺诈
🚀 [Item W122160] Generating EVERYTHING for: 漆
🚀 [Item W122161] Generating EVERYTHING for: 其后
🚀 [Item W122162] Generating EVERYTHING for: 其间
🚀 [Item W122163] Generating EVERYTHING for: 奇花异草
🚀 [Item W122164] Generating EVERYTHING for: 奇特
🚀 [Item W122165] Generating EVERYTHING for: 祈祷
🚀 [Item W122166] Generating EVERYTHING for: 棋
🚀 [Item W122167] Generating EVERYTHING for: 棋子
🚀 [Item W122168] Generating EVERYTHING for: 乞求
🚀 [Item W122169] Generating EVERYTHING for: 乞讨
🚀 [Item W122170] Generating EVERYTHING for: 启迪
🚀 [Item W122171] Generating EVERYTHING for: 起步
🚀 [Item W122172] Generating EVERYTHING for: 起程
🚀 [Item W122173] Generating EVERYTHING for: 起劲
🚀 [Item W122174] Generating EVERYTHING for: 起跑线
🚀 [Item W122175] Generating EVERYTHING for: 气愤
🚀 [Item W122176] Generating EVERYTHING for: 气管
🚀 [Item W122177] Generating EVERYTHING for: 气馁
🚀 [Item W122178] Generating EVERYTHING for: 气派
🚀 [Item W122179] Generating EVERYTHING for: 气泡
🚀 [Item W122180] Generating EVERYTHING for: 气息
🚀 [Item W122181] Generating EVERYTHING for: 迄今
🚀 [Item W122182] Generating EVERYTHING for: 契机
🚀 [Item W122183] Generating EVERYTHING for: 契约
🚀 [Item W122184] Generating EVERYTHING for: 器械
🚀 [Item W122185] Generating EVERYTHING for: 卡
🚀 [Item W122186] Generating EVERYTHING for: 卡子
🚀 [Item W122187] Generating EVERYTHING for: 恰恰相反
🚀 [Item W122188] Generating EVERYTHING for: 恰如其分
🚀 [Item W122189] Generating EVERYTHING for: 千变万化
🚀 [Item W122190] Generating EVERYTHING for: 千家万户
🚀 [Item W122191] Generating EVERYTHING for: 千军万马
🚀 [Item W122192] Generating EVERYTHING for: 千钧一发
🚀 [Item W122193] Generating EVERYTHING for: 迁
🚀 [Item W122194] Generating EVERYTHING for: 迁移
🚀 [Item W122195] Generating EVERYTHING for: 牵挂
🚀 [Item W122196] Generating EVERYTHING for: 牵涉
🚀 [Item W122197] Generating EVERYTHING for: 牵头
🚀 [Item W122198] Generating EVERYTHING for: 铅
🚀 [Item W122199] Generating EVERYTHING for: 前辈
🚀 [Item W122200] Generating EVERYTHING for: 前不久
🚀 [Item W122201] Generating EVERYTHING for: 前赴后继
🚀 [Item W122202] Generating EVERYTHING for: 前期
🚀 [Item W122203] Generating EVERYTHING for: 前任
🚀 [Item W122204] Generating EVERYTHING for: 前所未有
🚀 [Item W122205] Generating EVERYTHING for: 前台
🚀 [Item W122206] Generating EVERYTHING for: 前无古人
🚀 [Item W122207] Generating EVERYTHING for: 前夕
🚀 [Item W122208] Generating EVERYTHING for: 前线
🚀 [Item W122209] Generating EVERYTHING for: 前沿
🚀 [Item W122210] Generating EVERYTHING for: 前仰后合
🚀 [Item W122211] Generating EVERYTHING for: 前者
🚀 [Item W122212] Generating EVERYTHING for: 虔诚
🚀 [Item W122213] Generating EVERYTHING for: 钱财
🚀 [Item W122214] Generating EVERYTHING for: 钳子
🚀 [Item W122215] Generating EVERYTHING for: 潜能
🚀 [Item W122216] Generating EVERYTHING for: 潜艇
🚀 [Item W122217] Generating EVERYTHING for: 潜在
🚀 [Item W122218] Generating EVERYTHING for: 欠缺
🚀 [Item W122219] Generating EVERYTHING for: 欠条
🚀 [Item W122220] Generating EVERYTHING for: 歉意
🚀 [Item W122221] Generating EVERYTHING for: 呛
🚀 [Item W122222] Generating EVERYTHING for: 枪毙
🚀 [Item W122223] Generating EVERYTHING for: 腔
🚀 [Item W122224] Generating EVERYTHING for: 强加
🚀 [Item W122225] Generating EVERYTHING for: 强劲
🚀 [Item W122226] Generating EVERYTHING for: 强项
🚀 [Item W122227] Generating EVERYTHING for: 强行
🚀 [Item W122228] Generating EVERYTHING for: 强硬
🚀 [Item W122229] Generating EVERYTHING for: 强占
🚀 [Item W122230] Generating EVERYTHING for: 抢夺
🚀 [Item W122231] Generating EVERYTHING for: 抢眼
🚀 [Item W122232] Generating EVERYTHING for: 敲边鼓
🚀 [Item W122233] Generating EVERYTHING for: 敲诈
🚀 [Item W122234] Generating EVERYTHING for: 乔装
🚀 [Item W122235] Generating EVERYTHING for: 瞧不起
🚀 [Item W122236] Generating EVERYTHING for: 巧合
🚀 [Item W122237] Generating EVERYTHING for: 撬
🚀 [Item W122238] Generating EVERYTHING for: 切除
🚀 [Item W122239] Generating EVERYTHING for: 切断
🚀 [Item W122240] Generating EVERYTHING for: 切割
🚀 [Item W122241] Generating EVERYTHING for: 且
🚀 [Item W122242] Generating EVERYTHING for: 切身
🚀 [Item W122243] Generating EVERYTHING for: 窃取
🚀 [Item W122244] Generating EVERYTHING for: 侵害
🚀 [Item W122245] Generating EVERYTHING for: 侵权
🚀 [Item W122246] Generating EVERYTHING for: 侵占
🚀 [Item W122247] Generating EVERYTHING for: 亲和力
🚀 [Item W122248] Generating EVERYTHING for: 亲近
🚀 [Item W122249] Generating EVERYTHING for: 亲朋好友
🚀 [Item W122250] Generating EVERYTHING for: 亲情
🚀 [Item W122251] Generating EVERYTHING for: 亲身
🚀 [Item W122252] Generating EVERYTHING for: 亲生
🚀 [Item W122253] Generating EVERYTHING for: 亲手
🚀 [Item W122254] Generating EVERYTHING for: 亲友
🚀 [Item W122255] Generating EVERYTHING for: 勤工俭学
🚀 [Item W122256] Generating EVERYTHING for: 勤快
🚀 [Item W122257] Generating EVERYTHING for: 寝室
🚀 [Item W122258] Generating EVERYTHING for: 青春期
🚀 [Item W122259] Generating EVERYTHING for: 青蛙
🚀 [Item W122260] Generating EVERYTHING for: 轻而易举
🚀 [Item W122261] Generating EVERYTHING for: 轻蔑
🚀 [Item W122262] Generating EVERYTHING for: 轻微
🚀 [Item W122263] Generating EVERYTHING for: 轻型
[localization_shard_0038.json] Processing 130/130 jobs (Streaming)...
🚀 [Item W122264] Generating EVERYTHING for: 倾家荡产
🚀 [Item W122265] Generating EVERYTHING for: 倾诉
🚀 [Item W122266] Generating EVERYTHING for: 倾销
🚀 [Item W122267] Generating EVERYTHING for: 清脆
🚀 [Item W122268] Generating EVERYTHING for: 清单
🚀 [Item W122269] Generating EVERYTHING for: 清静
🚀 [Item W122270] Generating EVERYTHING for: 清凉
🚀 [Item W122271] Generating EVERYTHING for: 清明
🚀 [Item W122272] Generating EVERYTHING for: 清新
🚀 [Item W122273] Generating EVERYTHING for: 清真寺
🚀 [Item W122274] Generating EVERYTHING for: 情
🚀 [Item W122275] Generating EVERYTHING for: 情不自禁
🚀 [Item W122276] Generating EVERYTHING for: 情调
🚀 [Item W122277] Generating EVERYTHING for: 情怀
🚀 [Item W122278] Generating EVERYTHING for: 情结
🚀 [Item W122279] Generating EVERYTHING for: 情侣
🚀 [Item W122280] Generating EVERYTHING for: 情人
🚀 [Item W122281] Generating EVERYTHING for: 情谊
🚀 [Item W122282] Generating EVERYTHING for: 情愿
🚀 [Item W122283] Generating EVERYTHING for: 庆典
🚀 [Item W122284] Generating EVERYTHING for: 庆贺
🚀 [Item W122285] Generating EVERYTHING for: 庆幸
🚀 [Item W122286] Generating EVERYTHING for: 囚犯
🚀 [Item W122287] Generating EVERYTHING for: 求婚
🚀 [Item W122288] Generating EVERYTHING for: 求救
🚀 [Item W122289] Generating EVERYTHING for: 求学
🚀 [Item W122290] Generating EVERYTHING for: 求医
🚀 [Item W122291] Generating EVERYTHING for: 求证
🚀 [Item W122292] Generating EVERYTHING for: 求助
🚀 [Item W122293] Generating EVERYTHING for: 曲线
🚀 [Item W122294] Generating EVERYTHING for: 驱动
🚀 [Item W122295] Generating EVERYTHING for: 趋于
🚀 [Item W122296] Generating EVERYTHING for: 曲
🚀 [Item W122297] Generating EVERYTHING for: 取代
🚀 [Item W122298] Generating EVERYTHING for: 取而代之
🚀 [Item W122299] Generating EVERYTHING for: 取经
🚀 [Item W122300] Generating EVERYTHING for: 取决于
🚀 [Item W122301] Generating EVERYTHING for: 取暖
🚀 [Item W122302] Generating EVERYTHING for: 取胜
🚀 [Item W122303] Generating EVERYTHING for: 取笑
🚀 [Item W122304] Generating EVERYTHING for: 去除
🚀 [Item W122305] Generating EVERYTHING for: 去处
🚀 [Item W122306] Generating EVERYTHING for: 去向
🚀 [Item W122307] Generating EVERYTHING for: 圈子
🚀 [Item W122308] Generating EVERYTHING for: 权益
🚀 [Item W122309] Generating EVERYTHING for: 全长
🚀 [Item W122310] Generating EVERYTHING for: 全程
🚀 [Item W122311] Generating EVERYTHING for: 全方位
🚀 [Item W122312] Generating EVERYTHING for: 全能
🚀 [Item W122313] Generating EVERYTHING for: 全文
🚀 [Item W122314] Generating EVERYTHING for: 全心全意
🚀 [Item W122315] Generating EVERYTHING for: 拳
🚀 [Item W122316] Generating EVERYTHING for: 劝告
🚀 [Item W122317] Generating EVERYTHING for: 劝说
🚀 [Item W122318] Generating EVERYTHING for: 劝阻
🚀 [Item W122319] Generating EVERYTHING for: 缺失
🚀 [Item W122320] Generating EVERYTHING for: 确凿
🚀 [Item W122321] Generating EVERYTHING for: 确诊
🚀 [Item W122322] Generating EVERYTHING for: 燃放
🚀 [Item W122323] Generating EVERYTHING for: 燃气
🚀 [Item W122324] Generating EVERYTHING for: 燃油
🚀 [Item W122325] Generating EVERYTHING for: 饶
🚀 [Item W122326] Generating EVERYTHING for: 绕行
🚀 [Item W122327] Generating EVERYTHING for: 惹
🚀 [Item W122328] Generating EVERYTHING for: 热潮
🚀 [Item W122329] Generating EVERYTHING for: 热带
🚀 [Item W122330] Generating EVERYTHING for: 热气
🚀 [Item W122331] Generating EVERYTHING for: 热气球
🚀 [Item W122332] Generating EVERYTHING for: 热腾腾
🚀 [Item W122333] Generating EVERYTHING for: 热衷
🚀 [Item W122334] Generating EVERYTHING for: 人次
🚀 [Item W122335] Generating EVERYTHING for: 人工智能
🚀 [Item W122336] Generating EVERYTHING for: 人均
🚀 [Item W122337] Generating EVERYTHING for: 人品
🚀 [Item W122338] Generating EVERYTHING for: 人气
🚀 [Item W122339] Generating EVERYTHING for: 人情
🚀 [Item W122340] Generating EVERYTHING for: 人身
🚀 [Item W122341] Generating EVERYTHING for: 人手
🚀 [Item W122342] Generating EVERYTHING for: 人体
🚀 [Item W122343] Generating EVERYTHING for: 人文
🚀 [Item W122344] Generating EVERYTHING for: 人行道
🚀 [Item W122345] Generating EVERYTHING for: 人选
🚀 [Item W122346] Generating EVERYTHING for: 人缘儿
🚀 [Item W122347] Generating EVERYTHING for: 人造
🚀 [Item W122348] Generating EVERYTHING for: 忍饥挨饿
🚀 [Item W122349] Generating EVERYTHING for: 忍心
🚀 [Item W122350] Generating EVERYTHING for: 认错
🚀 [Item W122351] Generating EVERYTHING for: 认证
🚀 [Item W122352] Generating EVERYTHING for: 认知
🚀 [Item W122353] Generating EVERYTHING for: 任期
🚀 [Item W122354] Generating EVERYTHING for: 任人宰割
🚀 [Item W122355] Generating EVERYTHING for: 任职
🚀 [Item W122356] Generating EVERYTHING for: 韧性
🚀 [Item W122357] Generating EVERYTHING for: 日复一日
🚀 [Item W122358] Generating EVERYTHING for: 日后
🚀 [Item W122359] Generating EVERYTHING for: 日前
🚀 [Item W122360] Generating EVERYTHING for: 日趋
🚀 [Item W122361] Generating EVERYTHING for: 荣获
🚀 [Item W122362] Generating EVERYTHING for: 容光焕发
🚀 [Item W122363] Generating EVERYTHING for: 容量
🚀 [Item W122364] Generating EVERYTHING for: 容许
🚀 [Item W122365] Generating EVERYTHING for: 容颜
🚀 [Item W122366] Generating EVERYTHING for: 融
🚀 [Item W122367] Generating EVERYTHING for: 冗长
🚀 [Item W122368] Generating EVERYTHING for: 柔软
🚀 [Item W122369] Generating EVERYTHING for: 如果说
🚀 [Item W122370] Generating EVERYTHING for: 如实
🚀 [Item W122371] Generating EVERYTHING for: 如意
🚀 [Item W122372] Generating EVERYTHING for: 如愿以偿
🚀 [Item W122373] Generating EVERYTHING for: 如醉如痴
🚀 [Item W122374] Generating EVERYTHING for: 儒学
🚀 [Item W122375] Generating EVERYTHING for: 入场
🚀 [Item W122376] Generating EVERYTHING for: 入场券
🚀 [Item W122377] Generating EVERYTHING for: 入境
🚀 [Item W122378] Generating EVERYTHING for: 入侵
🚀 [Item W122379] Generating EVERYTHING for: 入手
🚀 [Item W122380] Generating EVERYTHING for: 入选
🚀 [Item W122381] Generating EVERYTHING for: 软弱
🚀 [Item W122382] Generating EVERYTHING for: 软实力
🚀 [Item W122383] Generating EVERYTHING for: 瑞雪
🚀 [Item W122384] Generating EVERYTHING for: 润
🚀 [Item W122385] Generating EVERYTHING for: 弱势
🚀 [Item W122386] Generating EVERYTHING for: 撒
🚀 [Item W122387] Generating EVERYTHING for: 赛车
🚀 [Item W122388] Generating EVERYTHING for: 赛跑
🚀 [Item W122389] Generating EVERYTHING for: 三番五次
🚀 [Item W122390] Generating EVERYTHING for: 三角
🚀 [Item W122391] Generating EVERYTHING for: 三维
🚀 [Item W122392] Generating EVERYTHING for: 桑拿
🚀 [Item W122393] Generating EVERYTHING for: 丧生
[localization_shard_0039.json] Processing 130/130 jobs (Streaming)...
🚀 [Item W122394] Generating EVERYTHING for: 骚乱
🚀 [Item W122395] Generating EVERYTHING for: 扫除
🚀 [Item W122396] Generating EVERYTHING for: 扫描
🚀 [Item W122397] Generating EVERYTHING for: 扫墓
🚀 [Item W122398] Generating EVERYTHING for: 扫兴
🚀 [Item W122399] Generating EVERYTHING for: 僧人
🚀 [Item W122400] Generating EVERYTHING for: 杀害
🚀 [Item W122401] Generating EVERYTHING for: 杀手
🚀 [Item W122402] Generating EVERYTHING for: 沙龙
🚀 [Item W122403] Generating EVERYTHING for: 纱
🚀 [Item W122404] Generating EVERYTHING for: 砂糖
🚀 [Item W122405] Generating EVERYTHING for: 鲨鱼
🚀 [Item W122406] Generating EVERYTHING for: 傻瓜
🚀 [Item W122407] Generating EVERYTHING for: 筛
🚀 [Item W122408] Generating EVERYTHING for: 晒太阳
🚀 [Item W122409] Generating EVERYTHING for: 山川
🚀 [Item W122410] Generating EVERYTHING for: 山顶
🚀 [Item W122411] Generating EVERYTHING for: 山冈
🚀 [Item W122412] Generating EVERYTHING for: 山岭
🚀 [Item W122413] Generating EVERYTHING for: 山路
🚀 [Item W122414] Generating EVERYTHING for: 山寨
🚀 [Item W122415] Generating EVERYTHING for: 删
🚀 [Item W122416] Generating EVERYTHING for: 煽动
🚀 [Item W122417] Generating EVERYTHING for: 善
🚀 [Item W122418] Generating EVERYTHING for: 善意
🚀 [Item W122419] Generating EVERYTHING for: 膳食
🚀 [Item W122420] Generating EVERYTHING for: 赡养
🚀 [Item W122421] Generating EVERYTHING for: 伤残
🚀 [Item W122422] Generating EVERYTHING for: 伤感
🚀 [Item W122423] Generating EVERYTHING for: 伤痕
🚀 [Item W122424] Generating EVERYTHING for: 伤势
🚀 [Item W122425] Generating EVERYTHING for: 商贩
🚀 [Item W122426] Generating EVERYTHING for: 商贾
🚀 [Item W122427] Generating EVERYTHING for: 商讨
🚀 [Item W122428] Generating EVERYTHING for: 上报
🚀 [Item W122429] Generating EVERYTHING for: 上场
🚀 [Item W122430] Generating EVERYTHING for: 上方
🚀 [Item W122431] Generating EVERYTHING for: 上岗
🚀 [Item W122432] Generating EVERYTHING for: 上火
🚀 [Item W122433] Generating EVERYTHING for: 上空
🚀 [Item W122434] Generating EVERYTHING for: 上流
🚀 [Item W122435] Generating EVERYTHING for: 上期
🚀 [Item W122436] Generating EVERYTHING for: 上述
🚀 [Item W122437] Generating EVERYTHING for: 上司
🚀 [Item W122438] Generating EVERYTHING for: 上诉
🚀 [Item W122439] Generating EVERYTHING for: 上调
🚀 [Item W122440] Generating EVERYTHING for: 上头
🚀 [Item W122441] Generating EVERYTHING for: 上限
🚀 [Item W122442] Generating EVERYTHING for: 上旬
🚀 [Item W122443] Generating EVERYTHING for: 上映
🚀 [Item W122444] Generating EVERYTHING for: 尚
🚀 [Item W122445] Generating EVERYTHING for: 尚未
🚀 [Item W122446] Generating EVERYTHING for: 烧毁
🚀 [Item W122447] Generating EVERYTHING for: 烧烤
🚀 [Item W122448] Generating EVERYTHING for: 稍后
🚀 [Item W122449] Generating EVERYTHING for: 稍候
🚀 [Item W122450] Generating EVERYTHING for: 稍稍
🚀 [Item W122451] Generating EVERYTHING for: 少不了
🚀 [Item W122452] Generating EVERYTHING for: 少见
🚀 [Item W122453] Generating EVERYTHING for: 少量
🚀 [Item W122454] Generating EVERYTHING for: 少有
🚀 [Item W122455] Generating EVERYTHING for: 少林寺
🚀 [Item W122456] Generating EVERYTHING for: 少女
🚀 [Item W122457] Generating EVERYTHING for: 奢望
🚀 [Item W122458] Generating EVERYTHING for: 设
🚀 [Item W122459] Generating EVERYTHING for: 设定
🚀 [Item W122460] Generating EVERYTHING for: 设法
🚀 [Item W122461] Generating EVERYTHING for: 社会主义
🚀 [Item W122462] Generating EVERYTHING for: 社交
🚀 [Item W122463] Generating EVERYTHING for: 社论
🚀 [Item W122464] Generating EVERYTHING for: 社团
🚀 [Item W122465] Generating EVERYTHING for: 涉嫌
🚀 [Item W122466] Generating EVERYTHING for: 谁知道
🚀 [Item W122467] Generating EVERYTHING for: 申办
🚀 [Item W122468] Generating EVERYTHING for: 申领
🚀 [Item W122469] Generating EVERYTHING for: 伸手
🚀 [Item W122470] Generating EVERYTHING for: 伸缩
🚀 [Item W122471] Generating EVERYTHING for: 伸张
🚀 [Item W122472] Generating EVERYTHING for: 身不由己
🚀 [Item W122473] Generating EVERYTHING for: 身价
🚀 [Item W122474] Generating EVERYTHING for: 身躯
🚀 [Item W122475] Generating EVERYTHING for: 身心
🚀 [Item W122476] Generating EVERYTHING for: 身影
🚀 [Item W122477] Generating EVERYTHING for: 身子
🚀 [Item W122478] Generating EVERYTHING for: 深切
🚀 [Item W122479] Generating EVERYTHING for: 深情
🚀 [Item W122480] Generating EVERYTHING for: 深入人心
🚀 [Item W122481] Generating EVERYTHING for: 深受
🚀 [Item W122482] Generating EVERYTHING for: 深思
🚀 [Item W122483] Generating EVERYTHING for: 深信
🚀 [Item W122484] Generating EVERYTHING for: 深夜
🚀 [Item W122485] Generating EVERYTHING for: 深远
🚀 [Item W122486] Generating EVERYTHING for: 审
🚀 [Item W122487] Generating EVERYTHING for: 审定
🚀 [Item W122488] Generating EVERYTHING for: 审核
🚀 [Item W122489] Generating EVERYTHING for: 审批
🚀 [Item W122490] Generating EVERYTHING for: 审视
🚀 [Item W122491] Generating EVERYTHING for: 肾
🚀 [Item W122492] Generating EVERYTHING for: 甚至于
🚀 [Item W122493] Generating EVERYTHING for: 渗
🚀 [Item W122494] Generating EVERYTHING for: 升温
🚀 [Item W122495] Generating EVERYTHING for: 生命线
🚀 [Item W122496] Generating EVERYTHING for: 生怕
🚀 [Item W122497] Generating EVERYTHING for: 生平
🚀 [Item W122498] Generating EVERYTHING for: 生前
🚀 [Item W122499] Generating EVERYTHING for: 生死
🚀 [Item W122500] Generating EVERYTHING for: 生涯
🚀 [Item W122501] Generating EVERYTHING for: 生硬
🚀 [Item W122502] Generating EVERYTHING for: 声称
🚀 [Item W122503] Generating EVERYTHING for: 声望
🚀 [Item W122504] Generating EVERYTHING for: 省事
🚀 [Item W122505] Generating EVERYTHING for: 圣贤
🚀 [Item W122506] Generating EVERYTHING for: 胜出
🚀 [Item W122507] Generating EVERYTHING for: 胜任
🚀 [Item W122508] Generating EVERYTHING for: 盛大
🚀 [Item W122509] Generating EVERYTHING for: 盛会
🚀 [Item W122510] Generating EVERYTHING for: 盛气凌人
🚀 [Item W122511] Generating EVERYTHING for: 剩余
🚀 [Item W122512] Generating EVERYTHING for: 失传
🚀 [Item W122513] Generating EVERYTHING for: 失控
🚀 [Item W122514] Generating EVERYTHING for: 失利
🚀 [Item W122515] Generating EVERYTHING for: 失恋
🚀 [Item W122516] Generating EVERYTHING for: 失灵
🚀 [Item W122517] Generating EVERYTHING for: 失落
🚀 [Item W122518] Generating EVERYTHING for: 失明
🚀 [Item W122519] Generating EVERYTHING for: 失效
🚀 [Item W122520] Generating EVERYTHING for: 失业率
🚀 [Item W122521] Generating EVERYTHING for: 师长
🚀 [Item W122522] Generating EVERYTHING for: 师资
🚀 [Item W122523] Generating EVERYTHING for: 施工
[localization_shard_0040.json] Processing 130/130 jobs (Streaming)...
🚀 [Item W122524] Generating EVERYTHING for: 施行
🚀 [Item W122525] Generating EVERYTHING for: 施压
🚀 [Item W122526] Generating EVERYTHING for: 湿度
🚀 [Item W122527] Generating EVERYTHING for: 十字路口
🚀 [Item W122528] Generating EVERYTHING for: 时不时
🚀 [Item W122529] Generating EVERYTHING for: 时段
🚀 [Item W122530] Generating EVERYTHING for: 时隔
🚀 [Item W122531] Generating EVERYTHING for: 时好时坏
🚀 [Item W122532] Generating EVERYTHING for: 时间表
🚀 [Item W122533] Generating EVERYTHING for: 时空
🚀 [Item W122534] Generating EVERYTHING for: 时速
🚀 [Item W122535] Generating EVERYTHING for: 实地
🚀 [Item W122536] Generating EVERYTHING for: 实话实说
🚀 [Item W122537] Generating EVERYTHING for: 实况
🚀 [Item W122538] Generating EVERYTHING for: 实体
🚀 [Item W122539] Generating EVERYTHING for: 实物
🚀 [Item W122540] Generating EVERYTHING for: 食宿
🚀 [Item W122541] Generating EVERYTHING for: 食用
🚀 [Item W122542] Generating EVERYTHING for: 史无前例
🚀 [Item W122543] Generating EVERYTHING for: 使唤
🚀 [Item W122544] Generating EVERYTHING for: 使者
🚀 [Item W122545] Generating EVERYTHING for: 士气
🚀 [Item W122546] Generating EVERYTHING for: 世故
🚀 [Item W122547] Generating EVERYTHING for: 世界级
🚀 [Item W122548] Generating EVERYTHING for: 世袭
🚀 [Item W122549] Generating EVERYTHING for: 市场经济
🚀 [Item W122550] Generating EVERYTHING for: 势不可当
🚀 [Item W122551] Generating EVERYTHING for: 势头
🚀 [Item W122552] Generating EVERYTHING for: 事务所
🚀 [Item W122553] Generating EVERYTHING for: 事宜
🚀 [Item W122554] Generating EVERYTHING for: 侍候
🚀 [Item W122555] Generating EVERYTHING for: 试探
🚀 [Item W122556] Generating EVERYTHING for: 试行
🚀 [Item W122557] Generating EVERYTHING for: 试用
🚀 [Item W122558] Generating EVERYTHING for: 试用期
🚀 [Item W122559] Generating EVERYTHING for: 视察
🚀 [Item W122560] Generating EVERYTHING for: 视角
🚀 [Item W122561] Generating EVERYTHING for: 视觉
🚀 [Item W122562] Generating EVERYTHING for: 柿子
🚀 [Item W122563] Generating EVERYTHING for: 适度
🚀 [Item W122564] Generating EVERYTHING for: 适量
🚀 [Item W122565] Generating EVERYTHING for: 适时
🚀 [Item W122566] Generating EVERYTHING for: 嗜好
🚀 [Item W122567] Generating EVERYTHING for: 收复
🚀 [Item W122568] Generating EVERYTHING for: 收敛
🚀 [Item W122569] Generating EVERYTHING for: 收留
🚀 [Item W122570] Generating EVERYTHING for: 收买
🚀 [Item W122571] Generating EVERYTHING for: 收视率
🚀 [Item W122572] Generating EVERYTHING for: 收支
🚀 [Item W122573] Generating EVERYTHING for: 手臂
🚀 [Item W122574] Generating EVERYTHING for: 手册
🚀 [Item W122575] Generating EVERYTHING for: 手动
🚀 [Item W122576] Generating EVERYTHING for: 手脚
🚀 [Item W122577] Generating EVERYTHING for: 手帕
🚀 [Item W122578] Generating EVERYTHING for: 手枪
🚀 [Item W122579] Generating EVERYTHING for: 手术室
🚀 [Item W122580] Generating EVERYTHING for: 手头
🚀 [Item W122581] Generating EVERYTHING for: 手腕
🚀 [Item W122582] Generating EVERYTHING for: 手掌
🚀 [Item W122583] Generating EVERYTHING for: 守候
🚀 [Item W122584] Generating EVERYTHING for: 守株待兔
🚀 [Item W122585] Generating EVERYTHING for: 首创
🚀 [Item W122586] Generating EVERYTHING for: 首府
🚀 [Item W122587] Generating EVERYTHING for: 首批
🚀 [Item W122588] Generating EVERYTHING for: 受过
🚀 [Item W122589] Generating EVERYTHING for: 受害
🚀 [Item W122590] Generating EVERYTHING for: 受害人
🚀 [Item W122591] Generating EVERYTHING for: 受贿
🚀 [Item W122592] Generating EVERYTHING for: 受惊
🚀 [Item W122593] Generating EVERYTHING for: 受苦
🚀 [Item W122594] Generating EVERYTHING for: 受理
🚀 [Item W122595] Generating EVERYTHING for: 受骗
🚀 [Item W122596] Generating EVERYTHING for: 受益
🚀 [Item W122597] Generating EVERYTHING for: 授权
🚀 [Item W122598] Generating EVERYTHING for: 售价
🚀 [Item W122599] Generating EVERYTHING for: 售票
🚀 [Item W122600] Generating EVERYTHING for: 书橱
🚀 [Item W122601] Generating EVERYTHING for: 书写
🚀 [Item W122602] Generating EVERYTHING for: 抒情
🚀 [Item W122603] Generating EVERYTHING for: 枢纽
🚀 [Item W122604] Generating EVERYTHING for: 梳
🚀 [Item W122605] Generating EVERYTHING for: 梳理
🚀 [Item W122606] Generating EVERYTHING for: 疏导
🚀 [Item W122607] Generating EVERYTHING for: 疏散
🚀 [Item W122608] Generating EVERYTHING for: 疏通
🚀 [Item W122609] Generating EVERYTHING for: 输家
🚀 [Item W122610] Generating EVERYTHING for: 输送
🚀 [Item W122611] Generating EVERYTHING for: 输血
🚀 [Item W122612] Generating EVERYTHING for: 输液
🚀 [Item W122613] Generating EVERYTHING for: 赎
🚀 [Item W122614] Generating EVERYTHING for: 暑期
🚀 [Item W122615] Generating EVERYTHING for: 属性
🚀 [Item W122616] Generating EVERYTHING for: 曙光
🚀 [Item W122617] Generating EVERYTHING for: 树木
🚀 [Item W122618] Generating EVERYTHING for: 树梢
🚀 [Item W122619] Generating EVERYTHING for: 树荫
🚀 [Item W122620] Generating EVERYTHING for: 树枝
🚀 [Item W122621] Generating EVERYTHING for: 数据库
🚀 [Item W122622] Generating EVERYTHING for: 刷新
🚀 [Item W122623] Generating EVERYTHING for: 耍赖
🚀 [Item W122624] Generating EVERYTHING for: 衰减
🚀 [Item W122625] Generating EVERYTHING for: 衰竭
🚀 [Item W122626] Generating EVERYTHING for: 衰弱
🚀 [Item W122627] Generating EVERYTHING for: 摔跤
🚀 [Item W122628] Generating EVERYTHING for: 率
🚀 [Item W122629] Generating EVERYTHING for: 拴
🚀 [Item W122630] Generating EVERYTHING for: 涮
🚀 [Item W122631] Generating EVERYTHING for: 双边
🚀 [Item W122632] Generating EVERYTHING for: 双重
🚀 [Item W122633] Generating EVERYTHING for: 双向
🚀 [Item W122634] Generating EVERYTHING for: 双赢
🚀 [Item W122635] Generating EVERYTHING for: 霜
🚀 [Item W122636] Generating EVERYTHING for: 水槽
🚀 [Item W122637] Generating EVERYTHING for: 水稻
🚀 [Item W122638] Generating EVERYTHING for: 水管
🚀 [Item W122639] Generating EVERYTHING for: 水壶
🚀 [Item W122640] Generating EVERYTHING for: 水货
🚀 [Item W122641] Generating EVERYTHING for: 水晶
🚀 [Item W122642] Generating EVERYTHING for: 水灵灵
🚀 [Item W122643] Generating EVERYTHING for: 水落石出
🚀 [Item W122644] Generating EVERYTHING for: 水面
🚀 [Item W122645] Generating EVERYTHING for: 水手
🚀 [Item W122646] Generating EVERYTHING for: 水温
🚀 [Item W122647] Generating EVERYTHING for: 水域
🚀 [Item W122648] Generating EVERYTHING for: 水源
🚀 [Item W122649] Generating EVERYTHING for: 水涨船高
🚀 [Item W122650] Generating EVERYTHING for: 水准
🚀 [Item W122651] Generating EVERYTHING for: 税收
🚀 [Item W122652] Generating EVERYTHING for: 税务
🚀 [Item W122653] Generating EVERYTHING for: 睡袋
[localization_shard_0041.json] Processing 130/130 jobs (Streaming)...
🚀 [Item W122654] Generating EVERYTHING for: 顺差
🚀 [Item W122655] Generating EVERYTHING for: 顺畅
🚀 [Item W122656] Generating EVERYTHING for: 顺从
🚀 [Item W122657] Generating EVERYTHING for: 顺理成章
🚀 [Item W122658] Generating EVERYTHING for: 顺路
🚀 [Item W122659] Generating EVERYTHING for: 顺其自然
🚀 [Item W122660] Generating EVERYTHING for: 顺势
🚀 [Item W122661] Generating EVERYTHING for: 顺手
🚀 [Item W122662] Generating EVERYTHING for: 顺心
🚀 [Item W122663] Generating EVERYTHING for: 顺应
🚀 [Item W122664] Generating EVERYTHING for: 顺着
🚀 [Item W122665] Generating EVERYTHING for: 说白了
🚀 [Item W122666] Generating EVERYTHING for: 说不上
🚀 [Item W122667] Generating EVERYTHING for: 说到底
🚀 [Item W122668] Generating EVERYTHING for: 说道
🚀 [Item W122669] Generating EVERYTHING for: 说干就干
🚀 [Item W122670] Generating EVERYTHING for: 说谎
🚀 [Item W122671] Generating EVERYTHING for: 说老实话
🚀 [Item W122672] Generating EVERYTHING for: 说起来
🚀 [Item W122673] Generating EVERYTHING for: 说情
🚀 [Item W122674] Generating EVERYTHING for: 说闲话
🚀 [Item W122675] Generating EVERYTHING for: 说真的
🚀 [Item W122676] Generating EVERYTHING for: 硕果
🚀 [Item W122677] Generating EVERYTHING for: 司空见惯
🚀 [Item W122678] Generating EVERYTHING for: 丝
🚀 [Item W122679] Generating EVERYTHING for: 私房钱
🚀 [Item W122680] Generating EVERYTHING for: 私家车
🚀 [Item W122681] Generating EVERYTHING for: 私立
🚀 [Item W122682] Generating EVERYTHING for: 私事
🚀 [Item W122683] Generating EVERYTHING for: 私下
🚀 [Item W122684] Generating EVERYTHING for: 私营
🚀 [Item W122685] Generating EVERYTHING for: 私有
🚀 [Item W122686] Generating EVERYTHING for: 思路
🚀 [Item W122687] Generating EVERYTHING for: 思前想后
🚀 [Item W122688] Generating EVERYTHING for: 死心
🚀 [Item W122689] Generating EVERYTHING for: 死心塌地
🚀 [Item W122690] Generating EVERYTHING for: 四合院
🚀 [Item W122691] Generating EVERYTHING for: 四季
🚀 [Item W122692] Generating EVERYTHING for: 四面八方
🚀 [Item W122693] Generating EVERYTHING for: 似曾相识
🚀 [Item W122694] Generating EVERYTHING for: 似是而非
🚀 [Item W122695] Generating EVERYTHING for: 伺机
🚀 [Item W122696] Generating EVERYTHING for: 饲料
🚀 [Item W122697] Generating EVERYTHING for: 松绑
🚀 [Item W122698] Generating EVERYTHING for: 松弛
🚀 [Item W122699] Generating EVERYTHING for: 耸立
🚀 [Item W122700] Generating EVERYTHING for: 送别
🚀 [Item W122701] Generating EVERYTHING for: 搜查
🚀 [Item W122702] Generating EVERYTHING for: 搜集
🚀 [Item W122703] Generating EVERYTHING for: 搜救
🚀 [Item W122704] Generating EVERYTHING for: 搜寻
🚀 [Item W122705] Generating EVERYTHING for: 酥
🚀 [Item W122706] Generating EVERYTHING for: 俗
🚀 [Item W122707] Generating EVERYTHING for: 俗话说
🚀 [Item W122708] Generating EVERYTHING for: 俗语
🚀 [Item W122709] Generating EVERYTHING for: 诉苦
🚀 [Item W122710] Generating EVERYTHING for: 诉说
🚀 [Item W122711] Generating EVERYTHING for: 素
🚀 [Item W122712] Generating EVERYTHING for: 素不相识
🚀 [Item W122713] Generating EVERYTHING for: 素材
🚀 [Item W122714] Generating EVERYTHING for: 素描
🚀 [Item W122715] Generating EVERYTHING for: 素养
🚀 [Item W122716] Generating EVERYTHING for: 蒜
🚀 [Item W122717] Generating EVERYTHING for: 算计
🚀 [Item W122718] Generating EVERYTHING for: 算盘
🚀 [Item W122719] Generating EVERYTHING for: 算账
🚀 [Item W122720] Generating EVERYTHING for: 虽说
🚀 [Item W122721] Generating EVERYTHING for: 随处可见
🚀 [Item W122722] Generating EVERYTHING for: 随大溜
🚀 [Item W122723] Generating EVERYTHING for: 随机
🚀 [Item W122724] Generating EVERYTHING for: 随时随地
🚀 [Item W122725] Generating EVERYTHING for: 随心所欲
🚀 [Item W122726] Generating EVERYTHING for: 遂心
🚀 [Item W122727] Generating EVERYTHING for: 损
🚀 [Item W122728] Generating EVERYTHING for: 损人利己
🚀 [Item W122729] Generating EVERYTHING for: 损伤
🚀 [Item W122730] Generating EVERYTHING for: 缩
🚀 [Item W122731] Generating EVERYTHING for: 缩水
🚀 [Item W122732] Generating EVERYTHING for: 缩影
🚀 [Item W122733] Generating EVERYTHING for: 所属
🚀 [Item W122734] Generating EVERYTHING for: 所谓
🚀 [Item W122735] Generating EVERYTHING for: 所作所为
🚀 [Item W122736] Generating EVERYTHING for: 索赔
🚀 [Item W122737] Generating EVERYTHING for: 锁定
🚀 [Item W122738] Generating EVERYTHING for: 他人
🚀 [Item W122739] Generating EVERYTHING for: 踏上
🚀 [Item W122740] Generating EVERYTHING for: 胎
🚀 [Item W122741] Generating EVERYTHING for: 胎儿
🚀 [Item W122742] Generating EVERYTHING for: 台球
🚀 [Item W122743] Generating EVERYTHING for: 太极
🚀 [Item W122744] Generating EVERYTHING for: 太平
🚀 [Item W122745] Generating EVERYTHING for: 贪
🚀 [Item W122746] Generating EVERYTHING for: 贪玩儿
🚀 [Item W122747] Generating EVERYTHING for: 瘫
🚀 [Item W122748] Generating EVERYTHING for: 坛
🚀 [Item W122749] Generating EVERYTHING for: 谈不上
🚀 [Item W122750] Generating EVERYTHING for: 谈到
🚀 [Item W122751] Generating EVERYTHING for: 谈论
🚀 [Item W122752] Generating EVERYTHING for: 谈起
🚀 [Item W122753] Generating EVERYTHING for: 痰
🚀 [Item W122754] Generating EVERYTHING for: 坦诚
🚀 [Item W122755] Generating EVERYTHING for: 坦克
🚀 [Item W122756] Generating EVERYTHING for: 坦然
🚀 [Item W122757] Generating EVERYTHING for: 毯子
🚀 [Item W122758] Generating EVERYTHING for: 炭
🚀 [Item W122759] Generating EVERYTHING for: 探
🚀 [Item W122760] Generating EVERYTHING for: 探亲
🚀 [Item W122761] Generating EVERYTHING for: 探求
🚀 [Item W122762] Generating EVERYTHING for: 探险
🚀 [Item W122763] Generating EVERYTHING for: 碳
🚀 [Item W122764] Generating EVERYTHING for: 汤圆
🚀 [Item W122765] Generating EVERYTHING for: 堂
🚀 [Item W122766] Generating EVERYTHING for: 糖果
🚀 [Item W122767] Generating EVERYTHING for: 糖尿病
🚀 [Item W122768] Generating EVERYTHING for: 淌
🚀 [Item W122769] Generating EVERYTHING for: 掏钱
🚀 [Item W122770] Generating EVERYTHING for: 逃生
🚀 [Item W122771] Generating EVERYTHING for: 逃亡
🚀 [Item W122772] Generating EVERYTHING for: 陶冶
🚀 [Item W122773] Generating EVERYTHING for: 淘
🚀 [Item W122774] Generating EVERYTHING for: 讨
🚀 [Item W122775] Generating EVERYTHING for: 讨人喜欢
🚀 [Item W122776] Generating EVERYTHING for: 特产
🚀 [Item W122777] Generating EVERYTHING for: 特例
🚀 [Item W122778] Generating EVERYTHING for: 特权
🚀 [Item W122779] Generating EVERYTHING for: 特邀
🚀 [Item W122780] Generating EVERYTHING for: 特制
🚀 [Item W122781] Generating EVERYTHING for: 特质
🚀 [Item W122782] Generating EVERYTHING for: 腾
🚀 [Item W122783] Generating EVERYTHING for: 藤椅
[localization_shard_0042.json] Processing 130/130 jobs (Streaming)...
🚀 [Item W122784] Generating EVERYTHING for: 剔除
🚀 [Item W122785] Generating EVERYTHING for: 梯子
🚀 [Item W122786] Generating EVERYTHING for: 提名
🚀 [Item W122787] Generating EVERYTHING for: 提速
🚀 [Item W122788] Generating EVERYTHING for: 提心吊胆
🚀 [Item W122789] Generating EVERYTHING for: 提早
🚀 [Item W122790] Generating EVERYTHING for: 体能
🚀 [Item W122791] Generating EVERYTHING for: 体温
🚀 [Item W122792] Generating EVERYTHING for: 体制
🚀 [Item W122793] Generating EVERYTHING for: 体质
🚀 [Item W122794] Generating EVERYTHING for: 剃
🚀 [Item W122795] Generating EVERYTHING for: 替换
🚀 [Item W122796] Generating EVERYTHING for: 替身
🚀 [Item W122797] Generating EVERYTHING for: 天长地久
🚀 [Item W122798] Generating EVERYTHING for: 天地
🚀 [Item W122799] Generating EVERYTHING for: 天鹅
🚀 [Item W122800] Generating EVERYTHING for: 天分
🚀 [Item W122801] Generating EVERYTHING for: 天经地义
🚀 [Item W122802] Generating EVERYTHING for: 天平
🚀 [Item W122803] Generating EVERYTHING for: 天桥
🚀 [Item W122804] Generating EVERYTHING for: 天使
🚀 [Item W122805] Generating EVERYTHING for: 天线
🚀 [Item W122806] Generating EVERYTHING for: 天性
🚀 [Item W122807] Generating EVERYTHING for: 天主教
🚀 [Item W122808] Generating EVERYTHING for: 添加
🚀 [Item W122809] Generating EVERYTHING for: 甜美
🚀 [Item W122810] Generating EVERYTHING for: 甜蜜
🚀 [Item W122811] Generating EVERYTHING for: 甜头
🚀 [Item W122812] Generating EVERYTHING for: 填补
🚀 [Item W122813] Generating EVERYTHING for: 填充
🚀 [Item W122814] Generating EVERYTHING for: 填写
🚀 [Item W122815] Generating EVERYTHING for: 条例
🚀 [Item W122816] Generating EVERYTHING for: 调侃
🚀 [Item W122817] Generating EVERYTHING for: 调控
🚀 [Item W122818] Generating EVERYTHING for: 调试
🚀 [Item W122819] Generating EVERYTHING for: 挑起
🚀 [Item W122820] Generating EVERYTHING for: 跳槽
🚀 [Item W122821] Generating EVERYTHING for: 跳动
🚀 [Item W122822] Generating EVERYTHING for: 跳伞
🚀 [Item W122823] Generating EVERYTHING for: 贴近
🚀 [Item W122824] Generating EVERYTHING for: 贴切
🚀 [Item W122825] Generating EVERYTHING for: 帖子
🚀 [Item W122826] Generating EVERYTHING for: 听从
🚀 [Item W122827] Generating EVERYTHING for: 听话
🚀 [Item W122828] Generating EVERYTHING for: 停车位
🚀 [Item W122829] Generating EVERYTHING for: 停电
🚀 [Item W122830] Generating EVERYTHING for: 停放
🚀 [Item W122831] Generating EVERYTHING for: 停业
🚀 [Item W122832] Generating EVERYTHING for: 通畅
🚀 [Item W122833] Generating EVERYTHING for: 通车
🚀 [Item W122834] Generating EVERYTHING for: 通风
🚀 [Item W122835] Generating EVERYTHING for: 通告
🚀 [Item W122836] Generating EVERYTHING for: 通顺
🚀 [Item W122837] Generating EVERYTHING for: 通通
🚀 [Item W122838] Generating EVERYTHING for: 通往
🚀 [Item W122839] Generating EVERYTHING for: 通宵
🚀 [Item W122840] Generating EVERYTHING for: 通行证
🚀 [Item W122841] Generating EVERYTHING for: 同伴
🚀 [Item W122842] Generating EVERYTHING for: 同步
🚀 [Item W122843] Generating EVERYTHING for: 同等
🚀 [Item W122844] Generating EVERYTHING for: 同感
🚀 [Item W122845] Generating EVERYTHING for: 同伙
🚀 [Item W122846] Generating EVERYTHING for: 同类
🚀 [Item W122847] Generating EVERYTHING for: 同盟
🚀 [Item W122848] Generating EVERYTHING for: 同年
🚀 [Item W122849] Generating EVERYTHING for: 同人
🚀 [Item W122850] Generating EVERYTHING for: 同舟共济
🚀 [Item W122851] Generating EVERYTHING for: 统筹
🚀 [Item W122852] Generating EVERYTHING for: 捅
🚀 [Item W122853] Generating EVERYTHING for: 桶
🚀 [Item W122854] Generating EVERYTHING for: 筒
🚀 [Item W122855] Generating EVERYTHING for: 痛心
🚀 [Item W122856] Generating EVERYTHING for: 偷看
🚀 [Item W122857] Generating EVERYTHING for: 偷窥
🚀 [Item W122858] Generating EVERYTHING for: 偷懒
🚀 [Item W122859] Generating EVERYTHING for: 头部
🚀 [Item W122860] Generating EVERYTHING for: 头顶
🚀 [Item W122861] Generating EVERYTHING for: 头号
🚀 [Item W122862] Generating EVERYTHING for: 头条
🚀 [Item W122863] Generating EVERYTHING for: 头头是道
🚀 [Item W122864] Generating EVERYTHING for: 头衔
🚀 [Item W122865] Generating EVERYTHING for: 头晕
🚀 [Item W122866] Generating EVERYTHING for: 投奔
🚀 [Item W122867] Generating EVERYTHING for: 投稿
🚀 [Item W122868] Generating EVERYTHING for: 投射
🚀 [Item W122869] Generating EVERYTHING for: 投身
🚀 [Item W122870] Generating EVERYTHING for: 透彻
🚀 [Item W122871] Generating EVERYTHING for: 透过
🚀 [Item W122872] Generating EVERYTHING for: 透气
🚀 [Item W122873] Generating EVERYTHING for: 透支
🚀 [Item W122874] Generating EVERYTHING for: 凸
🚀 [Item W122875] Generating EVERYTHING for: 凸显
🚀 [Item W122876] Generating EVERYTHING for: 突发
🚀 [Item W122877] Generating EVERYTHING for: 突击
🚀 [Item W122878] Generating EVERYTHING for: 突破口
🚀 [Item W122879] Generating EVERYTHING for: 突如其来
🚀 [Item W122880] Generating EVERYTHING for: 图表
🚀 [Item W122881] Generating EVERYTHING for: 图像
🚀 [Item W122882] Generating EVERYTHING for: 图形
🚀 [Item W122883] Generating EVERYTHING for: 图纸
🚀 [Item W122884] Generating EVERYTHING for: 徒步
🚀 [Item W122885] Generating EVERYTHING for: 涂
🚀 [Item W122886] Generating EVERYTHING for: 屠杀
🚀 [Item W122887] Generating EVERYTHING for: 土匪
🚀 [Item W122888] Generating EVERYTHING for: 土生土长
🚀 [Item W122889] Generating EVERYTHING for: 团伙
🚀 [Item W122890] Generating EVERYTHING for: 团聚
🚀 [Item W122891] Generating EVERYTHING for: 团员
🚀 [Item W122892] Generating EVERYTHING for: 推断
🚀 [Item W122893] Generating EVERYTHING for: 推敲
🚀 [Item W122894] Generating EVERYTHING for: 推算
🚀 [Item W122895] Generating EVERYTHING for: 推卸
🚀 [Item W122896] Generating EVERYTHING for: 推选
🚀 [Item W122897] Generating EVERYTHING for: 推移
🚀 [Item W122898] Generating EVERYTHING for: 颓废
🚀 [Item W122899] Generating EVERYTHING for: 退回
🚀 [Item W122900] Generating EVERYTHING for: 退却
🚀 [Item W122901] Generating EVERYTHING for: 退让
🚀 [Item W122902] Generating EVERYTHING for: 退缩
🚀 [Item W122903] Generating EVERYTHING for: 退休金
🚀 [Item W122904] Generating EVERYTHING for: 退学
🚀 [Item W122905] Generating EVERYTHING for: 退役
🚀 [Item W122906] Generating EVERYTHING for: 屯
🚀 [Item W122907] Generating EVERYTHING for: 托付
🚀 [Item W122908] Generating EVERYTHING for: 拖累
🚀 [Item W122909] Generating EVERYTHING for: 拖欠
🚀 [Item W122910] Generating EVERYTHING for: 脱节
🚀 [Item W122911] Generating EVERYTHING for: 脱口而出
🚀 [Item W122912] Generating EVERYTHING for: 脱落
🚀 [Item W122913] Generating EVERYTHING for: 脱身
[localization_shard_0043.json] Processing 130/130 jobs (Streaming)...
🚀 [Item W122914] Generating EVERYTHING for: 脱颖而出
🚀 [Item W122915] Generating EVERYTHING for: 驮
🚀 [Item W122916] Generating EVERYTHING for: 妥
🚀 [Item W122917] Generating EVERYTHING for: 拓宽
🚀 [Item W122918] Generating EVERYTHING for: 拓展
🚀 [Item W122919] Generating EVERYTHING for: 唾液
🚀 [Item W122920] Generating EVERYTHING for: 挖苦
🚀 [Item W122921] Generating EVERYTHING for: 瓦
🚀 [Item W122922] Generating EVERYTHING for: 外号
🚀 [Item W122923] Generating EVERYTHING for: 外籍
🚀 [Item W122924] Generating EVERYTHING for: 外贸
🚀 [Item W122925] Generating EVERYTHING for: 外貌
🚀 [Item W122926] Generating EVERYTHING for: 外婆
🚀 [Item W122927] Generating EVERYTHING for: 外企
🚀 [Item W122928] Generating EVERYTHING for: 外星人
🚀 [Item W122929] Generating EVERYTHING for: 外形
🚀 [Item W122930] Generating EVERYTHING for: 外援
🚀 [Item W122931] Generating EVERYTHING for: 完蛋
🚀 [Item W122932] Generating EVERYTHING for: 完好
🚀 [Item W122933] Generating EVERYTHING for: 玩耍
🚀 [Item W122934] Generating EVERYTHING for: 挽
🚀 [Item W122935] Generating EVERYTHING for: 晚间
🚀 [Item W122936] Generating EVERYTHING for: 晚年
🚀 [Item W122937] Generating EVERYTHING for: 晚期
🚀 [Item W122938] Generating EVERYTHING for: 万古长青
🚀 [Item W122939] Generating EVERYTHING for: 万能
🚀 [Item W122940] Generating EVERYTHING for: 万万
🚀 [Item W122941] Generating EVERYTHING for: 万无一失
🚀 [Item W122942] Generating EVERYTHING for: 汪洋
🚀 [Item W122943] Generating EVERYTHING for: 亡羊补牢
🚀 [Item W122944] Generating EVERYTHING for: 王国
🚀 [Item W122945] Generating EVERYTHING for: 王牌
🚀 [Item W122946] Generating EVERYTHING for: 网点
🚀 [Item W122947] Generating EVERYTHING for: 网民
🚀 [Item W122948] Generating EVERYTHING for: 往日
🚀 [Item W122949] Generating EVERYTHING for: 忘不了
🚀 [Item W122950] Generating EVERYTHING for: 忘掉
🚀 [Item W122951] Generating EVERYTHING for: 旺
🚀 [Item W122952] Generating EVERYTHING for: 旺季
🚀 [Item W122953] Generating EVERYTHING for: 旺盛
🚀 [Item W122954] Generating EVERYTHING for: 望
🚀 [Item W122955] Generating EVERYTHING for: 望远镜
🚀 [Item W122956] Generating EVERYTHING for: 危及
🚀 [Item W122957] Generating EVERYTHING for: 危急
🚀 [Item W122958] Generating EVERYTHING for: 威慑
🚀 [Item W122959] Generating EVERYTHING for: 微妙
🚀 [Item W122960] Generating EVERYTHING for: 微弱
🚀 [Item W122961] Generating EVERYTHING for: 微型
🚀 [Item W122962] Generating EVERYTHING for: 为人
🚀 [Item W122963] Generating EVERYTHING for: 违约
🚀 [Item W122964] Generating EVERYTHING for: 违章
🚀 [Item W122965] Generating EVERYTHING for: 围墙
🚀 [Item W122966] Generating EVERYTHING for: 唯
🚀 [Item W122967] Generating EVERYTHING for: 伪装
🚀 [Item W122968] Generating EVERYTHING for: 尾气
🚀 [Item W122969] Generating EVERYTHING for: 尾声
🚀 [Item W122970] Generating EVERYTHING for: 纬度
🚀 [Item W122971] Generating EVERYTHING for: 委婉
🚀 [Item W122972] Generating EVERYTHING for: 委员会
🚀 [Item W122973] Generating EVERYTHING for: 萎缩
🚀 [Item W122974] Generating EVERYTHING for: 卫视
🚀 [Item W122975] Generating EVERYTHING for: 未
🚀 [Item W122976] Generating EVERYTHING for: 未成年人
🚀 [Item W122977] Generating EVERYTHING for: 未经
🚀 [Item W122978] Generating EVERYTHING for: 未知数
🚀 [Item W122979] Generating EVERYTHING for: 位子
🚀 [Item W122980] Generating EVERYTHING for: 味精
🚀 [Item W122981] Generating EVERYTHING for: 畏缩
🚀 [Item W122982] Generating EVERYTHING for: 喂养
🚀 [Item W122983] Generating EVERYTHING for: 慰劳
🚀 [Item W122984] Generating EVERYTHING for: 温度计
🚀 [Item W122985] Generating EVERYTHING for: 温泉
🚀 [Item W122986] Generating EVERYTHING for: 温室
🚀 [Item W122987] Generating EVERYTHING for: 温习
🚀 [Item W122988] Generating EVERYTHING for: 温馨
🚀 [Item W122989] Generating EVERYTHING for: 瘟疫
🚀 [Item W122990] Generating EVERYTHING for: 文
🚀 [Item W122991] Generating EVERYTHING for: 文科
🚀 [Item W122992] Generating EVERYTHING for: 文盲
🚀 [Item W122993] Generating EVERYTHING for: 文人
🚀 [Item W122994] Generating EVERYTHING for: 闻名
🚀 [Item W122995] Generating EVERYTHING for: 蚊帐
🚀 [Item W122996] Generating EVERYTHING for: 蚊子
🚀 [Item W122997] Generating EVERYTHING for: 吻合
🚀 [Item W122998] Generating EVERYTHING for: 紊乱
🚀 [Item W122999] Generating EVERYTHING for: 稳固
🚀 [Item W123000] Generating EVERYTHING for: 稳健
🚀 [Item W123001] Generating EVERYTHING for: 稳妥
🚀 [Item W123002] Generating EVERYTHING for: 稳重
🚀 [Item W123003] Generating EVERYTHING for: 问卷
🚀 [Item W123004] Generating EVERYTHING for: 卧
🚀 [Item W123005] Generating EVERYTHING for: 污秽
🚀 [Item W123006] Generating EVERYTHING for: 巫婆
🚀 [Item W123007] Generating EVERYTHING for: 呜咽
🚀 [Item W123008] Generating EVERYTHING for: 屋顶
🚀 [Item W123009] Generating EVERYTHING for: 无不
🚀 [Item W123010] Generating EVERYTHING for: 无敌
🚀 [Item W123011] Generating EVERYTHING for: 无恶不作
🚀 [Item W123012] Generating EVERYTHING for: 无故
🚀 [Item W123013] Generating EVERYTHING for: 无关紧要
🚀 [Item W123014] Generating EVERYTHING for: 无话可说
🚀 [Item W123015] Generating EVERYTHING for: 无济于事
🚀 [Item W123016] Generating EVERYTHING for: 无家可归
🚀 [Item W123017] Generating EVERYTHING for: 无可奉告
🚀 [Item W123018] Generating EVERYTHING for: 无可厚非
🚀 [Item W123019] Generating EVERYTHING for: 无可奈何
🚀 [Item W123020] Generating EVERYTHING for: 无理
🚀 [Item W123021] Generating EVERYTHING for: 无力
🚀 [Item W123022] Generating EVERYTHING for: 无论如何
🚀 [Item W123023] Generating EVERYTHING for: 无能
🚀 [Item W123024] Generating EVERYTHING for: 无情
🚀 [Item W123025] Generating EVERYTHING for: 无情无义
🚀 [Item W123026] Generating EVERYTHING for: 无穷
🚀 [Item W123027] Generating EVERYTHING for: 无私
🚀 [Item W123028] Generating EVERYTHING for: 无所事事
🚀 [Item W123029] Generating EVERYTHING for: 无所作为
🚀 [Item W123030] Generating EVERYTHING for: 无条件
🚀 [Item W123031] Generating EVERYTHING for: 无线
🚀 [Item W123032] Generating EVERYTHING for: 无线电
🚀 [Item W123033] Generating EVERYTHING for: 无形
🚀 [Item W123034] Generating EVERYTHING for: 无形中
🚀 [Item W123035] Generating EVERYTHING for: 无须
🚀 [Item W123036] Generating EVERYTHING for: 无意
🚀 [Item W123037] Generating EVERYTHING for: 无缘
🚀 [Item W123038] Generating EVERYTHING for: 无足轻重
🚀 [Item W123039] Generating EVERYTHING for: 五花八门
🚀 [Item W123040] Generating EVERYTHING for: 五星级
🚀 [Item W123041] Generating EVERYTHING for: 武力
🚀 [Item W123042] Generating EVERYTHING for: 捂
🚀 [Item W123043] Generating EVERYTHING for: 舞厅
[localization_shard_0044.json] Processing 130/130 jobs (Streaming)...
🚀 [Item W123044] Generating EVERYTHING for: 务实
🚀 [Item W123045] Generating EVERYTHING for: 物流
🚀 [Item W123046] Generating EVERYTHING for: 物体
🚀 [Item W123047] Generating EVERYTHING for: 物证
🚀 [Item W123048] Generating EVERYTHING for: 误导
🚀 [Item W123049] Generating EVERYTHING for: 误区
🚀 [Item W123050] Generating EVERYTHING for: 吸纳
🚀 [Item W123051] Generating EVERYTHING for: 息息相关
🚀 [Item W123052] Generating EVERYTHING for: 稀
🚀 [Item W123053] Generating EVERYTHING for: 稀罕
🚀 [Item W123054] Generating EVERYTHING for: 稀奇
🚀 [Item W123055] Generating EVERYTHING for: 稀少
🚀 [Item W123056] Generating EVERYTHING for: 锡
🚀 [Item W123057] Generating EVERYTHING for: 熙熙攘攘
🚀 [Item W123058] Generating EVERYTHING for: 熄火
🚀 [Item W123059] Generating EVERYTHING for: 嬉笑
🚀 [Item W123060] Generating EVERYTHING for: 席
🚀 [Item W123061] Generating EVERYTHING for: 席位
🚀 [Item W123062] Generating EVERYTHING for: 洗涤剂
🚀 [Item W123063] Generating EVERYTHING for: 洗礼
🚀 [Item W123064] Generating EVERYTHING for: 喜出望外
🚀 [Item W123065] Generating EVERYTHING for: 喜好
🚀 [Item W123066] Generating EVERYTHING for: 喜酒
🚀 [Item W123067] Generating EVERYTHING for: 喜怒哀乐
🚀 [Item W123068] Generating EVERYTHING for: 喜庆
🚀 [Item W123069] Generating EVERYTHING for: 喜事
🚀 [Item W123070] Generating EVERYTHING for: 喜糖
🚀 [Item W123071] Generating EVERYTHING for: 喜洋洋
🚀 [Item W123072] Generating EVERYTHING for: 细腻
🚀 [Item W123073] Generating EVERYTHING for: 细微
🚀 [Item W123074] Generating EVERYTHING for: 细心
🚀 [Item W123075] Generating EVERYTHING for: 虾
🚀 [Item W123076] Generating EVERYTHING for: 侠义
🚀 [Item W123077] Generating EVERYTHING for: 狭小
🚀 [Item W123078] Generating EVERYTHING for: 下场
🚀 [Item W123079] Generating EVERYTHING for: 下跌
🚀 [Item W123080] Generating EVERYTHING for: 下岗
🚀 [Item W123081] Generating EVERYTHING for: 下功夫
🚀 [Item W123082] Generating EVERYTHING for: 下海
🚀 [Item W123083] Generating EVERYTHING for: 下级
🚀 [Item W123084] Generating EVERYTHING for: 下决心
🚀 [Item W123085] Generating EVERYTHING for: 下令
🚀 [Item W123086] Generating EVERYTHING for: 下落
🚀 [Item W123087] Generating EVERYTHING for: 下期
🚀 [Item W123088] Generating EVERYTHING for: 下棋
🚀 [Item W123089] Generating EVERYTHING for: 下山
🚀 [Item W123090] Generating EVERYTHING for: 下手
🚀 [Item W123091] Generating EVERYTHING for: 下台
🚀 [Item W123092] Generating EVERYTHING for: 下调
🚀 [Item W123093] Generating EVERYTHING for: 下乡
🚀 [Item W123094] Generating EVERYTHING for: 下旬
🚀 [Item W123095] Generating EVERYTHING for: 下一代
🚀 [Item W123096] Generating EVERYTHING for: 下意识
🚀 [Item W123097] Generating EVERYTHING for: 下游
🚀 [Item W123098] Generating EVERYTHING for: 下坠
🚀 [Item W123099] Generating EVERYTHING for: 吓唬
🚀 [Item W123100] Generating EVERYTHING for: 吓人
🚀 [Item W123101] Generating EVERYTHING for: 仙鹤
🚀 [Item W123102] Generating EVERYTHING for: 仙女
🚀 [Item W123103] Generating EVERYTHING for: 先例
🚀 [Item W123104] Generating EVERYTHING for: 先天
🚀 [Item W123105] Generating EVERYTHING for: 掀
🚀 [Item W123106] Generating EVERYTHING for: 鲜活
🚀 [Item W123107] Generating EVERYTHING for: 鲜美
🚀 [Item W123108] Generating EVERYTHING for: 鲜血
🚀 [Item W123109] Generating EVERYTHING for: 嫌弃
🚀 [Item W123110] Generating EVERYTHING for: 显而易见
🚀 [Item W123111] Generating EVERYTHING for: 显赫
🚀 [Item W123112] Generating EVERYTHING for: 显示器
🚀 [Item W123113] Generating EVERYTHING for: 显现
🚀 [Item W123114] Generating EVERYTHING for: 显眼
🚀 [Item W123115] Generating EVERYTHING for: 现任
🚀 [Item W123116] Generating EVERYTHING for: 现行
🚀 [Item W123117] Generating EVERYTHING for: 限
🚀 [Item W123118] Generating EVERYTHING for: 限定
🚀 [Item W123119] Generating EVERYTHING for: 限度
🚀 [Item W123120] Generating EVERYTHING for: 限于
🚀 [Item W123121] Generating EVERYTHING for: 线条
🚀 [Item W123122] Generating EVERYTHING for: 陷
🚀 [Item W123123] Generating EVERYTHING for: 献血
🚀 [Item W123124] Generating EVERYTHING for: 腺
🚀 [Item W123125] Generating EVERYTHING for: 乡亲
🚀 [Item W123126] Generating EVERYTHING for: 乡下
🚀 [Item W123127] Generating EVERYTHING for: 相伴
🚀 [Item W123128] Generating EVERYTHING for: 相比之下
🚀 [Item W123129] Generating EVERYTHING for: 相传
🚀 [Item W123130] Generating EVERYTHING for: 相当于
🚀 [Item W123131] Generating EVERYTHING for: 相对而言
🚀 [Item W123132] Generating EVERYTHING for: 相继
🚀 [Item W123133] Generating EVERYTHING for: 相连
🚀 [Item W123134] Generating EVERYTHING for: 相识
🚀 [Item W123135] Generating EVERYTHING for: 相提并论
🚀 [Item W123136] Generating EVERYTHING for: 相通
🚀 [Item W123137] Generating EVERYTHING for: 相依为命
🚀 [Item W123138] Generating EVERYTHING for: 相遇
🚀 [Item W123139] Generating EVERYTHING for: 相约
🚀 [Item W123140] Generating EVERYTHING for: 香料
🚀 [Item W123141] Generating EVERYTHING for: 香水
🚀 [Item W123142] Generating EVERYTHING for: 香味
🚀 [Item W123143] Generating EVERYTHING for: 香烟
🚀 [Item W123144] Generating EVERYTHING for: 香油
🚀 [Item W123145] Generating EVERYTHING for: 镶
🚀 [Item W123146] Generating EVERYTHING for: 详尽
🚀 [Item W123147] Generating EVERYTHING for: 祥和
🚀 [Item W123148] Generating EVERYTHING for: 享
🚀 [Item W123149] Generating EVERYTHING for: 享有
🚀 [Item W123150] Generating EVERYTHING for: 响起
🚀 [Item W123151] Generating EVERYTHING for: 向着
🚀 [Item W123152] Generating EVERYTHING for: 像样
🚀 [Item W123153] Generating EVERYTHING for: 橡胶
🚀 [Item W123154] Generating EVERYTHING for: 消
🚀 [Item W123155] Generating EVERYTHING for: 消沉
🚀 [Item W123156] Generating EVERYTHING for: 消遣
🚀 [Item W123157] Generating EVERYTHING for: 萧条
🚀 [Item W123158] Generating EVERYTHING for: 销
🚀 [Item W123159] Generating EVERYTHING for: 销量
🚀 [Item W123160] Generating EVERYTHING for: 小丑
🚀 [Item W123161] Generating EVERYTHING for: 小贩
🚀 [Item W123162] Generating EVERYTHING for: 小看
🚀 [Item W123163] Generating EVERYTHING for: 小康
🚀 [Item W123164] Generating EVERYTHING for: 小路
🚀 [Item W123165] Generating EVERYTHING for: 小品
🚀 [Item W123166] Generating EVERYTHING for: 小区
🚀 [Item W123167] Generating EVERYTHING for: 小曲
🚀 [Item W123168] Generating EVERYTHING for: 小人
🚀 [Item W123169] Generating EVERYTHING for: 小提琴
🚀 [Item W123170] Generating EVERYTHING for: 小溪
🚀 [Item W123171] Generating EVERYTHING for: 小卒
🚀 [Item W123172] Generating EVERYTHING for: 孝敬
🚀 [Item W123173] Generating EVERYTHING for: 效仿
[localization_shard_0045.json] Processing 130/130 jobs (Streaming)...
🚀 [Item W123174] Generating EVERYTHING for: 效力
🚀 [Item W123175] Generating EVERYTHING for: 效应
🚀 [Item W123176] Generating EVERYTHING for: 协定
🚀 [Item W123177] Generating EVERYTHING for: 协同
🚀 [Item W123178] Generating EVERYTHING for: 协作
🚀 [Item W123179] Generating EVERYTHING for: 邪
🚀 [Item W123180] Generating EVERYTHING for: 邪恶
🚀 [Item W123181] Generating EVERYTHING for: 挟持
🚀 [Item W123182] Generating EVERYTHING for: 携手
🚀 [Item W123183] Generating EVERYTHING for: 写照
🚀 [Item W123184] Generating EVERYTHING for: 泄
🚀 [Item W123185] Generating EVERYTHING for: 泄漏
🚀 [Item W123186] Generating EVERYTHING for: 泄密
🚀 [Item W123187] Generating EVERYTHING for: 泻
🚀 [Item W123188] Generating EVERYTHING for: 卸
🚀 [Item W123189] Generating EVERYTHING for: 心爱
🚀 [Item W123190] Generating EVERYTHING for: 心安理得
🚀 [Item W123191] Generating EVERYTHING for: 心病
🚀 [Item W123192] Generating EVERYTHING for: 心肠
🚀 [Item W123193] Generating EVERYTHING for: 心慌
🚀 [Item W123194] Generating EVERYTHING for: 心急如焚
🚀 [Item W123195] Generating EVERYTHING for: 心里话
🚀 [Item W123196] Generating EVERYTHING for: 心灵手巧
🚀 [Item W123197] Generating EVERYTHING for: 心目
🚀 [Item W123198] Generating EVERYTHING for: 心声
🚀 [Item W123199] Generating EVERYTHING for: 心事
🚀 [Item W123200] Generating EVERYTHING for: 心思
🚀 [Item W123201] Generating EVERYTHING for: 心酸
🚀 [Item W123202] Generating EVERYTHING for: 心想事成
🚀 [Item W123203] Generating EVERYTHING for: 心胸
🚀 [Item W123204] Generating EVERYTHING for: 心意
🚀 [Item W123205] Generating EVERYTHING for: 芯片
🚀 [Item W123206] Generating EVERYTHING for: 辛酸
🚀 [Item W123207] Generating EVERYTHING for: 欣喜
🚀 [Item W123208] Generating EVERYTHING for: 新潮
🚀 [Item W123209] Generating EVERYTHING for: 新房
🚀 [Item W123210] Generating EVERYTHING for: 新款
🚀 [Item W123211] Generating EVERYTHING for: 新奇
🚀 [Item W123212] Generating EVERYTHING for: 新生
🚀 [Item W123213] Generating EVERYTHING for: 新式
🚀 [Item W123214] Generating EVERYTHING for: 新手
🚀 [Item W123215] Generating EVERYTHING for: 信贷
🚀 [Item W123216] Generating EVERYTHING for: 信件
🚀 [Item W123217] Generating EVERYTHING for: 兴奋剂
🚀 [Item W123218] Generating EVERYTHING for: 兴建
🚀 [Item W123219] Generating EVERYTHING for: 兴起
🚀 [Item W123220] Generating EVERYTHING for: 星座
🚀 [Item W123221] Generating EVERYTHING for: 猩猩
🚀 [Item W123222] Generating EVERYTHING for: 刑法
🚀 [Item W123223] Generating EVERYTHING for: 行使
🚀 [Item W123224] Generating EVERYTHING for: 行走
🚀 [Item W123225] Generating EVERYTHING for: 形形色色
🚀 [Item W123226] Generating EVERYTHING for: 形影不离
🚀 [Item W123227] Generating EVERYTHING for: 醒来
🚀 [Item W123228] Generating EVERYTHING for: 醒目
🚀 [Item W123229] Generating EVERYTHING for: 醒悟
🚀 [Item W123230] Generating EVERYTHING for: 兴致
🚀 [Item W123231] Generating EVERYTHING for: 幸存
🚀 [Item W123232] Generating EVERYTHING for: 幸好
🚀 [Item W123233] Generating EVERYTHING for: 幸免
🚀 [Item W123234] Generating EVERYTHING for: 性价比
🚀 [Item W123235] Generating EVERYTHING for: 性情
🚀 [Item W123236] Generating EVERYTHING for: 姓氏
🚀 [Item W123237] Generating EVERYTHING for: 凶残
🚀 [Item W123238] Generating EVERYTHING for: 凶狠
🚀 [Item W123239] Generating EVERYTHING for: 凶猛
🚀 [Item W123240] Generating EVERYTHING for: 胸有成竹
🚀 [Item W123241] Generating EVERYTHING for: 休克
🚀 [Item W123242] Generating EVERYTHING for: 休眠
🚀 [Item W123243] Generating EVERYTHING for: 休想
🚀 [Item W123244] Generating EVERYTHING for: 休养
🚀 [Item W123245] Generating EVERYTHING for: 修补
🚀 [Item W123246] Generating EVERYTHING for: 修长
🚀 [Item W123247] Generating EVERYTHING for: 修订
🚀 [Item W123248] Generating EVERYTHING for: 修路
🚀 [Item W123249] Generating EVERYTHING for: 修正
🚀 [Item W123250] Generating EVERYTHING for: 羞愧
🚀 [Item W123251] Generating EVERYTHING for: 秀丽
🚀 [Item W123252] Generating EVERYTHING for: 秀美
🚀 [Item W123253] Generating EVERYTHING for: 袖手旁观
🚀 [Item W123254] Generating EVERYTHING for: 锈
🚀 [Item W123255] Generating EVERYTHING for: 须
🚀 [Item W123256] Generating EVERYTHING for: 虚
🚀 [Item W123257] Generating EVERYTHING for: 虚构
🚀 [Item W123258] Generating EVERYTHING for: 虚幻
🚀 [Item W123259] Generating EVERYTHING for: 虚拟
🚀 [Item W123260] Generating EVERYTHING for: 虚弱
🚀 [Item W123261] Generating EVERYTHING for: 需
🚀 [Item W123262] Generating EVERYTHING for: 徐徐
🚀 [Item W123263] Generating EVERYTHING for: 许
🚀 [Item W123264] Generating EVERYTHING for: 许可证
🚀 [Item W123265] Generating EVERYTHING for: 旭日
🚀 [Item W123266] Generating EVERYTHING for: 序
🚀 [Item W123267] Generating EVERYTHING for: 序幕
🚀 [Item W123268] Generating EVERYTHING for: 续
🚀 [Item W123269] Generating EVERYTHING for: 絮叨
🚀 [Item W123270] Generating EVERYTHING for: 宣称
🚀 [Item W123271] Generating EVERYTHING for: 宣读
🚀 [Item W123272] Generating EVERYTHING for: 宣告
🚀 [Item W123273] Generating EVERYTHING for: 宣泄
🚀 [Item W123274] Generating EVERYTHING for: 宣言
🚀 [Item W123275] Generating EVERYTHING for: 喧闹
🚀 [Item W123276] Generating EVERYTHING for: 玄
🚀 [Item W123277] Generating EVERYTHING for: 玄机
🚀 [Item W123278] Generating EVERYTHING for: 悬崖
🚀 [Item W123279] Generating EVERYTHING for: 旋涡
🚀 [Item W123280] Generating EVERYTHING for: 选民
🚀 [Item W123281] Generating EVERYTHING for: 选项
🚀 [Item W123282] Generating EVERYTHING for: 选用
🚀 [Item W123283] Generating EVERYTHING for: 靴子
🚀 [Item W123284] Generating EVERYTHING for: 穴位
🚀 [Item W123285] Generating EVERYTHING for: 学士
🚀 [Item W123286] Generating EVERYTHING for: 学堂
🚀 [Item W123287] Generating EVERYTHING for: 学业
🚀 [Item W123288] Generating EVERYTHING for: 学艺
🚀 [Item W123289] Generating EVERYTHING for: 学子
🚀 [Item W123290] Generating EVERYTHING for: 雪山
🚀 [Item W123291] Generating EVERYTHING for: 血脉
🚀 [Item W123292] Generating EVERYTHING for: 血栓
🚀 [Item W123293] Generating EVERYTHING for: 血缘
🚀 [Item W123294] Generating EVERYTHING for: 勋章
🚀 [Item W123295] Generating EVERYTHING for: 熏
🚀 [Item W123296] Generating EVERYTHING for: 寻
🚀 [Item W123297] Generating EVERYTHING for: 寻常
🚀 [Item W123298] Generating EVERYTHING for: 训
🚀 [Item W123299] Generating EVERYTHING for: 驯
🚀 [Item W123300] Generating EVERYTHING for: 逊色
🚀 [Item W123301] Generating EVERYTHING for: 丫头
🚀 [Item W123302] Generating EVERYTHING for: 压倒
🚀 [Item W123303] Generating EVERYTHING for: 押
[localization_shard_0046.json] Processing 130/130 jobs (Streaming)...
🚀 [Item W123304] Generating EVERYTHING for: 芽
🚀 [Item W123305] Generating EVERYTHING for: 哑
🚀 [Item W123306] Generating EVERYTHING for: 咽喉
🚀 [Item W123307] Generating EVERYTHING for: 烟囱
🚀 [Item W123308] Generating EVERYTHING for: 烟火
🚀 [Item W123309] Generating EVERYTHING for: 淹
🚀 [Item W123310] Generating EVERYTHING for: 延
🚀 [Item W123311] Generating EVERYTHING for: 延缓
🚀 [Item W123312] Generating EVERYTHING for: 延误
🚀 [Item W123313] Generating EVERYTHING for: 严谨
🚀 [Item W123314] Generating EVERYTHING for: 言辞
🚀 [Item W123315] Generating EVERYTHING for: 言行
🚀 [Item W123316] Generating EVERYTHING for: 炎症
🚀 [Item W123317] Generating EVERYTHING for: 沿岸
🚀 [Item W123318] Generating EVERYTHING for: 沿途
🚀 [Item W123319] Generating EVERYTHING for: 沿线
🚀 [Item W123320] Generating EVERYTHING for: 研讨
🚀 [Item W123321] Generating EVERYTHING for: 阎王
🚀 [Item W123322] Generating EVERYTHING for: 衍生
🚀 [Item W123323] Generating EVERYTHING for: 眼红
🚀 [Item W123324] Generating EVERYTHING for: 眼界
🚀 [Item W123325] Generating EVERYTHING for: 眼下
🚀 [Item W123326] Generating EVERYTHING for: 演播室
🚀 [Item W123327] Generating EVERYTHING for: 演技
🚀 [Item W123328] Generating EVERYTHING for: 演练
🚀 [Item W123329] Generating EVERYTHING for: 演示
🚀 [Item W123330] Generating EVERYTHING for: 演说
🚀 [Item W123331] Generating EVERYTHING for: 演戏
🚀 [Item W123332] Generating EVERYTHING for: 演艺圈
🚀 [Item W123333] Generating EVERYTHING for: 厌烦
🚀 [Item W123334] Generating EVERYTHING for: 厌倦
🚀 [Item W123335] Generating EVERYTHING for: 咽
🚀 [Item W123336] Generating EVERYTHING for: 艳丽
🚀 [Item W123337] Generating EVERYTHING for: 验
🚀 [Item W123338] Generating EVERYTHING for: 焰火
🚀 [Item W123339] Generating EVERYTHING for: 燕子
🚀 [Item W123340] Generating EVERYTHING for: 秧歌
🚀 [Item W123341] Generating EVERYTHING for: 扬
🚀 [Item W123342] Generating EVERYTHING for: 阳性
🚀 [Item W123343] Generating EVERYTHING for: 杨树
🚀 [Item W123344] Generating EVERYTHING for: 洋溢
🚀 [Item W123345] Generating EVERYTHING for: 养活
🚀 [Item W123346] Generating EVERYTHING for: 养老金
🚀 [Item W123347] Generating EVERYTHING for: 养老院
🚀 [Item W123348] Generating EVERYTHING for: 养生
🚀 [Item W123349] Generating EVERYTHING for: 养殖
🚀 [Item W123350] Generating EVERYTHING for: 氧
🚀 [Item W123351] Generating EVERYTHING for: 样本
🚀 [Item W123352] Generating EVERYTHING for: 妖怪
🚀 [Item W123353] Generating EVERYTHING for: 邀
🚀 [Item W123354] Generating EVERYTHING for: 窑
🚀 [Item W123355] Generating EVERYTHING for: 摇晃
🚀 [Item W123356] Generating EVERYTHING for: 摇篮
🚀 [Item W123357] Generating EVERYTHING for: 摇摇欲坠
🚀 [Item W123358] Generating EVERYTHING for: 药材
🚀 [Item W123359] Generating EVERYTHING for: 药方
🚀 [Item W123360] Generating EVERYTHING for: 要不是
🚀 [Item W123361] Generating EVERYTHING for: 要害
🚀 [Item W123362] Generating EVERYTHING for: 要紧
🚀 [Item W123363] Generating EVERYTHING for: 要领
🚀 [Item W123364] Generating EVERYTHING for: 要强
🚀 [Item W123365] Generating EVERYTHING for: 椰子
🚀 [Item W123366] Generating EVERYTHING for: 也就是说
🚀 [Item W123367] Generating EVERYTHING for: 野餐
🚀 [Item W123368] Generating EVERYTHING for: 野炊
🚀 [Item W123369] Generating EVERYTHING for: 野兽
🚀 [Item W123370] Generating EVERYTHING for: 野外
🚀 [Item W123371] Generating EVERYTHING for: 野营
🚀 [Item W123372] Generating EVERYTHING for: 业
🚀 [Item W123373] Generating EVERYTHING for: 服务业
🚀 [Item W123374] Generating EVERYTHING for: 业绩
🚀 [Item W123375] Generating EVERYTHING for: 夜班
🚀 [Item W123376] Generating EVERYTHING for: 夜市
🚀 [Item W123377] Generating EVERYTHING for: 夜晚
🚀 [Item W123378] Generating EVERYTHING for: 夜校
🚀 [Item W123379] Generating EVERYTHING for: 夜以继日
🚀 [Item W123380] Generating EVERYTHING for: 夜总会
🚀 [Item W123381] Generating EVERYTHING for: 液晶
🚀 [Item W123382] Generating EVERYTHING for: 一把手
🚀 [Item W123383] Generating EVERYTHING for: 一线
🚀 [Item W123384] Generating EVERYTHING for: 一一
🚀 [Item W123385] Generating EVERYTHING for: 伊斯兰教
🚀 [Item W123386] Generating EVERYTHING for: 衣食住行
🚀 [Item W123387] Generating EVERYTHING for: 医务
🚀 [Item W123388] Generating EVERYTHING for: 依
🚀 [Item W123389] Generating EVERYTHING for: 依依不舍
🚀 [Item W123390] Generating EVERYTHING for: 一不小心
🚀 [Item W123391] Generating EVERYTHING for: 一刹那
🚀 [Item W123392] Generating EVERYTHING for: 一大早
🚀 [Item W123393] Generating EVERYTHING for: 一动不动
🚀 [Item W123394] Generating EVERYTHING for: 一概
🚀 [Item W123395] Generating EVERYTHING for: 一概而论
🚀 [Item W123396] Generating EVERYTHING for: 一个劲儿
🚀 [Item W123397] Generating EVERYTHING for: 一晃
🚀 [Item W123398] Generating EVERYTHING for: 一技之长
🚀 [Item W123399] Generating EVERYTHING for: 一面
🚀 [Item W123400] Generating EVERYTHING for: 一事无成
🚀 [Item W123401] Generating EVERYTHING for: 一瞬间
🚀 [Item W123402] Generating EVERYTHING for: 一味
🚀 [Item W123403] Generating EVERYTHING for: 一系列
🚀 [Item W123404] Generating EVERYTHING for: 一阵
🚀 [Item W123405] Generating EVERYTHING for: 仪表
🚀 [Item W123406] Generating EVERYTHING for: 怡然自得
🚀 [Item W123407] Generating EVERYTHING for: 姨
🚀 [Item W123408] Generating EVERYTHING for: 移交
🚀 [Item W123409] Generating EVERYTHING for: 移植
🚀 [Item W123410] Generating EVERYTHING for: 遗弃
🚀 [Item W123411] Generating EVERYTHING for: 遗体
🚀 [Item W123412] Generating EVERYTHING for: 遗忘
🚀 [Item W123413] Generating EVERYTHING for: 遗物
🚀 [Item W123414] Generating EVERYTHING for: 遗愿
🚀 [Item W123415] Generating EVERYTHING for: 遗址
🚀 [Item W123416] Generating EVERYTHING for: 遗嘱
🚀 [Item W123417] Generating EVERYTHING for: 疑点
🚀 [Item W123418] Generating EVERYTHING for: 疑虑
🚀 [Item W123419] Generating EVERYTHING for: 以身作则
🚀 [Item W123420] Generating EVERYTHING for: 以至于
🚀 [Item W123421] Generating EVERYTHING for: 矣
🚀 [Item W123422] Generating EVERYTHING for: 倚
🚀 [Item W123423] Generating EVERYTHING for: 一长一短
🚀 [Item W123424] Generating EVERYTHING for: 一成不变
🚀 [Item W123425] Generating EVERYTHING for: 一筹莫展
🚀 [Item W123426] Generating EVERYTHING for: 一干二净
🚀 [Item W123427] Generating EVERYTHING for: 一鼓作气
🚀 [Item W123428] Generating EVERYTHING for: 一锅粥
🚀 [Item W123429] Generating EVERYTHING for: 一回事
🚀 [Item W123430] Generating EVERYTHING for: 一家人
🚀 [Item W123431] Generating EVERYTHING for: 一经
🚀 [Item W123432] Generating EVERYTHING for: 一举
🚀 [Item W123433] Generating EVERYTHING for: 一举一动
[localization_shard_0047.json] Processing 130/130 jobs (Streaming)...
🚀 [Item W123434] Generating EVERYTHING for: 一卡通
🚀 [Item W123435] Generating EVERYTHING for: 一揽子
🚀 [Item W123436] Generating EVERYTHING for: 一连
🚀 [Item W123437] Generating EVERYTHING for: 一连串
🚀 [Item W123438] Generating EVERYTHING for: 一毛不拔
🚀 [Item W123439] Generating EVERYTHING for: 一年到头
🚀 [Item W123440] Generating EVERYTHING for: 一旁
🚀 [Item W123441] Generating EVERYTHING for: 一声不吭
🚀 [Item W123442] Generating EVERYTHING for: 一手
🚀 [Item W123443] Generating EVERYTHING for: 一塌糊涂
🚀 [Item W123444] Generating EVERYTHING for: 一体
🚀 [Item W123445] Generating EVERYTHING for: 一天到晚
🚀 [Item W123446] Generating EVERYTHING for: 一头
🚀 [Item W123447] Generating EVERYTHING for: 一无所有
🚀 [Item W123448] Generating EVERYTHING for: 一无所知
🚀 [Item W123449] Generating EVERYTHING for: 一心
🚀 [Item W123450] Generating EVERYTHING for: 一心一意
🚀 [Item W123451] Generating EVERYTHING for: 一言不发
🚀 [Item W123452] Generating EVERYTHING for: 一言一行
🚀 [Item W123453] Generating EVERYTHING for: 一眼
🚀 [Item W123454] Generating EVERYTHING for: 一应俱全
🚀 [Item W123455] Generating EVERYTHING for: 一早
🚀 [Item W123456] Generating EVERYTHING for: 义工
🚀 [Item W123457] Generating EVERYTHING for: 议
🚀 [Item W123458] Generating EVERYTHING for: 议程
🚀 [Item W123459] Generating EVERYTHING for: 议会
🚀 [Item W123460] Generating EVERYTHING for: 议员
🚀 [Item W123461] Generating EVERYTHING for: 屹立
🚀 [Item W123462] Generating EVERYTHING for: 异口同声
🚀 [Item W123463] Generating EVERYTHING for: 异想天开
🚀 [Item W123464] Generating EVERYTHING for: 异性
🚀 [Item W123465] Generating EVERYTHING for: 异议
🚀 [Item W123466] Generating EVERYTHING for: 抑扬顿挫
🚀 [Item W123467] Generating EVERYTHING for: 抑郁
🚀 [Item W123468] Generating EVERYTHING for: 抑郁症
🚀 [Item W123469] Generating EVERYTHING for: 抑制
🚀 [Item W123470] Generating EVERYTHING for: 译
🚀 [Item W123471] Generating EVERYTHING for: 易拉罐
🚀 [Item W123472] Generating EVERYTHING for: 疫苗
🚀 [Item W123473] Generating EVERYTHING for: 益处
🚀 [Item W123474] Generating EVERYTHING for: 意料之外
🚀 [Item W123475] Generating EVERYTHING for: 溢
🚀 [Item W123476] Generating EVERYTHING for: 因人而异
🚀 [Item W123477] Generating EVERYTHING for: 阴暗
🚀 [Item W123478] Generating EVERYTHING for: 阴性
🚀 [Item W123479] Generating EVERYTHING for: 殷勤
🚀 [Item W123480] Generating EVERYTHING for: 银幕
🚀 [Item W123481] Generating EVERYTHING for: 引发
🚀 [Item W123482] Generating EVERYTHING for: 引经据典
🚀 [Item W123483] Generating EVERYTHING for: 引领
🚀 [Item W123484] Generating EVERYTHING for: 引人入胜
🚀 [Item W123485] Generating EVERYTHING for: 引人注目
🚀 [Item W123486] Generating EVERYTHING for: 引入
🚀 [Item W123487] Generating EVERYTHING for: 引诱
🚀 [Item W123488] Generating EVERYTHING for: 饮水
🚀 [Item W123489] Generating EVERYTHING for: 饮用水
🚀 [Item W123490] Generating EVERYTHING for: 隐情
🚀 [Item W123491] Generating EVERYTHING for: 隐身
🚀 [Item W123492] Generating EVERYTHING for: 隐形
🚀 [Item W123493] Generating EVERYTHING for: 隐性
🚀 [Item W123494] Generating EVERYTHING for: 瘾
🚀 [Item W123495] Generating EVERYTHING for: 印刷术
🚀 [Item W123496] Generating EVERYTHING for: 印章
🚀 [Item W123497] Generating EVERYTHING for: 印证
🚀 [Item W123498] Generating EVERYTHING for: 应有尽有
🚀 [Item W123499] Generating EVERYTHING for: 英镑
🚀 [Item W123500] Generating EVERYTHING for: 鹰
🚀 [Item W123501] Generating EVERYTHING for: 迎
🚀 [Item W123502] Generating EVERYTHING for: 迎合
🚀 [Item W123503] Generating EVERYTHING for: 荧光
🚀 [Item W123504] Generating EVERYTHING for: 营救
🚀 [Item W123505] Generating EVERYTHING for: 营造
🚀 [Item W123506] Generating EVERYTHING for: 赢家
🚀 [Item W123507] Generating EVERYTHING for: 影像
🚀 [Item W123508] Generating EVERYTHING for: 映
🚀 [Item W123509] Generating EVERYTHING for: 硬币
🚀 [Item W123510] Generating EVERYTHING for: 硬朗
🚀 [Item W123511] Generating EVERYTHING for: 硬盘
🚀 [Item W123512] Generating EVERYTHING for: 永不
🚀 [Item W123513] Generating EVERYTHING for: 永久
🚀 [Item W123514] Generating EVERYTHING for: 勇往直前
🚀 [Item W123515] Generating EVERYTHING for: 涌
🚀 [Item W123516] Generating EVERYTHING for: 涌入
🚀 [Item W123517] Generating EVERYTHING for: 用餐
🚀 [Item W123518] Generating EVERYTHING for: 用力
🚀 [Item W123519] Generating EVERYTHING for: 用人
🚀 [Item W123520] Generating EVERYTHING for: 用意
🚀 [Item W123521] Generating EVERYTHING for: 优
🚀 [Item W123522] Generating EVERYTHING for: 优化
🚀 [Item W123523] Generating EVERYTHING for: 优雅
🚀 [Item W123524] Generating EVERYTHING for: 忧愁
🚀 [Item W123525] Generating EVERYTHING for: 忧虑
🚀 [Item W123526] Generating EVERYTHING for: 悠闲
🚀 [Item W123527] Generating EVERYTHING for: 尤为
🚀 [Item W123528] Generating EVERYTHING for: 由此看来
🚀 [Item W123529] Generating EVERYTHING for: 由此可见
🚀 [Item W123530] Generating EVERYTHING for: 由来
🚀 [Item W123531] Generating EVERYTHING for: 由衷
🚀 [Item W123532] Generating EVERYTHING for: 邮编
🚀 [Item W123533] Generating EVERYTHING for: 邮政
🚀 [Item W123534] Generating EVERYTHING for: 犹豫不决
🚀 [Item W123535] Generating EVERYTHING for: 油画
🚀 [Item W123536] Generating EVERYTHING for: 游船
🚀 [Item W123537] Generating EVERYTHING for: 友情
🚀 [Item W123538] Generating EVERYTHING for: 友人
🚀 [Item W123539] Generating EVERYTHING for: 友善
🚀 [Item W123540] Generating EVERYTHING for: 有待
🚀 [Item W123541] Generating EVERYTHING for: 有的放矢
🚀 [Item W123542] Generating EVERYTHING for: 有机
🚀 [Item W123543] Generating EVERYTHING for: 有口无心
🚀 [Item W123544] Generating EVERYTHING for: 有两下子
🚀 [Item W123545] Generating EVERYTHING for: 有声有色
🚀 [Item W123546] Generating EVERYTHING for: 有所
🚀 [Item W123547] Generating EVERYTHING for: 有所不同
🚀 [Item W123548] Generating EVERYTHING for: 有望
🚀 [Item W123549] Generating EVERYTHING for: 有效期
🚀 [Item W123550] Generating EVERYTHING for: 有幸
🚀 [Item W123551] Generating EVERYTHING for: 有序
🚀 [Item W123552] Generating EVERYTHING for: 有益
🚀 [Item W123553] Generating EVERYTHING for: 有意
🚀 [Item W123554] Generating EVERYTHING for: 有朝一日
🚀 [Item W123555] Generating EVERYTHING for: 有助于
🚀 [Item W123556] Generating EVERYTHING for: 诱饵
🚀 [Item W123557] Generating EVERYTHING for: 诱发
🚀 [Item W123558] Generating EVERYTHING for: 诱人
🚀 [Item W123559] Generating EVERYTHING for: 余
🚀 [Item W123560] Generating EVERYTHING for: 余地
🚀 [Item W123561] Generating EVERYTHING for: 余额
🚀 [Item W123562] Generating EVERYTHING for: 渔船
🚀 [Item W123563] Generating EVERYTHING for: 逾期
[localization_shard_0048.json] Processing 130/130 jobs (Streaming)...
🚀 [Item W123564] Generating EVERYTHING for: 愚公移山
🚀 [Item W123565] Generating EVERYTHING for: 与此同时
🚀 [Item W123566] Generating EVERYTHING for: 与否
🚀 [Item W123567] Generating EVERYTHING for: 与时俱进
🚀 [Item W123568] Generating EVERYTHING for: 与众不同
🚀 [Item W123569] Generating EVERYTHING for: 予以
🚀 [Item W123570] Generating EVERYTHING for: 浴室
🚀 [Item W123571] Generating EVERYTHING for: 预定
🚀 [Item W123572] Generating EVERYTHING for: 预感
🚀 [Item W123573] Generating EVERYTHING for: 预告
🚀 [Item W123574] Generating EVERYTHING for: 预见
🚀 [Item W123575] Generating EVERYTHING for: 预赛
🚀 [Item W123576] Generating EVERYTHING for: 预示
🚀 [Item W123577] Generating EVERYTHING for: 预售
🚀 [Item W123578] Generating EVERYTHING for: 遇难
🚀 [Item W123579] Generating EVERYTHING for: 遇上
🚀 [Item W123580] Generating EVERYTHING for: 遇险
🚀 [Item W123581] Generating EVERYTHING for: 寓意
🚀 [Item W123582] Generating EVERYTHING for: 愈合
🚀 [Item W123583] Generating EVERYTHING for: 愈来愈
🚀 [Item W123584] Generating EVERYTHING for: 愈演愈烈
🚀 [Item W123585] Generating EVERYTHING for: 冤
🚀 [Item W123586] Generating EVERYTHING for: 渊源
🚀 [Item W123587] Generating EVERYTHING for: 元老
🚀 [Item W123588] Generating EVERYTHING for: 原本
🚀 [Item W123589] Generating EVERYTHING for: 原材料
🚀 [Item W123590] Generating EVERYTHING for: 原创
🚀 [Item W123591] Generating EVERYTHING for: 原地
🚀 [Item W123592] Generating EVERYTHING for: 原型
🚀 [Item W123593] Generating EVERYTHING for: 原汁原味
🚀 [Item W123594] Generating EVERYTHING for: 原装
🚀 [Item W123595] Generating EVERYTHING for: 圆形
🚀 [Item W123596] Generating EVERYTHING for: 缘分
🚀 [Item W123597] Generating EVERYTHING for: 源头
🚀 [Item W123598] Generating EVERYTHING for: 源于
🚀 [Item W123599] Generating EVERYTHING for: 源源不断
🚀 [Item W123600] Generating EVERYTHING for: 远程
🚀 [Item W123601] Generating EVERYTHING for: 远见
🚀 [Item W123602] Generating EVERYTHING for: 远近闻名
🚀 [Item W123603] Generating EVERYTHING for: 怨恨
🚀 [Item W123604] Generating EVERYTHING for: 怨气
🚀 [Item W123605] Generating EVERYTHING for: 怨言
🚀 [Item W123606] Generating EVERYTHING for: 院士
🚀 [Item W123607] Generating EVERYTHING for: 曰
🚀 [Item W123608] Generating EVERYTHING for: 约定俗成
🚀 [Item W123609] Generating EVERYTHING for: 月初
🚀 [Item W123610] Generating EVERYTHING for: 月票
🚀 [Item W123611] Generating EVERYTHING for: 岳父
🚀 [Item W123612] Generating EVERYTHING for: 阅历
🚀 [Item W123613] Generating EVERYTHING for: 悦耳
🚀 [Item W123614] Generating EVERYTHING for: 越发
🚀 [Item W123615] Generating EVERYTHING for: 越过
🚀 [Item W123616] Generating EVERYTHING for: 晕倒
🚀 [Item W123617] Generating EVERYTHING for: 陨石
🚀 [Item W123618] Generating EVERYTHING for: 孕妇
🚀 [Item W123619] Generating EVERYTHING for: 运河
🚀 [Item W123620] Generating EVERYTHING for: 运送
🚀 [Item W123621] Generating EVERYTHING for: 运营
🚀 [Item W123622] Generating EVERYTHING for: 运转
🚀 [Item W123623] Generating EVERYTHING for: 韵味
🚀 [Item W123624] Generating EVERYTHING for: 蕴涵
🚀 [Item W123625] Generating EVERYTHING for: 杂乱无章
🚀 [Item W123626] Generating EVERYTHING for: 栽
🚀 [Item W123627] Generating EVERYTHING for: 再度
🚀 [Item W123628] Generating EVERYTHING for: 再现
🚀 [Item W123629] Generating EVERYTHING for: 在线
🚀 [Item W123630] Generating EVERYTHING for: 在职
🚀 [Item W123631] Generating EVERYTHING for: 载体
🚀 [Item W123632] Generating EVERYTHING for: 暂
🚀 [Item W123633] Generating EVERYTHING for: 赞不绝口
🚀 [Item W123634] Generating EVERYTHING for: 赞叹不已
🚀 [Item W123635] Generating EVERYTHING for: 赞同
🚀 [Item W123636] Generating EVERYTHING for: 赞许
🚀 [Item W123637] Generating EVERYTHING for: 赞扬
🚀 [Item W123638] Generating EVERYTHING for: 葬
🚀 [Item W123639] Generating EVERYTHING for: 葬礼
🚀 [Item W123640] Generating EVERYTHING for: 凿
🚀 [Item W123641] Generating EVERYTHING for: 早年
🚀 [Item W123642] Generating EVERYTHING for: 早日
🚀 [Item W123643] Generating EVERYTHING for: 枣
🚀 [Item W123644] Generating EVERYTHING for: 造福
🚀 [Item W123645] Generating EVERYTHING for: 造假
🚀 [Item W123646] Generating EVERYTHING for: 造价
🚀 [Item W123647] Generating EVERYTHING for: 造就
🚀 [Item W123648] Generating EVERYTHING for: 造纸术
🚀 [Item W123649] Generating EVERYTHING for: 噪声
🚀 [Item W123650] Generating EVERYTHING for: 增收
🚀 [Item W123651] Generating EVERYTHING for: 扎根
🚀 [Item W123652] Generating EVERYTHING for: 渣子
🚀 [Item W123653] Generating EVERYTHING for: 闸
🚀 [Item W123654] Generating EVERYTHING for: 炸
🚀 [Item W123655] Generating EVERYTHING for: 眨眼
🚀 [Item W123656] Generating EVERYTHING for: 榨
🚀 [Item W123657] Generating EVERYTHING for: 债务
🚀 [Item W123658] Generating EVERYTHING for: 占卜
🚀 [Item W123659] Generating EVERYTHING for: 沾
🚀 [Item W123660] Generating EVERYTHING for: 粘
🚀 [Item W123661] Generating EVERYTHING for: 斩
🚀 [Item W123662] Generating EVERYTHING for: 斩草除根
🚀 [Item W123663] Generating EVERYTHING for: 盏
🚀 [Item W123664] Generating EVERYTHING for: 展出
🚀 [Item W123665] Generating EVERYTHING for: 展览会
🚀 [Item W123666] Generating EVERYTHING for: 占用
🚀 [Item W123667] Generating EVERYTHING for: 站立
🚀 [Item W123668] Generating EVERYTHING for: 绽放
🚀 [Item W123669] Generating EVERYTHING for: 蘸
🚀 [Item W123670] Generating EVERYTHING for: 张灯结彩
🚀 [Item W123671] Generating EVERYTHING for: 张贴
🚀 [Item W123672] Generating EVERYTHING for: 张扬
🚀 [Item W123673] Generating EVERYTHING for: 长相
🚀 [Item W123674] Generating EVERYTHING for: 掌管
🚀 [Item W123675] Generating EVERYTHING for: 帐子
🚀 [Item W123676] Generating EVERYTHING for: 账单
🚀 [Item W123677] Generating EVERYTHING for: 账号
🚀 [Item W123678] Generating EVERYTHING for: 胀
🚀 [Item W123679] Generating EVERYTHING for: 招待会
🚀 [Item W123680] Generating EVERYTHING for: 招揽
🚀 [Item W123681] Generating EVERYTHING for: 招募
🚀 [Item W123682] Generating EVERYTHING for: 招牌
🚀 [Item W123683] Generating EVERYTHING for: 招数
🚀 [Item W123684] Generating EVERYTHING for: 朝三暮四
🚀 [Item W123685] Generating EVERYTHING for: 朝夕相处
🚀 [Item W123686] Generating EVERYTHING for: 召集
🚀 [Item W123687] Generating EVERYTHING for: 兆头
🚀 [Item W123688] Generating EVERYTHING for: 照办
🚀 [Item W123689] Generating EVERYTHING for: 照例
🚀 [Item W123690] Generating EVERYTHING for: 照料
🚀 [Item W123691] Generating EVERYTHING for: 照明
🚀 [Item W123692] Generating EVERYTHING for: 罩
🚀 [Item W123693] Generating EVERYTHING for: 肇事
[localization_shard_0049.json] Processing 130/130 jobs (Streaming)...
🚀 [Item W123694] Generating EVERYTHING for: 遮
🚀 [Item W123695] Generating EVERYTHING for: 遮盖
🚀 [Item W123696] Generating EVERYTHING for: 折叠
🚀 [Item W123697] Generating EVERYTHING for: 折合
🚀 [Item W123698] Generating EVERYTHING for: 折扣
🚀 [Item W123699] Generating EVERYTHING for: 折射
🚀 [Item W123700] Generating EVERYTHING for: 这会儿
🚀 [Item W123701] Generating EVERYTHING for: 这样一来
🚀 [Item W123702] Generating EVERYTHING for: 针锋相对
🚀 [Item W123703] Generating EVERYTHING for: 针灸
🚀 [Item W123704] Generating EVERYTHING for: 侦察
🚀 [Item W123705] Generating EVERYTHING for: 珍藏
🚀 [Item W123706] Generating EVERYTHING for: 珍视
🚀 [Item W123707] Generating EVERYTHING for: 珍重
🚀 [Item W123708] Generating EVERYTHING for: 真假
🚀 [Item W123709] Generating EVERYTHING for: 真空
🚀 [Item W123710] Generating EVERYTHING for: 真情
🚀 [Item W123711] Generating EVERYTHING for: 真是的
🚀 [Item W123712] Generating EVERYTHING for: 真心
🚀 [Item W123713] Generating EVERYTHING for: 诊所
🚀 [Item W123714] Generating EVERYTHING for: 阵营
🚀 [Item W123715] Generating EVERYTHING for: 振作
🚀 [Item W123716] Generating EVERYTHING for: 震
🚀 [Item W123717] Generating EVERYTHING for: 震动
🚀 [Item W123718] Generating EVERYTHING for: 争吵
🚀 [Item W123719] Generating EVERYTHING for: 争分夺秒
🚀 [Item W123720] Generating EVERYTHING for: 争光
🚀 [Item W123721] Generating EVERYTHING for: 争执
🚀 [Item W123722] Generating EVERYTHING for: 征
🚀 [Item W123723] Generating EVERYTHING for: 征集
🚀 [Item W123724] Generating EVERYTHING for: 症结
🚀 [Item W123725] Generating EVERYTHING for: 蒸
🚀 [Item W123726] Generating EVERYTHING for: 拯救
🚀 [Item W123727] Generating EVERYTHING for: 整合
🚀 [Item W123728] Generating EVERYTHING for: 整洁
🚀 [Item W123729] Generating EVERYTHING for: 整数
🚀 [Item W123730] Generating EVERYTHING for: 正面
🚀 [Item W123731] Generating EVERYTHING for: 正能量
🚀 [Item W123732] Generating EVERYTHING for: 正视
🚀 [Item W123733] Generating EVERYTHING for: 正直
🚀 [Item W123734] Generating EVERYTHING for: 证人
🚀 [Item W123735] Generating EVERYTHING for: 之所以
🚀 [Item W123736] Generating EVERYTHING for: 汁
🚀 [Item W123737] Generating EVERYTHING for: 芝麻
🚀 [Item W123738] Generating EVERYTHING for: 芝士
🚀 [Item W123739] Generating EVERYTHING for: 知己
🚀 [Item W123740] Generating EVERYTHING for: 知识分子
🚀 [Item W123741] Generating EVERYTHING for: 知足
🚀 [Item W123742] Generating EVERYTHING for: 肢体
🚀 [Item W123743] Generating EVERYTHING for: 执法
🚀 [Item W123744] Generating EVERYTHING for: 执意
🚀 [Item W123745] Generating EVERYTHING for: 直奔
🚀 [Item W123746] Generating EVERYTHING for: 直达
🚀 [Item W123747] Generating EVERYTHING for: 直观
🚀 [Item W123748] Generating EVERYTHING for: 直觉
🚀 [Item W123749] Generating EVERYTHING for: 直视
🚀 [Item W123750] Generating EVERYTHING for: 直至
🚀 [Item W123751] Generating EVERYTHING for: 值钱
🚀 [Item W123752] Generating EVERYTHING for: 职权
🚀 [Item W123753] Generating EVERYTHING for: 职业病
🚀 [Item W123754] Generating EVERYTHING for: 职员
🚀 [Item W123755] Generating EVERYTHING for: 止步
🚀 [Item W123756] Generating EVERYTHING for: 止咳
🚀 [Item W123757] Generating EVERYTHING for: 止血
🚀 [Item W123758] Generating EVERYTHING for: 旨在
🚀 [Item W123759] Generating EVERYTHING for: 指点
🚀 [Item W123760] Generating EVERYTHING for: 指教
🚀 [Item W123761] Generating EVERYTHING for: 指南
🚀 [Item W123762] Generating EVERYTHING for: 指手画脚
🚀 [Item W123763] Generating EVERYTHING for: 指向
🚀 [Item W123764] Generating EVERYTHING for: 指引
🚀 [Item W123765] Generating EVERYTHING for: 至此
🚀 [Item W123766] Generating EVERYTHING for: 至关重要
🚀 [Item W123767] Generating EVERYTHING for: 制
🚀 [Item W123768] Generating EVERYTHING for: 制品
🚀 [Item W123769] Generating EVERYTHING for: 质地
🚀 [Item W123770] Generating EVERYTHING for: 质朴
🚀 [Item W123771] Generating EVERYTHING for: 质问
🚀 [Item W123772] Generating EVERYTHING for: 质疑
🚀 [Item W123773] Generating EVERYTHING for: 治学
🚀 [Item W123774] Generating EVERYTHING for: 治愈
🚀 [Item W123775] Generating EVERYTHING for: 致
🚀 [Item W123776] Generating EVERYTHING for: 致富
🚀 [Item W123777] Generating EVERYTHING for: 致敬
🚀 [Item W123778] Generating EVERYTHING for: 致力于
🚀 [Item W123779] Generating EVERYTHING for: 致命
🚀 [Item W123780] Generating EVERYTHING for: 窒息
🚀 [Item W123781] Generating EVERYTHING for: 滞后
🚀 [Item W123782] Generating EVERYTHING for: 置
🚀 [Item W123783] Generating EVERYTHING for: 中国画
🚀 [Item W123784] Generating EVERYTHING for: 中途
🚀 [Item W123785] Generating EVERYTHING for: 中型
🚀 [Item W123786] Generating EVERYTHING for: 中性
🚀 [Item W123787] Generating EVERYTHING for: 中庸
🚀 [Item W123788] Generating EVERYTHING for: 中止
🚀 [Item W123789] Generating EVERYTHING for: 忠于
🚀 [Item W123790] Generating EVERYTHING for: 忠贞
🚀 [Item W123791] Generating EVERYTHING for: 终结
🚀 [Item W123792] Generating EVERYTHING for: 终生
🚀 [Item W123793] Generating EVERYTHING for: 仲裁
🚀 [Item W123794] Generating EVERYTHING for: 众人
🚀 [Item W123795] Generating EVERYTHING for: 众志成城
🚀 [Item W123796] Generating EVERYTHING for: 重创
🚀 [Item W123797] Generating EVERYTHING for: 重量级
🚀 [Item W123798] Generating EVERYTHING for: 重任
🚀 [Item W123799] Generating EVERYTHING for: 重伤
🚀 [Item W123800] Generating EVERYTHING for: 重型
🚀 [Item W123801] Generating EVERYTHING for: 重中之重
🚀 [Item W123802] Generating EVERYTHING for: 周旋
🚀 [Item W123803] Generating EVERYTHING for: 皱
🚀 [Item W123804] Generating EVERYTHING for: 骤然
🚀 [Item W123805] Generating EVERYTHING for: 朱红
🚀 [Item W123806] Generating EVERYTHING for: 诸多
🚀 [Item W123807] Generating EVERYTHING for: 诸如此类
🚀 [Item W123808] Generating EVERYTHING for: 竹竿
🚀 [Item W123809] Generating EVERYTHING for: 主
🚀 [Item W123810] Generating EVERYTHING for: 主编
🚀 [Item W123811] Generating EVERYTHING for: 主妇
🚀 [Item W123812] Generating EVERYTHING for: 主力
🚀 [Item W123813] Generating EVERYTHING for: 主人公
🚀 [Item W123814] Generating EVERYTHING for: 主食
🚀 [Item W123815] Generating EVERYTHING for: 主题歌
🚀 [Item W123816] Generating EVERYTHING for: 主演
🚀 [Item W123817] Generating EVERYTHING for: 主页
🚀 [Item W123818] Generating EVERYTHING for: 主宰
🚀 [Item W123819] Generating EVERYTHING for: 瞩目
🚀 [Item W123820] Generating EVERYTHING for: 助威
🚀 [Item W123821] Generating EVERYTHING for: 住处
🚀 [Item W123822] Generating EVERYTHING for: 住户
🚀 [Item W123823] Generating EVERYTHING for: 住宿
[localization_shard_0050.json] Processing 122/122 jobs (Streaming)...
🚀 [Item W123824] Generating EVERYTHING for: 住址
🚀 [Item W123825] Generating EVERYTHING for: 贮藏
🚀 [Item W123826] Generating EVERYTHING for: 注
🚀 [Item W123827] Generating EVERYTHING for: 注定
🚀 [Item W123828] Generating EVERYTHING for: 注入
🚀 [Item W123829] Generating EVERYTHING for: 筑
🚀 [Item W123830] Generating EVERYTHING for: 爪子
🚀 [Item W123831] Generating EVERYTHING for: 专柜
🚀 [Item W123832] Generating EVERYTHING for: 专栏
🚀 [Item W123833] Generating EVERYTHING for: 专卖店
🚀 [Item W123834] Generating EVERYTHING for: 专人
🚀 [Item W123835] Generating EVERYTHING for: 专职
🚀 [Item W123836] Generating EVERYTHING for: 专制
🚀 [Item W123837] Generating EVERYTHING for: 专注
🚀 [Item W123838] Generating EVERYTHING for: 专著
🚀 [Item W123839] Generating EVERYTHING for: 转播
🚀 [Item W123840] Generating EVERYTHING for: 转机
🚀 [Item W123841] Generating EVERYTHING for: 转交
🚀 [Item W123842] Generating EVERYTHING for: 转型
🚀 [Item W123843] Generating EVERYTHING for: 转学
🚀 [Item W123844] Generating EVERYTHING for: 转眼
🚀 [Item W123845] Generating EVERYTHING for: 转载
🚀 [Item W123846] Generating EVERYTHING for: 转折点
🚀 [Item W123847] Generating EVERYTHING for: 传
🚀 [Item W123848] Generating EVERYTHING for: 转悠
🚀 [Item W123849] Generating EVERYTHING for: 撰写
🚀 [Item W123850] Generating EVERYTHING for: 庄园
🚀 [Item W123851] Generating EVERYTHING for: 桩
🚀 [Item W123852] Generating EVERYTHING for: 装扮
🚀 [Item W123853] Generating EVERYTHING for: 壮
🚀 [Item W123854] Generating EVERYTHING for: 壮大
🚀 [Item W123855] Generating EVERYTHING for: 壮胆
🚀 [Item W123856] Generating EVERYTHING for: 壮实
🚀 [Item W123857] Generating EVERYTHING for: 状元
🚀 [Item W123858] Generating EVERYTHING for: 撞击
🚀 [Item W123859] Generating EVERYTHING for: 追悼会
🚀 [Item W123860] Generating EVERYTHING for: 追赶
🚀 [Item W123861] Generating EVERYTHING for: 追溯
🚀 [Item W123862] Generating EVERYTHING for: 追随
🚀 [Item W123863] Generating EVERYTHING for: 追尾
🚀 [Item W123864] Generating EVERYTHING for: 追问
🚀 [Item W123865] Generating EVERYTHING for: 追逐
🚀 [Item W123866] Generating EVERYTHING for: 追踪
🚀 [Item W123867] Generating EVERYTHING for: 准许
🚀 [Item W123868] Generating EVERYTHING for: 拙劣
🚀 [Item W123869] Generating EVERYTHING for: 捉迷藏
🚀 [Item W123870] Generating EVERYTHING for: 灼热
🚀 [Item W123871] Generating EVERYTHING for: 酌情
🚀 [Item W123872] Generating EVERYTHING for: 着力
🚀 [Item W123873] Generating EVERYTHING for: 着落
🚀 [Item W123874] Generating EVERYTHING for: 着实
🚀 [Item W123875] Generating EVERYTHING for: 着眼
🚀 [Item W123876] Generating EVERYTHING for: 着眼于
🚀 [Item W123877] Generating EVERYTHING for: 兹
🚀 [Item W123878] Generating EVERYTHING for: 资本主义
🚀 [Item W123879] Generating EVERYTHING for: 资历
🚀 [Item W123880] Generating EVERYTHING for: 资讯
🚀 [Item W123881] Generating EVERYTHING for: 子弟
🚀 [Item W123882] Generating EVERYTHING for: 子孙
🚀 [Item W123883] Generating EVERYTHING for: 自称
🚀 [Item W123884] Generating EVERYTHING for: 自费
🚀 [Item W123885] Generating EVERYTHING for: 自负
🚀 [Item W123886] Generating EVERYTHING for: 自理
🚀 [Item W123887] Generating EVERYTHING for: 自立
🚀 [Item W123888] Generating EVERYTHING for: 自强不息
🚀 [Item W123889] Generating EVERYTHING for: 自然而然
🚀 [Item W123890] Generating EVERYTHING for: 自然界
🚀 [Item W123891] Generating EVERYTHING for: 自如
🚀 [Item W123892] Generating EVERYTHING for: 自始至终
🚀 [Item W123893] Generating EVERYTHING for: 自私自利
🚀 [Item W123894] Generating EVERYTHING for: 自卫
🚀 [Item W123895] Generating EVERYTHING for: 自相矛盾
🚀 [Item W123896] Generating EVERYTHING for: 自信心
🚀 [Item W123897] Generating EVERYTHING for: 自行
🚀 [Item W123898] Generating EVERYTHING for: 自以为是
🚀 [Item W123899] Generating EVERYTHING for: 自由自在
🚀 [Item W123900] Generating EVERYTHING for: 自责
🚀 [Item W123901] Generating EVERYTHING for: 自助
🚀 [Item W123902] Generating EVERYTHING for: 自尊
🚀 [Item W123903] Generating EVERYTHING for: 自尊心
🚀 [Item W123904] Generating EVERYTHING for: 字迹
🚀 [Item W123905] Generating EVERYTHING for: 字体
🚀 [Item W123906] Generating EVERYTHING for: 字眼
🚀 [Item W123907] Generating EVERYTHING for: 宗
🚀 [Item W123908] Generating EVERYTHING for: 综上所述
🚀 [Item W123909] Generating EVERYTHING for: 总的来说
🚀 [Item W123910] Generating EVERYTHING for: 总额
🚀 [Item W123911] Generating EVERYTHING for: 总计
🚀 [Item W123912] Generating EVERYTHING for: 纵观
🚀 [Item W123913] Generating EVERYTHING for: 纵横交错
🚀 [Item W123914] Generating EVERYTHING for: 纵然
🚀 [Item W123915] Generating EVERYTHING for: 纵容
🚀 [Item W123916] Generating EVERYTHING for: 纵深
🚀 [Item W123917] Generating EVERYTHING for: 粽子
🚀 [Item W123918] Generating EVERYTHING for: 走过场
🚀 [Item W123919] Generating EVERYTHING for: 走后门
🚀 [Item W123920] Generating EVERYTHING for: 走近
🚀 [Item W123921] Generating EVERYTHING for: 走投无路
🚀 [Item W123922] Generating EVERYTHING for: 走弯路
🚀 [Item W123923] Generating EVERYTHING for: 奏效
🚀 [Item W123924] Generating EVERYTHING for: 足迹
🚀 [Item W123925] Generating EVERYTHING for: 足智多谋
🚀 [Item W123926] Generating EVERYTHING for: 阻挡
🚀 [Item W123927] Generating EVERYTHING for: 阻力
🚀 [Item W123928] Generating EVERYTHING for: 组建
🚀 [Item W123929] Generating EVERYTHING for: 组装
🚀 [Item W123930] Generating EVERYTHING for: 祖传
🚀 [Item W123931] Generating EVERYTHING for: 祖籍
🚀 [Item W123932] Generating EVERYTHING for: 祖宗
🚀 [Item W123933] Generating EVERYTHING for: 钻空子
🚀 [Item W123934] Generating EVERYTHING for: 罪魁祸首
🚀 [Item W123935] Generating EVERYTHING for: 尊贵
🚀 [Item W123936] Generating EVERYTHING for: 遵照
🚀 [Item W123937] Generating EVERYTHING for: 左顾右盼
🚀 [Item W123938] Generating EVERYTHING for: 佐料
🚀 [Item W123939] Generating EVERYTHING for: 作对
🚀 [Item W123940] Generating EVERYTHING for: 作客
🚀 [Item W123941] Generating EVERYTHING for: 作物
🚀 [Item W123942] Generating EVERYTHING for: 坐落
🚀 [Item W123943] Generating EVERYTHING for: 座谈
🚀 [Item W123944] Generating EVERYTHING for: 做生意
🚀 [Item W123945] Generating EVERYTHING for: 做证
