image_id,concept_key,name_en,category,cultural_context,filename,image_size,style,background_style,prompt_en,reusable_for,linked_sense_count,prompt_template_version
IMG_ABSTRACT_ANGRY,abstract_angry,Angry,symbol_abstract,universal,img__abstract_angry__v1.webp,1024x1024,digital_art_flat_v3,soft neutral gradient,"Symbolic representation of anger: dark storm cloud with sharp lightning accent, clean premium digital art, smooth gradients, centered composition, soft light-neutral background, high clarity, minimal elegant design, not cartoon, no text, no letters, no numerals, no logos, no watermark, no border, output size 1024x1024",language_learning|cross_language_vocabulary|reading_comprehension|listening_comprehension,1,v3_reference_style_size_2026-02-15
IMG_ABSTRACT_HAPPY,abstract_happy,Happy,symbol_abstract,universal,img__abstract_happy__v1.webp,1024x1024,digital_art_flat_v3,soft neutral gradient,"Symbolic representation of happiness: warm glowing sun with gentle radiating beams, clean premium digital art, smooth gradients, centered composition, soft light-neutral background, high clarity, minimal elegant design, not cartoon, no text, no letters, no numerals, no logos, no watermark, no border, output size 1024x1024",language_learning|cross_language_vocabulary|reading_comprehension|listening_comprehension,1,v3_reference_style_size_2026-02-15
IMG_ABSTRACT_LOVE,abstract_love,Love,symbol_abstract,universal,img__abstract_love__v1.webp,1024x1024,digital_art_flat_v3,soft neutral gradient,"Abstract symbolic representation of ""love"", clear universal metaphor, clean modern digital illustration, soft gradients, centered composition, soft neutral gradient background, professional educational visual style, minimal clutter, not cartoon, no text, no letters, no numerals, no logos, no watermark, no border, output size 1024x1024",language_learning|cross_language_vocabulary|reading_comprehension|listening_comprehension,1,v3_reference_style_size_2026-02-15
IMG_ABSTRACT_THANK_YOU,abstract_thank_you,Thank You,symbol_abstract,universal,img__abstract_thank_you__v1.webp,1024x1024,digital_art_flat_v3,minimal room corner pastel,"Abstract symbolic representation of ""thank you"", clear universal metaphor, clean modern digital illustration, soft gradients, centered composition, minimal room corner pastel background, professional educational visual style, minimal clutter, not cartoon, no text, no letters, no numerals, no logos, no watermark, no border, output size 1024x1024",language_learning|cross_language_vocabulary|reading_comprehension|listening_comprehension,1,v3_reference_style_size_2026-02-15
IMG_ACTION_BE_ABLE_TO,action_be_able_to,Be Able To,action_scene,universal,img__action_be_able_to__v1.webp,1024x1024,digital_art_flat_v3,simple indoor scene minimal props,"An adult person performing ""be able to"" in a natural dynamic pose, clean modern digital illustration, semi-realistic proportions, soft gradients, centered composition, simple indoor scene minimal props background, subtle natural facial expression, professional educational visual style, minimal clutter, not cartoon, not chibi, not mascot, no text, no letters, no numerals, no logos, no watermark, no border, output size 1024x1024",language_learning|cross_language_vocabulary|reading_comprehension|listening_comprehension,1,v3_reference_style_size_2026-02-15
IMG_ACTION_MAKE_A_PHONE_CALL,action_make_a_phone_call,Make A Phone Call,action_scene,universal,img__action_make_a_phone_call__v1.webp,1024x1024,digital_art_flat_v3,soft outdoor neutral scene,"An adult person performing ""make a phone call"" in a natural dynamic pose, clean modern digital illustration, semi-realistic proportions, soft gradients, centered composition, soft outdoor neutral scene background, subtle natural facial expression, professional educational visual style, minimal clutter, not cartoon, not chibi, not mascot, no text, no letters, no numerals, no logos, no watermark, no border, output size 1024x1024",language_learning|cross_language_vocabulary|reading_comprehension|listening_comprehension,1,v3_reference_style_size_2026-02-15
IMG_ACTION_TO_ARRIVE,action_to_arrive,To Arrive,action_scene,universal,img__action_to_arrive__v1.webp,1024x1024,digital_art_flat_v3,soft outdoor neutral scene,"An adult person performing ""to arrive"" in a natural dynamic pose, clean modern digital illustration, semi-realistic proportions, soft gradients, centered composition, soft outdoor neutral scene background, subtle natural facial expression, professional educational visual style, minimal clutter, not cartoon, not chibi, not mascot, no text, no letters, no numerals, no logos, no watermark, no border, output size 1024x1024",language_learning|cross_language_vocabulary|reading_comprehension|listening_comprehension,2,v3_reference_style_size_2026-02-15
IMG_ACTION_TO_ASK,action_to_ask,To Ask,action_scene,universal,img__action_to_ask__v1.webp,1024x1024,digital_art_flat_v3,simple indoor scene minimal props,"An adult person performing ""to ask"" in a natural dynamic pose, clean modern digital illustration, semi-realistic proportions, soft gradients, centered composition, simple indoor scene minimal props background, subtle natural facial expression, professional educational visual style, minimal clutter, not cartoon, not chibi, not mascot, no text, no letters, no numerals, no logos, no watermark, no border, output size 1024x1024",language_learning|cross_language_vocabulary|reading_comprehension|listening_comprehension,1,v3_reference_style_size_2026-02-15
IMG_ACTION_TO_BE,action_to_be,To Be,action_scene,universal,img__action_to_be__v1.webp,1024x1024,digital_art_flat_v3,minimal office-like scene,"An adult person performing ""to be"" in a natural dynamic pose, clean modern digital illustration, semi-realistic proportions, soft gradients, centered composition, minimal office-like scene background, subtle natural facial expression, professional educational visual style, minimal clutter, not cartoon, not chibi, not mascot, no text, no letters, no numerals, no logos, no watermark, no border, output size 1024x1024",language_learning|cross_language_vocabulary|reading_comprehension|listening_comprehension,1,v3_reference_style_size_2026-02-15
IMG_ACTION_TO_BE_CALLED,action_to_be_called,To Be Called,action_scene,universal,img__action_to_be_called__v1.webp,1024x1024,digital_art_flat_v3,clean studio with floor shadow,"An adult person performing ""to be called"" in a natural dynamic pose, clean modern digital illustration, semi-realistic proportions, soft gradients, centered composition, clean studio with floor shadow background, subtle natural facial expression, professional educational visual style, minimal clutter, not cartoon, not chibi, not mascot, no text, no letters, no numerals, no logos, no watermark, no border, output size 1024x1024",language_learning|cross_language_vocabulary|reading_comprehension|listening_comprehension,1,v3_reference_style_size_2026-02-15
IMG_ACTION_TO_BE_ILL,action_to_be_ill,To Be Ill,action_scene,universal,img__action_to_be_ill__v1.webp,1024x1024,digital_art_flat_v3,soft outdoor neutral scene,"An adult person performing ""to be ill"" in a natural dynamic pose, clean modern digital illustration, semi-realistic proportions, soft gradients, centered composition, soft outdoor neutral scene background, subtle natural facial expression, professional educational visual style, minimal clutter, not cartoon, not chibi, not mascot, no text, no letters, no numerals, no logos, no watermark, no border, output size 1024x1024",language_learning|cross_language_vocabulary|reading_comprehension|listening_comprehension,1,v3_reference_style_size_2026-02-15
IMG_ACTION_TO_BUY,action_to_buy,To Buy,action_scene,universal,img__action_to_buy__v1.webp,1024x1024,digital_art_flat_v3,clean studio with floor shadow,"An adult person performing ""to buy"" in a natural dynamic pose, clean modern digital illustration, semi-realistic proportions, soft gradients, centered composition, clean studio with floor shadow background, subtle natural facial expression, professional educational visual style, minimal clutter, not cartoon, not chibi, not mascot, no text, no letters, no numerals, no logos, no watermark, no border, output size 1024x1024",language_learning|cross_language_vocabulary|reading_comprehension|listening_comprehension,1,v3_reference_style_size_2026-02-15
IMG_ACTION_TO_CALL,action_to_call,To Call,action_scene,universal,img__action_to_call__v1.webp,1024x1024,digital_art_flat_v3,simple indoor scene minimal props,"An adult person performing ""to call"" in a natural dynamic pose, clean modern digital illustration, semi-realistic proportions, soft gradients, centered composition, simple indoor scene minimal props background, subtle natural facial expression, professional educational visual style, minimal clutter, not cartoon, not chibi, not mascot, no text, no letters, no numerals, no logos, no watermark, no border, output size 1024x1024",language_learning|cross_language_vocabulary|reading_comprehension|listening_comprehension,1,v3_reference_style_size_2026-02-15
IMG_ACTION_TO_CLOSE,action_to_close,To Close,action_scene,universal,img__action_to_close__v1.webp,1024x1024,digital_art_flat_v3,soft outdoor neutral scene,"An adult person performing ""to close"" in a natural dynamic pose, clean modern digital illustration, semi-realistic proportions, soft gradients, centered composition, soft outdoor neutral scene background, subtle natural facial expression, professional educational visual style, minimal clutter, not cartoon, not chibi, not mascot, no text, no letters, no numerals, no logos, no watermark, no border, output size 1024x1024",language_learning|cross_language_vocabulary|reading_comprehension|listening_comprehension,1,v3_reference_style_size_2026-02-15
IMG_ACTION_TO_COME,action_to_come,To Come,action_scene,universal,img__action_to_come__v1.webp,1024x1024,digital_art_flat_v3,minimal office-like scene,"An adult person performing ""to come"" in a natural dynamic pose, clean modern digital illustration, semi-realistic proportions, soft gradients, centered composition, minimal office-like scene background, subtle natural facial expression, professional educational visual style, minimal clutter, not cartoon, not chibi, not mascot, no text, no letters, no numerals, no logos, no watermark, no border, output size 1024x1024",language_learning|cross_language_vocabulary|reading_comprehension|listening_comprehension,1,v3_reference_style_size_2026-02-15
IMG_ACTION_TO_COMPARE,action_to_compare,To Compare,action_scene,universal,img__action_to_compare__v1.webp,1024x1024,digital_art_flat_v3,soft outdoor neutral scene,"An adult person performing ""to compare"" in a natural dynamic pose, clean modern digital illustration, semi-realistic proportions, soft gradients, centered composition, soft outdoor neutral scene background, subtle natural facial expression, professional educational visual style, minimal clutter, not cartoon, not chibi, not mascot, no text, no letters, no numerals, no logos, no watermark, no border, output size 1024x1024",language_learning|cross_language_vocabulary|reading_comprehension|listening_comprehension,1,v3_reference_style_size_2026-02-15
IMG_ACTION_TO_DO,action_to_do,To Do,action_scene,universal,img__action_to_do__v1.webp,1024x1024,digital_art_flat_v3,simple indoor scene minimal props,"An adult person performing ""to do"" in a natural dynamic pose, clean modern digital illustration, semi-realistic proportions, soft gradients, centered composition, simple indoor scene minimal props background, subtle natural facial expression, professional educational visual style, minimal clutter, not cartoon, not chibi, not mascot, no text, no letters, no numerals, no logos, no watermark, no border, output size 1024x1024",language_learning|cross_language_vocabulary|reading_comprehension|listening_comprehension,2,v3_reference_style_size_2026-02-15
IMG_ACTION_TO_DRINK,action_to_drink,To Drink,action_scene,universal,img__action_to_drink__v1.webp,1024x1024,digital_art_flat_v3,soft neutral gradient,"Adult person drinking from a glass/cup in a natural pose, natural anatomy and proportions, modern premium digital art, semi-realistic rendering, smooth gradient shading, clean warm-neutral background, centered composition, high clarity, educational visual style, no cartoon, no mascot, no chibi, no text, no letters, no numerals, no logos, no watermark, no border, output size 1024x1024",language_learning|cross_language_vocabulary|reading_comprehension|listening_comprehension,1,v3_reference_style_size_2026-02-15
IMG_ACTION_TO_DRIVE,action_to_drive,To Drive,action_scene,universal,img__action_to_drive__v1.webp,1024x1024,digital_art_flat_v3,simple indoor scene minimal props,"An adult person performing ""to drive"" in a natural dynamic pose, clean modern digital illustration, semi-realistic proportions, soft gradients, centered composition, simple indoor scene minimal props background, subtle natural facial expression, professional educational visual style, minimal clutter, not cartoon, not chibi, not mascot, no text, no letters, no numerals, no logos, no watermark, no border, output size 1024x1024",language_learning|cross_language_vocabulary|reading_comprehension|listening_comprehension,1,v3_reference_style_size_2026-02-15
IMG_ACTION_TO_DRIVE_A_CAR,action_to_drive_a_car,To Drive A Car,action_scene,universal,img__action_to_drive_a_car__v1.webp,1024x1024,digital_art_flat_v3,simple indoor scene minimal props,"An adult person performing ""to drive a car"" in a natural dynamic pose, clean modern digital illustration, semi-realistic proportions, soft gradients, centered composition, simple indoor scene minimal props background, subtle natural facial expression, professional educational visual style, minimal clutter, not cartoon, not chibi, not mascot, no text, no letters, no numerals, no logos, no watermark, no border, output size 1024x1024",language_learning|cross_language_vocabulary|reading_comprehension|listening_comprehension,1,v3_reference_style_size_2026-02-15
IMG_ACTION_TO_EAT,action_to_eat,To Eat,action_scene,universal,img__action_to_eat__v1.webp,1024x1024,digital_art_flat_v3,soft neutral gradient,"Adult person eating naturally from a simple bowl with chopsticks, natural anatomy and proportions, modern premium digital art, semi-realistic rendering, smooth gradient shading, clean warm-neutral background, centered composition, high clarity, educational visual style, no cartoon, no mascot, no chibi, no text, no letters, no numerals, no logos, no watermark, no border, output size 1024x1024",language_learning|cross_language_vocabulary|reading_comprehension|listening_comprehension,1,v3_reference_style_size_2026-02-15
IMG_ACTION_TO_ENTER,action_to_enter,To Enter,action_scene,universal,img__action_to_enter__v1.webp,1024x1024,digital_art_flat_v3,simple indoor scene minimal props,"An adult person performing ""to enter"" in a natural dynamic pose, clean modern digital illustration, semi-realistic proportions, soft gradients, centered composition, simple indoor scene minimal props background, subtle natural facial expression, professional educational visual style, minimal clutter, not cartoon, not chibi, not mascot, no text, no letters, no numerals, no logos, no watermark, no border, output size 1024x1024",language_learning|cross_language_vocabulary|reading_comprehension|listening_comprehension,1,v3_reference_style_size_2026-02-15
IMG_ACTION_TO_FEEL,action_to_feel,To Feel,action_scene,universal,img__action_to_feel__v1.webp,1024x1024,digital_art_flat_v3,minimal office-like scene,"An adult person performing ""to feel"" in a natural dynamic pose, clean modern digital illustration, semi-realistic proportions, soft gradients, centered composition, minimal office-like scene background, subtle natural facial expression, professional educational visual style, minimal clutter, not cartoon, not chibi, not mascot, no text, no letters, no numerals, no logos, no watermark, no border, output size 1024x1024",language_learning|cross_language_vocabulary|reading_comprehension|listening_comprehension,1,v3_reference_style_size_2026-02-15
IMG_ACTION_TO_FIND,action_to_find,To Find,action_scene,universal,img__action_to_find__v1.webp,1024x1024,digital_art_flat_v3,simple indoor scene minimal props,"An adult person performing ""to find"" in a natural dynamic pose, clean modern digital illustration, semi-realistic proportions, soft gradients, centered composition, simple indoor scene minimal props background, subtle natural facial expression, professional educational visual style, minimal clutter, not cartoon, not chibi, not mascot, no text, no letters, no numerals, no logos, no watermark, no border, output size 1024x1024",language_learning|cross_language_vocabulary|reading_comprehension|listening_comprehension,1,v3_reference_style_size_2026-02-15
IMG_ACTION_TO_FLY,action_to_fly,To Fly,action_scene,universal,img__action_to_fly__v1.webp,1024x1024,digital_art_flat_v3,simple indoor scene minimal props,"An adult person performing ""to fly"" in a natural dynamic pose, clean modern digital illustration, semi-realistic proportions, soft gradients, centered composition, simple indoor scene minimal props background, subtle natural facial expression, professional educational visual style, minimal clutter, not cartoon, not chibi, not mascot, no text, no letters, no numerals, no logos, no watermark, no border, output size 1024x1024",language_learning|cross_language_vocabulary|reading_comprehension|listening_comprehension,1,v3_reference_style_size_2026-02-15
IMG_ACTION_TO_FOLLOW,action_to_follow,To Follow,action_scene,universal,img__action_to_follow__v1.webp,1024x1024,digital_art_flat_v3,simple indoor scene minimal props,"An adult person performing ""to follow"" in a natural dynamic pose, clean modern digital illustration, semi-realistic proportions, soft gradients, centered composition, simple indoor scene minimal props background, subtle natural facial expression, professional educational visual style, minimal clutter, not cartoon, not chibi, not mascot, no text, no letters, no numerals, no logos, no watermark, no border, output size 1024x1024",language_learning|cross_language_vocabulary|reading_comprehension|listening_comprehension,1,v3_reference_style_size_2026-02-15
IMG_ACTION_TO_FORGET,action_to_forget,To Forget,action_scene,universal,img__action_to_forget__v1.webp,1024x1024,digital_art_flat_v3,soft outdoor neutral scene,"An adult person performing ""to forget"" in a natural dynamic pose, clean modern digital illustration, semi-realistic proportions, soft gradients, centered composition, soft outdoor neutral scene background, subtle natural facial expression, professional educational visual style, minimal clutter, not cartoon, not chibi, not mascot, no text, no letters, no numerals, no logos, no watermark, no border, output size 1024x1024",language_learning|cross_language_vocabulary|reading_comprehension|listening_comprehension,2,v3_reference_style_size_2026-02-15
IMG_ACTION_TO_GIVE,action_to_give,To Give,action_scene,universal,img__action_to_give__v1.webp,1024x1024,digital_art_flat_v3,minimal office-like scene,"An adult person performing ""to give"" in a natural dynamic pose, clean modern digital illustration, semi-realistic proportions, soft gradients, centered composition, minimal office-like scene background, subtle natural facial expression, professional educational visual style, minimal clutter, not cartoon, not chibi, not mascot, no text, no letters, no numerals, no logos, no watermark, no border, output size 1024x1024",language_learning|cross_language_vocabulary|reading_comprehension|listening_comprehension,1,v3_reference_style_size_2026-02-15
IMG_ACTION_TO_GIVE_AS_A_GIFT,action_to_give_as_a_gift,To Give As A Gift,action_scene,universal,img__action_to_give_as_a_gift__v1.webp,1024x1024,digital_art_flat_v3,soft outdoor neutral scene,"An adult person performing ""to give as a gift"" in a natural dynamic pose, clean modern digital illustration, semi-realistic proportions, soft gradients, centered composition, soft outdoor neutral scene background, subtle natural facial expression, professional educational visual style, minimal clutter, not cartoon, not chibi, not mascot, no text, no letters, no numerals, no logos, no watermark, no border, output size 1024x1024",language_learning|cross_language_vocabulary|reading_comprehension|listening_comprehension,1,v3_reference_style_size_2026-02-15
IMG_ACTION_TO_GO,action_to_go,To Go,action_scene,universal,img__action_to_go__v1.webp,1024x1024,digital_art_flat_v3,clean studio with floor shadow,"An adult person performing ""to go"" in a natural dynamic pose, clean modern digital illustration, semi-realistic proportions, soft gradients, centered composition, clean studio with floor shadow background, subtle natural facial expression, professional educational visual style, minimal clutter, not cartoon, not chibi, not mascot, no text, no letters, no numerals, no logos, no watermark, no border, output size 1024x1024",language_learning|cross_language_vocabulary|reading_comprehension|listening_comprehension,1,v3_reference_style_size_2026-02-15
IMG_ACTION_TO_GO_BACK,action_to_go_back,To Go Back,action_scene,universal,img__action_to_go_back__v1.webp,1024x1024,digital_art_flat_v3,simple indoor scene minimal props,"An adult person performing ""to go back"" in a natural dynamic pose, clean modern digital illustration, semi-realistic proportions, soft gradients, centered composition, simple indoor scene minimal props background, subtle natural facial expression, professional educational visual style, minimal clutter, not cartoon, not chibi, not mascot, no text, no letters, no numerals, no logos, no watermark, no border, output size 1024x1024",language_learning|cross_language_vocabulary|reading_comprehension|listening_comprehension,1,v3_reference_style_size_2026-02-15
IMG_ACTION_TO_GO_IN,action_to_go_in,To Go In,action_scene,universal,img__action_to_go_in__v1.webp,1024x1024,digital_art_flat_v3,clean studio with floor shadow,"An adult person performing ""to go in"" in a natural dynamic pose, clean modern digital illustration, semi-realistic proportions, soft gradients, centered composition, clean studio with floor shadow background, subtle natural facial expression, professional educational visual style, minimal clutter, not cartoon, not chibi, not mascot, no text, no letters, no numerals, no logos, no watermark, no border, output size 1024x1024",language_learning|cross_language_vocabulary|reading_comprehension|listening_comprehension,1,v3_reference_style_size_2026-02-15
IMG_ACTION_TO_GO_OUT,action_to_go_out,To Go Out,action_scene,universal,img__action_to_go_out__v1.webp,1024x1024,digital_art_flat_v3,simple indoor scene minimal props,"An adult person performing ""to go out"" in a natural dynamic pose, clean modern digital illustration, semi-realistic proportions, soft gradients, centered composition, simple indoor scene minimal props background, subtle natural facial expression, professional educational visual style, minimal clutter, not cartoon, not chibi, not mascot, no text, no letters, no numerals, no logos, no watermark, no border, output size 1024x1024",language_learning|cross_language_vocabulary|reading_comprehension|listening_comprehension,1,v3_reference_style_size_2026-02-15
IMG_ACTION_TO_HAVE,action_to_have,To Have,action_scene,universal,img__action_to_have__v1.webp,1024x1024,digital_art_flat_v3,minimal office-like scene,"An adult person performing ""to have"" in a natural dynamic pose, clean modern digital illustration, semi-realistic proportions, soft gradients, centered composition, minimal office-like scene background, subtle natural facial expression, professional educational visual style, minimal clutter, not cartoon, not chibi, not mascot, no text, no letters, no numerals, no logos, no watermark, no border, output size 1024x1024",language_learning|cross_language_vocabulary|reading_comprehension|listening_comprehension,1,v3_reference_style_size_2026-02-15
IMG_ACTION_TO_HEAR,action_to_hear,To Hear,action_scene,universal,img__action_to_hear__v1.webp,1024x1024,digital_art_flat_v3,minimal office-like scene,"An adult person performing ""to hear"" in a natural dynamic pose, clean modern digital illustration, semi-realistic proportions, soft gradients, centered composition, minimal office-like scene background, subtle natural facial expression, professional educational visual style, minimal clutter, not cartoon, not chibi, not mascot, no text, no letters, no numerals, no logos, no watermark, no border, output size 1024x1024",language_learning|cross_language_vocabulary|reading_comprehension|listening_comprehension,3,v3_reference_style_size_2026-02-15
IMG_ACTION_TO_HELP,action_to_help,To Help,action_scene,universal,img__action_to_help__v1.webp,1024x1024,digital_art_flat_v3,soft outdoor neutral scene,"An adult person performing ""to help"" in a natural dynamic pose, clean modern digital illustration, semi-realistic proportions, soft gradients, centered composition, soft outdoor neutral scene background, subtle natural facial expression, professional educational visual style, minimal clutter, not cartoon, not chibi, not mascot, no text, no letters, no numerals, no logos, no watermark, no border, output size 1024x1024",language_learning|cross_language_vocabulary|reading_comprehension|listening_comprehension,2,v3_reference_style_size_2026-02-15
IMG_ACTION_TO_HIT_OR_STRIKE,action_to_hit_or_strike,To Hit Or Strike,action_scene,universal,img__action_to_hit_or_strike__v1.webp,1024x1024,digital_art_flat_v3,soft outdoor neutral scene,"An adult person performing ""to hit or strike"" in a natural dynamic pose, clean modern digital illustration, semi-realistic proportions, soft gradients, centered composition, soft outdoor neutral scene background, subtle natural facial expression, professional educational visual style, minimal clutter, not cartoon, not chibi, not mascot, no text, no letters, no numerals, no logos, no watermark, no border, output size 1024x1024",language_learning|cross_language_vocabulary|reading_comprehension|listening_comprehension,1,v3_reference_style_size_2026-02-15
IMG_ACTION_TO_HOLD,action_to_hold,To Hold,action_scene,universal,img__action_to_hold__v1.webp,1024x1024,digital_art_flat_v3,simple indoor scene minimal props,"An adult person performing ""to hold"" in a natural dynamic pose, clean modern digital illustration, semi-realistic proportions, soft gradients, centered composition, simple indoor scene minimal props background, subtle natural facial expression, professional educational visual style, minimal clutter, not cartoon, not chibi, not mascot, no text, no letters, no numerals, no logos, no watermark, no border, output size 1024x1024",language_learning|cross_language_vocabulary|reading_comprehension|listening_comprehension,1,v3_reference_style_size_2026-02-15
IMG_ACTION_TO_JOKE,action_to_joke,To Joke,action_scene,universal,img__action_to_joke__v1.webp,1024x1024,digital_art_flat_v3,minimal office-like scene,"An adult person performing ""to joke"" in a natural dynamic pose, clean modern digital illustration, semi-realistic proportions, soft gradients, centered composition, minimal office-like scene background, subtle natural facial expression, professional educational visual style, minimal clutter, not cartoon, not chibi, not mascot, no text, no letters, no numerals, no logos, no watermark, no border, output size 1024x1024",language_learning|cross_language_vocabulary|reading_comprehension|listening_comprehension,1,v3_reference_style_size_2026-02-15
IMG_ACTION_TO_KNOW,action_to_know,To Know,action_scene,universal,img__action_to_know__v1.webp,1024x1024,digital_art_flat_v3,clean studio with floor shadow,"An adult person performing ""to know"" in a natural dynamic pose, clean modern digital illustration, semi-realistic proportions, soft gradients, centered composition, clean studio with floor shadow background, subtle natural facial expression, professional educational visual style, minimal clutter, not cartoon, not chibi, not mascot, no text, no letters, no numerals, no logos, no watermark, no border, output size 1024x1024",language_learning|cross_language_vocabulary|reading_comprehension|listening_comprehension,2,v3_reference_style_size_2026-02-15
IMG_ACTION_TO_LAUGH,action_to_laugh,To Laugh,action_scene,universal,img__action_to_laugh__v1.webp,1024x1024,digital_art_flat_v3,clean studio with floor shadow,"An adult person performing ""to laugh"" in a natural dynamic pose, clean modern digital illustration, semi-realistic proportions, soft gradients, centered composition, clean studio with floor shadow background, subtle natural facial expression, professional educational visual style, minimal clutter, not cartoon, not chibi, not mascot, no text, no letters, no numerals, no logos, no watermark, no border, output size 1024x1024",language_learning|cross_language_vocabulary|reading_comprehension|listening_comprehension,1,v3_reference_style_size_2026-02-15
IMG_ACTION_TO_LEARN,action_to_learn,To Learn,action_scene,universal,img__action_to_learn__v1.webp,1024x1024,digital_art_flat_v3,minimal office-like scene,"An adult person performing ""to learn"" in a natural dynamic pose, clean modern digital illustration, semi-realistic proportions, soft gradients, centered composition, minimal office-like scene background, subtle natural facial expression, professional educational visual style, minimal clutter, not cartoon, not chibi, not mascot, no text, no letters, no numerals, no logos, no watermark, no border, output size 1024x1024",language_learning|cross_language_vocabulary|reading_comprehension|listening_comprehension,1,v3_reference_style_size_2026-02-15
IMG_ACTION_TO_LIKE,action_to_like,To Like,action_scene,universal,img__action_to_like__v1.webp,1024x1024,digital_art_flat_v3,minimal office-like scene,"An adult person performing ""to like"" in a natural dynamic pose, clean modern digital illustration, semi-realistic proportions, soft gradients, centered composition, minimal office-like scene background, subtle natural facial expression, professional educational visual style, minimal clutter, not cartoon, not chibi, not mascot, no text, no letters, no numerals, no logos, no watermark, no border, output size 1024x1024",language_learning|cross_language_vocabulary|reading_comprehension|listening_comprehension,1,v3_reference_style_size_2026-02-15
IMG_ACTION_TO_LISTEN,action_to_listen,To Listen,action_scene,universal,img__action_to_listen__v1.webp,1024x1024,digital_art_flat_v3,minimal office-like scene,"An adult person performing ""to listen"" in a natural dynamic pose, clean modern digital illustration, semi-realistic proportions, soft gradients, centered composition, minimal office-like scene background, subtle natural facial expression, professional educational visual style, minimal clutter, not cartoon, not chibi, not mascot, no text, no letters, no numerals, no logos, no watermark, no border, output size 1024x1024",language_learning|cross_language_vocabulary|reading_comprehension|listening_comprehension,1,v3_reference_style_size_2026-02-15
IMG_ACTION_TO_LIVE,action_to_live,To Live,action_scene,universal,img__action_to_live__v1.webp,1024x1024,digital_art_flat_v3,clean studio with floor shadow,"An adult person performing ""to live"" in a natural dynamic pose, clean modern digital illustration, semi-realistic proportions, soft gradients, centered composition, clean studio with floor shadow background, subtle natural facial expression, professional educational visual style, minimal clutter, not cartoon, not chibi, not mascot, no text, no letters, no numerals, no logos, no watermark, no border, output size 1024x1024",language_learning|cross_language_vocabulary|reading_comprehension|listening_comprehension,1,v3_reference_style_size_2026-02-15
IMG_ACTION_TO_LOOK,action_to_look,To Look,action_scene,universal,img__action_to_look__v1.webp,1024x1024,digital_art_flat_v3,soft outdoor neutral scene,"An adult person performing ""to look"" in a natural dynamic pose, clean modern digital illustration, semi-realistic proportions, soft gradients, centered composition, soft outdoor neutral scene background, subtle natural facial expression, professional educational visual style, minimal clutter, not cartoon, not chibi, not mascot, no text, no letters, no numerals, no logos, no watermark, no border, output size 1024x1024",language_learning|cross_language_vocabulary|reading_comprehension|listening_comprehension,1,v3_reference_style_size_2026-02-15
IMG_ACTION_TO_LOOK_FOR,action_to_look_for,To Look For,action_scene,universal,img__action_to_look_for__v1.webp,1024x1024,digital_art_flat_v3,soft outdoor neutral scene,"An adult person performing ""to look for"" in a natural dynamic pose, clean modern digital illustration, semi-realistic proportions, soft gradients, centered composition, soft outdoor neutral scene background, subtle natural facial expression, professional educational visual style, minimal clutter, not cartoon, not chibi, not mascot, no text, no letters, no numerals, no logos, no watermark, no border, output size 1024x1024",language_learning|cross_language_vocabulary|reading_comprehension|listening_comprehension,1,v3_reference_style_size_2026-02-15
IMG_ACTION_TO_MAKE,action_to_make,To Make,action_scene,universal,img__action_to_make__v1.webp,1024x1024,digital_art_flat_v3,soft outdoor neutral scene,"An adult person performing ""to make"" in a natural dynamic pose, clean modern digital illustration, semi-realistic proportions, soft gradients, centered composition, soft outdoor neutral scene background, subtle natural facial expression, professional educational visual style, minimal clutter, not cartoon, not chibi, not mascot, no text, no letters, no numerals, no logos, no watermark, no border, output size 1024x1024",language_learning|cross_language_vocabulary|reading_comprehension|listening_comprehension,1,v3_reference_style_size_2026-02-15
IMG_ACTION_TO_MOVE,action_to_move,To Move,action_scene,universal,img__action_to_move__v1.webp,1024x1024,digital_art_flat_v3,clean studio with floor shadow,"An adult person performing ""to move"" in a natural dynamic pose, clean modern digital illustration, semi-realistic proportions, soft gradients, centered composition, clean studio with floor shadow background, subtle natural facial expression, professional educational visual style, minimal clutter, not cartoon, not chibi, not mascot, no text, no letters, no numerals, no logos, no watermark, no border, output size 1024x1024",language_learning|cross_language_vocabulary|reading_comprehension|listening_comprehension,1,v3_reference_style_size_2026-02-15
IMG_ACTION_TO_OBTAIN,action_to_obtain,To Obtain,action_scene,universal,img__action_to_obtain__v1.webp,1024x1024,digital_art_flat_v3,clean studio with floor shadow,"An adult person performing ""to obtain"" in a natural dynamic pose, clean modern digital illustration, semi-realistic proportions, soft gradients, centered composition, clean studio with floor shadow background, subtle natural facial expression, professional educational visual style, minimal clutter, not cartoon, not chibi, not mascot, no text, no letters, no numerals, no logos, no watermark, no border, output size 1024x1024",language_learning|cross_language_vocabulary|reading_comprehension|listening_comprehension,1,v3_reference_style_size_2026-02-15
IMG_ACTION_TO_OPEN,action_to_open,To Open,action_scene,universal,img__action_to_open__v1.webp,1024x1024,digital_art_flat_v3,clean studio with floor shadow,"An adult person performing ""to open"" in a natural dynamic pose, clean modern digital illustration, semi-realistic proportions, soft gradients, centered composition, clean studio with floor shadow background, subtle natural facial expression, professional educational visual style, minimal clutter, not cartoon, not chibi, not mascot, no text, no letters, no numerals, no logos, no watermark, no border, output size 1024x1024",language_learning|cross_language_vocabulary|reading_comprehension|listening_comprehension,1,v3_reference_style_size_2026-02-15
IMG_ACTION_TO_PASS,action_to_pass,To Pass,action_scene,universal,img__action_to_pass__v1.webp,1024x1024,digital_art_flat_v3,simple indoor scene minimal props,"An adult person performing ""to pass"" in a natural dynamic pose, clean modern digital illustration, semi-realistic proportions, soft gradients, centered composition, simple indoor scene minimal props background, subtle natural facial expression, professional educational visual style, minimal clutter, not cartoon, not chibi, not mascot, no text, no letters, no numerals, no logos, no watermark, no border, output size 1024x1024",language_learning|cross_language_vocabulary|reading_comprehension|listening_comprehension,1,v3_reference_style_size_2026-02-15
IMG_ACTION_TO_PLACE,action_to_place,To Place,action_scene,universal,img__action_to_place__v1.webp,1024x1024,digital_art_flat_v3,simple indoor scene minimal props,"An adult person performing ""to place"" in a natural dynamic pose, clean modern digital illustration, semi-realistic proportions, soft gradients, centered composition, simple indoor scene minimal props background, subtle natural facial expression, professional educational visual style, minimal clutter, not cartoon, not chibi, not mascot, no text, no letters, no numerals, no logos, no watermark, no border, output size 1024x1024",language_learning|cross_language_vocabulary|reading_comprehension|listening_comprehension,1,v3_reference_style_size_2026-02-15
IMG_ACTION_TO_PLAY,action_to_play,To Play,action_scene,universal,img__action_to_play__v1.webp,1024x1024,digital_art_flat_v3,simple indoor scene minimal props,"An adult person performing ""to play"" in a natural dynamic pose, clean modern digital illustration, semi-realistic proportions, soft gradients, centered composition, simple indoor scene minimal props background, subtle natural facial expression, professional educational visual style, minimal clutter, not cartoon, not chibi, not mascot, no text, no letters, no numerals, no logos, no watermark, no border, output size 1024x1024",language_learning|cross_language_vocabulary|reading_comprehension|listening_comprehension,1,v3_reference_style_size_2026-02-15
IMG_ACTION_TO_PUT_DOWN,action_to_put_down,To Put Down,action_scene,universal,img__action_to_put_down__v1.webp,1024x1024,digital_art_flat_v3,clean studio with floor shadow,"An adult person performing ""to put down"" in a natural dynamic pose, clean modern digital illustration, semi-realistic proportions, soft gradients, centered composition, clean studio with floor shadow background, subtle natural facial expression, professional educational visual style, minimal clutter, not cartoon, not chibi, not mascot, no text, no letters, no numerals, no logos, no watermark, no border, output size 1024x1024",language_learning|cross_language_vocabulary|reading_comprehension|listening_comprehension,1,v3_reference_style_size_2026-02-15
IMG_ACTION_TO_RAIN,action_to_rain,To Rain,action_scene,universal,img__action_to_rain__v1.webp,1024x1024,digital_art_flat_v3,clean studio with floor shadow,"An adult person performing ""to rain"" in a natural dynamic pose, clean modern digital illustration, semi-realistic proportions, soft gradients, centered composition, clean studio with floor shadow background, subtle natural facial expression, professional educational visual style, minimal clutter, not cartoon, not chibi, not mascot, no text, no letters, no numerals, no logos, no watermark, no border, output size 1024x1024",language_learning|cross_language_vocabulary|reading_comprehension|listening_comprehension,1,v3_reference_style_size_2026-02-15
IMG_ACTION_TO_READ,action_to_read,To Read,action_scene,universal,img__action_to_read__v1.webp,1024x1024,digital_art_flat_v3,clean studio with floor shadow,"An adult person performing ""to read"" in a natural dynamic pose, clean modern digital illustration, semi-realistic proportions, soft gradients, centered composition, clean studio with floor shadow background, subtle natural facial expression, professional educational visual style, minimal clutter, not cartoon, not chibi, not mascot, no text, no letters, no numerals, no logos, no watermark, no border, output size 1024x1024",language_learning|cross_language_vocabulary|reading_comprehension|listening_comprehension,1,v3_reference_style_size_2026-02-15
IMG_ACTION_TO_RECOGNIZE,action_to_recognize,To Recognize,action_scene,universal,img__action_to_recognize__v1.webp,1024x1024,digital_art_flat_v3,simple indoor scene minimal props,"An adult person performing ""to recognize"" in a natural dynamic pose, clean modern digital illustration, semi-realistic proportions, soft gradients, centered composition, simple indoor scene minimal props background, subtle natural facial expression, professional educational visual style, minimal clutter, not cartoon, not chibi, not mascot, no text, no letters, no numerals, no logos, no watermark, no border, output size 1024x1024",language_learning|cross_language_vocabulary|reading_comprehension|listening_comprehension,1,v3_reference_style_size_2026-02-15
IMG_ACTION_TO_REMEMBER,action_to_remember,To Remember,action_scene,universal,img__action_to_remember__v1.webp,1024x1024,digital_art_flat_v3,minimal office-like scene,"An adult person performing ""to remember"" in a natural dynamic pose, clean modern digital illustration, semi-realistic proportions, soft gradients, centered composition, minimal office-like scene background, subtle natural facial expression, professional educational visual style, minimal clutter, not cartoon, not chibi, not mascot, no text, no letters, no numerals, no logos, no watermark, no border, output size 1024x1024",language_learning|cross_language_vocabulary|reading_comprehension|listening_comprehension,3,v3_reference_style_size_2026-02-15
IMG_ACTION_TO_RETURN,action_to_return,To Return,action_scene,universal,img__action_to_return__v1.webp,1024x1024,digital_art_flat_v3,clean studio with floor shadow,"An adult person performing ""to return"" in a natural dynamic pose, clean modern digital illustration, semi-realistic proportions, soft gradients, centered composition, clean studio with floor shadow background, subtle natural facial expression, professional educational visual style, minimal clutter, not cartoon, not chibi, not mascot, no text, no letters, no numerals, no logos, no watermark, no border, output size 1024x1024",language_learning|cross_language_vocabulary|reading_comprehension|listening_comprehension,2,v3_reference_style_size_2026-02-15
IMG_ACTION_TO_RISE,action_to_rise,To Rise,action_scene,universal,img__action_to_rise__v1.webp,1024x1024,digital_art_flat_v3,minimal office-like scene,"An adult person performing ""to rise"" in a natural dynamic pose, clean modern digital illustration, semi-realistic proportions, soft gradients, centered composition, minimal office-like scene background, subtle natural facial expression, professional educational visual style, minimal clutter, not cartoon, not chibi, not mascot, no text, no letters, no numerals, no logos, no watermark, no border, output size 1024x1024",language_learning|cross_language_vocabulary|reading_comprehension|listening_comprehension,2,v3_reference_style_size_2026-02-15
IMG_ACTION_TO_RISE_UP,action_to_rise_up,To Rise Up,action_scene,universal,img__action_to_rise_up__v1.webp,1024x1024,digital_art_flat_v3,simple indoor scene minimal props,"An adult person performing ""to rise up"" in a natural dynamic pose, clean modern digital illustration, semi-realistic proportions, soft gradients, centered composition, simple indoor scene minimal props background, subtle natural facial expression, professional educational visual style, minimal clutter, not cartoon, not chibi, not mascot, no text, no letters, no numerals, no logos, no watermark, no border, output size 1024x1024",language_learning|cross_language_vocabulary|reading_comprehension|listening_comprehension,1,v3_reference_style_size_2026-02-15
IMG_ACTION_TO_RUN,action_to_run,To Run,action_scene,universal,img__action_to_run__v1.webp,1024x1024,digital_art_flat_v3,soft outdoor neutral scene,"Adult person running in side profile, natural anatomy and proportions, dynamic stride, modern premium digital art, semi-realistic rendering, smooth gradient shading, subtle ground shadow, clean warm-neutral background, centered composition, high clarity, educational visual style, no cartoon, no mascot, no chibi, no text, no letters, no numerals, no logos, no watermark, no border, output size 1024x1024",language_learning|cross_language_vocabulary|reading_comprehension|listening_comprehension,1,v3_reference_style_size_2026-02-15
IMG_ACTION_TO_SEE,action_to_see,To See,action_scene,universal,img__action_to_see__v1.webp,1024x1024,digital_art_flat_v3,simple indoor scene minimal props,"An adult person performing ""to see"" in a natural dynamic pose, clean modern digital illustration, semi-realistic proportions, soft gradients, centered composition, simple indoor scene minimal props background, subtle natural facial expression, professional educational visual style, minimal clutter, not cartoon, not chibi, not mascot, no text, no letters, no numerals, no logos, no watermark, no border, output size 1024x1024",language_learning|cross_language_vocabulary|reading_comprehension|listening_comprehension,4,v3_reference_style_size_2026-02-15
IMG_ACTION_TO_SING,action_to_sing,To Sing,action_scene,universal,img__action_to_sing__v1.webp,1024x1024,digital_art_flat_v3,soft outdoor neutral scene,"An adult person performing ""to sing"" in a natural dynamic pose, clean modern digital illustration, semi-realistic proportions, soft gradients, centered composition, soft outdoor neutral scene background, subtle natural facial expression, professional educational visual style, minimal clutter, not cartoon, not chibi, not mascot, no text, no letters, no numerals, no logos, no watermark, no border, output size 1024x1024",language_learning|cross_language_vocabulary|reading_comprehension|listening_comprehension,1,v3_reference_style_size_2026-02-15
IMG_ACTION_TO_SIT,action_to_sit,To Sit,action_scene,universal,img__action_to_sit__v1.webp,1024x1024,digital_art_flat_v3,minimal office-like scene,"An adult person performing ""to sit"" in a natural dynamic pose, clean modern digital illustration, semi-realistic proportions, soft gradients, centered composition, minimal office-like scene background, subtle natural facial expression, professional educational visual style, minimal clutter, not cartoon, not chibi, not mascot, no text, no letters, no numerals, no logos, no watermark, no border, output size 1024x1024",language_learning|cross_language_vocabulary|reading_comprehension|listening_comprehension,1,v3_reference_style_size_2026-02-15
IMG_ACTION_TO_SLEEP,action_to_sleep,To Sleep,action_scene,universal,img__action_to_sleep__v1.webp,1024x1024,digital_art_flat_v3,soft neutral gradient,"An adult person performing ""to sleep"" in a natural dynamic pose, clean modern digital illustration, semi-realistic proportions, soft gradients, centered composition, soft neutral gradient background, subtle natural facial expression, professional educational visual style, minimal clutter, not cartoon, not chibi, not mascot, no text, no letters, no numerals, no logos, no watermark, no border, output size 1024x1024",language_learning|cross_language_vocabulary|reading_comprehension|listening_comprehension,2,v3_reference_style_size_2026-02-15
IMG_ACTION_TO_SPEAK,action_to_speak,To Speak,action_scene,universal,img__action_to_speak__v1.webp,1024x1024,digital_art_flat_v3,clean studio with floor shadow,"An adult person performing ""to speak"" in a natural dynamic pose, clean modern digital illustration, semi-realistic proportions, soft gradients, centered composition, clean studio with floor shadow background, subtle natural facial expression, professional educational visual style, minimal clutter, not cartoon, not chibi, not mascot, no text, no letters, no numerals, no logos, no watermark, no border, output size 1024x1024",language_learning|cross_language_vocabulary|reading_comprehension|listening_comprehension,2,v3_reference_style_size_2026-02-15
IMG_ACTION_TO_SPEND,action_to_spend,To Spend,action_scene,universal,img__action_to_spend__v1.webp,1024x1024,digital_art_flat_v3,simple indoor scene minimal props,"An adult person performing ""to spend"" in a natural dynamic pose, clean modern digital illustration, semi-realistic proportions, soft gradients, centered composition, simple indoor scene minimal props background, subtle natural facial expression, professional educational visual style, minimal clutter, not cartoon, not chibi, not mascot, no text, no letters, no numerals, no logos, no watermark, no border, output size 1024x1024",language_learning|cross_language_vocabulary|reading_comprehension|listening_comprehension,1,v3_reference_style_size_2026-02-15
IMG_ACTION_TO_STAND,action_to_stand,To Stand,action_scene,universal,img__action_to_stand__v1.webp,1024x1024,digital_art_flat_v3,clean studio with floor shadow,"An adult person performing ""to stand"" in a natural dynamic pose, clean modern digital illustration, semi-realistic proportions, soft gradients, centered composition, clean studio with floor shadow background, subtle natural facial expression, professional educational visual style, minimal clutter, not cartoon, not chibi, not mascot, no text, no letters, no numerals, no logos, no watermark, no border, output size 1024x1024",language_learning|cross_language_vocabulary|reading_comprehension|listening_comprehension,1,v3_reference_style_size_2026-02-15
IMG_ACTION_TO_STAY,action_to_stay,To Stay,action_scene,universal,img__action_to_stay__v1.webp,1024x1024,digital_art_flat_v3,simple indoor scene minimal props,"An adult person performing ""to stay"" in a natural dynamic pose, clean modern digital illustration, semi-realistic proportions, soft gradients, centered composition, simple indoor scene minimal props background, subtle natural facial expression, professional educational visual style, minimal clutter, not cartoon, not chibi, not mascot, no text, no letters, no numerals, no logos, no watermark, no border, output size 1024x1024",language_learning|cross_language_vocabulary|reading_comprehension|listening_comprehension,1,v3_reference_style_size_2026-02-15
IMG_ACTION_TO_STUDY_OR_LEARN,action_to_study_or_learn,To Study Or Learn,action_scene,universal,img__action_to_study_or_learn__v1.webp,1024x1024,digital_art_flat_v3,simple indoor scene minimal props,"An adult person performing ""to study or learn"" in a natural dynamic pose, clean modern digital illustration, semi-realistic proportions, soft gradients, centered composition, simple indoor scene minimal props background, subtle natural facial expression, professional educational visual style, minimal clutter, not cartoon, not chibi, not mascot, no text, no letters, no numerals, no logos, no watermark, no border, output size 1024x1024",language_learning|cross_language_vocabulary|reading_comprehension|listening_comprehension,1,v3_reference_style_size_2026-02-15
IMG_ACTION_TO_TAKE,action_to_take,To Take,action_scene,universal,img__action_to_take__v1.webp,1024x1024,digital_art_flat_v3,clean studio with floor shadow,"An adult person performing ""to take"" in a natural dynamic pose, clean modern digital illustration, semi-realistic proportions, soft gradients, centered composition, clean studio with floor shadow background, subtle natural facial expression, professional educational visual style, minimal clutter, not cartoon, not chibi, not mascot, no text, no letters, no numerals, no logos, no watermark, no border, output size 1024x1024",language_learning|cross_language_vocabulary|reading_comprehension|listening_comprehension,1,v3_reference_style_size_2026-02-15
IMG_ACTION_TO_TAKE_A_VEHICLE,action_to_take_a_vehicle,To Take (A Vehicle),action_scene,universal,img__action_to_take_a_vehicle__v1.webp,1024x1024,digital_art_flat_v3,clean studio with floor shadow,"An adult person performing ""to take (a vehicle)"" in a natural dynamic pose, clean modern digital illustration, semi-realistic proportions, soft gradients, centered composition, clean studio with floor shadow background, subtle natural facial expression, professional educational visual style, minimal clutter, not cartoon, not chibi, not mascot, no text, no letters, no numerals, no logos, no watermark, no border, output size 1024x1024",language_learning|cross_language_vocabulary|reading_comprehension|listening_comprehension,1,v3_reference_style_size_2026-02-15
IMG_ACTION_TO_TALK,action_to_talk,To Talk,action_scene,universal,img__action_to_talk__v1.webp,1024x1024,digital_art_flat_v3,simple indoor scene minimal props,"An adult person performing ""to talk"" in a natural dynamic pose, clean modern digital illustration, semi-realistic proportions, soft gradients, centered composition, simple indoor scene minimal props background, subtle natural facial expression, professional educational visual style, minimal clutter, not cartoon, not chibi, not mascot, no text, no letters, no numerals, no logos, no watermark, no border, output size 1024x1024",language_learning|cross_language_vocabulary|reading_comprehension|listening_comprehension,1,v3_reference_style_size_2026-02-15
IMG_ACTION_TO_TEACH,action_to_teach,To Teach,action_scene,universal,img__action_to_teach__v1.webp,1024x1024,digital_art_flat_v3,simple indoor scene minimal props,"An adult person performing ""to teach"" in a natural dynamic pose, clean modern digital illustration, semi-realistic proportions, soft gradients, centered composition, simple indoor scene minimal props background, subtle natural facial expression, professional educational visual style, minimal clutter, not cartoon, not chibi, not mascot, no text, no letters, no numerals, no logos, no watermark, no border, output size 1024x1024",language_learning|cross_language_vocabulary|reading_comprehension|listening_comprehension,1,v3_reference_style_size_2026-02-15
IMG_ACTION_TO_TELL,action_to_tell,To Tell,action_scene,universal,img__action_to_tell__v1.webp,1024x1024,digital_art_flat_v3,simple indoor scene minimal props,"An adult person performing ""to tell"" in a natural dynamic pose, clean modern digital illustration, semi-realistic proportions, soft gradients, centered composition, simple indoor scene minimal props background, subtle natural facial expression, professional educational visual style, minimal clutter, not cartoon, not chibi, not mascot, no text, no letters, no numerals, no logos, no watermark, no border, output size 1024x1024",language_learning|cross_language_vocabulary|reading_comprehension|listening_comprehension,1,v3_reference_style_size_2026-02-15
IMG_ACTION_TO_THINK,action_to_think,To Think,action_scene,universal,img__action_to_think__v1.webp,1024x1024,digital_art_flat_v3,clean studio with floor shadow,"An adult person performing ""to think"" in a natural dynamic pose, clean modern digital illustration, semi-realistic proportions, soft gradients, centered composition, clean studio with floor shadow background, subtle natural facial expression, professional educational visual style, minimal clutter, not cartoon, not chibi, not mascot, no text, no letters, no numerals, no logos, no watermark, no border, output size 1024x1024",language_learning|cross_language_vocabulary|reading_comprehension|listening_comprehension,1,v3_reference_style_size_2026-02-15
IMG_ACTION_TO_TRY_OR_TEST,action_to_try_or_test,To Try Or Test,action_scene,universal,img__action_to_try_or_test__v1.webp,1024x1024,digital_art_flat_v3,minimal office-like scene,"An adult person performing ""to try or test"" in a natural dynamic pose, clean modern digital illustration, semi-realistic proportions, soft gradients, centered composition, minimal office-like scene background, subtle natural facial expression, professional educational visual style, minimal clutter, not cartoon, not chibi, not mascot, no text, no letters, no numerals, no logos, no watermark, no border, output size 1024x1024",language_learning|cross_language_vocabulary|reading_comprehension|listening_comprehension,1,v3_reference_style_size_2026-02-15
IMG_ACTION_TO_TURN_OFF,action_to_turn_off,To Turn Off,action_scene,universal,img__action_to_turn_off__v1.webp,1024x1024,digital_art_flat_v3,minimal office-like scene,"An adult person performing ""to turn off"" in a natural dynamic pose, clean modern digital illustration, semi-realistic proportions, soft gradients, centered composition, minimal office-like scene background, subtle natural facial expression, professional educational visual style, minimal clutter, not cartoon, not chibi, not mascot, no text, no letters, no numerals, no logos, no watermark, no border, output size 1024x1024",language_learning|cross_language_vocabulary|reading_comprehension|listening_comprehension,1,v3_reference_style_size_2026-02-15
IMG_ACTION_TO_UNDERSTAND,action_to_understand,To Understand,action_scene,universal,img__action_to_understand__v1.webp,1024x1024,digital_art_flat_v3,soft outdoor neutral scene,"An adult person performing ""to understand"" in a natural dynamic pose, clean modern digital illustration, semi-realistic proportions, soft gradients, centered composition, soft outdoor neutral scene background, subtle natural facial expression, professional educational visual style, minimal clutter, not cartoon, not chibi, not mascot, no text, no letters, no numerals, no logos, no watermark, no border, output size 1024x1024",language_learning|cross_language_vocabulary|reading_comprehension|listening_comprehension,1,v3_reference_style_size_2026-02-15
IMG_ACTION_TO_USE,action_to_use,To Use,action_scene,universal,img__action_to_use__v1.webp,1024x1024,digital_art_flat_v3,simple indoor scene minimal props,"An adult person performing ""to use"" in a natural dynamic pose, clean modern digital illustration, semi-realistic proportions, soft gradients, centered composition, simple indoor scene minimal props background, subtle natural facial expression, professional educational visual style, minimal clutter, not cartoon, not chibi, not mascot, no text, no letters, no numerals, no logos, no watermark, no border, output size 1024x1024",language_learning|cross_language_vocabulary|reading_comprehension|listening_comprehension,1,v3_reference_style_size_2026-02-15
IMG_ACTION_TO_WAIT,action_to_wait,To Wait,action_scene,universal,img__action_to_wait__v1.webp,1024x1024,digital_art_flat_v3,minimal office-like scene,"An adult person performing ""to wait"" in a natural dynamic pose, clean modern digital illustration, semi-realistic proportions, soft gradients, centered composition, minimal office-like scene background, subtle natural facial expression, professional educational visual style, minimal clutter, not cartoon, not chibi, not mascot, no text, no letters, no numerals, no logos, no watermark, no border, output size 1024x1024",language_learning|cross_language_vocabulary|reading_comprehension|listening_comprehension,1,v3_reference_style_size_2026-02-15
IMG_ACTION_TO_WALK,action_to_walk,To Walk,action_scene,universal,img__action_to_walk__v1.webp,1024x1024,digital_art_flat_v3,clean studio with floor shadow,"An adult person performing ""to walk"" in a natural dynamic pose, clean modern digital illustration, semi-realistic proportions, soft gradients, centered composition, clean studio with floor shadow background, subtle natural facial expression, professional educational visual style, minimal clutter, not cartoon, not chibi, not mascot, no text, no letters, no numerals, no logos, no watermark, no border, output size 1024x1024",language_learning|cross_language_vocabulary|reading_comprehension|listening_comprehension,1,v3_reference_style_size_2026-02-15
IMG_ACTION_TO_WALK_OR_MOVE,action_to_walk_or_move,To Walk Or Move,action_scene,universal,img__action_to_walk_or_move__v1.webp,1024x1024,digital_art_flat_v3,simple indoor scene minimal props,"An adult person performing ""to walk or move"" in a natural dynamic pose, clean modern digital illustration, semi-realistic proportions, soft gradients, centered composition, simple indoor scene minimal props background, subtle natural facial expression, professional educational visual style, minimal clutter, not cartoon, not chibi, not mascot, no text, no letters, no numerals, no logos, no watermark, no border, output size 1024x1024",language_learning|cross_language_vocabulary|reading_comprehension|listening_comprehension,1,v3_reference_style_size_2026-02-15
IMG_ACTION_TO_WANT,action_to_want,To Want,action_scene,universal,img__action_to_want__v1.webp,1024x1024,digital_art_flat_v3,minimal office-like scene,"An adult person performing ""to want"" in a natural dynamic pose, clean modern digital illustration, semi-realistic proportions, soft gradients, centered composition, minimal office-like scene background, subtle natural facial expression, professional educational visual style, minimal clutter, not cartoon, not chibi, not mascot, no text, no letters, no numerals, no logos, no watermark, no border, output size 1024x1024",language_learning|cross_language_vocabulary|reading_comprehension|listening_comprehension,2,v3_reference_style_size_2026-02-15
IMG_ACTION_TO_WASH,action_to_wash,To Wash,action_scene,universal,img__action_to_wash__v1.webp,1024x1024,digital_art_flat_v3,soft outdoor neutral scene,"An adult person performing ""to wash"" in a natural dynamic pose, clean modern digital illustration, semi-realistic proportions, soft gradients, centered composition, soft outdoor neutral scene background, subtle natural facial expression, professional educational visual style, minimal clutter, not cartoon, not chibi, not mascot, no text, no letters, no numerals, no logos, no watermark, no border, output size 1024x1024",language_learning|cross_language_vocabulary|reading_comprehension|listening_comprehension,1,v3_reference_style_size_2026-02-15
IMG_ACTION_TO_WATCH,action_to_watch,To Watch,action_scene,universal,img__action_to_watch__v1.webp,1024x1024,digital_art_flat_v3,clean studio with floor shadow,"An adult person performing ""to watch"" in a natural dynamic pose, clean modern digital illustration, semi-realistic proportions, soft gradients, centered composition, clean studio with floor shadow background, subtle natural facial expression, professional educational visual style, minimal clutter, not cartoon, not chibi, not mascot, no text, no letters, no numerals, no logos, no watermark, no border, output size 1024x1024",language_learning|cross_language_vocabulary|reading_comprehension|listening_comprehension,1,v3_reference_style_size_2026-02-15
IMG_ACTION_TO_WEAR,action_to_wear,To Wear,action_scene,universal,img__action_to_wear__v1.webp,1024x1024,digital_art_flat_v3,soft outdoor neutral scene,"An adult person performing ""to wear"" in a natural dynamic pose, clean modern digital illustration, semi-realistic proportions, soft gradients, centered composition, soft outdoor neutral scene background, subtle natural facial expression, professional educational visual style, minimal clutter, not cartoon, not chibi, not mascot, no text, no letters, no numerals, no logos, no watermark, no border, output size 1024x1024",language_learning|cross_language_vocabulary|reading_comprehension|listening_comprehension,1,v3_reference_style_size_2026-02-15
IMG_ACTION_TO_WRAP_OR_CONTAIN,action_to_wrap_or_contain,To Wrap Or Contain,action_scene,universal,img__action_to_wrap_or_contain__v1.webp,1024x1024,digital_art_flat_v3,minimal office-like scene,"An adult person performing ""to wrap or contain"" in a natural dynamic pose, clean modern digital illustration, semi-realistic proportions, soft gradients, centered composition, minimal office-like scene background, subtle natural facial expression, professional educational visual style, minimal clutter, not cartoon, not chibi, not mascot, no text, no letters, no numerals, no logos, no watermark, no border, output size 1024x1024",language_learning|cross_language_vocabulary|reading_comprehension|listening_comprehension,1,v3_reference_style_size_2026-02-15
IMG_ACTION_TO_WRITE,action_to_write,To Write,action_scene,universal,img__action_to_write__v1.webp,1024x1024,digital_art_flat_v3,soft outdoor neutral scene,"An adult person performing ""to write"" in a natural dynamic pose, clean modern digital illustration, semi-realistic proportions, soft gradients, centered composition, soft outdoor neutral scene background, subtle natural facial expression, professional educational visual style, minimal clutter, not cartoon, not chibi, not mascot, no text, no letters, no numerals, no logos, no watermark, no border, output size 1024x1024",language_learning|cross_language_vocabulary|reading_comprehension|listening_comprehension,1,v3_reference_style_size_2026-02-15
IMG_CULTURE_YUAN,culture_yuan,Yuan,cultural_specific,language_specific,img__culture_yuan__v1.webp,1024x1024,digital_art_flat_v3,minimal room corner pastel,"Authentic visual for ""yuan"" with recognizable cultural details, clean modern digital illustration, soft gradients, centered composition, minimal room corner pastel background, professional educational visual style, not cartoon, no text, no letters, no numerals, no logos, no watermark, no border, output size 1024x1024",language_learning|cross_language_vocabulary|reading_comprehension|listening_comprehension,1,v3_reference_style_size_2026-02-15
IMG_GRAMMAR_A_GENERAL_MEASURE_WORD,grammar_a_general_measure_word,A General Measure Word,icon_grammar,universal,img__grammar_a_general_measure_word__v1.webp,1024x1024,digital_art_flat_v3,soft neutral paper texture,"Minimal icon for ""a general measure word"", clean vector-inspired geometry, subtle gradient fill, centered composition, soft neutral paper texture background, professional educational visual style, simple and clear, no text, no letters, no numerals, no logos, no watermark, no border, output size 1024x1024",language_learning|cross_language_vocabulary|reading_comprehension|listening_comprehension,1,v3_reference_style_size_2026-02-15
IMG_GRAMMAR_A_PARTICLE_INDICATING_SUGGESTION_OR_REQUEST,grammar_a_particle_indicating_suggestion_or_request,A Particle Indicating Suggestion Or Request,icon_grammar,universal,img__grammar_a_particle_indicating_suggestion_or_request__v1.webp,1024x1024,digital_art_flat_v3,very light abstract geometric backdrop,"Minimal icon for ""a particle indicating suggestion or request"", clean vector-inspired geometry, subtle gradient fill, centered composition, very light abstract geometric backdrop background, professional educational visual style, simple and clear, no text, no letters, no numerals, no logos, no watermark, no border, output size 1024x1024",language_learning|cross_language_vocabulary|reading_comprehension|listening_comprehension,1,v3_reference_style_size_2026-02-15
IMG_GRAMMAR_ALL,grammar_all,All,icon_grammar,universal,img__grammar_all__v1.webp,1024x1024,digital_art_flat_v3,very light abstract geometric backdrop,"Minimal icon for ""all"", clean vector-inspired geometry, subtle gradient fill, centered composition, very light abstract geometric backdrop background, professional educational visual style, simple and clear, no text, no letters, no numerals, no logos, no watermark, no border, output size 1024x1024",language_learning|cross_language_vocabulary|reading_comprehension|listening_comprehension,1,v3_reference_style_size_2026-02-15
IMG_GRAMMAR_BOTH,grammar_both,Both,icon_grammar,universal,img__grammar_both__v1.webp,1024x1024,digital_art_flat_v3,soft neutral paper texture,"Minimal icon for ""both"", clean vector-inspired geometry, subtle gradient fill, centered composition, soft neutral paper texture background, professional educational visual style, simple and clear, no text, no letters, no numerals, no logos, no watermark, no border, output size 1024x1024",language_learning|cross_language_vocabulary|reading_comprehension|listening_comprehension,1,v3_reference_style_size_2026-02-15
IMG_GRAMMAR_HOW_MANY,grammar_how_many,How Many,icon_grammar,universal,img__grammar_how_many__v1.webp,1024x1024,digital_art_flat_v3,soft neutral paper texture,"Minimal icon for ""how many"", clean vector-inspired geometry, subtle gradient fill, centered composition, soft neutral paper texture background, professional educational visual style, simple and clear, no text, no letters, no numerals, no logos, no watermark, no border, output size 1024x1024",language_learning|cross_language_vocabulary|reading_comprehension|listening_comprehension,2,v3_reference_style_size_2026-02-15
IMG_GRAMMAR_HOW_MUCH,grammar_how_much,How Much,icon_grammar,universal,img__grammar_how_much__v1.webp,1024x1024,digital_art_flat_v3,very light abstract geometric backdrop,"Minimal icon for ""how much"", clean vector-inspired geometry, subtle gradient fill, centered composition, very light abstract geometric backdrop background, professional educational visual style, simple and clear, no text, no letters, no numerals, no logos, no watermark, no border, output size 1024x1024",language_learning|cross_language_vocabulary|reading_comprehension|listening_comprehension,1,v3_reference_style_size_2026-02-15
IMG_GRAMMAR_MEASURE_WORD,grammar_measure_word,Measure Word,icon_grammar,universal,img__grammar_measure_word__v1.webp,1024x1024,digital_art_flat_v3,soft neutral paper texture,"Minimal icon for ""measure word"", clean vector-inspired geometry, subtle gradient fill, centered composition, soft neutral paper texture background, professional educational visual style, simple and clear, no text, no letters, no numerals, no logos, no watermark, no border, output size 1024x1024",language_learning|cross_language_vocabulary|reading_comprehension|listening_comprehension,1,v3_reference_style_size_2026-02-15
IMG_GRAMMAR_MEASURE_WORD_FOR_BOOKS,grammar_measure_word_for_books,Measure Word For Books,icon_grammar,universal,img__grammar_measure_word_for_books__v1.webp,1024x1024,digital_art_flat_v3,very light abstract geometric backdrop,"Minimal icon for ""measure word for books"", clean vector-inspired geometry, subtle gradient fill, centered composition, very light abstract geometric backdrop background, professional educational visual style, simple and clear, no text, no letters, no numerals, no logos, no watermark, no border, output size 1024x1024",language_learning|cross_language_vocabulary|reading_comprehension|listening_comprehension,1,v3_reference_style_size_2026-02-15
IMG_GRAMMAR_NO,grammar_no,No,icon_grammar,universal,img__grammar_no__v1.webp,1024x1024,digital_art_flat_v3,very light abstract geometric backdrop,"Minimal icon for ""no"", clean vector-inspired geometry, subtle gradient fill, centered composition, very light abstract geometric backdrop background, professional educational visual style, simple and clear, no text, no letters, no numerals, no logos, no watermark, no border, output size 1024x1024",language_learning|cross_language_vocabulary|reading_comprehension|listening_comprehension,1,v3_reference_style_size_2026-02-15
IMG_GRAMMAR_NOT,grammar_not,Not,icon_grammar,universal,img__grammar_not__v1.webp,1024x1024,digital_art_flat_v3,soft neutral paper texture,"Minimal icon for ""not"", clean vector-inspired geometry, subtle gradient fill, centered composition, soft neutral paper texture background, professional educational visual style, simple and clear, no text, no letters, no numerals, no logos, no watermark, no border, output size 1024x1024",language_learning|cross_language_vocabulary|reading_comprehension|listening_comprehension,2,v3_reference_style_size_2026-02-15
IMG_GRAMMAR_PLURAL_MARKER_FOR_PRONOUNS,grammar_plural_marker_for_pronouns,Plural Marker For Pronouns,icon_grammar,universal,img__grammar_plural_marker_for_pronouns__v1.webp,1024x1024,digital_art_flat_v3,soft neutral gradient,"Minimal icon for ""plural marker for pronouns"", clean vector-inspired geometry, subtle gradient fill, centered composition, soft neutral gradient background, professional educational visual style, simple and clear, no text, no letters, no numerals, no logos, no watermark, no border, output size 1024x1024",language_learning|cross_language_vocabulary|reading_comprehension|listening_comprehension,1,v3_reference_style_size_2026-02-15
IMG_GRAMMAR_POSSESSIVE_PARTICLE,grammar_possessive_particle,Possessive Particle,icon_grammar,universal,img__grammar_possessive_particle__v1.webp,1024x1024,digital_art_flat_v3,soft neutral paper texture,"Minimal icon for ""possessive particle"", clean vector-inspired geometry, subtle gradient fill, centered composition, soft neutral paper texture background, professional educational visual style, simple and clear, no text, no letters, no numerals, no logos, no watermark, no border, output size 1024x1024",language_learning|cross_language_vocabulary|reading_comprehension|listening_comprehension,1,v3_reference_style_size_2026-02-15
IMG_GRAMMAR_QUESTION_PARTICLE,grammar_question_particle,Question Particle,icon_grammar,universal,img__grammar_question_particle__v1.webp,1024x1024,digital_art_flat_v3,soft neutral paper texture,"Minimal icon for ""question particle"", clean vector-inspired geometry, subtle gradient fill, centered composition, soft neutral paper texture background, professional educational visual style, simple and clear, no text, no letters, no numerals, no logos, no watermark, no border, output size 1024x1024",language_learning|cross_language_vocabulary|reading_comprehension|listening_comprehension,2,v3_reference_style_size_2026-02-15
IMG_GRAMMAR_STRUCTURAL_PARTICLE_BEFORE_ADVERBIAL,grammar_structural_particle_before_adverbial,Structural Particle (Before Adverbial),icon_grammar,universal,img__grammar_structural_particle_before_adverbial__v1.webp,1024x1024,digital_art_flat_v3,very light abstract geometric backdrop,"Minimal icon for ""structural particle (before adverbial)"", clean vector-inspired geometry, subtle gradient fill, centered composition, very light abstract geometric backdrop background, professional educational visual style, simple and clear, no text, no letters, no numerals, no logos, no watermark, no border, output size 1024x1024",language_learning|cross_language_vocabulary|reading_comprehension|listening_comprehension,1,v3_reference_style_size_2026-02-15
IMG_GRAMMAR_THAT,grammar_that,That,icon_grammar,universal,img__grammar_that__v1.webp,1024x1024,digital_art_flat_v3,soft neutral paper texture,"Minimal icon for ""that"", clean vector-inspired geometry, subtle gradient fill, centered composition, soft neutral paper texture background, professional educational visual style, simple and clear, no text, no letters, no numerals, no logos, no watermark, no border, output size 1024x1024",language_learning|cross_language_vocabulary|reading_comprehension|listening_comprehension,1,v3_reference_style_size_2026-02-15
IMG_GRAMMAR_THESE,grammar_these,These,icon_grammar,universal,img__grammar_these__v1.webp,1024x1024,digital_art_flat_v3,very light abstract geometric backdrop,"Minimal icon for ""these"", clean vector-inspired geometry, subtle gradient fill, centered composition, very light abstract geometric backdrop background, professional educational visual style, simple and clear, no text, no letters, no numerals, no logos, no watermark, no border, output size 1024x1024",language_learning|cross_language_vocabulary|reading_comprehension|listening_comprehension,1,v3_reference_style_size_2026-02-15
IMG_GRAMMAR_THIS,grammar_this,This,icon_grammar,universal,img__grammar_this__v1.webp,1024x1024,digital_art_flat_v3,soft neutral paper texture,"Minimal icon for ""this"", clean vector-inspired geometry, subtle gradient fill, centered composition, soft neutral paper texture background, professional educational visual style, simple and clear, no text, no letters, no numerals, no logos, no watermark, no border, output size 1024x1024",language_learning|cross_language_vocabulary|reading_comprehension|listening_comprehension,1,v3_reference_style_size_2026-02-15
IMG_GRAMMAR_THOSE,grammar_those,Those,icon_grammar,universal,img__grammar_those__v1.webp,1024x1024,digital_art_flat_v3,soft neutral paper texture,"Minimal icon for ""those"", clean vector-inspired geometry, subtle gradient fill, centered composition, soft neutral paper texture background, professional educational visual style, simple and clear, no text, no letters, no numerals, no logos, no watermark, no border, output size 1024x1024",language_learning|cross_language_vocabulary|reading_comprehension|listening_comprehension,1,v3_reference_style_size_2026-02-15
IMG_LOCATION_ABROAD,location_abroad,Abroad,location,universal,img__location_abroad__v1.webp,1024x1024,digital_art_flat_v3,minimal room corner pastel,"A clean ""abroad"" environment scene with recognizable elements and natural depth, modern digital illustration, soft gradients, centered composition, minimal room corner pastel background, calm realistic lighting, professional educational style, not cartoon, not chibi, no text, no letters, no numerals, no logos, no watermark, no border, output size 1024x1024",language_learning|cross_language_vocabulary|reading_comprehension|listening_comprehension,1,v3_reference_style_size_2026-02-15
IMG_LOCATION_AFTER_SCHOOL,location_after_school,After School,location,universal,img__location_after_school__v1.webp,1024x1024,digital_art_flat_v3,clean studio light gray,"A clean ""after school"" environment scene with recognizable elements and natural depth, modern digital illustration, soft gradients, centered composition, clean studio light gray background, calm realistic lighting, professional educational style, not cartoon, not chibi, no text, no letters, no numerals, no logos, no watermark, no border, output size 1024x1024",language_learning|cross_language_vocabulary|reading_comprehension|listening_comprehension,1,v3_reference_style_size_2026-02-15
IMG_LOCATION_AIRPORT,location_airport,Airport,location,universal,img__location_airport__v1.webp,1024x1024,digital_art_flat_v3,soft neutral gradient,"A clean ""airport"" environment scene with recognizable elements and natural depth, modern digital illustration, soft gradients, centered composition, soft neutral gradient background, calm realistic lighting, professional educational style, not cartoon, not chibi, no text, no letters, no numerals, no logos, no watermark, no border, output size 1024x1024",language_learning|cross_language_vocabulary|reading_comprehension|listening_comprehension,1,v3_reference_style_size_2026-02-15
IMG_LOCATION_AT_HOME,location_at_home,At Home,location,universal,img__location_at_home__v1.webp,1024x1024,digital_art_flat_v3,soft neutral gradient,"A clean ""at home"" environment scene with recognizable elements and natural depth, modern digital illustration, soft gradients, centered composition, soft neutral gradient background, calm realistic lighting, professional educational style, not cartoon, not chibi, no text, no letters, no numerals, no logos, no watermark, no border, output size 1024x1024",language_learning|cross_language_vocabulary|reading_comprehension|listening_comprehension,2,v3_reference_style_size_2026-02-15
IMG_LOCATION_BEIJING,location_beijing,Beijing,location,universal,img__location_beijing__v1.webp,1024x1024,digital_art_flat_v3,light desk surface with blur,"A clean ""beijing"" environment scene with recognizable elements and natural depth, modern digital illustration, soft gradients, centered composition, light desk surface with blur background, calm realistic lighting, professional educational style, not cartoon, not chibi, no text, no letters, no numerals, no logos, no watermark, no border, output size 1024x1024",language_learning|cross_language_vocabulary|reading_comprehension|listening_comprehension,1,v3_reference_style_size_2026-02-15
IMG_LOCATION_BOOKSTORE,location_bookstore,Bookstore,location,universal,img__location_bookstore__v1.webp,1024x1024,digital_art_flat_v3,soft neutral gradient,"A clean ""bookstore"" environment scene with recognizable elements and natural depth, modern digital illustration, soft gradients, centered composition, soft neutral gradient background, calm realistic lighting, professional educational style, not cartoon, not chibi, no text, no letters, no numerals, no logos, no watermark, no border, output size 1024x1024",language_learning|cross_language_vocabulary|reading_comprehension|listening_comprehension,1,v3_reference_style_size_2026-02-15
IMG_LOCATION_COUNTRY,location_country,Country,location,universal,img__location_country__v1.webp,1024x1024,digital_art_flat_v3,clean studio light gray,"A clean ""country"" environment scene with recognizable elements and natural depth, modern digital illustration, soft gradients, centered composition, clean studio light gray background, calm realistic lighting, professional educational style, not cartoon, not chibi, no text, no letters, no numerals, no logos, no watermark, no border, output size 1024x1024",language_learning|cross_language_vocabulary|reading_comprehension|listening_comprehension,2,v3_reference_style_size_2026-02-15
IMG_LOCATION_ELECTRICITY,location_electricity,Electricity,location,universal,img__location_electricity__v1.webp,1024x1024,digital_art_flat_v3,minimal room corner pastel,"A clean ""electricity"" environment scene with recognizable elements and natural depth, modern digital illustration, soft gradients, centered composition, minimal room corner pastel background, calm realistic lighting, professional educational style, not cartoon, not chibi, no text, no letters, no numerals, no logos, no watermark, no border, output size 1024x1024",language_learning|cross_language_vocabulary|reading_comprehension|listening_comprehension,1,v3_reference_style_size_2026-02-15
IMG_LOCATION_ELEMENTARY_SCHOOL_STUDENT,location_elementary_school_student,Elementary School Student,location,universal,img__location_elementary_school_student__v1.webp,1024x1024,digital_art_flat_v3,soft neutral gradient,"A clean ""elementary school student"" environment scene with recognizable elements and natural depth, modern digital illustration, soft gradients, centered composition, soft neutral gradient background, calm realistic lighting, professional educational style, not cartoon, not chibi, no text, no letters, no numerals, no logos, no watermark, no border, output size 1024x1024",language_learning|cross_language_vocabulary|reading_comprehension|listening_comprehension,1,v3_reference_style_size_2026-02-15
IMG_LOCATION_FOREIGN_COUNTRY,location_foreign_country,Foreign Country,location,universal,img__location_foreign_country__v1.webp,1024x1024,digital_art_flat_v3,minimal room corner pastel,"A clean ""foreign country"" environment scene with recognizable elements and natural depth, modern digital illustration, soft gradients, centered composition, minimal room corner pastel background, calm realistic lighting, professional educational style, not cartoon, not chibi, no text, no letters, no numerals, no logos, no watermark, no border, output size 1024x1024",language_learning|cross_language_vocabulary|reading_comprehension|listening_comprehension,1,v3_reference_style_size_2026-02-15
IMG_LOCATION_GO_HOME,location_go_home,Go Home,location,universal,img__location_go_home__v1.webp,1024x1024,digital_art_flat_v3,light desk surface with blur,"A clean ""go home"" environment scene with recognizable elements and natural depth, modern digital illustration, soft gradients, centered composition, light desk surface with blur background, calm realistic lighting, professional educational style, not cartoon, not chibi, no text, no letters, no numerals, no logos, no watermark, no border, output size 1024x1024",language_learning|cross_language_vocabulary|reading_comprehension|listening_comprehension,1,v3_reference_style_size_2026-02-15
IMG_LOCATION_GOING_TO_SCHOOL,location_going_to_school,Going To School,location,universal,img__location_going_to_school__v1.webp,1024x1024,digital_art_flat_v3,minimal room corner pastel,"A clean ""going to school"" environment scene with recognizable elements and natural depth, modern digital illustration, soft gradients, centered composition, minimal room corner pastel background, calm realistic lighting, professional educational style, not cartoon, not chibi, no text, no letters, no numerals, no logos, no watermark, no border, output size 1024x1024",language_learning|cross_language_vocabulary|reading_comprehension|listening_comprehension,1,v3_reference_style_size_2026-02-15
IMG_LOCATION_HOME,location_home,Home,location,universal,img__location_home__v1.webp,1024x1024,digital_art_flat_v3,minimal room corner pastel,"A clean ""home"" environment scene with recognizable elements and natural depth, modern digital illustration, soft gradients, centered composition, minimal room corner pastel background, calm realistic lighting, professional educational style, not cartoon, not chibi, no text, no letters, no numerals, no logos, no watermark, no border, output size 1024x1024",language_learning|cross_language_vocabulary|reading_comprehension|listening_comprehension,1,v3_reference_style_size_2026-02-15
IMG_LOCATION_HOSPITAL,location_hospital,Hospital,location,universal,img__location_hospital__v1.webp,1024x1024,digital_art_flat_v3,soft neutral gradient,"A clean ""hospital"" environment scene with recognizable elements and natural depth, modern digital illustration, soft gradients, centered composition, soft neutral gradient background, calm realistic lighting, professional educational style, not cartoon, not chibi, no text, no letters, no numerals, no logos, no watermark, no border, output size 1024x1024",language_learning|cross_language_vocabulary|reading_comprehension|listening_comprehension,1,v3_reference_style_size_2026-02-15
IMG_LOCATION_HOUSE,location_house,House,location,universal,img__location_house__v1.webp,1024x1024,digital_art_flat_v3,light desk surface with blur,"A clean ""house"" environment scene with recognizable elements and natural depth, modern digital illustration, soft gradients, centered composition, light desk surface with blur background, calm realistic lighting, professional educational style, not cartoon, not chibi, no text, no letters, no numerals, no logos, no watermark, no border, output size 1024x1024",language_learning|cross_language_vocabulary|reading_comprehension|listening_comprehension,1,v3_reference_style_size_2026-02-15
IMG_LOCATION_MIDDLE_SCHOOL,location_middle_school,Middle School,location,universal,img__location_middle_school__v1.webp,1024x1024,digital_art_flat_v3,clean studio light gray,"A clean ""middle school"" environment scene with recognizable elements and natural depth, modern digital illustration, soft gradients, centered composition, clean studio light gray background, calm realistic lighting, professional educational style, not cartoon, not chibi, no text, no letters, no numerals, no logos, no watermark, no border, output size 1024x1024",language_learning|cross_language_vocabulary|reading_comprehension|listening_comprehension,1,v3_reference_style_size_2026-02-15
IMG_LOCATION_MIDDLE_SCHOOL_STUDENT,location_middle_school_student,Middle School Student,location,universal,img__location_middle_school_student__v1.webp,1024x1024,digital_art_flat_v3,soft neutral gradient,"A clean ""middle school student"" environment scene with recognizable elements and natural depth, modern digital illustration, soft gradients, centered composition, soft neutral gradient background, calm realistic lighting, professional educational style, not cartoon, not chibi, no text, no letters, no numerals, no logos, no watermark, no border, output size 1024x1024",language_learning|cross_language_vocabulary|reading_comprehension|listening_comprehension,1,v3_reference_style_size_2026-02-15
IMG_LOCATION_ON_THE_ROAD,location_on_the_road,On The Road,location,universal,img__location_on_the_road__v1.webp,1024x1024,digital_art_flat_v3,minimal room corner pastel,"A clean ""on the road"" environment scene with recognizable elements and natural depth, modern digital illustration, soft gradients, centered composition, minimal room corner pastel background, calm realistic lighting, professional educational style, not cartoon, not chibi, no text, no letters, no numerals, no logos, no watermark, no border, output size 1024x1024",language_learning|cross_language_vocabulary|reading_comprehension|listening_comprehension,1,v3_reference_style_size_2026-02-15
IMG_LOCATION_PRIMARY_SCHOOL,location_primary_school,Primary School,location,universal,img__location_primary_school__v1.webp,1024x1024,digital_art_flat_v3,clean studio light gray,"A clean ""primary school"" environment scene with recognizable elements and natural depth, modern digital illustration, soft gradients, centered composition, clean studio light gray background, calm realistic lighting, professional educational style, not cartoon, not chibi, no text, no letters, no numerals, no logos, no watermark, no border, output size 1024x1024",language_learning|cross_language_vocabulary|reading_comprehension|listening_comprehension,1,v3_reference_style_size_2026-02-15
IMG_LOCATION_RESTAURANT,location_restaurant,Restaurant,location,universal,img__location_restaurant__v1.webp,1024x1024,digital_art_flat_v3,clean studio light gray,"A clean ""restaurant"" environment scene with recognizable elements and natural depth, modern digital illustration, soft gradients, centered composition, clean studio light gray background, calm realistic lighting, professional educational style, not cartoon, not chibi, no text, no letters, no numerals, no logos, no watermark, no border, output size 1024x1024",language_learning|cross_language_vocabulary|reading_comprehension|listening_comprehension,1,v3_reference_style_size_2026-02-15
IMG_LOCATION_RESTROOM,location_restroom,Restroom,location,universal,img__location_restroom__v1.webp,1024x1024,digital_art_flat_v3,clean studio light gray,"A clean ""restroom"" environment scene with recognizable elements and natural depth, modern digital illustration, soft gradients, centered composition, clean studio light gray background, calm realistic lighting, professional educational style, not cartoon, not chibi, no text, no letters, no numerals, no logos, no watermark, no border, output size 1024x1024",language_learning|cross_language_vocabulary|reading_comprehension|listening_comprehension,1,v3_reference_style_size_2026-02-15
IMG_LOCATION_ROAD,location_road,Road,location,universal,img__location_road__v1.webp,1024x1024,digital_art_flat_v3,light desk surface with blur,"A clean ""road"" environment scene with recognizable elements and natural depth, modern digital illustration, soft gradients, centered composition, light desk surface with blur background, calm realistic lighting, professional educational style, not cartoon, not chibi, no text, no letters, no numerals, no logos, no watermark, no border, output size 1024x1024",language_learning|cross_language_vocabulary|reading_comprehension|listening_comprehension,2,v3_reference_style_size_2026-02-15
IMG_LOCATION_ROOM,location_room,Room,location,universal,img__location_room__v1.webp,1024x1024,digital_art_flat_v3,light desk surface with blur,"A clean ""room"" environment scene with recognizable elements and natural depth, modern digital illustration, soft gradients, centered composition, light desk surface with blur background, calm realistic lighting, professional educational style, not cartoon, not chibi, no text, no letters, no numerals, no logos, no watermark, no border, output size 1024x1024",language_learning|cross_language_vocabulary|reading_comprehension|listening_comprehension,1,v3_reference_style_size_2026-02-15
IMG_LOCATION_SCHOOL,location_school,School,location,universal,img__location_school__v1.webp,1024x1024,digital_art_flat_v3,soft neutral gradient,"A clean ""school"" environment scene with recognizable elements and natural depth, modern digital illustration, soft gradients, centered composition, soft neutral gradient background, calm realistic lighting, professional educational style, not cartoon, not chibi, no text, no letters, no numerals, no logos, no watermark, no border, output size 1024x1024",language_learning|cross_language_vocabulary|reading_comprehension|listening_comprehension,1,v3_reference_style_size_2026-02-15
IMG_LOCATION_SCHOOL_BAG,location_school_bag,School Bag,location,universal,img__location_school_bag__v1.webp,1024x1024,digital_art_flat_v3,clean studio light gray,"A clean ""school bag"" environment scene with recognizable elements and natural depth, modern digital illustration, soft gradients, centered composition, clean studio light gray background, calm realistic lighting, professional educational style, not cartoon, not chibi, no text, no letters, no numerals, no logos, no watermark, no border, output size 1024x1024",language_learning|cross_language_vocabulary|reading_comprehension|listening_comprehension,1,v3_reference_style_size_2026-02-15
IMG_LOCATION_SHOP,location_shop,Shop,location,universal,img__location_shop__v1.webp,1024x1024,digital_art_flat_v3,minimal room corner pastel,"Clean modern shop scene with recognizable storefront/interior elements, realistic lighting depth, premium digital art, semi-realistic rendering, smooth gradients, centered composition, uncluttered frame, educational visual style, not cartoon, no text, no letters, no numerals, no logos, no watermark, no border, output size 1024x1024",language_learning|cross_language_vocabulary|reading_comprehension|listening_comprehension,1,v3_reference_style_size_2026-02-15
IMG_LOCATION_SHOPPING_MALL,location_shopping_mall,Shopping Mall,location,universal,img__location_shopping_mall__v1.webp,1024x1024,digital_art_flat_v3,light desk surface with blur,"Clean modern shopping mall scene with recognizable architectural depth and walkways, realistic lighting, premium digital art, semi-realistic rendering, smooth gradients, centered composition, uncluttered frame, educational visual style, not cartoon, no text, no letters, no numerals, no logos, no watermark, no border, output size 1024x1024",language_learning|cross_language_vocabulary|reading_comprehension|listening_comprehension,1,v3_reference_style_size_2026-02-15
IMG_LOCATION_STATION,location_station,Station,location,universal,img__location_station__v1.webp,1024x1024,digital_art_flat_v3,soft neutral gradient,"A clean ""station"" environment scene with recognizable elements and natural depth, modern digital illustration, soft gradients, centered composition, soft neutral gradient background, calm realistic lighting, professional educational style, not cartoon, not chibi, no text, no letters, no numerals, no logos, no watermark, no border, output size 1024x1024",language_learning|cross_language_vocabulary|reading_comprehension|listening_comprehension,1,v3_reference_style_size_2026-02-15
IMG_LOCATION_STORE,location_store,Store,location,universal,img__location_store__v1.webp,1024x1024,digital_art_flat_v3,soft neutral gradient,"A clean ""store"" environment scene with recognizable elements and natural depth, modern digital illustration, soft gradients, centered composition, soft neutral gradient background, calm realistic lighting, professional educational style, not cartoon, not chibi, no text, no letters, no numerals, no logos, no watermark, no border, output size 1024x1024",language_learning|cross_language_vocabulary|reading_comprehension|listening_comprehension,1,v3_reference_style_size_2026-02-15
IMG_LOCATION_STREET,location_street,Street,location,universal,img__location_street__v1.webp,1024x1024,digital_art_flat_v3,soft neutral gradient,"A clean ""street"" environment scene with recognizable elements and natural depth, modern digital illustration, soft gradients, centered composition, soft neutral gradient background, calm realistic lighting, professional educational style, not cartoon, not chibi, no text, no letters, no numerals, no logos, no watermark, no border, output size 1024x1024",language_learning|cross_language_vocabulary|reading_comprehension|listening_comprehension,1,v3_reference_style_size_2026-02-15
IMG_LOCATION_TRAIN_STATION,location_train_station,Train Station,location,universal,img__location_train_station__v1.webp,1024x1024,digital_art_flat_v3,soft neutral gradient,"A clean ""train station"" environment scene with recognizable elements and natural depth, modern digital illustration, soft gradients, centered composition, soft neutral gradient background, calm realistic lighting, professional educational style, not cartoon, not chibi, no text, no letters, no numerals, no logos, no watermark, no border, output size 1024x1024",language_learning|cross_language_vocabulary|reading_comprehension|listening_comprehension,1,v3_reference_style_size_2026-02-15
IMG_NUMBER_EIGHT,number_eight,Eight,count_visual,universal,img__number_eight__v1.webp,1024x1024,digital_art_flat_v3,light desk surface with blur,"Count visualization for ""eight"" using clearly separated objects in a tidy arrangement, clean modern digital illustration, soft gradients, centered composition, light desk surface with blur background, professional educational style, not cartoon, no text, no letters, no numerals, no logos, no watermark, no border, output size 1024x1024",language_learning|cross_language_vocabulary|reading_comprehension|listening_comprehension,1,v3_reference_style_size_2026-02-15
IMG_NUMBER_FIVE,number_five,Five,count_visual,universal,img__number_five__v1.webp,1024x1024,digital_art_flat_v3,light desk surface with blur,"Count visualization for ""five"" using clearly separated objects in a tidy arrangement, clean modern digital illustration, soft gradients, centered composition, light desk surface with blur background, professional educational style, not cartoon, no text, no letters, no numerals, no logos, no watermark, no border, output size 1024x1024",language_learning|cross_language_vocabulary|reading_comprehension|listening_comprehension,1,v3_reference_style_size_2026-02-15
IMG_NUMBER_FOUR,number_four,Four,count_visual,universal,img__number_four__v1.webp,1024x1024,digital_art_flat_v3,light desk surface with blur,"Count visualization for ""four"" using clearly separated objects in a tidy arrangement, clean modern digital illustration, soft gradients, centered composition, light desk surface with blur background, professional educational style, not cartoon, no text, no letters, no numerals, no logos, no watermark, no border, output size 1024x1024",language_learning|cross_language_vocabulary|reading_comprehension|listening_comprehension,1,v3_reference_style_size_2026-02-15
IMG_NUMBER_HALF,number_half,Half,count_visual,universal,img__number_half__v1.webp,1024x1024,digital_art_flat_v3,soft neutral gradient,"Count visualization for ""half"" using clearly separated objects in a tidy arrangement, clean modern digital illustration, soft gradients, centered composition, soft neutral gradient background, professional educational style, not cartoon, no text, no letters, no numerals, no logos, no watermark, no border, output size 1024x1024",language_learning|cross_language_vocabulary|reading_comprehension|listening_comprehension,2,v3_reference_style_size_2026-02-15
IMG_NUMBER_HUNDRED,number_hundred,Hundred,count_visual,universal,img__number_hundred__v1.webp,1024x1024,digital_art_flat_v3,soft neutral gradient,"Count visualization for ""hundred"" using clearly separated objects in a tidy arrangement, clean modern digital illustration, soft gradients, centered composition, soft neutral gradient background, professional educational style, not cartoon, no text, no letters, no numerals, no logos, no watermark, no border, output size 1024x1024",language_learning|cross_language_vocabulary|reading_comprehension|listening_comprehension,1,v3_reference_style_size_2026-02-15
IMG_NUMBER_NINE,number_nine,Nine,count_visual,universal,img__number_nine__v1.webp,1024x1024,digital_art_flat_v3,minimal room corner pastel,"Count visualization for ""nine"" using clearly separated objects in a tidy arrangement, clean modern digital illustration, soft gradients, centered composition, minimal room corner pastel background, professional educational style, not cartoon, no text, no letters, no numerals, no logos, no watermark, no border, output size 1024x1024",language_learning|cross_language_vocabulary|reading_comprehension|listening_comprehension,1,v3_reference_style_size_2026-02-15
IMG_NUMBER_ONE,number_one,One,count_visual,universal,img__number_one__v1.webp,1024x1024,digital_art_flat_v3,clean studio light gray,"Count visualization for ""one"" using clearly separated objects in a tidy arrangement, clean modern digital illustration, soft gradients, centered composition, clean studio light gray background, professional educational style, not cartoon, no text, no letters, no numerals, no logos, no watermark, no border, output size 1024x1024",language_learning|cross_language_vocabulary|reading_comprehension|listening_comprehension,1,v3_reference_style_size_2026-02-15
IMG_NUMBER_SEVEN,number_seven,Seven,count_visual,universal,img__number_seven__v1.webp,1024x1024,digital_art_flat_v3,light desk surface with blur,"Count visualization for ""seven"" using clearly separated objects in a tidy arrangement, clean modern digital illustration, soft gradients, centered composition, light desk surface with blur background, professional educational style, not cartoon, no text, no letters, no numerals, no logos, no watermark, no border, output size 1024x1024",language_learning|cross_language_vocabulary|reading_comprehension|listening_comprehension,1,v3_reference_style_size_2026-02-15
IMG_NUMBER_SIX,number_six,Six,count_visual,universal,img__number_six__v1.webp,1024x1024,digital_art_flat_v3,minimal room corner pastel,"Count visualization for ""six"" using clearly separated objects in a tidy arrangement, clean modern digital illustration, soft gradients, centered composition, minimal room corner pastel background, professional educational style, not cartoon, no text, no letters, no numerals, no logos, no watermark, no border, output size 1024x1024",language_learning|cross_language_vocabulary|reading_comprehension|listening_comprehension,1,v3_reference_style_size_2026-02-15
IMG_NUMBER_TEN,number_ten,Ten,count_visual,universal,img__number_ten__v1.webp,1024x1024,digital_art_flat_v3,clean studio light gray,"Count visualization for ""ten"" using clearly separated objects in a tidy arrangement, clean modern digital illustration, soft gradients, centered composition, clean studio light gray background, professional educational style, not cartoon, no text, no letters, no numerals, no logos, no watermark, no border, output size 1024x1024",language_learning|cross_language_vocabulary|reading_comprehension|listening_comprehension,1,v3_reference_style_size_2026-02-15
IMG_NUMBER_THREE,number_three,Three,count_visual,universal,img__number_three__v1.webp,1024x1024,digital_art_flat_v3,light desk surface with blur,"Count visualization for ""three"" using clearly separated objects in a tidy arrangement, clean modern digital illustration, soft gradients, centered composition, light desk surface with blur background, professional educational style, not cartoon, no text, no letters, no numerals, no logos, no watermark, no border, output size 1024x1024",language_learning|cross_language_vocabulary|reading_comprehension|listening_comprehension,1,v3_reference_style_size_2026-02-15
IMG_NUMBER_TWO,number_two,Two,count_visual,universal,img__number_two__v1.webp,1024x1024,digital_art_flat_v3,minimal room corner pastel,"Count visualization for ""two"" using clearly separated objects in a tidy arrangement, clean modern digital illustration, soft gradients, centered composition, minimal room corner pastel background, professional educational style, not cartoon, no text, no letters, no numerals, no logos, no watermark, no border, output size 1024x1024",language_learning|cross_language_vocabulary|reading_comprehension|listening_comprehension,2,v3_reference_style_size_2026-02-15
IMG_NUMBER_ZERO,number_zero,Zero,count_visual,universal,img__number_zero__v1.webp,1024x1024,digital_art_flat_v3,soft neutral gradient,"Count visualization for ""zero"" using clearly separated objects in a tidy arrangement, clean modern digital illustration, soft gradients, centered composition, soft neutral gradient background, professional educational style, not cartoon, no text, no letters, no numerals, no logos, no watermark, no border, output size 1024x1024",language_learning|cross_language_vocabulary|reading_comprehension|listening_comprehension,1,v3_reference_style_size_2026-02-15
IMG_OBJECT_A_FEW,object_a_few,A Few,object_scene,universal,img__object_a_few__v1.webp,1024x1024,digital_art_flat_v3,soft neutral gradient,"A clear visual for ""a few"", modern digital art style, sharper vector shapes, sharp vibrant color palette, smooth gradient shading, subtle depth, clean shapes, soft directional lighting, centered composition, minimal background, professional educational visual style, focused subject, minimal clutter, not cartoon, no text, no letters, no numerals, no logos, no realistic, no watermark, no border, output size 1024x1024",language_learning|cross_language_vocabulary|reading_comprehension|listening_comprehension,1,v3_reference_style_size_2026-02-15
IMG_OBJECT_A_LITTLE_BIT,object_a_little_bit,A Little Bit,object_scene,universal,img__object_a_little_bit__v1.webp,1024x1024,digital_art_flat_v3,light desk surface with blur,"A clear visual for ""a little bit"", modern digital art style, sharper vector shapes, sharp vibrant color palette, smooth gradient shading, subtle depth, clean shapes, soft directional lighting, centered composition, minimal background, professional educational visual style, focused subject, minimal clutter, not cartoon, no text, no letters, no numerals, no logos, no realistic, no watermark, no border, output size 1024x1024",language_learning|cross_language_vocabulary|reading_comprehension|listening_comprehension,1,v3_reference_style_size_2026-02-15
IMG_OBJECT_A_LITTLE_WHILE,object_a_little_while,A Little While,object_scene,universal,img__object_a_little_while__v1.webp,1024x1024,digital_art_flat_v3,light desk surface with blur,"A clear visual for ""a little while"", modern digital art style, sharper vector shapes, sharp vibrant color palette, smooth gradient shading, subtle depth, clean shapes, soft directional lighting, centered composition, minimal background, professional educational visual style, focused subject, minimal clutter, not cartoon, no text, no letters, no numerals, no logos, no realistic, no watermark, no border, output size 1024x1024",language_learning|cross_language_vocabulary|reading_comprehension|listening_comprehension,1,v3_reference_style_size_2026-02-15
IMG_OBJECT_A_MOMENT,object_a_moment,A Moment,object_scene,universal,img__object_a_moment__v1.webp,1024x1024,digital_art_flat_v3,soft neutral gradient,"A clear visual for ""a moment"", modern digital art style, sharper vector shapes, sharp vibrant color palette, smooth gradient shading, subtle depth, clean shapes, soft directional lighting, centered composition, minimal background, professional educational visual style, focused subject, minimal clutter, not cartoon, no text, no letters, no numerals, no logos, no realistic, no watermark, no border, output size 1024x1024",language_learning|cross_language_vocabulary|reading_comprehension|listening_comprehension,2,v3_reference_style_size_2026-02-15
IMG_OBJECT_ABOVE,object_above,Above,object_scene,universal,img__object_above__v1.webp,1024x1024,digital_art_flat_v3,minimal room corner pastel,"A clear visual for ""above"", modern digital art style, sharper vector shapes, sharp vibrant color palette, smooth gradient shading, subtle depth, clean shapes, soft directional lighting, centered composition, minimal background, professional educational visual style, focused subject, minimal clutter, not cartoon, no text, no letters, no numerals, no logos, no realistic, no watermark, no border, output size 1024x1024",language_learning|cross_language_vocabulary|reading_comprehension|listening_comprehension,2,v3_reference_style_size_2026-02-15
IMG_OBJECT_ACTION,object_action,Action,object_scene,universal,img__object_action__v1.webp,1024x1024,digital_art_flat_v3,soft neutral gradient,"A clear visual for ""action"", modern digital art style, sharper vector shapes, sharp vibrant color palette, smooth gradient shading, subtle depth, clean shapes, soft directional lighting, centered composition, minimal background, professional educational visual style, focused subject, minimal clutter, not cartoon, no text, no letters, no numerals, no logos, no realistic, no watermark, no border, output size 1024x1024",language_learning|cross_language_vocabulary|reading_comprehension|listening_comprehension,1,v3_reference_style_size_2026-02-15
IMG_OBJECT_ADMISSION_TICKET,object_admission_ticket,Admission Ticket,object_scene,universal,img__object_admission_ticket__v1.webp,1024x1024,digital_art_flat_v3,clean studio light gray,"A clear visual for ""admission ticket"", modern digital art style, sharper vector shapes, sharp vibrant color palette, smooth gradient shading, subtle depth, clean shapes, soft directional lighting, centered composition, minimal background, professional educational visual style, focused subject, minimal clutter, not cartoon, no text, no letters, no numerals, no logos, no realistic, no watermark, no border, output size 1024x1024",language_learning|cross_language_vocabulary|reading_comprehension|listening_comprehension,1,v3_reference_style_size_2026-02-15
IMG_OBJECT_AFTERNOON,object_afternoon,Afternoon,object_scene,universal,img__object_afternoon__v1.webp,1024x1024,digital_art_flat_v3,minimal room corner pastel,"A clear visual for ""afternoon"", modern digital art style, sharper vector shapes, sharp vibrant color palette, smooth gradient shading, subtle depth, clean shapes, soft directional lighting, centered composition, minimal background, professional educational visual style, focused subject, minimal clutter, not cartoon, no text, no letters, no numerals, no logos, no realistic, no watermark, no border, output size 1024x1024",language_learning|cross_language_vocabulary|reading_comprehension|listening_comprehension,1,v3_reference_style_size_2026-02-15
IMG_OBJECT_AGAIN,object_again,Again,object_scene,universal,img__object_again__v1.webp,1024x1024,digital_art_flat_v3,clean studio light gray,"A clear visual for ""again"", modern digital art style, sharper vector shapes, sharp vibrant color palette, smooth gradient shading, subtle depth, clean shapes, soft directional lighting, centered composition, minimal background, professional educational visual style, focused subject, minimal clutter, not cartoon, no text, no letters, no numerals, no logos, no realistic, no watermark, no border, output size 1024x1024",language_learning|cross_language_vocabulary|reading_comprehension|listening_comprehension,1,v3_reference_style_size_2026-02-15
IMG_OBJECT_AIRPLANE,object_airplane,Airplane,object_scene,universal,img__object_airplane__v1.webp,1024x1024,digital_art_flat_v3,soft neutral gradient,"A clear visual for ""airplane"", modern digital art style, sharper vector shapes, sharp vibrant color palette, smooth gradient shading, subtle depth, clean shapes, soft directional lighting, centered composition, minimal background, professional educational visual style, focused subject, minimal clutter, not cartoon, no text, no letters, no numerals, no logos, no realistic, no watermark, no border, output size 1024x1024",language_learning|cross_language_vocabulary|reading_comprehension|listening_comprehension,1,v3_reference_style_size_2026-02-15
IMG_OBJECT_ALSO,object_also,Also,object_scene,universal,img__object_also__v1.webp,1024x1024,digital_art_flat_v3,clean studio light gray,"A clear visual for ""also"", modern digital art style, sharper vector shapes, sharp vibrant color palette, smooth gradient shading, subtle depth, clean shapes, soft directional lighting, centered composition, minimal background, professional educational visual style, focused subject, minimal clutter, not cartoon, no text, no letters, no numerals, no logos, no realistic, no watermark, no border, output size 1024x1024",language_learning|cross_language_vocabulary|reading_comprehension|listening_comprehension,1,v3_reference_style_size_2026-02-15
IMG_OBJECT_AND_TOGETHER_WITH,object_and_together_with,"And, Together With",object_scene,universal,img__object_and_together_with__v1.webp,1024x1024,digital_art_flat_v3,light desk surface with blur,"A clear visual for ""and, together with"", modern digital art style, sharper vector shapes, sharp vibrant color palette, smooth gradient shading, subtle depth, clean shapes, soft directional lighting, centered composition, minimal background, professional educational visual style, focused subject, minimal clutter, not cartoon, no text, no letters, no numerals, no logos, no realistic, no watermark, no border, output size 1024x1024",language_learning|cross_language_vocabulary|reading_comprehension|listening_comprehension,1,v3_reference_style_size_2026-02-15
IMG_OBJECT_ANSWER,object_answer,Answer,object_scene,universal,img__object_answer__v1.webp,1024x1024,digital_art_flat_v3,light desk surface with blur,"A clear visual for ""answer"", modern digital art style, sharper vector shapes, sharp vibrant color palette, smooth gradient shading, subtle depth, clean shapes, soft directional lighting, centered composition, minimal background, professional educational visual style, focused subject, minimal clutter, not cartoon, no text, no letters, no numerals, no logos, no realistic, no watermark, no border, output size 1024x1024",language_learning|cross_language_vocabulary|reading_comprehension|listening_comprehension,1,v3_reference_style_size_2026-02-15
IMG_OBJECT_AT_IN_ON,object_at_in_on,"At, In, On",object_scene,universal,img__object_at_in_on__v1.webp,1024x1024,digital_art_flat_v3,clean studio light gray,"A clear visual for ""at, in, on"", modern digital art style, sharper vector shapes, sharp vibrant color palette, smooth gradient shading, subtle depth, clean shapes, soft directional lighting, centered composition, minimal background, professional educational visual style, focused subject, minimal clutter, not cartoon, no text, no letters, no numerals, no logos, no realistic, no watermark, no border, output size 1024x1024",language_learning|cross_language_vocabulary|reading_comprehension|listening_comprehension,1,v3_reference_style_size_2026-02-15
IMG_OBJECT_ATTEND_CLASS,object_attend_class,Attend Class,object_scene,universal,img__object_attend_class__v1.webp,1024x1024,digital_art_flat_v3,light desk surface with blur,"A clear visual for ""attend class"", modern digital art style, sharper vector shapes, sharp vibrant color palette, smooth gradient shading, subtle depth, clean shapes, soft directional lighting, centered composition, minimal background, professional educational visual style, focused subject, minimal clutter, not cartoon, no text, no letters, no numerals, no logos, no realistic, no watermark, no border, output size 1024x1024",language_learning|cross_language_vocabulary|reading_comprehension|listening_comprehension,1,v3_reference_style_size_2026-02-15
IMG_OBJECT_BACK_SIDE,object_back_side,Back Side,object_scene,universal,img__object_back_side__v1.webp,1024x1024,digital_art_flat_v3,light desk surface with blur,"A clear visual for ""back side"", modern digital art style, sharper vector shapes, sharp vibrant color palette, smooth gradient shading, subtle depth, clean shapes, soft directional lighting, centered composition, minimal background, professional educational visual style, focused subject, minimal clutter, not cartoon, no text, no letters, no numerals, no logos, no realistic, no watermark, no border, output size 1024x1024",language_learning|cross_language_vocabulary|reading_comprehension|listening_comprehension,1,v3_reference_style_size_2026-02-15
IMG_OBJECT_BAD,object_bad,Bad,object_scene,universal,img__object_bad__v1.webp,1024x1024,digital_art_flat_v3,light desk surface with blur,"A clear visual for ""bad"", modern digital art style, sharper vector shapes, sharp vibrant color palette, smooth gradient shading, subtle depth, clean shapes, soft directional lighting, centered composition, minimal background, professional educational visual style, focused subject, minimal clutter, not cartoon, no text, no letters, no numerals, no logos, no realistic, no watermark, no border, output size 1024x1024",language_learning|cross_language_vocabulary|reading_comprehension|listening_comprehension,1,v3_reference_style_size_2026-02-15
IMG_OBJECT_BALL,object_ball,Ball,object_scene,universal,img__object_ball__v1.webp,1024x1024,digital_art_flat_v3,minimal room corner pastel,"A clear visual for ""ball"", modern digital art style, sharper vector shapes, sharp vibrant color palette, smooth gradient shading, subtle depth, clean shapes, soft directional lighting, centered composition, minimal background, professional educational visual style, focused subject, minimal clutter, not cartoon, no text, no letters, no numerals, no logos, no realistic, no watermark, no border, output size 1024x1024",language_learning|cross_language_vocabulary|reading_comprehension|listening_comprehension,1,v3_reference_style_size_2026-02-15
IMG_OBJECT_BED,object_bed,Bed,object_scene,universal,img__object_bed__v1.webp,1024x1024,digital_art_flat_v3,soft neutral gradient,"A clear visual for ""bed"", modern digital art style, sharper vector shapes, sharp vibrant color palette, smooth gradient shading, subtle depth, clean shapes, soft directional lighting, centered composition, minimal background, professional educational visual style, focused subject, minimal clutter, not cartoon, no text, no letters, no numerals, no logos, no realistic, no watermark, no border, output size 1024x1024",language_learning|cross_language_vocabulary|reading_comprehension|listening_comprehension,1,v3_reference_style_size_2026-02-15
IMG_OBJECT_BEFORE,object_before,Before,object_scene,universal,img__object_before__v1.webp,1024x1024,digital_art_flat_v3,soft neutral gradient,"A clear visual for ""before"", modern digital art style, sharper vector shapes, sharp vibrant color palette, smooth gradient shading, subtle depth, clean shapes, soft directional lighting, centered composition, minimal background, professional educational visual style, focused subject, minimal clutter, not cartoon, no text, no letters, no numerals, no logos, no realistic, no watermark, no border, output size 1024x1024",language_learning|cross_language_vocabulary|reading_comprehension|listening_comprehension,1,v3_reference_style_size_2026-02-15
IMG_OBJECT_BEHIND,object_behind,Behind,object_scene,universal,img__object_behind__v1.webp,1024x1024,digital_art_flat_v3,soft neutral gradient,"A clear visual for ""behind"", modern digital art style, sharper vector shapes, sharp vibrant color palette, smooth gradient shading, subtle depth, clean shapes, soft directional lighting, centered composition, minimal background, professional educational visual style, focused subject, minimal clutter, not cartoon, no text, no letters, no numerals, no logos, no realistic, no watermark, no border, output size 1024x1024",language_learning|cross_language_vocabulary|reading_comprehension|listening_comprehension,1,v3_reference_style_size_2026-02-15
IMG_OBJECT_BELOW,object_below,Below,object_scene,universal,img__object_below__v1.webp,1024x1024,digital_art_flat_v3,light desk surface with blur,"A clear visual for ""below"", modern digital art style, sharper vector shapes, sharp vibrant color palette, smooth gradient shading, subtle depth, clean shapes, soft directional lighting, centered composition, minimal background, professional educational visual style, focused subject, minimal clutter, not cartoon, no text, no letters, no numerals, no logos, no realistic, no watermark, no border, output size 1024x1024",language_learning|cross_language_vocabulary|reading_comprehension|listening_comprehension,2,v3_reference_style_size_2026-02-15
IMG_OBJECT_BESIDE,object_beside,Beside,object_scene,universal,img__object_beside__v1.webp,1024x1024,digital_art_flat_v3,minimal room corner pastel,"A clear visual for ""beside"", modern digital art style, sharper vector shapes, sharp vibrant color palette, smooth gradient shading, subtle depth, clean shapes, soft directional lighting, centered composition, minimal background, professional educational visual style, focused subject, minimal clutter, not cartoon, no text, no letters, no numerals, no logos, no realistic, no watermark, no border, output size 1024x1024",language_learning|cross_language_vocabulary|reading_comprehension|listening_comprehension,1,v3_reference_style_size_2026-02-15
IMG_OBJECT_BEST,object_best,Best,object_scene,universal,img__object_best__v1.webp,1024x1024,digital_art_flat_v3,soft neutral gradient,"A clear visual for ""best"", modern digital art style, sharper vector shapes, sharp vibrant color palette, smooth gradient shading, subtle depth, clean shapes, soft directional lighting, centered composition, minimal background, professional educational visual style, focused subject, minimal clutter, not cartoon, no text, no letters, no numerals, no logos, no realistic, no watermark, no border, output size 1024x1024",language_learning|cross_language_vocabulary|reading_comprehension|listening_comprehension,1,v3_reference_style_size_2026-02-15
IMG_OBJECT_BETWEEN,object_between,Between,object_scene,universal,img__object_between__v1.webp,1024x1024,digital_art_flat_v3,minimal room corner pastel,"A clear visual for ""between"", modern digital art style, sharper vector shapes, sharp vibrant color palette, smooth gradient shading, subtle depth, clean shapes, soft directional lighting, centered composition, minimal background, professional educational visual style, focused subject, minimal clutter, not cartoon, no text, no letters, no numerals, no logos, no realistic, no watermark, no border, output size 1024x1024",language_learning|cross_language_vocabulary|reading_comprehension|listening_comprehension,1,v3_reference_style_size_2026-02-15
IMG_OBJECT_BIG,object_big,Big,object_scene,universal,img__object_big__v1.webp,1024x1024,digital_art_flat_v3,minimal room corner pastel,"A clear visual for ""big"", modern digital art style, sharper vector shapes, sharp vibrant color palette, smooth gradient shading, subtle depth, clean shapes, soft directional lighting, centered composition, minimal background, professional educational visual style, focused subject, minimal clutter, not cartoon, no text, no letters, no numerals, no logos, no realistic, no watermark, no border, output size 1024x1024",language_learning|cross_language_vocabulary|reading_comprehension|listening_comprehension,1,v3_reference_style_size_2026-02-15
IMG_OBJECT_BIRTHDAY,object_birthday,Birthday,object_scene,universal,img__object_birthday__v1.webp,1024x1024,digital_art_flat_v3,minimal room corner pastel,"A clear visual for ""birthday"", modern digital art style, sharper vector shapes, sharp vibrant color palette, smooth gradient shading, subtle depth, clean shapes, soft directional lighting, centered composition, minimal background, professional educational visual style, focused subject, minimal clutter, not cartoon, no text, no letters, no numerals, no logos, no realistic, no watermark, no border, output size 1024x1024",language_learning|cross_language_vocabulary|reading_comprehension|listening_comprehension,1,v3_reference_style_size_2026-02-15
IMG_OBJECT_BODY,object_body,Body,object_scene,universal,img__object_body__v1.webp,1024x1024,digital_art_flat_v3,soft neutral gradient,"A clear visual for ""body"", modern digital art style, sharper vector shapes, sharp vibrant color palette, smooth gradient shading, subtle depth, clean shapes, soft directional lighting, centered composition, minimal background, professional educational visual style, focused subject, minimal clutter, not cartoon, no text, no letters, no numerals, no logos, no realistic, no watermark, no border, output size 1024x1024",language_learning|cross_language_vocabulary|reading_comprehension|listening_comprehension,1,v3_reference_style_size_2026-02-15
IMG_OBJECT_BOOK,object_book,Book,object_scene,universal,img__object_book__v1.webp,1024x1024,digital_art_flat_v3,soft neutral gradient,"A clear visual for ""book"", modern digital art style, sharper vector shapes, sharp vibrant color palette, smooth gradient shading, subtle depth, clean shapes, soft directional lighting, centered composition, minimal background, professional educational visual style, focused subject, minimal clutter, not cartoon, no text, no letters, no numerals, no logos, no realistic, no watermark, no border, output size 1024x1024",language_learning|cross_language_vocabulary|reading_comprehension|listening_comprehension,1,v3_reference_style_size_2026-02-15
IMG_OBJECT_BOY,object_boy,Boy,object_scene,universal,img__object_boy__v1.webp,1024x1024,digital_art_flat_v3,clean studio light gray,"A clear visual for ""boy"", modern digital art style, sharper vector shapes, sharp vibrant color palette, smooth gradient shading, subtle depth, clean shapes, soft directional lighting, centered composition, minimal background, professional educational visual style, focused subject, minimal clutter, not cartoon, no text, no letters, no numerals, no logos, no realistic, no watermark, no border, output size 1024x1024",language_learning|cross_language_vocabulary|reading_comprehension|listening_comprehension,2,v3_reference_style_size_2026-02-15
IMG_OBJECT_BOYFRIEND,object_boyfriend,Boyfriend,object_scene,universal,img__object_boyfriend__v1.webp,1024x1024,digital_art_flat_v3,soft neutral gradient,"A clear visual for ""boyfriend"", modern digital art style, sharper vector shapes, sharp vibrant color palette, smooth gradient shading, subtle depth, clean shapes, soft directional lighting, centered composition, minimal background, professional educational visual style, focused subject, minimal clutter, not cartoon, no text, no letters, no numerals, no logos, no realistic, no watermark, no border, output size 1024x1024",language_learning|cross_language_vocabulary|reading_comprehension|listening_comprehension,1,v3_reference_style_size_2026-02-15
IMG_OBJECT_BREAD,object_bread,Bread,object_scene,universal,img__object_bread__v1.webp,1024x1024,digital_art_flat_v3,soft neutral gradient,"A clear visual for ""bread"", modern digital art style, sharper vector shapes, sharp vibrant color palette, smooth gradient shading, subtle depth, clean shapes, soft directional lighting, centered composition, minimal background, professional educational visual style, focused subject, minimal clutter, not cartoon, no text, no letters, no numerals, no logos, no realistic, no watermark, no border, output size 1024x1024",language_learning|cross_language_vocabulary|reading_comprehension|listening_comprehension,1,v3_reference_style_size_2026-02-15
IMG_OBJECT_BREAKFAST,object_breakfast,Breakfast,object_scene,universal,img__object_breakfast__v1.webp,1024x1024,digital_art_flat_v3,clean studio light gray,"A clear visual for ""breakfast"", modern digital art style, sharper vector shapes, sharp vibrant color palette, smooth gradient shading, subtle depth, clean shapes, soft directional lighting, centered composition, minimal background, professional educational visual style, focused subject, minimal clutter, not cartoon, no text, no letters, no numerals, no logos, no realistic, no watermark, no border, output size 1024x1024",language_learning|cross_language_vocabulary|reading_comprehension|listening_comprehension,1,v3_reference_style_size_2026-02-15
IMG_OBJECT_BROKEN,object_broken,Broken,object_scene,universal,img__object_broken__v1.webp,1024x1024,digital_art_flat_v3,minimal room corner pastel,"A clear visual for ""broken"", modern digital art style, sharper vector shapes, sharp vibrant color palette, smooth gradient shading, subtle depth, clean shapes, soft directional lighting, centered composition, minimal background, professional educational visual style, focused subject, minimal clutter, not cartoon, no text, no letters, no numerals, no logos, no realistic, no watermark, no border, output size 1024x1024",language_learning|cross_language_vocabulary|reading_comprehension|listening_comprehension,1,v3_reference_style_size_2026-02-15
IMG_OBJECT_BUILDING,object_building,Building,object_scene,universal,img__object_building__v1.webp,1024x1024,digital_art_flat_v3,light desk surface with blur,"A clear visual for ""building"", modern digital art style, sharper vector shapes, sharp vibrant color palette, smooth gradient shading, subtle depth, clean shapes, soft directional lighting, centered composition, minimal background, professional educational visual style, focused subject, minimal clutter, not cartoon, no text, no letters, no numerals, no logos, no realistic, no watermark, no border, output size 1024x1024",language_learning|cross_language_vocabulary|reading_comprehension|listening_comprehension,1,v3_reference_style_size_2026-02-15
IMG_OBJECT_BUSY,object_busy,Busy,object_scene,universal,img__object_busy__v1.webp,1024x1024,digital_art_flat_v3,clean studio light gray,"A clear visual for ""busy"", modern digital art style, sharper vector shapes, sharp vibrant color palette, smooth gradient shading, subtle depth, clean shapes, soft directional lighting, centered composition, minimal background, professional educational visual style, focused subject, minimal clutter, not cartoon, no text, no letters, no numerals, no logos, no realistic, no watermark, no border, output size 1024x1024",language_learning|cross_language_vocabulary|reading_comprehension|listening_comprehension,1,v3_reference_style_size_2026-02-15
IMG_OBJECT_CAN,object_can,Can,object_scene,universal,img__object_can__v1.webp,1024x1024,digital_art_flat_v3,light desk surface with blur,"A clear visual for ""can"", modern digital art style, sharper vector shapes, sharp vibrant color palette, smooth gradient shading, subtle depth, clean shapes, soft directional lighting, centered composition, minimal background, professional educational visual style, focused subject, minimal clutter, not cartoon, no text, no letters, no numerals, no logos, no realistic, no watermark, no border, output size 1024x1024",language_learning|cross_language_vocabulary|reading_comprehension|listening_comprehension,2,v3_reference_style_size_2026-02-15
IMG_OBJECT_CAR,object_car,Car,object_scene,universal,img__object_car__v1.webp,1024x1024,digital_art_flat_v3,soft neutral gradient,"A clear visual for ""car"", modern digital art style, sharper vector shapes, sharp vibrant color palette, smooth gradient shading, subtle depth, clean shapes, soft directional lighting, centered composition, minimal background, professional educational visual style, focused subject, minimal clutter, not cartoon, no text, no letters, no numerals, no logos, no realistic, no watermark, no border, output size 1024x1024",language_learning|cross_language_vocabulary|reading_comprehension|listening_comprehension,2,v3_reference_style_size_2026-02-15
IMG_OBJECT_CENT,object_cent,Cent,object_scene,universal,img__object_cent__v1.webp,1024x1024,digital_art_flat_v3,minimal room corner pastel,"A clear visual for ""cent"", modern digital art style, sharper vector shapes, sharp vibrant color palette, smooth gradient shading, subtle depth, clean shapes, soft directional lighting, centered composition, minimal background, professional educational visual style, focused subject, minimal clutter, not cartoon, no text, no letters, no numerals, no logos, no realistic, no watermark, no border, output size 1024x1024",language_learning|cross_language_vocabulary|reading_comprehension|listening_comprehension,1,v3_reference_style_size_2026-02-15
IMG_OBJECT_CHARACTER,object_character,Character,object_scene,universal,img__object_character__v1.webp,1024x1024,digital_art_flat_v3,clean studio light gray,"A clear visual for ""character"", modern digital art style, sharper vector shapes, sharp vibrant color palette, smooth gradient shading, subtle depth, clean shapes, soft directional lighting, centered composition, minimal background, professional educational visual style, focused subject, minimal clutter, not cartoon, no text, no letters, no numerals, no logos, no realistic, no watermark, no border, output size 1024x1024",language_learning|cross_language_vocabulary|reading_comprehension|listening_comprehension,1,v3_reference_style_size_2026-02-15
IMG_OBJECT_CHILD,object_child,Child,object_scene,universal,img__object_child__v1.webp,1024x1024,digital_art_flat_v3,minimal room corner pastel,"A clear visual for ""child"", modern digital art style, sharper vector shapes, sharp vibrant color palette, smooth gradient shading, subtle depth, clean shapes, soft directional lighting, centered composition, minimal background, professional educational visual style, focused subject, minimal clutter, not cartoon, no text, no letters, no numerals, no logos, no realistic, no watermark, no border, output size 1024x1024",language_learning|cross_language_vocabulary|reading_comprehension|listening_comprehension,3,v3_reference_style_size_2026-02-15
IMG_OBJECT_CHINA,object_china,China,object_scene,universal,img__object_china__v1.webp,1024x1024,digital_art_flat_v3,light desk surface with blur,"A clear visual for ""china"", modern digital art style, sharper vector shapes, sharp vibrant color palette, smooth gradient shading, subtle depth, clean shapes, soft directional lighting, centered composition, minimal background, professional educational visual style, focused subject, minimal clutter, not cartoon, no text, no letters, no numerals, no logos, no realistic, no watermark, no border, output size 1024x1024",language_learning|cross_language_vocabulary|reading_comprehension|listening_comprehension,1,v3_reference_style_size_2026-02-15
IMG_OBJECT_CHINESE_CHARACTERS,object_chinese_characters,Chinese Characters,object_scene,universal,img__object_chinese_characters__v1.webp,1024x1024,digital_art_flat_v3,soft neutral gradient,"A clear visual for ""chinese characters"", modern digital art style, sharper vector shapes, sharp vibrant color palette, smooth gradient shading, subtle depth, clean shapes, soft directional lighting, centered composition, minimal background, professional educational visual style, focused subject, minimal clutter, not cartoon, no text, no letters, no numerals, no logos, no realistic, no watermark, no border, output size 1024x1024",language_learning|cross_language_vocabulary|reading_comprehension|listening_comprehension,1,v3_reference_style_size_2026-02-15
IMG_OBJECT_CHINESE_LANGUAGE,object_chinese_language,Chinese Language,object_scene,universal,img__object_chinese_language__v1.webp,1024x1024,digital_art_flat_v3,soft neutral gradient,"A clear visual for ""chinese language"", modern digital art style, sharper vector shapes, sharp vibrant color palette, smooth gradient shading, subtle depth, clean shapes, soft directional lighting, centered composition, minimal background, professional educational visual style, focused subject, minimal clutter, not cartoon, no text, no letters, no numerals, no logos, no realistic, no watermark, no border, output size 1024x1024",language_learning|cross_language_vocabulary|reading_comprehension|listening_comprehension,2,v3_reference_style_size_2026-02-15
IMG_OBJECT_CLASS,object_class,Class,object_scene,universal,img__object_class__v1.webp,1024x1024,digital_art_flat_v3,soft neutral gradient,"A clear visual for ""class"", modern digital art style, sharper vector shapes, sharp vibrant color palette, smooth gradient shading, subtle depth, clean shapes, soft directional lighting, centered composition, minimal background, professional educational visual style, focused subject, minimal clutter, not cartoon, no text, no letters, no numerals, no logos, no realistic, no watermark, no border, output size 1024x1024",language_learning|cross_language_vocabulary|reading_comprehension|listening_comprehension,2,v3_reference_style_size_2026-02-15
IMG_OBJECT_CLASS_DISMISSED,object_class_dismissed,Class Dismissed,object_scene,universal,img__object_class_dismissed__v1.webp,1024x1024,digital_art_flat_v3,soft neutral gradient,"A clear visual for ""class dismissed"", modern digital art style, sharper vector shapes, sharp vibrant color palette, smooth gradient shading, subtle depth, clean shapes, soft directional lighting, centered composition, minimal background, professional educational visual style, focused subject, minimal clutter, not cartoon, no text, no letters, no numerals, no logos, no realistic, no watermark, no border, output size 1024x1024",language_learning|cross_language_vocabulary|reading_comprehension|listening_comprehension,1,v3_reference_style_size_2026-02-15
IMG_OBJECT_CLASSMATE,object_classmate,Classmate,object_scene,universal,img__object_classmate__v1.webp,1024x1024,digital_art_flat_v3,soft neutral gradient,"A clear visual for ""classmate"", modern digital art style, sharper vector shapes, sharp vibrant color palette, smooth gradient shading, subtle depth, clean shapes, soft directional lighting, centered composition, minimal background, professional educational visual style, focused subject, minimal clutter, not cartoon, no text, no letters, no numerals, no logos, no realistic, no watermark, no border, output size 1024x1024",language_learning|cross_language_vocabulary|reading_comprehension|listening_comprehension,1,v3_reference_style_size_2026-02-15
IMG_OBJECT_CLEAN,object_clean,Clean,object_scene,universal,img__object_clean__v1.webp,1024x1024,digital_art_flat_v3,clean studio light gray,"A clear visual for ""clean"", modern digital art style, sharper vector shapes, sharp vibrant color palette, smooth gradient shading, subtle depth, clean shapes, soft directional lighting, centered composition, minimal background, professional educational visual style, focused subject, minimal clutter, not cartoon, no text, no letters, no numerals, no logos, no realistic, no watermark, no border, output size 1024x1024",language_learning|cross_language_vocabulary|reading_comprehension|listening_comprehension,1,v3_reference_style_size_2026-02-15
IMG_OBJECT_CLEAR,object_clear,Clear,object_scene,universal,img__object_clear__v1.webp,1024x1024,digital_art_flat_v3,minimal room corner pastel,"A clear visual for ""clear"", modern digital art style, sharper vector shapes, sharp vibrant color palette, smooth gradient shading, subtle depth, clean shapes, soft directional lighting, centered composition, minimal background, professional educational visual style, focused subject, minimal clutter, not cartoon, no text, no letters, no numerals, no logos, no realistic, no watermark, no border, output size 1024x1024",language_learning|cross_language_vocabulary|reading_comprehension|listening_comprehension,1,v3_reference_style_size_2026-02-15
IMG_OBJECT_CLOSE_IT,object_close_it,Close It,object_scene,universal,img__object_close_it__v1.webp,1024x1024,digital_art_flat_v3,soft neutral gradient,"A clear visual for ""close it"", modern digital art style, sharper vector shapes, sharp vibrant color palette, smooth gradient shading, subtle depth, clean shapes, soft directional lighting, centered composition, minimal background, professional educational visual style, focused subject, minimal clutter, not cartoon, no text, no letters, no numerals, no logos, no realistic, no watermark, no border, output size 1024x1024",language_learning|cross_language_vocabulary|reading_comprehension|listening_comprehension,1,v3_reference_style_size_2026-02-15
IMG_OBJECT_CLOTHES,object_clothes,Clothes,object_scene,universal,img__object_clothes__v1.webp,1024x1024,digital_art_flat_v3,soft neutral gradient,"A clear visual for ""clothes"", modern digital art style, sharper vector shapes, sharp vibrant color palette, smooth gradient shading, subtle depth, clean shapes, soft directional lighting, centered composition, minimal background, professional educational visual style, focused subject, minimal clutter, not cartoon, no text, no letters, no numerals, no logos, no realistic, no watermark, no border, output size 1024x1024",language_learning|cross_language_vocabulary|reading_comprehension|listening_comprehension,1,v3_reference_style_size_2026-02-15
IMG_OBJECT_COLD,object_cold,Cold,object_scene,universal,img__object_cold__v1.webp,1024x1024,digital_art_flat_v3,light desk surface with blur,"A clear visual for ""cold"", modern digital art style, sharper vector shapes, sharp vibrant color palette, smooth gradient shading, subtle depth, clean shapes, soft directional lighting, centered composition, minimal background, professional educational visual style, focused subject, minimal clutter, not cartoon, no text, no letters, no numerals, no logos, no realistic, no watermark, no border, output size 1024x1024",language_learning|cross_language_vocabulary|reading_comprehension|listening_comprehension,1,v3_reference_style_size_2026-02-15
IMG_OBJECT_COLLEGE_OR_ACADEMY,object_college_or_academy,College Or Academy,object_scene,universal,img__object_college_or_academy__v1.webp,1024x1024,digital_art_flat_v3,light desk surface with blur,"A clear visual for ""college or academy"", modern digital art style, sharper vector shapes, sharp vibrant color palette, smooth gradient shading, subtle depth, clean shapes, soft directional lighting, centered composition, minimal background, professional educational visual style, focused subject, minimal clutter, not cartoon, no text, no letters, no numerals, no logos, no realistic, no watermark, no border, output size 1024x1024",language_learning|cross_language_vocabulary|reading_comprehension|listening_comprehension,1,v3_reference_style_size_2026-02-15
IMG_OBJECT_COME_BACK,object_come_back,Come Back,object_scene,universal,img__object_come_back__v1.webp,1024x1024,digital_art_flat_v3,minimal room corner pastel,"A clear visual for ""come back"", modern digital art style, sharper vector shapes, sharp vibrant color palette, smooth gradient shading, subtle depth, clean shapes, soft directional lighting, centered composition, minimal background, professional educational visual style, focused subject, minimal clutter, not cartoon, no text, no letters, no numerals, no logos, no realistic, no watermark, no border, output size 1024x1024",language_learning|cross_language_vocabulary|reading_comprehension|listening_comprehension,1,v3_reference_style_size_2026-02-15
IMG_OBJECT_COME_IN,object_come_in,Come In,object_scene,universal,img__object_come_in__v1.webp,1024x1024,digital_art_flat_v3,minimal room corner pastel,"A clear visual for ""come in"", modern digital art style, sharper vector shapes, sharp vibrant color palette, smooth gradient shading, subtle depth, clean shapes, soft directional lighting, centered composition, minimal background, professional educational visual style, focused subject, minimal clutter, not cartoon, no text, no letters, no numerals, no logos, no realistic, no watermark, no border, output size 1024x1024",language_learning|cross_language_vocabulary|reading_comprehension|listening_comprehension,1,v3_reference_style_size_2026-02-15
IMG_OBJECT_COME_OUT,object_come_out,Come Out,object_scene,universal,img__object_come_out__v1.webp,1024x1024,digital_art_flat_v3,minimal room corner pastel,"A clear visual for ""come out"", modern digital art style, sharper vector shapes, sharp vibrant color palette, smooth gradient shading, subtle depth, clean shapes, soft directional lighting, centered composition, minimal background, professional educational visual style, focused subject, minimal clutter, not cartoon, no text, no letters, no numerals, no logos, no realistic, no watermark, no border, output size 1024x1024",language_learning|cross_language_vocabulary|reading_comprehension|listening_comprehension,1,v3_reference_style_size_2026-02-15
IMG_OBJECT_COMMON,object_common,Common,object_scene,universal,img__object_common__v1.webp,1024x1024,digital_art_flat_v3,clean studio light gray,"A clear visual for ""common"", modern digital art style, sharper vector shapes, sharp vibrant color palette, smooth gradient shading, subtle depth, clean shapes, soft directional lighting, centered composition, minimal background, professional educational visual style, focused subject, minimal clutter, not cartoon, no text, no letters, no numerals, no logos, no realistic, no watermark, no border, output size 1024x1024",language_learning|cross_language_vocabulary|reading_comprehension|listening_comprehension,1,v3_reference_style_size_2026-02-15
IMG_OBJECT_COMPLETED_ACTION_MARKER,object_completed_action_marker,Completed Action Marker,object_scene,universal,img__object_completed_action_marker__v1.webp,1024x1024,digital_art_flat_v3,soft neutral gradient,"A clear visual for ""completed action marker"", modern digital art style, sharper vector shapes, sharp vibrant color palette, smooth gradient shading, subtle depth, clean shapes, soft directional lighting, centered composition, minimal background, professional educational visual style, focused subject, minimal clutter, not cartoon, no text, no letters, no numerals, no logos, no realistic, no watermark, no border, output size 1024x1024",language_learning|cross_language_vocabulary|reading_comprehension|listening_comprehension,1,v3_reference_style_size_2026-02-15
IMG_OBJECT_COMPUTER,object_computer,Computer,object_scene,universal,img__object_computer__v1.webp,1024x1024,digital_art_flat_v3,soft neutral gradient,"A clear visual for ""computer"", modern digital art style, sharper vector shapes, sharp vibrant color palette, smooth gradient shading, subtle depth, clean shapes, soft directional lighting, centered composition, minimal background, professional educational visual style, focused subject, minimal clutter, not cartoon, no text, no letters, no numerals, no logos, no realistic, no watermark, no border, output size 1024x1024",language_learning|cross_language_vocabulary|reading_comprehension|listening_comprehension,1,v3_reference_style_size_2026-02-15
IMG_OBJECT_COOKED_RICE,object_cooked_rice,Cooked Rice,object_scene,universal,img__object_cooked_rice__v1.webp,1024x1024,digital_art_flat_v3,light desk surface with blur,"A clear visual for ""cooked rice"", modern digital art style, sharper vector shapes, sharp vibrant color palette, smooth gradient shading, subtle depth, clean shapes, soft directional lighting, centered composition, minimal background, professional educational visual style, focused subject, minimal clutter, not cartoon, no text, no letters, no numerals, no logos, no realistic, no watermark, no border, output size 1024x1024",language_learning|cross_language_vocabulary|reading_comprehension|listening_comprehension,2,v3_reference_style_size_2026-02-15
IMG_OBJECT_CORRECT,object_correct,Correct,object_scene,universal,img__object_correct__v1.webp,1024x1024,digital_art_flat_v3,soft neutral gradient,"A clear visual for ""correct"", modern digital art style, sharper vector shapes, sharp vibrant color palette, smooth gradient shading, subtle depth, clean shapes, soft directional lighting, centered composition, minimal background, professional educational visual style, focused subject, minimal clutter, not cartoon, no text, no letters, no numerals, no logos, no realistic, no watermark, no border, output size 1024x1024",language_learning|cross_language_vocabulary|reading_comprehension|listening_comprehension,2,v3_reference_style_size_2026-02-15
IMG_OBJECT_CUP,object_cup,Cup,object_scene,universal,img__object_cup__v1.webp,1024x1024,digital_art_flat_v3,clean studio light gray,"A clear visual for ""cup"", modern digital art style, sharper vector shapes, sharp vibrant color palette, smooth gradient shading, subtle depth, clean shapes, soft directional lighting, centered composition, minimal background, professional educational visual style, focused subject, minimal clutter, not cartoon, no text, no letters, no numerals, no logos, no realistic, no watermark, no border, output size 1024x1024",language_learning|cross_language_vocabulary|reading_comprehension|listening_comprehension,2,v3_reference_style_size_2026-02-15
IMG_OBJECT_DAD,object_dad,Dad,object_scene,universal,img__object_dad__v1.webp,1024x1024,digital_art_flat_v3,minimal room corner pastel,"A clear visual for ""dad"", modern digital art style, sharper vector shapes, sharp vibrant color palette, smooth gradient shading, subtle depth, clean shapes, soft directional lighting, centered composition, minimal background, professional educational visual style, focused subject, minimal clutter, not cartoon, no text, no letters, no numerals, no logos, no realistic, no watermark, no border, output size 1024x1024",language_learning|cross_language_vocabulary|reading_comprehension|listening_comprehension,2,v3_reference_style_size_2026-02-15
IMG_OBJECT_DATE,object_date,Date,object_scene,universal,img__object_date__v1.webp,1024x1024,digital_art_flat_v3,minimal room corner pastel,"A clear visual for ""date"", modern digital art style, sharper vector shapes, sharp vibrant color palette, smooth gradient shading, subtle depth, clean shapes, soft directional lighting, centered composition, minimal background, professional educational visual style, focused subject, minimal clutter, not cartoon, no text, no letters, no numerals, no logos, no realistic, no watermark, no border, output size 1024x1024",language_learning|cross_language_vocabulary|reading_comprehension|listening_comprehension,1,v3_reference_style_size_2026-02-15
IMG_OBJECT_DAUGHTER,object_daughter,Daughter,object_scene,universal,img__object_daughter__v1.webp,1024x1024,digital_art_flat_v3,clean studio light gray,"A clear visual for ""daughter"", modern digital art style, sharper vector shapes, sharp vibrant color palette, smooth gradient shading, subtle depth, clean shapes, soft directional lighting, centered composition, minimal background, professional educational visual style, focused subject, minimal clutter, not cartoon, no text, no letters, no numerals, no logos, no realistic, no watermark, no border, output size 1024x1024",language_learning|cross_language_vocabulary|reading_comprehension|listening_comprehension,1,v3_reference_style_size_2026-02-15
IMG_OBJECT_DAY_DATE,object_day_date,Day; Date,object_scene,universal,img__object_day_date__v1.webp,1024x1024,digital_art_flat_v3,minimal room corner pastel,"A clear visual for ""day; date"", modern digital art style, sharper vector shapes, sharp vibrant color palette, smooth gradient shading, subtle depth, clean shapes, soft directional lighting, centered composition, minimal background, professional educational visual style, focused subject, minimal clutter, not cartoon, no text, no letters, no numerals, no logos, no realistic, no watermark, no border, output size 1024x1024",language_learning|cross_language_vocabulary|reading_comprehension|listening_comprehension,1,v3_reference_style_size_2026-02-15
IMG_OBJECT_DAY_OF_MONTH,object_day_of_month,Day Of Month,object_scene,universal,img__object_day_of_month__v1.webp,1024x1024,digital_art_flat_v3,clean studio light gray,"A clear visual for ""day of month"", modern digital art style, sharper vector shapes, sharp vibrant color palette, smooth gradient shading, subtle depth, clean shapes, soft directional lighting, centered composition, minimal background, professional educational visual style, focused subject, minimal clutter, not cartoon, no text, no letters, no numerals, no logos, no realistic, no watermark, no border, output size 1024x1024",language_learning|cross_language_vocabulary|reading_comprehension|listening_comprehension,1,v3_reference_style_size_2026-02-15
IMG_OBJECT_DAYTIME,object_daytime,Daytime,object_scene,universal,img__object_daytime__v1.webp,1024x1024,digital_art_flat_v3,light desk surface with blur,"A clear visual for ""daytime"", modern digital art style, sharper vector shapes, sharp vibrant color palette, smooth gradient shading, subtle depth, clean shapes, soft directional lighting, centered composition, minimal background, professional educational visual style, focused subject, minimal clutter, not cartoon, no text, no letters, no numerals, no logos, no realistic, no watermark, no border, output size 1024x1024",language_learning|cross_language_vocabulary|reading_comprehension|listening_comprehension,1,v3_reference_style_size_2026-02-15
IMG_OBJECT_DELICIOUS,object_delicious,Delicious,object_scene,universal,img__object_delicious__v1.webp,1024x1024,digital_art_flat_v3,clean studio light gray,"A clear visual for ""delicious"", modern digital art style, sharper vector shapes, sharp vibrant color palette, smooth gradient shading, subtle depth, clean shapes, soft directional lighting, centered composition, minimal background, professional educational visual style, focused subject, minimal clutter, not cartoon, no text, no letters, no numerals, no logos, no realistic, no watermark, no border, output size 1024x1024",language_learning|cross_language_vocabulary|reading_comprehension|listening_comprehension,1,v3_reference_style_size_2026-02-15
IMG_OBJECT_DESK,object_desk,Desk,object_scene,universal,img__object_desk__v1.webp,1024x1024,digital_art_flat_v3,minimal room corner pastel,"A clear visual for ""desk"", modern digital art style, sharper vector shapes, sharp vibrant color palette, smooth gradient shading, subtle depth, clean shapes, soft directional lighting, centered composition, minimal background, professional educational visual style, focused subject, minimal clutter, not cartoon, no text, no letters, no numerals, no logos, no realistic, no watermark, no border, output size 1024x1024",language_learning|cross_language_vocabulary|reading_comprehension|listening_comprehension,1,v3_reference_style_size_2026-02-15
IMG_OBJECT_DICTATION,object_dictation,Dictation,object_scene,universal,img__object_dictation__v1.webp,1024x1024,digital_art_flat_v3,soft neutral gradient,"A clear visual for ""dictation"", modern digital art style, sharper vector shapes, sharp vibrant color palette, smooth gradient shading, subtle depth, clean shapes, soft directional lighting, centered composition, minimal background, professional educational visual style, focused subject, minimal clutter, not cartoon, no text, no letters, no numerals, no logos, no realistic, no watermark, no border, output size 1024x1024",language_learning|cross_language_vocabulary|reading_comprehension|listening_comprehension,1,v3_reference_style_size_2026-02-15
IMG_OBJECT_DIFFERENCE,object_difference,Difference,object_scene,universal,img__object_difference__v1.webp,1024x1024,digital_art_flat_v3,soft neutral gradient,"A clear visual for ""difference"", modern digital art style, sharper vector shapes, sharp vibrant color palette, smooth gradient shading, subtle depth, clean shapes, soft directional lighting, centered composition, minimal background, professional educational visual style, focused subject, minimal clutter, not cartoon, no text, no letters, no numerals, no logos, no realistic, no watermark, no border, output size 1024x1024",language_learning|cross_language_vocabulary|reading_comprehension|listening_comprehension,1,v3_reference_style_size_2026-02-15
IMG_OBJECT_DIFFICULT,object_difficult,Difficult,object_scene,universal,img__object_difficult__v1.webp,1024x1024,digital_art_flat_v3,clean studio light gray,"A clear visual for ""difficult"", modern digital art style, sharper vector shapes, sharp vibrant color palette, smooth gradient shading, subtle depth, clean shapes, soft directional lighting, centered composition, minimal background, professional educational visual style, focused subject, minimal clutter, not cartoon, no text, no letters, no numerals, no logos, no realistic, no watermark, no border, output size 1024x1024",language_learning|cross_language_vocabulary|reading_comprehension|listening_comprehension,1,v3_reference_style_size_2026-02-15
IMG_OBJECT_DINNER,object_dinner,Dinner,object_scene,universal,img__object_dinner__v1.webp,1024x1024,digital_art_flat_v3,minimal room corner pastel,"A clear visual for ""dinner"", modern digital art style, sharper vector shapes, sharp vibrant color palette, smooth gradient shading, subtle depth, clean shapes, soft directional lighting, centered composition, minimal background, professional educational visual style, focused subject, minimal clutter, not cartoon, no text, no letters, no numerals, no logos, no realistic, no watermark, no border, output size 1024x1024",language_learning|cross_language_vocabulary|reading_comprehension|listening_comprehension,1,v3_reference_style_size_2026-02-15
IMG_OBJECT_DISH_OR_VEGETABLE,object_dish_or_vegetable,Dish Or Vegetable,object_scene,universal,img__object_dish_or_vegetable__v1.webp,1024x1024,digital_art_flat_v3,minimal room corner pastel,"A clear visual for ""dish or vegetable"", modern digital art style, sharper vector shapes, sharp vibrant color palette, smooth gradient shading, subtle depth, clean shapes, soft directional lighting, centered composition, minimal background, professional educational visual style, focused subject, minimal clutter, not cartoon, no text, no letters, no numerals, no logos, no realistic, no watermark, no border, output size 1024x1024",language_learning|cross_language_vocabulary|reading_comprehension|listening_comprehension,1,v3_reference_style_size_2026-02-15
IMG_OBJECT_DO_NOT,object_do_not,Do Not,object_scene,universal,img__object_do_not__v1.webp,1024x1024,digital_art_flat_v3,minimal room corner pastel,"A clear visual for ""do not"", modern digital art style, sharper vector shapes, sharp vibrant color palette, smooth gradient shading, subtle depth, clean shapes, soft directional lighting, centered composition, minimal background, professional educational visual style, focused subject, minimal clutter, not cartoon, no text, no letters, no numerals, no logos, no realistic, no watermark, no border, output size 1024x1024",language_learning|cross_language_vocabulary|reading_comprehension|listening_comprehension,1,v3_reference_style_size_2026-02-15
IMG_OBJECT_DOCTOR,object_doctor,Doctor,object_scene,universal,img__object_doctor__v1.webp,1024x1024,digital_art_flat_v3,light desk surface with blur,"A clear visual for ""doctor"", modern digital art style, sharper vector shapes, sharp vibrant color palette, smooth gradient shading, subtle depth, clean shapes, soft directional lighting, centered composition, minimal background, professional educational visual style, focused subject, minimal clutter, not cartoon, no text, no letters, no numerals, no logos, no realistic, no watermark, no border, output size 1024x1024",language_learning|cross_language_vocabulary|reading_comprehension|listening_comprehension,1,v3_reference_style_size_2026-02-15
IMG_OBJECT_DOOR,object_door,Door,object_scene,universal,img__object_door__v1.webp,1024x1024,digital_art_flat_v3,light desk surface with blur,"A clear visual for ""door"", modern digital art style, sharper vector shapes, sharp vibrant color palette, smooth gradient shading, subtle depth, clean shapes, soft directional lighting, centered composition, minimal background, professional educational visual style, focused subject, minimal clutter, not cartoon, no text, no letters, no numerals, no logos, no realistic, no watermark, no border, output size 1024x1024",language_learning|cross_language_vocabulary|reading_comprehension|listening_comprehension,1,v3_reference_style_size_2026-02-15
IMG_OBJECT_DOORWAY,object_doorway,Doorway,object_scene,universal,img__object_doorway__v1.webp,1024x1024,digital_art_flat_v3,minimal room corner pastel,"A clear visual for ""doorway"", modern digital art style, sharper vector shapes, sharp vibrant color palette, smooth gradient shading, subtle depth, clean shapes, soft directional lighting, centered composition, minimal background, professional educational visual style, focused subject, minimal clutter, not cartoon, no text, no letters, no numerals, no logos, no realistic, no watermark, no border, output size 1024x1024",language_learning|cross_language_vocabulary|reading_comprehension|listening_comprehension,1,v3_reference_style_size_2026-02-15
IMG_OBJECT_DOWN,object_down,Down,object_scene,universal,img__object_down__v1.webp,1024x1024,digital_art_flat_v3,clean studio light gray,"A clear visual for ""down"", modern digital art style, sharper vector shapes, sharp vibrant color palette, smooth gradient shading, subtle depth, clean shapes, soft directional lighting, centered composition, minimal background, professional educational visual style, focused subject, minimal clutter, not cartoon, no text, no letters, no numerals, no logos, no realistic, no watermark, no border, output size 1024x1024",language_learning|cross_language_vocabulary|reading_comprehension|listening_comprehension,1,v3_reference_style_size_2026-02-15
IMG_OBJECT_DOWNSTAIRS,object_downstairs,Downstairs,object_scene,universal,img__object_downstairs__v1.webp,1024x1024,digital_art_flat_v3,soft neutral gradient,"A clear visual for ""downstairs"", modern digital art style, sharper vector shapes, sharp vibrant color palette, smooth gradient shading, subtle depth, clean shapes, soft directional lighting, centered composition, minimal background, professional educational visual style, focused subject, minimal clutter, not cartoon, no text, no letters, no numerals, no logos, no realistic, no watermark, no border, output size 1024x1024",language_learning|cross_language_vocabulary|reading_comprehension|listening_comprehension,1,v3_reference_style_size_2026-02-15
IMG_OBJECT_EARLY,object_early,Early,object_scene,universal,img__object_early__v1.webp,1024x1024,digital_art_flat_v3,minimal room corner pastel,"A clear visual for ""early"", modern digital art style, sharper vector shapes, sharp vibrant color palette, smooth gradient shading, subtle depth, clean shapes, soft directional lighting, centered composition, minimal background, professional educational visual style, focused subject, minimal clutter, not cartoon, no text, no letters, no numerals, no logos, no realistic, no watermark, no border, output size 1024x1024",language_learning|cross_language_vocabulary|reading_comprehension|listening_comprehension,1,v3_reference_style_size_2026-02-15
IMG_OBJECT_EARNEST,object_earnest,Earnest,object_scene,universal,img__object_earnest__v1.webp,1024x1024,digital_art_flat_v3,soft neutral gradient,"A clear visual for ""earnest"", modern digital art style, sharper vector shapes, sharp vibrant color palette, smooth gradient shading, subtle depth, clean shapes, soft directional lighting, centered composition, minimal background, professional educational visual style, focused subject, minimal clutter, not cartoon, no text, no letters, no numerals, no logos, no realistic, no watermark, no border, output size 1024x1024",language_learning|cross_language_vocabulary|reading_comprehension|listening_comprehension,1,v3_reference_style_size_2026-02-15
IMG_OBJECT_EAST,object_east,East,object_scene,universal,img__object_east__v1.webp,1024x1024,digital_art_flat_v3,light desk surface with blur,"A clear visual for ""east"", modern digital art style, sharper vector shapes, sharp vibrant color palette, smooth gradient shading, subtle depth, clean shapes, soft directional lighting, centered composition, minimal background, professional educational visual style, focused subject, minimal clutter, not cartoon, no text, no letters, no numerals, no logos, no realistic, no watermark, no border, output size 1024x1024",language_learning|cross_language_vocabulary|reading_comprehension|listening_comprehension,1,v3_reference_style_size_2026-02-15
IMG_OBJECT_EAST_SIDE,object_east_side,East Side,object_scene,universal,img__object_east_side__v1.webp,1024x1024,digital_art_flat_v3,minimal room corner pastel,"A clear visual for ""east side"", modern digital art style, sharper vector shapes, sharp vibrant color palette, smooth gradient shading, subtle depth, clean shapes, soft directional lighting, centered composition, minimal background, professional educational visual style, focused subject, minimal clutter, not cartoon, no text, no letters, no numerals, no logos, no realistic, no watermark, no border, output size 1024x1024",language_learning|cross_language_vocabulary|reading_comprehension|listening_comprehension,1,v3_reference_style_size_2026-02-15
IMG_OBJECT_EGG,object_egg,Egg,object_scene,universal,img__object_egg__v1.webp,1024x1024,digital_art_flat_v3,light desk surface with blur,"A clear visual for ""egg"", modern digital art style, sharper vector shapes, sharp vibrant color palette, smooth gradient shading, subtle depth, clean shapes, soft directional lighting, centered composition, minimal background, professional educational visual style, focused subject, minimal clutter, not cartoon, no text, no letters, no numerals, no logos, no realistic, no watermark, no border, output size 1024x1024",language_learning|cross_language_vocabulary|reading_comprehension|listening_comprehension,1,v3_reference_style_size_2026-02-15
IMG_OBJECT_ELDERLY_PERSON,object_elderly_person,Elderly Person,object_scene,universal,img__object_elderly_person__v1.webp,1024x1024,digital_art_flat_v3,soft neutral gradient,"A clear visual for ""elderly person"", modern digital art style, sharper vector shapes, sharp vibrant color palette, smooth gradient shading, subtle depth, clean shapes, soft directional lighting, centered composition, minimal background, professional educational visual style, focused subject, minimal clutter, not cartoon, no text, no letters, no numerals, no logos, no realistic, no watermark, no border, output size 1024x1024",language_learning|cross_language_vocabulary|reading_comprehension|listening_comprehension,1,v3_reference_style_size_2026-02-15
IMG_OBJECT_EVENING,object_evening,Evening,object_scene,universal,img__object_evening__v1.webp,1024x1024,digital_art_flat_v3,clean studio light gray,"A clear visual for ""evening"", modern digital art style, sharper vector shapes, sharp vibrant color palette, smooth gradient shading, subtle depth, clean shapes, soft directional lighting, centered composition, minimal background, professional educational visual style, focused subject, minimal clutter, not cartoon, no text, no letters, no numerals, no logos, no realistic, no watermark, no border, output size 1024x1024",language_learning|cross_language_vocabulary|reading_comprehension|listening_comprehension,2,v3_reference_style_size_2026-02-15
IMG_OBJECT_EXAM,object_exam,Exam,object_scene,universal,img__object_exam__v1.webp,1024x1024,digital_art_flat_v3,clean studio light gray,"A clear visual for ""exam"", modern digital art style, sharper vector shapes, sharp vibrant color palette, smooth gradient shading, subtle depth, clean shapes, soft directional lighting, centered composition, minimal background, professional educational visual style, focused subject, minimal clutter, not cartoon, no text, no letters, no numerals, no logos, no realistic, no watermark, no border, output size 1024x1024",language_learning|cross_language_vocabulary|reading_comprehension|listening_comprehension,2,v3_reference_style_size_2026-02-15
IMG_OBJECT_EXCESSIVELY,object_excessively,Excessively,object_scene,universal,img__object_excessively__v1.webp,1024x1024,digital_art_flat_v3,soft neutral gradient,"A clear visual for ""excessively"", modern digital art style, sharper vector shapes, sharp vibrant color palette, smooth gradient shading, subtle depth, clean shapes, soft directional lighting, centered composition, minimal background, professional educational visual style, focused subject, minimal clutter, not cartoon, no text, no letters, no numerals, no logos, no realistic, no watermark, no border, output size 1024x1024",language_learning|cross_language_vocabulary|reading_comprehension|listening_comprehension,1,v3_reference_style_size_2026-02-15
IMG_OBJECT_EXPENSIVE,object_expensive,Expensive,object_scene,universal,img__object_expensive__v1.webp,1024x1024,digital_art_flat_v3,clean studio light gray,"A clear visual for ""expensive"", modern digital art style, sharper vector shapes, sharp vibrant color palette, smooth gradient shading, subtle depth, clean shapes, soft directional lighting, centered composition, minimal background, professional educational visual style, focused subject, minimal clutter, not cartoon, no text, no letters, no numerals, no logos, no realistic, no watermark, no border, output size 1024x1024",language_learning|cross_language_vocabulary|reading_comprehension|listening_comprehension,1,v3_reference_style_size_2026-02-15
IMG_OBJECT_FAMILY,object_family,Family,object_scene,universal,img__object_family__v1.webp,1024x1024,digital_art_flat_v3,light desk surface with blur,"A clear visual for ""family"", modern digital art style, sharper vector shapes, sharp vibrant color palette, smooth gradient shading, subtle depth, clean shapes, soft directional lighting, centered composition, minimal background, professional educational visual style, focused subject, minimal clutter, not cartoon, no text, no letters, no numerals, no logos, no realistic, no watermark, no border, output size 1024x1024",language_learning|cross_language_vocabulary|reading_comprehension|listening_comprehension,1,v3_reference_style_size_2026-02-15
IMG_OBJECT_FAMILY_MEMBERS,object_family_members,Family Members,object_scene,universal,img__object_family_members__v1.webp,1024x1024,digital_art_flat_v3,light desk surface with blur,"A clear visual for ""family members"", modern digital art style, sharper vector shapes, sharp vibrant color palette, smooth gradient shading, subtle depth, clean shapes, soft directional lighting, centered composition, minimal background, professional educational visual style, focused subject, minimal clutter, not cartoon, no text, no letters, no numerals, no logos, no realistic, no watermark, no border, output size 1024x1024",language_learning|cross_language_vocabulary|reading_comprehension|listening_comprehension,1,v3_reference_style_size_2026-02-15
IMG_OBJECT_FAMOUS,object_famous,Famous,object_scene,universal,img__object_famous__v1.webp,1024x1024,digital_art_flat_v3,light desk surface with blur,"A clear visual for ""famous"", modern digital art style, sharper vector shapes, sharp vibrant color palette, smooth gradient shading, subtle depth, clean shapes, soft directional lighting, centered composition, minimal background, professional educational visual style, focused subject, minimal clutter, not cartoon, no text, no letters, no numerals, no logos, no realistic, no watermark, no border, output size 1024x1024",language_learning|cross_language_vocabulary|reading_comprehension|listening_comprehension,1,v3_reference_style_size_2026-02-15
IMG_OBJECT_FAR,object_far,Far,object_scene,universal,img__object_far__v1.webp,1024x1024,digital_art_flat_v3,minimal room corner pastel,"A clear visual for ""far"", modern digital art style, sharper vector shapes, sharp vibrant color palette, smooth gradient shading, subtle depth, clean shapes, soft directional lighting, centered composition, minimal background, professional educational visual style, focused subject, minimal clutter, not cartoon, no text, no letters, no numerals, no logos, no realistic, no watermark, no border, output size 1024x1024",language_learning|cross_language_vocabulary|reading_comprehension|listening_comprehension,1,v3_reference_style_size_2026-02-15
IMG_OBJECT_FAST,object_fast,Fast,object_scene,universal,img__object_fast__v1.webp,1024x1024,digital_art_flat_v3,light desk surface with blur,"A clear visual for ""fast"", modern digital art style, sharper vector shapes, sharp vibrant color palette, smooth gradient shading, subtle depth, clean shapes, soft directional lighting, centered composition, minimal background, professional educational visual style, focused subject, minimal clutter, not cartoon, no text, no letters, no numerals, no logos, no realistic, no watermark, no border, output size 1024x1024",language_learning|cross_language_vocabulary|reading_comprehension|listening_comprehension,1,v3_reference_style_size_2026-02-15
IMG_OBJECT_FEMALE,object_female,Female,object_scene,universal,img__object_female__v1.webp,1024x1024,digital_art_flat_v3,light desk surface with blur,"A clear visual for ""female"", modern digital art style, sharper vector shapes, sharp vibrant color palette, smooth gradient shading, subtle depth, clean shapes, soft directional lighting, centered composition, minimal background, professional educational visual style, focused subject, minimal clutter, not cartoon, no text, no letters, no numerals, no logos, no realistic, no watermark, no border, output size 1024x1024",language_learning|cross_language_vocabulary|reading_comprehension|listening_comprehension,1,v3_reference_style_size_2026-02-15
IMG_OBJECT_FEMALE_STUDENT,object_female_student,Female Student,object_scene,universal,img__object_female_student__v1.webp,1024x1024,digital_art_flat_v3,soft neutral gradient,"A clear visual for ""female student"", modern digital art style, sharper vector shapes, sharp vibrant color palette, smooth gradient shading, subtle depth, clean shapes, soft directional lighting, centered composition, minimal background, professional educational visual style, focused subject, minimal clutter, not cartoon, no text, no letters, no numerals, no logos, no realistic, no watermark, no border, output size 1024x1024",language_learning|cross_language_vocabulary|reading_comprehension|listening_comprehension,1,v3_reference_style_size_2026-02-15
IMG_OBJECT_FEW_OR_LITTLE,object_few_or_little,Few Or Little,object_scene,universal,img__object_few_or_little__v1.webp,1024x1024,digital_art_flat_v3,clean studio light gray,"A clear visual for ""few or little"", modern digital art style, sharper vector shapes, sharp vibrant color palette, smooth gradient shading, subtle depth, clean shapes, soft directional lighting, centered composition, minimal background, professional educational visual style, focused subject, minimal clutter, not cartoon, no text, no letters, no numerals, no logos, no realistic, no watermark, no border, output size 1024x1024",language_learning|cross_language_vocabulary|reading_comprehension|listening_comprehension,1,v3_reference_style_size_2026-02-15
IMG_OBJECT_FINALLY,object_finally,Finally,object_scene,universal,img__object_finally__v1.webp,1024x1024,digital_art_flat_v3,light desk surface with blur,"A clear visual for ""finally"", modern digital art style, sharper vector shapes, sharp vibrant color palette, smooth gradient shading, subtle depth, clean shapes, soft directional lighting, centered composition, minimal background, professional educational visual style, focused subject, minimal clutter, not cartoon, no text, no letters, no numerals, no logos, no realistic, no watermark, no border, output size 1024x1024",language_learning|cross_language_vocabulary|reading_comprehension|listening_comprehension,1,v3_reference_style_size_2026-02-15
IMG_OBJECT_FIRST,object_first,First,object_scene,universal,img__object_first__v1.webp,1024x1024,digital_art_flat_v3,light desk surface with blur,"A clear visual for ""first"", modern digital art style, sharper vector shapes, sharp vibrant color palette, smooth gradient shading, subtle depth, clean shapes, soft directional lighting, centered composition, minimal background, professional educational visual style, focused subject, minimal clutter, not cartoon, no text, no letters, no numerals, no logos, no realistic, no watermark, no border, output size 1024x1024",language_learning|cross_language_vocabulary|reading_comprehension|listening_comprehension,1,v3_reference_style_size_2026-02-15
IMG_OBJECT_FLOOR,object_floor,Floor,object_scene,universal,img__object_floor__v1.webp,1024x1024,digital_art_flat_v3,minimal room corner pastel,"A clear visual for ""floor"", modern digital art style, sharper vector shapes, sharp vibrant color palette, smooth gradient shading, subtle depth, clean shapes, soft directional lighting, centered composition, minimal background, professional educational visual style, focused subject, minimal clutter, not cartoon, no text, no letters, no numerals, no logos, no realistic, no watermark, no border, output size 1024x1024",language_learning|cross_language_vocabulary|reading_comprehension|listening_comprehension,1,v3_reference_style_size_2026-02-15
IMG_OBJECT_FLOWER,object_flower,Flower,object_scene,universal,img__object_flower__v1.webp,1024x1024,digital_art_flat_v3,clean studio light gray,"A clear visual for ""flower"", modern digital art style, sharper vector shapes, sharp vibrant color palette, smooth gradient shading, subtle depth, clean shapes, soft directional lighting, centered composition, minimal background, professional educational visual style, focused subject, minimal clutter, not cartoon, no text, no letters, no numerals, no logos, no realistic, no watermark, no border, output size 1024x1024",language_learning|cross_language_vocabulary|reading_comprehension|listening_comprehension,1,v3_reference_style_size_2026-02-15
IMG_OBJECT_FOREIGN_LANGUAGE,object_foreign_language,Foreign Language,object_scene,universal,img__object_foreign_language__v1.webp,1024x1024,digital_art_flat_v3,clean studio light gray,"A clear visual for ""foreign language"", modern digital art style, sharper vector shapes, sharp vibrant color palette, smooth gradient shading, subtle depth, clean shapes, soft directional lighting, centered composition, minimal background, professional educational visual style, focused subject, minimal clutter, not cartoon, no text, no letters, no numerals, no logos, no realistic, no watermark, no border, output size 1024x1024",language_learning|cross_language_vocabulary|reading_comprehension|listening_comprehension,1,v3_reference_style_size_2026-02-15
IMG_OBJECT_FRIEND,object_friend,Friend,object_scene,universal,img__object_friend__v1.webp,1024x1024,digital_art_flat_v3,soft neutral gradient,"A clear visual for ""friend"", modern digital art style, sharper vector shapes, sharp vibrant color palette, smooth gradient shading, subtle depth, clean shapes, soft directional lighting, centered composition, minimal background, professional educational visual style, focused subject, minimal clutter, not cartoon, no text, no letters, no numerals, no logos, no realistic, no watermark, no border, output size 1024x1024",language_learning|cross_language_vocabulary|reading_comprehension|listening_comprehension,1,v3_reference_style_size_2026-02-15
IMG_OBJECT_FROM,object_from,From,object_scene,universal,img__object_from__v1.webp,1024x1024,digital_art_flat_v3,clean studio light gray,"A clear visual for ""from"", modern digital art style, sharper vector shapes, sharp vibrant color palette, smooth gradient shading, subtle depth, clean shapes, soft directional lighting, centered composition, minimal background, professional educational visual style, focused subject, minimal clutter, not cartoon, no text, no letters, no numerals, no logos, no realistic, no watermark, no border, output size 1024x1024",language_learning|cross_language_vocabulary|reading_comprehension|listening_comprehension,1,v3_reference_style_size_2026-02-15
IMG_OBJECT_FRONT,object_front,Front,object_scene,universal,img__object_front__v1.webp,1024x1024,digital_art_flat_v3,clean studio light gray,"A clear visual for ""front"", modern digital art style, sharper vector shapes, sharp vibrant color palette, smooth gradient shading, subtle depth, clean shapes, soft directional lighting, centered composition, minimal background, professional educational visual style, focused subject, minimal clutter, not cartoon, no text, no letters, no numerals, no logos, no realistic, no watermark, no border, output size 1024x1024",language_learning|cross_language_vocabulary|reading_comprehension|listening_comprehension,1,v3_reference_style_size_2026-02-15
IMG_OBJECT_FRUIT,object_fruit,Fruit,object_scene,universal,img__object_fruit__v1.webp,1024x1024,digital_art_flat_v3,minimal room corner pastel,"A clear visual for ""fruit"", modern digital art style, sharper vector shapes, sharp vibrant color palette, smooth gradient shading, subtle depth, clean shapes, soft directional lighting, centered composition, minimal background, professional educational visual style, focused subject, minimal clutter, not cartoon, no text, no letters, no numerals, no logos, no realistic, no watermark, no border, output size 1024x1024",language_learning|cross_language_vocabulary|reading_comprehension|listening_comprehension,1,v3_reference_style_size_2026-02-15
IMG_OBJECT_FUN,object_fun,Fun,object_scene,universal,img__object_fun__v1.webp,1024x1024,digital_art_flat_v3,clean studio light gray,"A clear visual for ""fun"", modern digital art style, sharper vector shapes, sharp vibrant color palette, smooth gradient shading, subtle depth, clean shapes, soft directional lighting, centered composition, minimal background, professional educational visual style, focused subject, minimal clutter, not cartoon, no text, no letters, no numerals, no logos, no realistic, no watermark, no border, output size 1024x1024",language_learning|cross_language_vocabulary|reading_comprehension|listening_comprehension,1,v3_reference_style_size_2026-02-15
IMG_OBJECT_GET_OFF_THE_VEHICLE,object_get_off_the_vehicle,Get Off The Vehicle,object_scene,universal,img__object_get_off_the_vehicle__v1.webp,1024x1024,digital_art_flat_v3,minimal room corner pastel,"A clear visual for ""get off the vehicle"", modern digital art style, sharper vector shapes, sharp vibrant color palette, smooth gradient shading, subtle depth, clean shapes, soft directional lighting, centered composition, minimal background, professional educational visual style, focused subject, minimal clutter, not cartoon, no text, no letters, no numerals, no logos, no realistic, no watermark, no border, output size 1024x1024",language_learning|cross_language_vocabulary|reading_comprehension|listening_comprehension,1,v3_reference_style_size_2026-02-15
IMG_OBJECT_GET_ON_THE_BUS,object_get_on_the_bus,Get On The Bus,object_scene,universal,img__object_get_on_the_bus__v1.webp,1024x1024,digital_art_flat_v3,clean studio light gray,"A clear visual for ""get on the bus"", modern digital art style, sharper vector shapes, sharp vibrant color palette, smooth gradient shading, subtle depth, clean shapes, soft directional lighting, centered composition, minimal background, professional educational visual style, focused subject, minimal clutter, not cartoon, no text, no letters, no numerals, no logos, no realistic, no watermark, no border, output size 1024x1024",language_learning|cross_language_vocabulary|reading_comprehension|listening_comprehension,1,v3_reference_style_size_2026-02-15
IMG_OBJECT_GET_UP_FROM_BED,object_get_up_from_bed,Get Up From Bed,object_scene,universal,img__object_get_up_from_bed__v1.webp,1024x1024,digital_art_flat_v3,soft neutral gradient,"A clear visual for ""get up from bed"", modern digital art style, sharper vector shapes, sharp vibrant color palette, smooth gradient shading, subtle depth, clean shapes, soft directional lighting, centered composition, minimal background, professional educational visual style, focused subject, minimal clutter, not cartoon, no text, no letters, no numerals, no logos, no realistic, no watermark, no border, output size 1024x1024",language_learning|cross_language_vocabulary|reading_comprehension|listening_comprehension,1,v3_reference_style_size_2026-02-15
IMG_OBJECT_GIRL,object_girl,Girl,object_scene,universal,img__object_girl__v1.webp,1024x1024,digital_art_flat_v3,light desk surface with blur,"A clear visual for ""girl"", modern digital art style, sharper vector shapes, sharp vibrant color palette, smooth gradient shading, subtle depth, clean shapes, soft directional lighting, centered composition, minimal background, professional educational visual style, focused subject, minimal clutter, not cartoon, no text, no letters, no numerals, no logos, no realistic, no watermark, no border, output size 1024x1024",language_learning|cross_language_vocabulary|reading_comprehension|listening_comprehension,1,v3_reference_style_size_2026-02-15
IMG_OBJECT_GIRLFRIEND,object_girlfriend,Girlfriend,object_scene,universal,img__object_girlfriend__v1.webp,1024x1024,digital_art_flat_v3,minimal room corner pastel,"A clear visual for ""girlfriend"", modern digital art style, sharper vector shapes, sharp vibrant color palette, smooth gradient shading, subtle depth, clean shapes, soft directional lighting, centered composition, minimal background, professional educational visual style, focused subject, minimal clutter, not cartoon, no text, no letters, no numerals, no logos, no realistic, no watermark, no border, output size 1024x1024",language_learning|cross_language_vocabulary|reading_comprehension|listening_comprehension,1,v3_reference_style_size_2026-02-15
IMG_OBJECT_GLAD,object_glad,Glad,object_scene,universal,img__object_glad__v1.webp,1024x1024,digital_art_flat_v3,soft neutral gradient,"A clear visual for ""glad"", modern digital art style, sharper vector shapes, sharp vibrant color palette, smooth gradient shading, subtle depth, clean shapes, soft directional lighting, centered composition, minimal background, professional educational visual style, focused subject, minimal clutter, not cartoon, no text, no letters, no numerals, no logos, no realistic, no watermark, no border, output size 1024x1024",language_learning|cross_language_vocabulary|reading_comprehension|listening_comprehension,1,v3_reference_style_size_2026-02-15
IMG_OBJECT_GLASS,object_glass,Glass,object_scene,universal,img__object_glass__v1.webp,1024x1024,digital_art_flat_v3,soft neutral gradient,"A clear visual for ""glass"", modern digital art style, sharper vector shapes, sharp vibrant color palette, smooth gradient shading, subtle depth, clean shapes, soft directional lighting, centered composition, minimal background, professional educational visual style, focused subject, minimal clutter, not cartoon, no text, no letters, no numerals, no logos, no realistic, no watermark, no border, output size 1024x1024",language_learning|cross_language_vocabulary|reading_comprehension|listening_comprehension,1,v3_reference_style_size_2026-02-15
IMG_OBJECT_GO_BACK,object_go_back,Go Back,object_scene,universal,img__object_go_back__v1.webp,1024x1024,digital_art_flat_v3,clean studio light gray,"A clear visual for ""go back"", modern digital art style, sharper vector shapes, sharp vibrant color palette, smooth gradient shading, subtle depth, clean shapes, soft directional lighting, centered composition, minimal background, professional educational visual style, focused subject, minimal clutter, not cartoon, no text, no letters, no numerals, no logos, no realistic, no watermark, no border, output size 1024x1024",language_learning|cross_language_vocabulary|reading_comprehension|listening_comprehension,1,v3_reference_style_size_2026-02-15
IMG_OBJECT_GO_ONLINE,object_go_online,Go Online,object_scene,universal,img__object_go_online__v1.webp,1024x1024,digital_art_flat_v3,light desk surface with blur,"A clear visual for ""go online"", modern digital art style, sharper vector shapes, sharp vibrant color palette, smooth gradient shading, subtle depth, clean shapes, soft directional lighting, centered composition, minimal background, professional educational visual style, focused subject, minimal clutter, not cartoon, no text, no letters, no numerals, no logos, no realistic, no watermark, no border, output size 1024x1024",language_learning|cross_language_vocabulary|reading_comprehension|listening_comprehension,1,v3_reference_style_size_2026-02-15
IMG_OBJECT_GO_OUT,object_go_out,Go Out,object_scene,universal,img__object_go_out__v1.webp,1024x1024,digital_art_flat_v3,clean studio light gray,"A clear visual for ""go out"", modern digital art style, sharper vector shapes, sharp vibrant color palette, smooth gradient shading, subtle depth, clean shapes, soft directional lighting, centered composition, minimal background, professional educational visual style, focused subject, minimal clutter, not cartoon, no text, no letters, no numerals, no logos, no realistic, no watermark, no border, output size 1024x1024",language_learning|cross_language_vocabulary|reading_comprehension|listening_comprehension,1,v3_reference_style_size_2026-02-15
IMG_OBJECT_GOING_TO_WORK,object_going_to_work,Going To Work,object_scene,universal,img__object_going_to_work__v1.webp,1024x1024,digital_art_flat_v3,clean studio light gray,"A clear visual for ""going to work"", modern digital art style, sharper vector shapes, sharp vibrant color palette, smooth gradient shading, subtle depth, clean shapes, soft directional lighting, centered composition, minimal background, professional educational visual style, focused subject, minimal clutter, not cartoon, no text, no letters, no numerals, no logos, no realistic, no watermark, no border, output size 1024x1024",language_learning|cross_language_vocabulary|reading_comprehension|listening_comprehension,1,v3_reference_style_size_2026-02-15
IMG_OBJECT_GOOD,object_good,Good,object_scene,universal,img__object_good__v1.webp,1024x1024,digital_art_flat_v3,light desk surface with blur,"A clear visual for ""good"", modern digital art style, sharper vector shapes, sharp vibrant color palette, smooth gradient shading, subtle depth, clean shapes, soft directional lighting, centered composition, minimal background, professional educational visual style, focused subject, minimal clutter, not cartoon, no text, no letters, no numerals, no logos, no realistic, no watermark, no border, output size 1024x1024",language_learning|cross_language_vocabulary|reading_comprehension|listening_comprehension,1,v3_reference_style_size_2026-02-15
IMG_OBJECT_GOOD_LOOKING,object_good_looking,Good-Looking,object_scene,universal,img__object_good_looking__v1.webp,1024x1024,digital_art_flat_v3,light desk surface with blur,"A clear visual for ""good-looking"", modern digital art style, sharper vector shapes, sharp vibrant color palette, smooth gradient shading, subtle depth, clean shapes, soft directional lighting, centered composition, minimal background, professional educational visual style, focused subject, minimal clutter, not cartoon, no text, no letters, no numerals, no logos, no realistic, no watermark, no border, output size 1024x1024",language_learning|cross_language_vocabulary|reading_comprehension|listening_comprehension,1,v3_reference_style_size_2026-02-15
IMG_OBJECT_GOODBYE,object_goodbye,Goodbye,object_scene,universal,img__object_goodbye__v1.webp,1024x1024,digital_art_flat_v3,light desk surface with blur,"A clear visual for ""goodbye"", modern digital art style, sharper vector shapes, sharp vibrant color palette, smooth gradient shading, subtle depth, clean shapes, soft directional lighting, centered composition, minimal background, professional educational visual style, focused subject, minimal clutter, not cartoon, no text, no letters, no numerals, no logos, no realistic, no watermark, no border, output size 1024x1024",language_learning|cross_language_vocabulary|reading_comprehension|listening_comprehension,1,v3_reference_style_size_2026-02-15
IMG_OBJECT_GRANDFATHER,object_grandfather,Grandfather,object_scene,universal,img__object_grandfather__v1.webp,1024x1024,digital_art_flat_v3,minimal room corner pastel,"A clear visual for ""grandfather"", modern digital art style, sharper vector shapes, sharp vibrant color palette, smooth gradient shading, subtle depth, clean shapes, soft directional lighting, centered composition, minimal background, professional educational visual style, focused subject, minimal clutter, not cartoon, no text, no letters, no numerals, no logos, no realistic, no watermark, no border, output size 1024x1024",language_learning|cross_language_vocabulary|reading_comprehension|listening_comprehension,1,v3_reference_style_size_2026-02-15
IMG_OBJECT_HAIR_OR_FUR,object_hair_or_fur,Hair Or Fur,object_scene,universal,img__object_hair_or_fur__v1.webp,1024x1024,digital_art_flat_v3,clean studio light gray,"A clear visual for ""hair or fur"", modern digital art style, sharper vector shapes, sharp vibrant color palette, smooth gradient shading, subtle depth, clean shapes, soft directional lighting, centered composition, minimal background, professional educational visual style, focused subject, minimal clutter, not cartoon, no text, no letters, no numerals, no logos, no realistic, no watermark, no border, output size 1024x1024",language_learning|cross_language_vocabulary|reading_comprehension|listening_comprehension,1,v3_reference_style_size_2026-02-15
IMG_OBJECT_HALF_A_DAY,object_half_a_day,Half A Day,object_scene,universal,img__object_half_a_day__v1.webp,1024x1024,digital_art_flat_v3,clean studio light gray,"A clear visual for ""half a day"", modern digital art style, sharper vector shapes, sharp vibrant color palette, smooth gradient shading, subtle depth, clean shapes, soft directional lighting, centered composition, minimal background, professional educational visual style, focused subject, minimal clutter, not cartoon, no text, no letters, no numerals, no logos, no realistic, no watermark, no border, output size 1024x1024",language_learning|cross_language_vocabulary|reading_comprehension|listening_comprehension,1,v3_reference_style_size_2026-02-15
IMG_OBJECT_HALF_A_YEAR,object_half_a_year,Half A Year,object_scene,universal,img__object_half_a_year__v1.webp,1024x1024,digital_art_flat_v3,minimal room corner pastel,"A clear visual for ""half a year"", modern digital art style, sharper vector shapes, sharp vibrant color palette, smooth gradient shading, subtle depth, clean shapes, soft directional lighting, centered composition, minimal background, professional educational visual style, focused subject, minimal clutter, not cartoon, no text, no letters, no numerals, no logos, no realistic, no watermark, no border, output size 1024x1024",language_learning|cross_language_vocabulary|reading_comprehension|listening_comprehension,1,v3_reference_style_size_2026-02-15
IMG_OBJECT_HAND,object_hand,Hand,object_scene,universal,img__object_hand__v1.webp,1024x1024,digital_art_flat_v3,minimal room corner pastel,"A clear visual for ""hand"", modern digital art style, sharper vector shapes, sharp vibrant color palette, smooth gradient shading, subtle depth, clean shapes, soft directional lighting, centered composition, minimal background, professional educational visual style, focused subject, minimal clutter, not cartoon, no text, no letters, no numerals, no logos, no realistic, no watermark, no border, output size 1024x1024",language_learning|cross_language_vocabulary|reading_comprehension|listening_comprehension,1,v3_reference_style_size_2026-02-15
IMG_OBJECT_HAVING_A_MEAL,object_having_a_meal,Having A Meal,object_scene,universal,img__object_having_a_meal__v1.webp,1024x1024,digital_art_flat_v3,light desk surface with blur,"A clear visual for ""having a meal"", modern digital art style, sharper vector shapes, sharp vibrant color palette, smooth gradient shading, subtle depth, clean shapes, soft directional lighting, centered composition, minimal background, professional educational visual style, focused subject, minimal clutter, not cartoon, no text, no letters, no numerals, no logos, no realistic, no watermark, no border, output size 1024x1024",language_learning|cross_language_vocabulary|reading_comprehension|listening_comprehension,1,v3_reference_style_size_2026-02-15
IMG_OBJECT_HE,object_he,He,object_scene,universal,img__object_he__v1.webp,1024x1024,digital_art_flat_v3,clean studio light gray,"A clear visual for ""he"", modern digital art style, sharper vector shapes, sharp vibrant color palette, smooth gradient shading, subtle depth, clean shapes, soft directional lighting, centered composition, minimal background, professional educational visual style, focused subject, minimal clutter, not cartoon, no text, no letters, no numerals, no logos, no realistic, no watermark, no border, output size 1024x1024",language_learning|cross_language_vocabulary|reading_comprehension|listening_comprehension,1,v3_reference_style_size_2026-02-15
IMG_OBJECT_HEAVY,object_heavy,Heavy,object_scene,universal,img__object_heavy__v1.webp,1024x1024,digital_art_flat_v3,clean studio light gray,"A clear visual for ""heavy"", modern digital art style, sharper vector shapes, sharp vibrant color palette, smooth gradient shading, subtle depth, clean shapes, soft directional lighting, centered composition, minimal background, professional educational visual style, focused subject, minimal clutter, not cartoon, no text, no letters, no numerals, no logos, no realistic, no watermark, no border, output size 1024x1024",language_learning|cross_language_vocabulary|reading_comprehension|listening_comprehension,1,v3_reference_style_size_2026-02-15
IMG_OBJECT_HER,object_her,Her,object_scene,universal,img__object_her__v1.webp,1024x1024,digital_art_flat_v3,minimal room corner pastel,"A clear visual for ""her"", modern digital art style, sharper vector shapes, sharp vibrant color palette, smooth gradient shading, subtle depth, clean shapes, soft directional lighting, centered composition, minimal background, professional educational visual style, focused subject, minimal clutter, not cartoon, no text, no letters, no numerals, no logos, no realistic, no watermark, no border, output size 1024x1024",language_learning|cross_language_vocabulary|reading_comprehension|listening_comprehension,1,v3_reference_style_size_2026-02-15
IMG_OBJECT_HERE,object_here,Here,object_scene,universal,img__object_here__v1.webp,1024x1024,digital_art_flat_v3,minimal room corner pastel,"A clear visual for ""here"", modern digital art style, sharper vector shapes, sharp vibrant color palette, smooth gradient shading, subtle depth, clean shapes, soft directional lighting, centered composition, minimal background, professional educational visual style, focused subject, minimal clutter, not cartoon, no text, no letters, no numerals, no logos, no realistic, no watermark, no border, output size 1024x1024",language_learning|cross_language_vocabulary|reading_comprehension|listening_comprehension,2,v3_reference_style_size_2026-02-15
IMG_OBJECT_HIM,object_him,Him,object_scene,universal,img__object_him__v1.webp,1024x1024,digital_art_flat_v3,soft neutral gradient,"A clear visual for ""him"", modern digital art style, sharper vector shapes, sharp vibrant color palette, smooth gradient shading, subtle depth, clean shapes, soft directional lighting, centered composition, minimal background, professional educational visual style, focused subject, minimal clutter, not cartoon, no text, no letters, no numerals, no logos, no realistic, no watermark, no border, output size 1024x1024",language_learning|cross_language_vocabulary|reading_comprehension|listening_comprehension,1,v3_reference_style_size_2026-02-15
IMG_OBJECT_HOBBY,object_hobby,Hobby,object_scene,universal,img__object_hobby__v1.webp,1024x1024,digital_art_flat_v3,minimal room corner pastel,"A clear visual for ""hobby"", modern digital art style, sharper vector shapes, sharp vibrant color palette, smooth gradient shading, subtle depth, clean shapes, soft directional lighting, centered composition, minimal background, professional educational visual style, focused subject, minimal clutter, not cartoon, no text, no letters, no numerals, no logos, no realistic, no watermark, no border, output size 1024x1024",language_learning|cross_language_vocabulary|reading_comprehension|listening_comprehension,1,v3_reference_style_size_2026-02-15
IMG_OBJECT_HOLD_A_MEETING,object_hold_a_meeting,Hold A Meeting,object_scene,universal,img__object_hold_a_meeting__v1.webp,1024x1024,digital_art_flat_v3,light desk surface with blur,"A clear visual for ""hold a meeting"", modern digital art style, sharper vector shapes, sharp vibrant color palette, smooth gradient shading, subtle depth, clean shapes, soft directional lighting, centered composition, minimal background, professional educational visual style, focused subject, minimal clutter, not cartoon, no text, no letters, no numerals, no logos, no realistic, no watermark, no border, output size 1024x1024",language_learning|cross_language_vocabulary|reading_comprehension|listening_comprehension,1,v3_reference_style_size_2026-02-15
IMG_OBJECT_HOT,object_hot,Hot,object_scene,universal,img__object_hot__v1.webp,1024x1024,digital_art_flat_v3,soft neutral gradient,"A clear visual for ""hot"", modern digital art style, sharper vector shapes, sharp vibrant color palette, smooth gradient shading, subtle depth, clean shapes, soft directional lighting, centered composition, minimal background, professional educational visual style, focused subject, minimal clutter, not cartoon, no text, no letters, no numerals, no logos, no realistic, no watermark, no border, output size 1024x1024",language_learning|cross_language_vocabulary|reading_comprehension|listening_comprehension,1,v3_reference_style_size_2026-02-15
IMG_OBJECT_HOUR,object_hour,Hour,object_scene,universal,img__object_hour__v1.webp,1024x1024,digital_art_flat_v3,minimal room corner pastel,"A clear visual for ""hour"", modern digital art style, sharper vector shapes, sharp vibrant color palette, smooth gradient shading, subtle depth, clean shapes, soft directional lighting, centered composition, minimal background, professional educational visual style, focused subject, minimal clutter, not cartoon, no text, no letters, no numerals, no logos, no realistic, no watermark, no border, output size 1024x1024",language_learning|cross_language_vocabulary|reading_comprehension|listening_comprehension,1,v3_reference_style_size_2026-02-15
IMG_OBJECT_HOW,object_how,How,object_scene,universal,img__object_how__v1.webp,1024x1024,digital_art_flat_v3,soft neutral gradient,"A clear visual for ""how"", modern digital art style, sharper vector shapes, sharp vibrant color palette, smooth gradient shading, subtle depth, clean shapes, soft directional lighting, centered composition, minimal background, professional educational visual style, focused subject, minimal clutter, not cartoon, no text, no letters, no numerals, no logos, no realistic, no watermark, no border, output size 1024x1024",language_learning|cross_language_vocabulary|reading_comprehension|listening_comprehension,2,v3_reference_style_size_2026-02-15
IMG_OBJECT_HUNGRY,object_hungry,Hungry,object_scene,universal,img__object_hungry__v1.webp,1024x1024,digital_art_flat_v3,minimal room corner pastel,"A clear visual for ""hungry"", modern digital art style, sharper vector shapes, sharp vibrant color palette, smooth gradient shading, subtle depth, clean shapes, soft directional lighting, centered composition, minimal background, professional educational visual style, focused subject, minimal clutter, not cartoon, no text, no letters, no numerals, no logos, no realistic, no watermark, no border, output size 1024x1024",language_learning|cross_language_vocabulary|reading_comprehension|listening_comprehension,1,v3_reference_style_size_2026-02-15
IMG_OBJECT_HUSBAND,object_husband,Husband,object_scene,universal,img__object_husband__v1.webp,1024x1024,digital_art_flat_v3,light desk surface with blur,"A clear visual for ""husband"", modern digital art style, sharper vector shapes, sharp vibrant color palette, smooth gradient shading, subtle depth, clean shapes, soft directional lighting, centered composition, minimal background, professional educational visual style, focused subject, minimal clutter, not cartoon, no text, no letters, no numerals, no logos, no realistic, no watermark, no border, output size 1024x1024",language_learning|cross_language_vocabulary|reading_comprehension|listening_comprehension,1,v3_reference_style_size_2026-02-15
IMG_OBJECT_I,object_i,I,object_scene,universal,img__object_i__v1.webp,1024x1024,digital_art_flat_v3,light desk surface with blur,"A clear visual for ""i"", modern digital art style, sharper vector shapes, sharp vibrant color palette, smooth gradient shading, subtle depth, clean shapes, soft directional lighting, centered composition, minimal background, professional educational visual style, focused subject, minimal clutter, not cartoon, no text, no letters, no numerals, no logos, no realistic, no watermark, no border, output size 1024x1024",language_learning|cross_language_vocabulary|reading_comprehension|listening_comprehension,1,v3_reference_style_size_2026-02-15
IMG_OBJECT_I_M_SORRY,object_i_m_sorry,I'M Sorry,object_scene,universal,img__object_i_m_sorry__v1.webp,1024x1024,digital_art_flat_v3,soft neutral gradient,"A clear visual for ""i'm sorry"", modern digital art style, sharper vector shapes, sharp vibrant color palette, smooth gradient shading, subtle depth, clean shapes, soft directional lighting, centered composition, minimal background, professional educational visual style, focused subject, minimal clutter, not cartoon, no text, no letters, no numerals, no logos, no realistic, no watermark, no border, output size 1024x1024",language_learning|cross_language_vocabulary|reading_comprehension|listening_comprehension,1,v3_reference_style_size_2026-02-15
IMG_OBJECT_ILLNESS,object_illness,Illness,object_scene,universal,img__object_illness__v1.webp,1024x1024,digital_art_flat_v3,minimal room corner pastel,"A clear visual for ""illness"", modern digital art style, sharper vector shapes, sharp vibrant color palette, smooth gradient shading, subtle depth, clean shapes, soft directional lighting, centered composition, minimal background, professional educational visual style, focused subject, minimal clutter, not cartoon, no text, no letters, no numerals, no logos, no realistic, no watermark, no border, output size 1024x1024",language_learning|cross_language_vocabulary|reading_comprehension|listening_comprehension,1,v3_reference_style_size_2026-02-15
IMG_OBJECT_IMMEDIATELY,object_immediately,Immediately,object_scene,universal,img__object_immediately__v1.webp,1024x1024,digital_art_flat_v3,clean studio light gray,"A clear visual for ""immediately"", modern digital art style, sharper vector shapes, sharp vibrant color palette, smooth gradient shading, subtle depth, clean shapes, soft directional lighting, centered composition, minimal background, professional educational visual style, focused subject, minimal clutter, not cartoon, no text, no letters, no numerals, no logos, no realistic, no watermark, no border, output size 1024x1024",language_learning|cross_language_vocabulary|reading_comprehension|listening_comprehension,1,v3_reference_style_size_2026-02-15
IMG_OBJECT_IMPORTANT,object_important,Important,object_scene,universal,img__object_important__v1.webp,1024x1024,digital_art_flat_v3,clean studio light gray,"A clear visual for ""important"", modern digital art style, sharper vector shapes, sharp vibrant color palette, smooth gradient shading, subtle depth, clean shapes, soft directional lighting, centered composition, minimal background, professional educational visual style, focused subject, minimal clutter, not cartoon, no text, no letters, no numerals, no logos, no realistic, no watermark, no border, output size 1024x1024",language_learning|cross_language_vocabulary|reading_comprehension|listening_comprehension,1,v3_reference_style_size_2026-02-15
IMG_OBJECT_IN,object_in,In,object_scene,universal,img__object_in__v1.webp,1024x1024,digital_art_flat_v3,light desk surface with blur,"A clear visual for ""in"", modern digital art style, sharper vector shapes, sharp vibrant color palette, smooth gradient shading, subtle depth, clean shapes, soft directional lighting, centered composition, minimal background, professional educational visual style, focused subject, minimal clutter, not cartoon, no text, no letters, no numerals, no logos, no realistic, no watermark, no border, output size 1024x1024",language_learning|cross_language_vocabulary|reading_comprehension|listening_comprehension,1,v3_reference_style_size_2026-02-15
IMG_OBJECT_IN_FRONT,object_in_front,In Front,object_scene,universal,img__object_in_front__v1.webp,1024x1024,digital_art_flat_v3,soft neutral gradient,"A clear visual for ""in front"", modern digital art style, sharper vector shapes, sharp vibrant color palette, smooth gradient shading, subtle depth, clean shapes, soft directional lighting, centered composition, minimal background, professional educational visual style, focused subject, minimal clutter, not cartoon, no text, no letters, no numerals, no logos, no realistic, no watermark, no border, output size 1024x1024",language_learning|cross_language_vocabulary|reading_comprehension|listening_comprehension,1,v3_reference_style_size_2026-02-15
IMG_OBJECT_IN_THE_PROCESS_OF,object_in_the_process_of,In The Process Of,object_scene,universal,img__object_in_the_process_of__v1.webp,1024x1024,digital_art_flat_v3,soft neutral gradient,"A clear visual for ""in the process of"", modern digital art style, sharper vector shapes, sharp vibrant color palette, smooth gradient shading, subtle depth, clean shapes, soft directional lighting, centered composition, minimal background, professional educational visual style, focused subject, minimal clutter, not cartoon, no text, no letters, no numerals, no logos, no realistic, no watermark, no border, output size 1024x1024",language_learning|cross_language_vocabulary|reading_comprehension|listening_comprehension,1,v3_reference_style_size_2026-02-15
IMG_OBJECT_INDICATES_ONGOING_ACTION,object_indicates_ongoing_action,Indicates Ongoing Action,object_scene,universal,img__object_indicates_ongoing_action__v1.webp,1024x1024,digital_art_flat_v3,minimal room corner pastel,"A clear visual for ""indicates ongoing action"", modern digital art style, sharper vector shapes, sharp vibrant color palette, smooth gradient shading, subtle depth, clean shapes, soft directional lighting, centered composition, minimal background, professional educational visual style, focused subject, minimal clutter, not cartoon, no text, no letters, no numerals, no logos, no realistic, no watermark, no border, output size 1024x1024",language_learning|cross_language_vocabulary|reading_comprehension|listening_comprehension,1,v3_reference_style_size_2026-02-15
IMG_OBJECT_INSIDE,object_inside,Inside,object_scene,universal,img__object_inside__v1.webp,1024x1024,digital_art_flat_v3,minimal room corner pastel,"A clear visual for ""inside"", modern digital art style, sharper vector shapes, sharp vibrant color palette, smooth gradient shading, subtle depth, clean shapes, soft directional lighting, centered composition, minimal background, professional educational visual style, focused subject, minimal clutter, not cartoon, no text, no letters, no numerals, no logos, no realistic, no watermark, no border, output size 1024x1024",language_learning|cross_language_vocabulary|reading_comprehension|listening_comprehension,2,v3_reference_style_size_2026-02-15
IMG_OBJECT_INTERSECTION,object_intersection,Intersection,object_scene,universal,img__object_intersection__v1.webp,1024x1024,digital_art_flat_v3,light desk surface with blur,"A clear visual for ""intersection"", modern digital art style, sharper vector shapes, sharp vibrant color palette, smooth gradient shading, subtle depth, clean shapes, soft directional lighting, centered composition, minimal background, professional educational visual style, focused subject, minimal clutter, not cartoon, no text, no letters, no numerals, no logos, no realistic, no watermark, no border, output size 1024x1024",language_learning|cross_language_vocabulary|reading_comprehension|listening_comprehension,1,v3_reference_style_size_2026-02-15
IMG_OBJECT_INTRODUCTION,object_introduction,Introduction,object_scene,universal,img__object_introduction__v1.webp,1024x1024,digital_art_flat_v3,clean studio light gray,"A clear visual for ""introduction"", modern digital art style, sharper vector shapes, sharp vibrant color palette, smooth gradient shading, subtle depth, clean shapes, soft directional lighting, centered composition, minimal background, professional educational visual style, focused subject, minimal clutter, not cartoon, no text, no letters, no numerals, no logos, no realistic, no watermark, no border, output size 1024x1024",language_learning|cross_language_vocabulary|reading_comprehension|listening_comprehension,1,v3_reference_style_size_2026-02-15
IMG_OBJECT_INVITE,object_invite,Invite,object_scene,universal,img__object_invite__v1.webp,1024x1024,digital_art_flat_v3,minimal room corner pastel,"A clear visual for ""invite"", modern digital art style, sharper vector shapes, sharp vibrant color palette, smooth gradient shading, subtle depth, clean shapes, soft directional lighting, centered composition, minimal background, professional educational visual style, focused subject, minimal clutter, not cartoon, no text, no letters, no numerals, no logos, no realistic, no watermark, no border, output size 1024x1024",language_learning|cross_language_vocabulary|reading_comprehension|listening_comprehension,1,v3_reference_style_size_2026-02-15
IMG_OBJECT_IS_IT_OR_NOT,object_is_it_or_not,Is It Or Not,object_scene,universal,img__object_is_it_or_not__v1.webp,1024x1024,digital_art_flat_v3,light desk surface with blur,"A clear visual for ""is it or not"", modern digital art style, sharper vector shapes, sharp vibrant color palette, smooth gradient shading, subtle depth, clean shapes, soft directional lighting, centered composition, minimal background, professional educational visual style, focused subject, minimal clutter, not cartoon, no text, no letters, no numerals, no logos, no realistic, no watermark, no border, output size 1024x1024",language_learning|cross_language_vocabulary|reading_comprehension|listening_comprehension,1,v3_reference_style_size_2026-02-15
IMG_OBJECT_IT_S_NOTHING,object_it_s_nothing,It'S Nothing,object_scene,universal,img__object_it_s_nothing__v1.webp,1024x1024,digital_art_flat_v3,soft neutral gradient,"A clear visual for ""it's nothing"", modern digital art style, sharper vector shapes, sharp vibrant color palette, smooth gradient shading, subtle depth, clean shapes, soft directional lighting, centered composition, minimal background, professional educational visual style, focused subject, minimal clutter, not cartoon, no text, no letters, no numerals, no logos, no realistic, no watermark, no border, output size 1024x1024",language_learning|cross_language_vocabulary|reading_comprehension|listening_comprehension,1,v3_reference_style_size_2026-02-15
IMG_OBJECT_IT_S_OKAY,object_it_s_okay,It'S Okay,object_scene,universal,img__object_it_s_okay__v1.webp,1024x1024,digital_art_flat_v3,soft neutral gradient,"A clear visual for ""it's okay"", modern digital art style, sharper vector shapes, sharp vibrant color palette, smooth gradient shading, subtle depth, clean shapes, soft directional lighting, centered composition, minimal background, professional educational visual style, focused subject, minimal clutter, not cartoon, no text, no letters, no numerals, no logos, no realistic, no watermark, no border, output size 1024x1024",language_learning|cross_language_vocabulary|reading_comprehension|listening_comprehension,1,v3_reference_style_size_2026-02-15
IMG_OBJECT_JOB,object_job,Job,object_scene,universal,img__object_job__v1.webp,1024x1024,digital_art_flat_v3,clean studio light gray,"A clear visual for ""job"", modern digital art style, sharper vector shapes, sharp vibrant color palette, smooth gradient shading, subtle depth, clean shapes, soft directional lighting, centered composition, minimal background, professional educational visual style, focused subject, minimal clutter, not cartoon, no text, no letters, no numerals, no logos, no realistic, no watermark, no border, output size 1024x1024",language_learning|cross_language_vocabulary|reading_comprehension|listening_comprehension,1,v3_reference_style_size_2026-02-15
IMG_OBJECT_JUST,object_just,Just,object_scene,universal,img__object_just__v1.webp,1024x1024,digital_art_flat_v3,light desk surface with blur,"A clear visual for ""just"", modern digital art style, sharper vector shapes, sharp vibrant color palette, smooth gradient shading, subtle depth, clean shapes, soft directional lighting, centered composition, minimal background, professional educational visual style, focused subject, minimal clutter, not cartoon, no text, no letters, no numerals, no logos, no realistic, no watermark, no border, output size 1024x1024",language_learning|cross_language_vocabulary|reading_comprehension|listening_comprehension,1,v3_reference_style_size_2026-02-15
IMG_OBJECT_KNOWLEDGE,object_knowledge,Knowledge,object_scene,universal,img__object_knowledge__v1.webp,1024x1024,digital_art_flat_v3,minimal room corner pastel,"A clear visual for ""knowledge"", modern digital art style, sharper vector shapes, sharp vibrant color palette, smooth gradient shading, subtle depth, clean shapes, soft directional lighting, centered composition, minimal background, professional educational visual style, focused subject, minimal clutter, not cartoon, no text, no letters, no numerals, no logos, no realistic, no watermark, no border, output size 1024x1024",language_learning|cross_language_vocabulary|reading_comprehension|listening_comprehension,1,v3_reference_style_size_2026-02-15
IMG_OBJECT_LACK,object_lack,Lack,object_scene,universal,img__object_lack__v1.webp,1024x1024,digital_art_flat_v3,light desk surface with blur,"A clear visual for ""lack"", modern digital art style, sharper vector shapes, sharp vibrant color palette, smooth gradient shading, subtle depth, clean shapes, soft directional lighting, centered composition, minimal background, professional educational visual style, focused subject, minimal clutter, not cartoon, no text, no letters, no numerals, no logos, no realistic, no watermark, no border, output size 1024x1024",language_learning|cross_language_vocabulary|reading_comprehension|listening_comprehension,1,v3_reference_style_size_2026-02-15
IMG_OBJECT_LAST,object_last,Last,object_scene,universal,img__object_last__v1.webp,1024x1024,digital_art_flat_v3,soft neutral gradient,"A clear visual for ""last"", modern digital art style, sharper vector shapes, sharp vibrant color palette, smooth gradient shading, subtle depth, clean shapes, soft directional lighting, centered composition, minimal background, professional educational visual style, focused subject, minimal clutter, not cartoon, no text, no letters, no numerals, no logos, no realistic, no watermark, no border, output size 1024x1024",language_learning|cross_language_vocabulary|reading_comprehension|listening_comprehension,1,v3_reference_style_size_2026-02-15
IMG_OBJECT_LAST_TIME,object_last_time,Last Time,object_scene,universal,img__object_last_time__v1.webp,1024x1024,digital_art_flat_v3,soft neutral gradient,"A clear visual for ""last time"", modern digital art style, sharper vector shapes, sharp vibrant color palette, smooth gradient shading, subtle depth, clean shapes, soft directional lighting, centered composition, minimal background, professional educational visual style, focused subject, minimal clutter, not cartoon, no text, no letters, no numerals, no logos, no realistic, no watermark, no border, output size 1024x1024",language_learning|cross_language_vocabulary|reading_comprehension|listening_comprehension,1,v3_reference_style_size_2026-02-15
IMG_OBJECT_LAST_YEAR,object_last_year,Last Year,object_scene,universal,img__object_last_year__v1.webp,1024x1024,digital_art_flat_v3,light desk surface with blur,"A clear visual for ""last year"", modern digital art style, sharper vector shapes, sharp vibrant color palette, smooth gradient shading, subtle depth, clean shapes, soft directional lighting, centered composition, minimal background, professional educational visual style, focused subject, minimal clutter, not cartoon, no text, no letters, no numerals, no logos, no realistic, no watermark, no border, output size 1024x1024",language_learning|cross_language_vocabulary|reading_comprehension|listening_comprehension,1,v3_reference_style_size_2026-02-15
IMG_OBJECT_LEFT,object_left,Left,object_scene,universal,img__object_left__v1.webp,1024x1024,digital_art_flat_v3,clean studio light gray,"A clear visual for ""left"", modern digital art style, sharper vector shapes, sharp vibrant color palette, smooth gradient shading, subtle depth, clean shapes, soft directional lighting, centered composition, minimal background, professional educational visual style, focused subject, minimal clutter, not cartoon, no text, no letters, no numerals, no logos, no realistic, no watermark, no border, output size 1024x1024",language_learning|cross_language_vocabulary|reading_comprehension|listening_comprehension,1,v3_reference_style_size_2026-02-15
IMG_OBJECT_LEFT_SIDE,object_left_side,Left Side,object_scene,universal,img__object_left_side__v1.webp,1024x1024,digital_art_flat_v3,light desk surface with blur,"A clear visual for ""left side"", modern digital art style, sharper vector shapes, sharp vibrant color palette, smooth gradient shading, subtle depth, clean shapes, soft directional lighting, centered composition, minimal background, professional educational visual style, focused subject, minimal clutter, not cartoon, no text, no letters, no numerals, no logos, no realistic, no watermark, no border, output size 1024x1024",language_learning|cross_language_vocabulary|reading_comprehension|listening_comprehension,1,v3_reference_style_size_2026-02-15
IMG_OBJECT_LIBRARY,object_library,Library,object_scene,universal,img__object_library__v1.webp,1024x1024,digital_art_flat_v3,soft neutral gradient,"A clear visual for ""library"", modern digital art style, sharper vector shapes, sharp vibrant color palette, smooth gradient shading, subtle depth, clean shapes, soft directional lighting, centered composition, minimal background, professional educational visual style, focused subject, minimal clutter, not cartoon, no text, no letters, no numerals, no logos, no realistic, no watermark, no border, output size 1024x1024",language_learning|cross_language_vocabulary|reading_comprehension|listening_comprehension,1,v3_reference_style_size_2026-02-15
IMG_OBJECT_LITTLE,object_little,Little,object_scene,universal,img__object_little__v1.webp,1024x1024,digital_art_flat_v3,soft neutral gradient,"A clear visual for ""little"", modern digital art style, sharper vector shapes, sharp vibrant color palette, smooth gradient shading, subtle depth, clean shapes, soft directional lighting, centered composition, minimal background, professional educational visual style, focused subject, minimal clutter, not cartoon, no text, no letters, no numerals, no logos, no realistic, no watermark, no border, output size 1024x1024",language_learning|cross_language_vocabulary|reading_comprehension|listening_comprehension,2,v3_reference_style_size_2026-02-15
IMG_OBJECT_LITTLE_FRIEND,object_little_friend,Little Friend,object_scene,universal,img__object_little_friend__v1.webp,1024x1024,digital_art_flat_v3,minimal room corner pastel,"A clear visual for ""little friend"", modern digital art style, sharper vector shapes, sharp vibrant color palette, smooth gradient shading, subtle depth, clean shapes, soft directional lighting, centered composition, minimal background, professional educational visual style, focused subject, minimal clutter, not cartoon, no text, no letters, no numerals, no logos, no realistic, no watermark, no border, output size 1024x1024",language_learning|cross_language_vocabulary|reading_comprehension|listening_comprehension,1,v3_reference_style_size_2026-02-15
IMG_OBJECT_LOCATION,object_location,Location,object_scene,universal,img__object_location__v1.webp,1024x1024,digital_art_flat_v3,clean studio light gray,"A clear visual for ""location"", modern digital art style, sharper vector shapes, sharp vibrant color palette, smooth gradient shading, subtle depth, clean shapes, soft directional lighting, centered composition, minimal background, professional educational visual style, focused subject, minimal clutter, not cartoon, no text, no letters, no numerals, no logos, no realistic, no watermark, no border, output size 1024x1024",language_learning|cross_language_vocabulary|reading_comprehension|listening_comprehension,1,v3_reference_style_size_2026-02-15
IMG_OBJECT_LUNCH,object_lunch,Lunch,object_scene,universal,img__object_lunch__v1.webp,1024x1024,digital_art_flat_v3,minimal room corner pastel,"A clear visual for ""lunch"", modern digital art style, sharper vector shapes, sharp vibrant color palette, smooth gradient shading, subtle depth, clean shapes, soft directional lighting, centered composition, minimal background, professional educational visual style, focused subject, minimal clutter, not cartoon, no text, no letters, no numerals, no logos, no realistic, no watermark, no border, output size 1024x1024",language_learning|cross_language_vocabulary|reading_comprehension|listening_comprehension,1,v3_reference_style_size_2026-02-15
IMG_OBJECT_MALE,object_male,Male,object_scene,universal,img__object_male__v1.webp,1024x1024,digital_art_flat_v3,minimal room corner pastel,"A clear visual for ""male"", modern digital art style, sharper vector shapes, sharp vibrant color palette, smooth gradient shading, subtle depth, clean shapes, soft directional lighting, centered composition, minimal background, professional educational visual style, focused subject, minimal clutter, not cartoon, no text, no letters, no numerals, no logos, no realistic, no watermark, no border, output size 1024x1024",language_learning|cross_language_vocabulary|reading_comprehension|listening_comprehension,1,v3_reference_style_size_2026-02-15
IMG_OBJECT_MAN,object_man,Man,object_scene,universal,img__object_man__v1.webp,1024x1024,digital_art_flat_v3,light desk surface with blur,"A clear visual for ""man"", modern digital art style, sharper vector shapes, sharp vibrant color palette, smooth gradient shading, subtle depth, clean shapes, soft directional lighting, centered composition, minimal background, professional educational visual style, focused subject, minimal clutter, not cartoon, no text, no letters, no numerals, no logos, no realistic, no watermark, no border, output size 1024x1024",language_learning|cross_language_vocabulary|reading_comprehension|listening_comprehension,1,v3_reference_style_size_2026-02-15
IMG_OBJECT_MANY,object_many,Many,object_scene,universal,img__object_many__v1.webp,1024x1024,digital_art_flat_v3,light desk surface with blur,"A clear visual for ""many"", modern digital art style, sharper vector shapes, sharp vibrant color palette, smooth gradient shading, subtle depth, clean shapes, soft directional lighting, centered composition, minimal background, professional educational visual style, focused subject, minimal clutter, not cartoon, no text, no letters, no numerals, no logos, no realistic, no watermark, no border, output size 1024x1024",language_learning|cross_language_vocabulary|reading_comprehension|listening_comprehension,1,v3_reference_style_size_2026-02-15
IMG_OBJECT_MAP,object_map,Map,object_scene,universal,img__object_map__v1.webp,1024x1024,digital_art_flat_v3,soft neutral gradient,"A clear visual for ""map"", modern digital art style, sharper vector shapes, sharp vibrant color palette, smooth gradient shading, subtle depth, clean shapes, soft directional lighting, centered composition, minimal background, professional educational visual style, focused subject, minimal clutter, not cartoon, no text, no letters, no numerals, no logos, no realistic, no watermark, no border, output size 1024x1024",language_learning|cross_language_vocabulary|reading_comprehension|listening_comprehension,1,v3_reference_style_size_2026-02-15
IMG_OBJECT_MATTER_OR_AFFAIR,object_matter_or_affair,Matter Or Affair,object_scene,universal,img__object_matter_or_affair__v1.webp,1024x1024,digital_art_flat_v3,soft neutral gradient,"A clear visual for ""matter or affair"", modern digital art style, sharper vector shapes, sharp vibrant color palette, smooth gradient shading, subtle depth, clean shapes, soft directional lighting, centered composition, minimal background, professional educational visual style, focused subject, minimal clutter, not cartoon, no text, no letters, no numerals, no logos, no realistic, no watermark, no border, output size 1024x1024",language_learning|cross_language_vocabulary|reading_comprehension|listening_comprehension,1,v3_reference_style_size_2026-02-15
IMG_OBJECT_MAY_I_ASK,object_may_i_ask,May I Ask,object_scene,universal,img__object_may_i_ask__v1.webp,1024x1024,digital_art_flat_v3,soft neutral gradient,"A clear visual for ""may i ask"", modern digital art style, sharper vector shapes, sharp vibrant color palette, smooth gradient shading, subtle depth, clean shapes, soft directional lighting, centered composition, minimal background, professional educational visual style, focused subject, minimal clutter, not cartoon, no text, no letters, no numerals, no logos, no realistic, no watermark, no border, output size 1024x1024",language_learning|cross_language_vocabulary|reading_comprehension|listening_comprehension,1,v3_reference_style_size_2026-02-15
IMG_OBJECT_ME,object_me,Me,object_scene,universal,img__object_me__v1.webp,1024x1024,digital_art_flat_v3,minimal room corner pastel,"A clear visual for ""me"", modern digital art style, sharper vector shapes, sharp vibrant color palette, smooth gradient shading, subtle depth, clean shapes, soft directional lighting, centered composition, minimal background, professional educational visual style, focused subject, minimal clutter, not cartoon, no text, no letters, no numerals, no logos, no realistic, no watermark, no border, output size 1024x1024",language_learning|cross_language_vocabulary|reading_comprehension|listening_comprehension,1,v3_reference_style_size_2026-02-15
IMG_OBJECT_MEAL,object_meal,Meal,object_scene,universal,img__object_meal__v1.webp,1024x1024,digital_art_flat_v3,light desk surface with blur,"A clear visual for ""meal"", modern digital art style, sharper vector shapes, sharp vibrant color palette, smooth gradient shading, subtle depth, clean shapes, soft directional lighting, centered composition, minimal background, professional educational visual style, focused subject, minimal clutter, not cartoon, no text, no letters, no numerals, no logos, no realistic, no watermark, no border, output size 1024x1024",language_learning|cross_language_vocabulary|reading_comprehension|listening_comprehension,1,v3_reference_style_size_2026-02-15
IMG_OBJECT_MEAT,object_meat,Meat,object_scene,universal,img__object_meat__v1.webp,1024x1024,digital_art_flat_v3,clean studio light gray,"A clear visual for ""meat"", modern digital art style, sharper vector shapes, sharp vibrant color palette, smooth gradient shading, subtle depth, clean shapes, soft directional lighting, centered composition, minimal background, professional educational visual style, focused subject, minimal clutter, not cartoon, no text, no letters, no numerals, no logos, no realistic, no watermark, no border, output size 1024x1024",language_learning|cross_language_vocabulary|reading_comprehension|listening_comprehension,1,v3_reference_style_size_2026-02-15
IMG_OBJECT_MEET_EACH_OTHER,object_meet_each_other,Meet Each Other,object_scene,universal,img__object_meet_each_other__v1.webp,1024x1024,digital_art_flat_v3,clean studio light gray,"A clear visual for ""meet each other"", modern digital art style, sharper vector shapes, sharp vibrant color palette, smooth gradient shading, subtle depth, clean shapes, soft directional lighting, centered composition, minimal background, professional educational visual style, focused subject, minimal clutter, not cartoon, no text, no letters, no numerals, no logos, no realistic, no watermark, no border, output size 1024x1024",language_learning|cross_language_vocabulary|reading_comprehension|listening_comprehension,1,v3_reference_style_size_2026-02-15
IMG_OBJECT_MIDDLE,object_middle,Middle,object_scene,universal,img__object_middle__v1.webp,1024x1024,digital_art_flat_v3,light desk surface with blur,"A clear visual for ""middle"", modern digital art style, sharper vector shapes, sharp vibrant color palette, smooth gradient shading, subtle depth, clean shapes, soft directional lighting, centered composition, minimal background, professional educational visual style, focused subject, minimal clutter, not cartoon, no text, no letters, no numerals, no logos, no realistic, no watermark, no border, output size 1024x1024",language_learning|cross_language_vocabulary|reading_comprehension|listening_comprehension,2,v3_reference_style_size_2026-02-15
IMG_OBJECT_MILK,object_milk,Milk,object_scene,universal,img__object_milk__v1.webp,1024x1024,digital_art_flat_v3,soft neutral gradient,"A clear visual for ""milk"", modern digital art style, sharper vector shapes, sharp vibrant color palette, smooth gradient shading, subtle depth, clean shapes, soft directional lighting, centered composition, minimal background, professional educational visual style, focused subject, minimal clutter, not cartoon, no text, no letters, no numerals, no logos, no realistic, no watermark, no border, output size 1024x1024",language_learning|cross_language_vocabulary|reading_comprehension|listening_comprehension,2,v3_reference_style_size_2026-02-15
IMG_OBJECT_MINUTE,object_minute,Minute,object_scene,universal,img__object_minute__v1.webp,1024x1024,digital_art_flat_v3,light desk surface with blur,"A clear visual for ""minute"", modern digital art style, sharper vector shapes, sharp vibrant color palette, smooth gradient shading, subtle depth, clean shapes, soft directional lighting, centered composition, minimal background, professional educational visual style, focused subject, minimal clutter, not cartoon, no text, no letters, no numerals, no logos, no realistic, no watermark, no border, output size 1024x1024",language_learning|cross_language_vocabulary|reading_comprehension|listening_comprehension,1,v3_reference_style_size_2026-02-15
IMG_OBJECT_MISS,object_miss,Miss,object_scene,universal,img__object_miss__v1.webp,1024x1024,digital_art_flat_v3,clean studio light gray,"A clear visual for ""miss"", modern digital art style, sharper vector shapes, sharp vibrant color palette, smooth gradient shading, subtle depth, clean shapes, soft directional lighting, centered composition, minimal background, professional educational visual style, focused subject, minimal clutter, not cartoon, no text, no letters, no numerals, no logos, no realistic, no watermark, no border, output size 1024x1024",language_learning|cross_language_vocabulary|reading_comprehension|listening_comprehension,1,v3_reference_style_size_2026-02-15
IMG_OBJECT_MOBILE_PHONE,object_mobile_phone,Mobile Phone,object_scene,universal,img__object_mobile_phone__v1.webp,1024x1024,digital_art_flat_v3,soft neutral gradient,"A clear visual for ""mobile phone"", modern digital art style, sharper vector shapes, sharp vibrant color palette, smooth gradient shading, subtle depth, clean shapes, soft directional lighting, centered composition, minimal background, professional educational visual style, focused subject, minimal clutter, not cartoon, no text, no letters, no numerals, no logos, no realistic, no watermark, no border, output size 1024x1024",language_learning|cross_language_vocabulary|reading_comprehension|listening_comprehension,1,v3_reference_style_size_2026-02-15
IMG_OBJECT_MOMENT,object_moment,Moment,object_scene,universal,img__object_moment__v1.webp,1024x1024,digital_art_flat_v3,light desk surface with blur,"A clear visual for ""moment"", modern digital art style, sharper vector shapes, sharp vibrant color palette, smooth gradient shading, subtle depth, clean shapes, soft directional lighting, centered composition, minimal background, professional educational visual style, focused subject, minimal clutter, not cartoon, no text, no letters, no numerals, no logos, no realistic, no watermark, no border, output size 1024x1024",language_learning|cross_language_vocabulary|reading_comprehension|listening_comprehension,1,v3_reference_style_size_2026-02-15
IMG_OBJECT_MONEY,object_money,Money,object_scene,universal,img__object_money__v1.webp,1024x1024,digital_art_flat_v3,minimal room corner pastel,"A clear visual for ""money"", modern digital art style, sharper vector shapes, sharp vibrant color palette, smooth gradient shading, subtle depth, clean shapes, soft directional lighting, centered composition, minimal background, professional educational visual style, focused subject, minimal clutter, not cartoon, no text, no letters, no numerals, no logos, no realistic, no watermark, no border, output size 1024x1024",language_learning|cross_language_vocabulary|reading_comprehension|listening_comprehension,1,v3_reference_style_size_2026-02-15
IMG_OBJECT_MONTH,object_month,Month,object_scene,universal,img__object_month__v1.webp,1024x1024,digital_art_flat_v3,clean studio light gray,"A clear visual for ""month"", modern digital art style, sharper vector shapes, sharp vibrant color palette, smooth gradient shading, subtle depth, clean shapes, soft directional lighting, centered composition, minimal background, professional educational visual style, focused subject, minimal clutter, not cartoon, no text, no letters, no numerals, no logos, no realistic, no watermark, no border, output size 1024x1024",language_learning|cross_language_vocabulary|reading_comprehension|listening_comprehension,1,v3_reference_style_size_2026-02-15
IMG_OBJECT_MOON,object_moon,Moon,object_scene,universal,img__object_moon__v1.webp,1024x1024,digital_art_flat_v3,minimal room corner pastel,"A clear visual for ""moon"", modern digital art style, sharper vector shapes, sharp vibrant color palette, smooth gradient shading, subtle depth, clean shapes, soft directional lighting, centered composition, minimal background, professional educational visual style, focused subject, minimal clutter, not cartoon, no text, no letters, no numerals, no logos, no realistic, no watermark, no border, output size 1024x1024",language_learning|cross_language_vocabulary|reading_comprehension|listening_comprehension,1,v3_reference_style_size_2026-02-15
IMG_OBJECT_MORNING,object_morning,Morning,object_scene,universal,img__object_morning__v1.webp,1024x1024,digital_art_flat_v3,minimal room corner pastel,"A clear visual for ""morning"", modern digital art style, sharper vector shapes, sharp vibrant color palette, smooth gradient shading, subtle depth, clean shapes, soft directional lighting, centered composition, minimal background, professional educational visual style, focused subject, minimal clutter, not cartoon, no text, no letters, no numerals, no logos, no realistic, no watermark, no border, output size 1024x1024",language_learning|cross_language_vocabulary|reading_comprehension|listening_comprehension,2,v3_reference_style_size_2026-02-15
IMG_OBJECT_MOST,object_most,Most,object_scene,universal,img__object_most__v1.webp,1024x1024,digital_art_flat_v3,soft neutral gradient,"A clear visual for ""most"", modern digital art style, sharper vector shapes, sharp vibrant color palette, smooth gradient shading, subtle depth, clean shapes, soft directional lighting, centered composition, minimal background, professional educational visual style, focused subject, minimal clutter, not cartoon, no text, no letters, no numerals, no logos, no realistic, no watermark, no border, output size 1024x1024",language_learning|cross_language_vocabulary|reading_comprehension|listening_comprehension,1,v3_reference_style_size_2026-02-15
IMG_OBJECT_MOTHER,object_mother,Mother,object_scene,universal,img__object_mother__v1.webp,1024x1024,digital_art_flat_v3,soft neutral gradient,"A clear visual for ""mother"", modern digital art style, sharper vector shapes, sharp vibrant color palette, smooth gradient shading, subtle depth, clean shapes, soft directional lighting, centered composition, minimal background, professional educational visual style, focused subject, minimal clutter, not cartoon, no text, no letters, no numerals, no logos, no realistic, no watermark, no border, output size 1024x1024",language_learning|cross_language_vocabulary|reading_comprehension|listening_comprehension,2,v3_reference_style_size_2026-02-15
IMG_OBJECT_MOUNTAIN,object_mountain,Mountain,object_scene,universal,img__object_mountain__v1.webp,1024x1024,digital_art_flat_v3,soft neutral gradient,"A clear visual for ""mountain"", modern digital art style, sharper vector shapes, sharp vibrant color palette, smooth gradient shading, subtle depth, clean shapes, soft directional lighting, centered composition, minimal background, professional educational visual style, focused subject, minimal clutter, not cartoon, no text, no letters, no numerals, no logos, no realistic, no watermark, no border, output size 1024x1024",language_learning|cross_language_vocabulary|reading_comprehension|listening_comprehension,1,v3_reference_style_size_2026-02-15
IMG_OBJECT_MOUTH,object_mouth,Mouth,object_scene,universal,img__object_mouth__v1.webp,1024x1024,digital_art_flat_v3,minimal room corner pastel,"A clear visual for ""mouth"", modern digital art style, sharper vector shapes, sharp vibrant color palette, smooth gradient shading, subtle depth, clean shapes, soft directional lighting, centered composition, minimal background, professional educational visual style, focused subject, minimal clutter, not cartoon, no text, no letters, no numerals, no logos, no realistic, no watermark, no border, output size 1024x1024",language_learning|cross_language_vocabulary|reading_comprehension|listening_comprehension,1,v3_reference_style_size_2026-02-15
IMG_OBJECT_MOVIE,object_movie,Movie,object_scene,universal,img__object_movie__v1.webp,1024x1024,digital_art_flat_v3,minimal room corner pastel,"A clear visual for ""movie"", modern digital art style, sharper vector shapes, sharp vibrant color palette, smooth gradient shading, subtle depth, clean shapes, soft directional lighting, centered composition, minimal background, professional educational visual style, focused subject, minimal clutter, not cartoon, no text, no letters, no numerals, no logos, no realistic, no watermark, no border, output size 1024x1024",language_learning|cross_language_vocabulary|reading_comprehension|listening_comprehension,1,v3_reference_style_size_2026-02-15
IMG_OBJECT_MOVIE_THEATER,object_movie_theater,Movie Theater,object_scene,universal,img__object_movie_theater__v1.webp,1024x1024,digital_art_flat_v3,light desk surface with blur,"A clear visual for ""movie theater"", modern digital art style, sharper vector shapes, sharp vibrant color palette, smooth gradient shading, subtle depth, clean shapes, soft directional lighting, centered composition, minimal background, professional educational visual style, focused subject, minimal clutter, not cartoon, no text, no letters, no numerals, no logos, no realistic, no watermark, no border, output size 1024x1024",language_learning|cross_language_vocabulary|reading_comprehension|listening_comprehension,1,v3_reference_style_size_2026-02-15
IMG_OBJECT_MR,object_mr,Mr,object_scene,universal,img__object_mr__v1.webp,1024x1024,digital_art_flat_v3,soft neutral gradient,"A clear visual for ""mr"", modern digital art style, sharper vector shapes, sharp vibrant color palette, smooth gradient shading, subtle depth, clean shapes, soft directional lighting, centered composition, minimal background, professional educational visual style, focused subject, minimal clutter, not cartoon, no text, no letters, no numerals, no logos, no realistic, no watermark, no border, output size 1024x1024",language_learning|cross_language_vocabulary|reading_comprehension|listening_comprehension,1,v3_reference_style_size_2026-02-15
IMG_OBJECT_MUCH,object_much,Much,object_scene,universal,img__object_much__v1.webp,1024x1024,digital_art_flat_v3,minimal room corner pastel,"A clear visual for ""much"", modern digital art style, sharper vector shapes, sharp vibrant color palette, smooth gradient shading, subtle depth, clean shapes, soft directional lighting, centered composition, minimal background, professional educational visual style, focused subject, minimal clutter, not cartoon, no text, no letters, no numerals, no logos, no realistic, no watermark, no border, output size 1024x1024",language_learning|cross_language_vocabulary|reading_comprehension|listening_comprehension,1,v3_reference_style_size_2026-02-15
IMG_OBJECT_NAME,object_name,Name,object_scene,universal,img__object_name__v1.webp,1024x1024,digital_art_flat_v3,clean studio light gray,"A clear visual for ""name"", modern digital art style, sharper vector shapes, sharp vibrant color palette, smooth gradient shading, subtle depth, clean shapes, soft directional lighting, centered composition, minimal background, professional educational visual style, focused subject, minimal clutter, not cartoon, no text, no letters, no numerals, no logos, no realistic, no watermark, no border, output size 1024x1024",language_learning|cross_language_vocabulary|reading_comprehension|listening_comprehension,1,v3_reference_style_size_2026-02-15
IMG_OBJECT_NATION,object_nation,Nation,object_scene,universal,img__object_nation__v1.webp,1024x1024,digital_art_flat_v3,soft neutral gradient,"A clear visual for ""nation"", modern digital art style, sharper vector shapes, sharp vibrant color palette, smooth gradient shading, subtle depth, clean shapes, soft directional lighting, centered composition, minimal background, professional educational visual style, focused subject, minimal clutter, not cartoon, no text, no letters, no numerals, no logos, no realistic, no watermark, no border, output size 1024x1024",language_learning|cross_language_vocabulary|reading_comprehension|listening_comprehension,1,v3_reference_style_size_2026-02-15
IMG_OBJECT_NEW,object_new,New,object_scene,universal,img__object_new__v1.webp,1024x1024,digital_art_flat_v3,soft neutral gradient,"A clear visual for ""new"", modern digital art style, sharper vector shapes, sharp vibrant color palette, smooth gradient shading, subtle depth, clean shapes, soft directional lighting, centered composition, minimal background, professional educational visual style, focused subject, minimal clutter, not cartoon, no text, no letters, no numerals, no logos, no realistic, no watermark, no border, output size 1024x1024",language_learning|cross_language_vocabulary|reading_comprehension|listening_comprehension,1,v3_reference_style_size_2026-02-15
IMG_OBJECT_NEW_YEAR,object_new_year,New Year,object_scene,universal,img__object_new_year__v1.webp,1024x1024,digital_art_flat_v3,light desk surface with blur,"A clear visual for ""new year"", modern digital art style, sharper vector shapes, sharp vibrant color palette, smooth gradient shading, subtle depth, clean shapes, soft directional lighting, centered composition, minimal background, professional educational visual style, focused subject, minimal clutter, not cartoon, no text, no letters, no numerals, no logos, no realistic, no watermark, no border, output size 1024x1024",language_learning|cross_language_vocabulary|reading_comprehension|listening_comprehension,1,v3_reference_style_size_2026-02-15
IMG_OBJECT_NEXT_TIME,object_next_time,Next Time,object_scene,universal,img__object_next_time__v1.webp,1024x1024,digital_art_flat_v3,clean studio light gray,"A clear visual for ""next time"", modern digital art style, sharper vector shapes, sharp vibrant color palette, smooth gradient shading, subtle depth, clean shapes, soft directional lighting, centered composition, minimal background, professional educational visual style, focused subject, minimal clutter, not cartoon, no text, no letters, no numerals, no logos, no realistic, no watermark, no border, output size 1024x1024",language_learning|cross_language_vocabulary|reading_comprehension|listening_comprehension,1,v3_reference_style_size_2026-02-15
IMG_OBJECT_NEXT_YEAR,object_next_year,Next Year,object_scene,universal,img__object_next_year__v1.webp,1024x1024,digital_art_flat_v3,minimal room corner pastel,"A clear visual for ""next year"", modern digital art style, sharper vector shapes, sharp vibrant color palette, smooth gradient shading, subtle depth, clean shapes, soft directional lighting, centered composition, minimal background, professional educational visual style, focused subject, minimal clutter, not cartoon, no text, no letters, no numerals, no logos, no realistic, no watermark, no border, output size 1024x1024",language_learning|cross_language_vocabulary|reading_comprehension|listening_comprehension,1,v3_reference_style_size_2026-02-15
IMG_OBJECT_NO_NEED,object_no_need,No Need,object_scene,universal,img__object_no_need__v1.webp,1024x1024,digital_art_flat_v3,minimal room corner pastel,"A clear visual for ""no need"", modern digital art style, sharper vector shapes, sharp vibrant color palette, smooth gradient shading, subtle depth, clean shapes, soft directional lighting, centered composition, minimal background, professional educational visual style, focused subject, minimal clutter, not cartoon, no text, no letters, no numerals, no logos, no realistic, no watermark, no border, output size 1024x1024",language_learning|cross_language_vocabulary|reading_comprehension|listening_comprehension,1,v3_reference_style_size_2026-02-15
IMG_OBJECT_NO_PROBLEM,object_no_problem,No Problem,object_scene,universal,img__object_no_problem__v1.webp,1024x1024,digital_art_flat_v3,light desk surface with blur,"A clear visual for ""no problem"", modern digital art style, sharper vector shapes, sharp vibrant color palette, smooth gradient shading, subtle depth, clean shapes, soft directional lighting, centered composition, minimal background, professional educational visual style, focused subject, minimal clutter, not cartoon, no text, no letters, no numerals, no logos, no realistic, no watermark, no border, output size 1024x1024",language_learning|cross_language_vocabulary|reading_comprehension|listening_comprehension,1,v3_reference_style_size_2026-02-15
IMG_OBJECT_NOODLES,object_noodles,Noodles,object_scene,universal,img__object_noodles__v1.webp,1024x1024,digital_art_flat_v3,light desk surface with blur,"A clear visual for ""noodles"", modern digital art style, sharper vector shapes, sharp vibrant color palette, smooth gradient shading, subtle depth, clean shapes, soft directional lighting, centered composition, minimal background, professional educational visual style, focused subject, minimal clutter, not cartoon, no text, no letters, no numerals, no logos, no realistic, no watermark, no border, output size 1024x1024",language_learning|cross_language_vocabulary|reading_comprehension|listening_comprehension,1,v3_reference_style_size_2026-02-15
IMG_OBJECT_NOON,object_noon,Noon,object_scene,universal,img__object_noon__v1.webp,1024x1024,digital_art_flat_v3,minimal room corner pastel,"A clear visual for ""noon"", modern digital art style, sharper vector shapes, sharp vibrant color palette, smooth gradient shading, subtle depth, clean shapes, soft directional lighting, centered composition, minimal background, professional educational visual style, focused subject, minimal clutter, not cartoon, no text, no letters, no numerals, no logos, no realistic, no watermark, no border, output size 1024x1024",language_learning|cross_language_vocabulary|reading_comprehension|listening_comprehension,1,v3_reference_style_size_2026-02-15
IMG_OBJECT_NORTH,object_north,North,object_scene,universal,img__object_north__v1.webp,1024x1024,digital_art_flat_v3,minimal room corner pastel,"A clear visual for ""north"", modern digital art style, sharper vector shapes, sharp vibrant color palette, smooth gradient shading, subtle depth, clean shapes, soft directional lighting, centered composition, minimal background, professional educational visual style, focused subject, minimal clutter, not cartoon, no text, no letters, no numerals, no logos, no realistic, no watermark, no border, output size 1024x1024",language_learning|cross_language_vocabulary|reading_comprehension|listening_comprehension,1,v3_reference_style_size_2026-02-15
IMG_OBJECT_NORTH_SIDE,object_north_side,North Side,object_scene,universal,img__object_north_side__v1.webp,1024x1024,digital_art_flat_v3,clean studio light gray,"A clear visual for ""north side"", modern digital art style, sharper vector shapes, sharp vibrant color palette, smooth gradient shading, subtle depth, clean shapes, soft directional lighting, centered composition, minimal background, professional educational visual style, focused subject, minimal clutter, not cartoon, no text, no letters, no numerals, no logos, no realistic, no watermark, no border, output size 1024x1024",language_learning|cross_language_vocabulary|reading_comprehension|listening_comprehension,1,v3_reference_style_size_2026-02-15
IMG_OBJECT_NOT_BIG,object_not_big,Not Big,object_scene,universal,img__object_not_big__v1.webp,1024x1024,digital_art_flat_v3,soft neutral gradient,"A clear visual for ""not big"", modern digital art style, sharper vector shapes, sharp vibrant color palette, smooth gradient shading, subtle depth, clean shapes, soft directional lighting, centered composition, minimal background, professional educational visual style, focused subject, minimal clutter, not cartoon, no text, no letters, no numerals, no logos, no realistic, no watermark, no border, output size 1024x1024",language_learning|cross_language_vocabulary|reading_comprehension|listening_comprehension,1,v3_reference_style_size_2026-02-15
IMG_OBJECT_NOT_CORRECT,object_not_correct,Not Correct,object_scene,universal,img__object_not_correct__v1.webp,1024x1024,digital_art_flat_v3,light desk surface with blur,"A clear visual for ""not correct"", modern digital art style, sharper vector shapes, sharp vibrant color palette, smooth gradient shading, subtle depth, clean shapes, soft directional lighting, centered composition, minimal background, professional educational visual style, focused subject, minimal clutter, not cartoon, no text, no letters, no numerals, no logos, no realistic, no watermark, no border, output size 1024x1024",language_learning|cross_language_vocabulary|reading_comprehension|listening_comprehension,1,v3_reference_style_size_2026-02-15
IMG_OBJECT_NOT_HAVE,object_not_have,Not Have,object_scene,universal,img__object_not_have__v1.webp,1024x1024,digital_art_flat_v3,clean studio light gray,"A clear visual for ""not have"", modern digital art style, sharper vector shapes, sharp vibrant color palette, smooth gradient shading, subtle depth, clean shapes, soft directional lighting, centered composition, minimal background, professional educational visual style, focused subject, minimal clutter, not cartoon, no text, no letters, no numerals, no logos, no realistic, no watermark, no border, output size 1024x1024",language_learning|cross_language_vocabulary|reading_comprehension|listening_comprehension,1,v3_reference_style_size_2026-02-15
IMG_OBJECT_NOTEBOOK,object_notebook,Notebook,object_scene,universal,img__object_notebook__v1.webp,1024x1024,digital_art_flat_v3,soft neutral gradient,"A clear visual for ""notebook"", modern digital art style, sharper vector shapes, sharp vibrant color palette, smooth gradient shading, subtle depth, clean shapes, soft directional lighting, centered composition, minimal background, professional educational visual style, focused subject, minimal clutter, not cartoon, no text, no letters, no numerals, no logos, no realistic, no watermark, no border, output size 1024x1024",language_learning|cross_language_vocabulary|reading_comprehension|listening_comprehension,1,v3_reference_style_size_2026-02-15
IMG_OBJECT_NOW,object_now,Now,object_scene,universal,img__object_now__v1.webp,1024x1024,digital_art_flat_v3,minimal room corner pastel,"A clear visual for ""now"", modern digital art style, sharper vector shapes, sharp vibrant color palette, smooth gradient shading, subtle depth, clean shapes, soft directional lighting, centered composition, minimal background, professional educational visual style, focused subject, minimal clutter, not cartoon, no text, no letters, no numerals, no logos, no realistic, no watermark, no border, output size 1024x1024",language_learning|cross_language_vocabulary|reading_comprehension|listening_comprehension,1,v3_reference_style_size_2026-02-15
IMG_OBJECT_NUMBER,object_number,Number,object_scene,universal,img__object_number__v1.webp,1024x1024,digital_art_flat_v3,soft neutral gradient,"A clear visual for ""number"", modern digital art style, sharper vector shapes, sharp vibrant color palette, smooth gradient shading, subtle depth, clean shapes, soft directional lighting, centered composition, minimal background, professional educational visual style, focused subject, minimal clutter, not cartoon, no text, no letters, no numerals, no logos, no realistic, no watermark, no border, output size 1024x1024",language_learning|cross_language_vocabulary|reading_comprehension|listening_comprehension,1,v3_reference_style_size_2026-02-15
IMG_OBJECT_O_CLOCK,object_o_clock,O'Clock,object_scene,universal,img__object_o_clock__v1.webp,1024x1024,digital_art_flat_v3,soft neutral gradient,"A clear visual for ""o'clock"", modern digital art style, sharper vector shapes, sharp vibrant color palette, smooth gradient shading, subtle depth, clean shapes, soft directional lighting, centered composition, minimal background, professional educational visual style, focused subject, minimal clutter, not cartoon, no text, no letters, no numerals, no logos, no realistic, no watermark, no border, output size 1024x1024",language_learning|cross_language_vocabulary|reading_comprehension|listening_comprehension,1,v3_reference_style_size_2026-02-15
IMG_OBJECT_OFF_WORK,object_off_work,Off Work,object_scene,universal,img__object_off_work__v1.webp,1024x1024,digital_art_flat_v3,soft neutral gradient,"A clear visual for ""off work"", modern digital art style, sharper vector shapes, sharp vibrant color palette, smooth gradient shading, subtle depth, clean shapes, soft directional lighting, centered composition, minimal background, professional educational visual style, focused subject, minimal clutter, not cartoon, no text, no letters, no numerals, no logos, no realistic, no watermark, no border, output size 1024x1024",language_learning|cross_language_vocabulary|reading_comprehension|listening_comprehension,1,v3_reference_style_size_2026-02-15
IMG_OBJECT_OFTEN,object_often,Often,object_scene,universal,img__object_often__v1.webp,1024x1024,digital_art_flat_v3,soft neutral gradient,"A clear visual for ""often"", modern digital art style, sharper vector shapes, sharp vibrant color palette, smooth gradient shading, subtle depth, clean shapes, soft directional lighting, centered composition, minimal background, professional educational visual style, focused subject, minimal clutter, not cartoon, no text, no letters, no numerals, no logos, no realistic, no watermark, no border, output size 1024x1024",language_learning|cross_language_vocabulary|reading_comprehension|listening_comprehension,1,v3_reference_style_size_2026-02-15
IMG_OBJECT_OLD,object_old,Old,object_scene,universal,img__object_old__v1.webp,1024x1024,digital_art_flat_v3,soft neutral gradient,"A clear visual for ""old"", modern digital art style, sharper vector shapes, sharp vibrant color palette, smooth gradient shading, subtle depth, clean shapes, soft directional lighting, centered composition, minimal background, professional educational visual style, focused subject, minimal clutter, not cartoon, no text, no letters, no numerals, no logos, no realistic, no watermark, no border, output size 1024x1024",language_learning|cross_language_vocabulary|reading_comprehension|listening_comprehension,1,v3_reference_style_size_2026-02-15
IMG_OBJECT_OLDER_BROTHER,object_older_brother,Older Brother,object_scene,universal,img__object_older_brother__v1.webp,1024x1024,digital_art_flat_v3,light desk surface with blur,"A clear visual for ""older brother"", modern digital art style, sharper vector shapes, sharp vibrant color palette, smooth gradient shading, subtle depth, clean shapes, soft directional lighting, centered composition, minimal background, professional educational visual style, focused subject, minimal clutter, not cartoon, no text, no letters, no numerals, no logos, no realistic, no watermark, no border, output size 1024x1024",language_learning|cross_language_vocabulary|reading_comprehension|listening_comprehension,1,v3_reference_style_size_2026-02-15
IMG_OBJECT_OLDER_SISTER,object_older_sister,Older Sister,object_scene,universal,img__object_older_sister__v1.webp,1024x1024,digital_art_flat_v3,minimal room corner pastel,"A clear visual for ""older sister"", modern digital art style, sharper vector shapes, sharp vibrant color palette, smooth gradient shading, subtle depth, clean shapes, soft directional lighting, centered composition, minimal background, professional educational visual style, focused subject, minimal clutter, not cartoon, no text, no letters, no numerals, no logos, no realistic, no watermark, no border, output size 1024x1024",language_learning|cross_language_vocabulary|reading_comprehension|listening_comprehension,1,v3_reference_style_size_2026-02-15
IMG_OBJECT_ON,object_on,On,object_scene,universal,img__object_on__v1.webp,1024x1024,digital_art_flat_v3,soft neutral gradient,"A clear visual for ""on"", modern digital art style, sharper vector shapes, sharp vibrant color palette, smooth gradient shading, subtle depth, clean shapes, soft directional lighting, centered composition, minimal background, professional educational visual style, focused subject, minimal clutter, not cartoon, no text, no letters, no numerals, no logos, no realistic, no watermark, no border, output size 1024x1024",language_learning|cross_language_vocabulary|reading_comprehension|listening_comprehension,2,v3_reference_style_size_2026-02-15
IMG_OBJECT_ON_THE_BODY,object_on_the_body,On The Body,object_scene,universal,img__object_on_the_body__v1.webp,1024x1024,digital_art_flat_v3,clean studio light gray,"A clear visual for ""on the body"", modern digital art style, sharper vector shapes, sharp vibrant color palette, smooth gradient shading, subtle depth, clean shapes, soft directional lighting, centered composition, minimal background, professional educational visual style, focused subject, minimal clutter, not cartoon, no text, no letters, no numerals, no logos, no realistic, no watermark, no border, output size 1024x1024",language_learning|cross_language_vocabulary|reading_comprehension|listening_comprehension,1,v3_reference_style_size_2026-02-15
IMG_OBJECT_ON_THE_GROUND,object_on_the_ground,On The Ground,object_scene,universal,img__object_on_the_ground__v1.webp,1024x1024,digital_art_flat_v3,soft neutral gradient,"A clear visual for ""on the ground"", modern digital art style, sharper vector shapes, sharp vibrant color palette, smooth gradient shading, subtle depth, clean shapes, soft directional lighting, centered composition, minimal background, professional educational visual style, focused subject, minimal clutter, not cartoon, no text, no letters, no numerals, no logos, no realistic, no watermark, no border, output size 1024x1024",language_learning|cross_language_vocabulary|reading_comprehension|listening_comprehension,1,v3_reference_style_size_2026-02-15
IMG_OBJECT_ON_THE_VEHICLE,object_on_the_vehicle,On The Vehicle,object_scene,universal,img__object_on_the_vehicle__v1.webp,1024x1024,digital_art_flat_v3,clean studio light gray,"A clear visual for ""on the vehicle"", modern digital art style, sharper vector shapes, sharp vibrant color palette, smooth gradient shading, subtle depth, clean shapes, soft directional lighting, centered composition, minimal background, professional educational visual style, focused subject, minimal clutter, not cartoon, no text, no letters, no numerals, no logos, no realistic, no watermark, no border, output size 1024x1024",language_learning|cross_language_vocabulary|reading_comprehension|listening_comprehension,1,v3_reference_style_size_2026-02-15
IMG_OBJECT_ONE_SIDE,object_one_side,One Side,object_scene,universal,img__object_one_side__v1.webp,1024x1024,digital_art_flat_v3,soft neutral gradient,"A clear visual for ""one side"", modern digital art style, sharper vector shapes, sharp vibrant color palette, smooth gradient shading, subtle depth, clean shapes, soft directional lighting, centered composition, minimal background, professional educational visual style, focused subject, minimal clutter, not cartoon, no text, no letters, no numerals, no logos, no realistic, no watermark, no border, output size 1024x1024",language_learning|cross_language_vocabulary|reading_comprehension|listening_comprehension,1,v3_reference_style_size_2026-02-15
IMG_OBJECT_ONLINE,object_online,Online,object_scene,universal,img__object_online__v1.webp,1024x1024,digital_art_flat_v3,clean studio light gray,"A clear visual for ""online"", modern digital art style, sharper vector shapes, sharp vibrant color palette, smooth gradient shading, subtle depth, clean shapes, soft directional lighting, centered composition, minimal background, professional educational visual style, focused subject, minimal clutter, not cartoon, no text, no letters, no numerals, no logos, no realistic, no watermark, no border, output size 1024x1024",language_learning|cross_language_vocabulary|reading_comprehension|listening_comprehension,1,v3_reference_style_size_2026-02-15
IMG_OBJECT_ONLINE_FRIEND,object_online_friend,Online Friend,object_scene,universal,img__object_online_friend__v1.webp,1024x1024,digital_art_flat_v3,soft neutral gradient,"A clear visual for ""online friend"", modern digital art style, sharper vector shapes, sharp vibrant color palette, smooth gradient shading, subtle depth, clean shapes, soft directional lighting, centered composition, minimal background, professional educational visual style, focused subject, minimal clutter, not cartoon, no text, no letters, no numerals, no logos, no realistic, no watermark, no border, output size 1024x1024",language_learning|cross_language_vocabulary|reading_comprehension|listening_comprehension,1,v3_reference_style_size_2026-02-15
IMG_OBJECT_OPEN,object_open,Open,object_scene,universal,img__object_open__v1.webp,1024x1024,digital_art_flat_v3,clean studio light gray,"A clear visual for ""open"", modern digital art style, sharper vector shapes, sharp vibrant color palette, smooth gradient shading, subtle depth, clean shapes, soft directional lighting, centered composition, minimal background, professional educational visual style, focused subject, minimal clutter, not cartoon, no text, no letters, no numerals, no logos, no realistic, no watermark, no border, output size 1024x1024",language_learning|cross_language_vocabulary|reading_comprehension|listening_comprehension,1,v3_reference_style_size_2026-02-15
IMG_OBJECT_OR,object_or,Or,object_scene,universal,img__object_or__v1.webp,1024x1024,digital_art_flat_v3,minimal room corner pastel,"A clear visual for ""or"", modern digital art style, sharper vector shapes, sharp vibrant color palette, smooth gradient shading, subtle depth, clean shapes, soft directional lighting, centered composition, minimal background, professional educational visual style, focused subject, minimal clutter, not cartoon, no text, no letters, no numerals, no logos, no realistic, no watermark, no border, output size 1024x1024",language_learning|cross_language_vocabulary|reading_comprehension|listening_comprehension,1,v3_reference_style_size_2026-02-15
IMG_OBJECT_ORDINAL_PREFIX,object_ordinal_prefix,Ordinal Prefix,object_scene,universal,img__object_ordinal_prefix__v1.webp,1024x1024,digital_art_flat_v3,light desk surface with blur,"A clear visual for ""ordinal prefix"", modern digital art style, sharper vector shapes, sharp vibrant color palette, smooth gradient shading, subtle depth, clean shapes, soft directional lighting, centered composition, minimal background, professional educational visual style, focused subject, minimal clutter, not cartoon, no text, no letters, no numerals, no logos, no realistic, no watermark, no border, output size 1024x1024",language_learning|cross_language_vocabulary|reading_comprehension|listening_comprehension,1,v3_reference_style_size_2026-02-15
IMG_OBJECT_OTHER,object_other,Other,object_scene,universal,img__object_other__v1.webp,1024x1024,digital_art_flat_v3,light desk surface with blur,"A clear visual for ""other"", modern digital art style, sharper vector shapes, sharp vibrant color palette, smooth gradient shading, subtle depth, clean shapes, soft directional lighting, centered composition, minimal background, professional educational visual style, focused subject, minimal clutter, not cartoon, no text, no letters, no numerals, no logos, no realistic, no watermark, no border, output size 1024x1024",language_learning|cross_language_vocabulary|reading_comprehension|listening_comprehension,1,v3_reference_style_size_2026-02-15
IMG_OBJECT_OTHER_PEOPLE,object_other_people,Other People,object_scene,universal,img__object_other_people__v1.webp,1024x1024,digital_art_flat_v3,clean studio light gray,"A clear visual for ""other people"", modern digital art style, sharper vector shapes, sharp vibrant color palette, smooth gradient shading, subtle depth, clean shapes, soft directional lighting, centered composition, minimal background, professional educational visual style, focused subject, minimal clutter, not cartoon, no text, no letters, no numerals, no logos, no realistic, no watermark, no border, output size 1024x1024",language_learning|cross_language_vocabulary|reading_comprehension|listening_comprehension,1,v3_reference_style_size_2026-02-15
IMG_OBJECT_OUTSIDE,object_outside,Outside,object_scene,universal,img__object_outside__v1.webp,1024x1024,digital_art_flat_v3,minimal room corner pastel,"A clear visual for ""outside"", modern digital art style, sharper vector shapes, sharp vibrant color palette, smooth gradient shading, subtle depth, clean shapes, soft directional lighting, centered composition, minimal background, professional educational visual style, focused subject, minimal clutter, not cartoon, no text, no letters, no numerals, no logos, no realistic, no watermark, no border, output size 1024x1024",language_learning|cross_language_vocabulary|reading_comprehension|listening_comprehension,2,v3_reference_style_size_2026-02-15
IMG_OBJECT_OVER_THERE,object_over_there,Over There,object_scene,universal,img__object_over_there__v1.webp,1024x1024,digital_art_flat_v3,minimal room corner pastel,"A clear visual for ""over there"", modern digital art style, sharper vector shapes, sharp vibrant color palette, smooth gradient shading, subtle depth, clean shapes, soft directional lighting, centered composition, minimal background, professional educational visual style, focused subject, minimal clutter, not cartoon, no text, no letters, no numerals, no logos, no realistic, no watermark, no border, output size 1024x1024",language_learning|cross_language_vocabulary|reading_comprehension|listening_comprehension,1,v3_reference_style_size_2026-02-15
IMG_OBJECT_PAGE,object_page,Page,object_scene,universal,img__object_page__v1.webp,1024x1024,digital_art_flat_v3,light desk surface with blur,"A clear visual for ""page"", modern digital art style, sharper vector shapes, sharp vibrant color palette, smooth gradient shading, subtle depth, clean shapes, soft directional lighting, centered composition, minimal background, professional educational visual style, focused subject, minimal clutter, not cartoon, no text, no letters, no numerals, no logos, no realistic, no watermark, no border, output size 1024x1024",language_learning|cross_language_vocabulary|reading_comprehension|listening_comprehension,1,v3_reference_style_size_2026-02-15
IMG_OBJECT_PATERNAL_GRANDMOTHER,object_paternal_grandmother,Paternal Grandmother,object_scene,universal,img__object_paternal_grandmother__v1.webp,1024x1024,digital_art_flat_v3,light desk surface with blur,"A clear visual for ""paternal grandmother"", modern digital art style, sharper vector shapes, sharp vibrant color palette, smooth gradient shading, subtle depth, clean shapes, soft directional lighting, centered composition, minimal background, professional educational visual style, focused subject, minimal clutter, not cartoon, no text, no letters, no numerals, no logos, no realistic, no watermark, no border, output size 1024x1024",language_learning|cross_language_vocabulary|reading_comprehension|listening_comprehension,1,v3_reference_style_size_2026-02-15
IMG_OBJECT_PATIENT,object_patient,Patient,object_scene,universal,img__object_patient__v1.webp,1024x1024,digital_art_flat_v3,clean studio light gray,"A clear visual for ""patient"", modern digital art style, sharper vector shapes, sharp vibrant color palette, smooth gradient shading, subtle depth, clean shapes, soft directional lighting, centered composition, minimal background, professional educational visual style, focused subject, minimal clutter, not cartoon, no text, no letters, no numerals, no logos, no realistic, no watermark, no border, output size 1024x1024",language_learning|cross_language_vocabulary|reading_comprehension|listening_comprehension,1,v3_reference_style_size_2026-02-15
IMG_OBJECT_PEOPLE,object_people,People,object_scene,universal,img__object_people__v1.webp,1024x1024,digital_art_flat_v3,minimal room corner pastel,"A clear visual for ""people"", modern digital art style, sharper vector shapes, sharp vibrant color palette, smooth gradient shading, subtle depth, clean shapes, soft directional lighting, centered composition, minimal background, professional educational visual style, focused subject, minimal clutter, not cartoon, no text, no letters, no numerals, no logos, no realistic, no watermark, no border, output size 1024x1024",language_learning|cross_language_vocabulary|reading_comprehension|listening_comprehension,1,v3_reference_style_size_2026-02-15
IMG_OBJECT_PERSON,object_person,Person,object_scene,universal,img__object_person__v1.webp,1024x1024,digital_art_flat_v3,light desk surface with blur,"A clear visual for ""person"", modern digital art style, sharper vector shapes, sharp vibrant color palette, smooth gradient shading, subtle depth, clean shapes, soft directional lighting, centered composition, minimal background, professional educational visual style, focused subject, minimal clutter, not cartoon, no text, no letters, no numerals, no logos, no realistic, no watermark, no border, output size 1024x1024",language_learning|cross_language_vocabulary|reading_comprehension|listening_comprehension,1,v3_reference_style_size_2026-02-15
IMG_OBJECT_PIECE,object_piece,Piece,object_scene,universal,img__object_piece__v1.webp,1024x1024,digital_art_flat_v3,light desk surface with blur,"A clear visual for ""piece"", modern digital art style, sharper vector shapes, sharp vibrant color palette, smooth gradient shading, subtle depth, clean shapes, soft directional lighting, centered composition, minimal background, professional educational visual style, focused subject, minimal clutter, not cartoon, no text, no letters, no numerals, no logos, no realistic, no watermark, no border, output size 1024x1024",language_learning|cross_language_vocabulary|reading_comprehension|listening_comprehension,1,v3_reference_style_size_2026-02-15
IMG_OBJECT_PLACE,object_place,Place,object_scene,universal,img__object_place__v1.webp,1024x1024,digital_art_flat_v3,clean studio light gray,"A clear visual for ""place"", modern digital art style, sharper vector shapes, sharp vibrant color palette, smooth gradient shading, subtle depth, clean shapes, soft directional lighting, centered composition, minimal background, professional educational visual style, focused subject, minimal clutter, not cartoon, no text, no letters, no numerals, no logos, no realistic, no watermark, no border, output size 1024x1024",language_learning|cross_language_vocabulary|reading_comprehension|listening_comprehension,1,v3_reference_style_size_2026-02-15
IMG_OBJECT_PLANE_TICKET,object_plane_ticket,Plane Ticket,object_scene,universal,img__object_plane_ticket__v1.webp,1024x1024,digital_art_flat_v3,light desk surface with blur,"A clear visual for ""plane ticket"", modern digital art style, sharper vector shapes, sharp vibrant color palette, smooth gradient shading, subtle depth, clean shapes, soft directional lighting, centered composition, minimal background, professional educational visual style, focused subject, minimal clutter, not cartoon, no text, no letters, no numerals, no logos, no realistic, no watermark, no border, output size 1024x1024",language_learning|cross_language_vocabulary|reading_comprehension|listening_comprehension,1,v3_reference_style_size_2026-02-15
IMG_OBJECT_PLAYING_BALL,object_playing_ball,Playing Ball,object_scene,universal,img__object_playing_ball__v1.webp,1024x1024,digital_art_flat_v3,soft neutral gradient,"A clear visual for ""playing ball"", modern digital art style, sharper vector shapes, sharp vibrant color palette, smooth gradient shading, subtle depth, clean shapes, soft directional lighting, centered composition, minimal background, professional educational visual style, focused subject, minimal clutter, not cartoon, no text, no letters, no numerals, no logos, no realistic, no watermark, no border, output size 1024x1024",language_learning|cross_language_vocabulary|reading_comprehension|listening_comprehension,1,v3_reference_style_size_2026-02-15
IMG_OBJECT_PLEASANT_TO_HEAR,object_pleasant_to_hear,Pleasant To Hear,object_scene,universal,img__object_pleasant_to_hear__v1.webp,1024x1024,digital_art_flat_v3,minimal room corner pastel,"A clear visual for ""pleasant to hear"", modern digital art style, sharper vector shapes, sharp vibrant color palette, smooth gradient shading, subtle depth, clean shapes, soft directional lighting, centered composition, minimal background, professional educational visual style, focused subject, minimal clutter, not cartoon, no text, no letters, no numerals, no logos, no realistic, no watermark, no border, output size 1024x1024",language_learning|cross_language_vocabulary|reading_comprehension|listening_comprehension,1,v3_reference_style_size_2026-02-15
IMG_OBJECT_PLEASE,object_please,Please,object_scene,universal,img__object_please__v1.webp,1024x1024,digital_art_flat_v3,light desk surface with blur,"A clear visual for ""please"", modern digital art style, sharper vector shapes, sharp vibrant color palette, smooth gradient shading, subtle depth, clean shapes, soft directional lighting, centered composition, minimal background, professional educational visual style, focused subject, minimal clutter, not cartoon, no text, no letters, no numerals, no logos, no realistic, no watermark, no border, output size 1024x1024",language_learning|cross_language_vocabulary|reading_comprehension|listening_comprehension,1,v3_reference_style_size_2026-02-15
IMG_OBJECT_PLEASE_COME_IN,object_please_come_in,Please Come In,object_scene,universal,img__object_please_come_in__v1.webp,1024x1024,digital_art_flat_v3,clean studio light gray,"A clear visual for ""please come in"", modern digital art style, sharper vector shapes, sharp vibrant color palette, smooth gradient shading, subtle depth, clean shapes, soft directional lighting, centered composition, minimal background, professional educational visual style, focused subject, minimal clutter, not cartoon, no text, no letters, no numerals, no logos, no realistic, no watermark, no border, output size 1024x1024",language_learning|cross_language_vocabulary|reading_comprehension|listening_comprehension,1,v3_reference_style_size_2026-02-15
IMG_OBJECT_PLEASE_SIT,object_please_sit,Please Sit,object_scene,universal,img__object_please_sit__v1.webp,1024x1024,digital_art_flat_v3,light desk surface with blur,"A clear visual for ""please sit"", modern digital art style, sharper vector shapes, sharp vibrant color palette, smooth gradient shading, subtle depth, clean shapes, soft directional lighting, centered composition, minimal background, professional educational visual style, focused subject, minimal clutter, not cartoon, no text, no letters, no numerals, no logos, no realistic, no watermark, no border, output size 1024x1024",language_learning|cross_language_vocabulary|reading_comprehension|listening_comprehension,1,v3_reference_style_size_2026-02-15
IMG_OBJECT_POSITIVE,object_positive,Positive,object_scene,universal,img__object_positive__v1.webp,1024x1024,digital_art_flat_v3,light desk surface with blur,"A clear visual for ""positive"", modern digital art style, sharper vector shapes, sharp vibrant color palette, smooth gradient shading, subtle depth, clean shapes, soft directional lighting, centered composition, minimal background, professional educational visual style, focused subject, minimal clutter, not cartoon, no text, no letters, no numerals, no logos, no realistic, no watermark, no border, output size 1024x1024",language_learning|cross_language_vocabulary|reading_comprehension|listening_comprehension,1,v3_reference_style_size_2026-02-15
IMG_OBJECT_PREPARE,object_prepare,Prepare,object_scene,universal,img__object_prepare__v1.webp,1024x1024,digital_art_flat_v3,minimal room corner pastel,"A clear visual for ""prepare"", modern digital art style, sharper vector shapes, sharp vibrant color palette, smooth gradient shading, subtle depth, clean shapes, soft directional lighting, centered composition, minimal background, professional educational visual style, focused subject, minimal clutter, not cartoon, no text, no letters, no numerals, no logos, no realistic, no watermark, no border, output size 1024x1024",language_learning|cross_language_vocabulary|reading_comprehension|listening_comprehension,1,v3_reference_style_size_2026-02-15
IMG_OBJECT_RAIN,object_rain,Rain,object_scene,universal,img__object_rain__v1.webp,1024x1024,digital_art_flat_v3,soft neutral gradient,"A clear visual for ""rain"", modern digital art style, sharper vector shapes, sharp vibrant color palette, smooth gradient shading, subtle depth, clean shapes, soft directional lighting, centered composition, minimal background, professional educational visual style, focused subject, minimal clutter, not cartoon, no text, no letters, no numerals, no logos, no realistic, no watermark, no border, output size 1024x1024",language_learning|cross_language_vocabulary|reading_comprehension|listening_comprehension,1,v3_reference_style_size_2026-02-15
IMG_OBJECT_READING_BOOKS,object_reading_books,Reading Books,object_scene,universal,img__object_reading_books__v1.webp,1024x1024,digital_art_flat_v3,soft neutral gradient,"A clear visual for ""reading books"", modern digital art style, sharper vector shapes, sharp vibrant color palette, smooth gradient shading, subtle depth, clean shapes, soft directional lighting, centered composition, minimal background, professional educational visual style, focused subject, minimal clutter, not cartoon, no text, no letters, no numerals, no logos, no realistic, no watermark, no border, output size 1024x1024",language_learning|cross_language_vocabulary|reading_comprehension|listening_comprehension,1,v3_reference_style_size_2026-02-15
IMG_OBJECT_REALLY,object_really,Really,object_scene,universal,img__object_really__v1.webp,1024x1024,digital_art_flat_v3,light desk surface with blur,"A clear visual for ""really"", modern digital art style, sharper vector shapes, sharp vibrant color palette, smooth gradient shading, subtle depth, clean shapes, soft directional lighting, centered composition, minimal background, professional educational visual style, focused subject, minimal clutter, not cartoon, no text, no letters, no numerals, no logos, no realistic, no watermark, no border, output size 1024x1024",language_learning|cross_language_vocabulary|reading_comprehension|listening_comprehension,1,v3_reference_style_size_2026-02-15
IMG_OBJECT_REQUEST_FOR_LEAVE,object_request_for_leave,Request For Leave,object_scene,universal,img__object_request_for_leave__v1.webp,1024x1024,digital_art_flat_v3,minimal room corner pastel,"A clear visual for ""request for leave"", modern digital art style, sharper vector shapes, sharp vibrant color palette, smooth gradient shading, subtle depth, clean shapes, soft directional lighting, centered composition, minimal background, professional educational visual style, focused subject, minimal clutter, not cartoon, no text, no letters, no numerals, no logos, no realistic, no watermark, no border, output size 1024x1024",language_learning|cross_language_vocabulary|reading_comprehension|listening_comprehension,1,v3_reference_style_size_2026-02-15
IMG_OBJECT_REST,object_rest,Rest,object_scene,universal,img__object_rest__v1.webp,1024x1024,digital_art_flat_v3,light desk surface with blur,"A clear visual for ""rest"", modern digital art style, sharper vector shapes, sharp vibrant color palette, smooth gradient shading, subtle depth, clean shapes, soft directional lighting, centered composition, minimal background, professional educational visual style, focused subject, minimal clutter, not cartoon, no text, no letters, no numerals, no logos, no realistic, no watermark, no border, output size 1024x1024",language_learning|cross_language_vocabulary|reading_comprehension|listening_comprehension,1,v3_reference_style_size_2026-02-15
IMG_OBJECT_RETURN_TO,object_return_to,Return To,object_scene,universal,img__object_return_to__v1.webp,1024x1024,digital_art_flat_v3,soft neutral gradient,"A clear visual for ""return to"", modern digital art style, sharper vector shapes, sharp vibrant color palette, smooth gradient shading, subtle depth, clean shapes, soft directional lighting, centered composition, minimal background, professional educational visual style, focused subject, minimal clutter, not cartoon, no text, no letters, no numerals, no logos, no realistic, no watermark, no border, output size 1024x1024",language_learning|cross_language_vocabulary|reading_comprehension|listening_comprehension,1,v3_reference_style_size_2026-02-15
IMG_OBJECT_RIGHT,object_right,Right,object_scene,universal,img__object_right__v1.webp,1024x1024,digital_art_flat_v3,clean studio light gray,"A clear visual for ""right"", modern digital art style, sharper vector shapes, sharp vibrant color palette, smooth gradient shading, subtle depth, clean shapes, soft directional lighting, centered composition, minimal background, professional educational visual style, focused subject, minimal clutter, not cartoon, no text, no letters, no numerals, no logos, no realistic, no watermark, no border, output size 1024x1024",language_learning|cross_language_vocabulary|reading_comprehension|listening_comprehension,1,v3_reference_style_size_2026-02-15
IMG_OBJECT_RIGHT_SIDE,object_right_side,Right Side,object_scene,universal,img__object_right_side__v1.webp,1024x1024,digital_art_flat_v3,light desk surface with blur,"A clear visual for ""right side"", modern digital art style, sharper vector shapes, sharp vibrant color palette, smooth gradient shading, subtle depth, clean shapes, soft directional lighting, centered composition, minimal background, professional educational visual style, focused subject, minimal clutter, not cartoon, no text, no letters, no numerals, no logos, no realistic, no watermark, no border, output size 1024x1024",language_learning|cross_language_vocabulary|reading_comprehension|listening_comprehension,1,v3_reference_style_size_2026-02-15
IMG_OBJECT_SEE_A_DOCTOR,object_see_a_doctor,See A Doctor,object_scene,universal,img__object_see_a_doctor__v1.webp,1024x1024,digital_art_flat_v3,minimal room corner pastel,"A clear visual for ""see a doctor"", modern digital art style, sharper vector shapes, sharp vibrant color palette, smooth gradient shading, subtle depth, clean shapes, soft directional lighting, centered composition, minimal background, professional educational visual style, focused subject, minimal clutter, not cartoon, no text, no letters, no numerals, no logos, no realistic, no watermark, no border, output size 1024x1024",language_learning|cross_language_vocabulary|reading_comprehension|listening_comprehension,1,v3_reference_style_size_2026-02-15
IMG_OBJECT_SERIOUS,object_serious,Serious,object_scene,universal,img__object_serious__v1.webp,1024x1024,digital_art_flat_v3,clean studio light gray,"A clear visual for ""serious"", modern digital art style, sharper vector shapes, sharp vibrant color palette, smooth gradient shading, subtle depth, clean shapes, soft directional lighting, centered composition, minimal background, professional educational visual style, focused subject, minimal clutter, not cartoon, no text, no letters, no numerals, no logos, no realistic, no watermark, no border, output size 1024x1024",language_learning|cross_language_vocabulary|reading_comprehension|listening_comprehension,1,v3_reference_style_size_2026-02-15
IMG_OBJECT_SHE,object_she,She,object_scene,universal,img__object_she__v1.webp,1024x1024,digital_art_flat_v3,light desk surface with blur,"A clear visual for ""she"", modern digital art style, sharper vector shapes, sharp vibrant color palette, smooth gradient shading, subtle depth, clean shapes, soft directional lighting, centered composition, minimal background, professional educational visual style, focused subject, minimal clutter, not cartoon, no text, no letters, no numerals, no logos, no realistic, no watermark, no border, output size 1024x1024",language_learning|cross_language_vocabulary|reading_comprehension|listening_comprehension,1,v3_reference_style_size_2026-02-15
IMG_OBJECT_SIMULTANEOUSLY,object_simultaneously,Simultaneously,object_scene,universal,img__object_simultaneously__v1.webp,1024x1024,digital_art_flat_v3,clean studio light gray,"A clear visual for ""simultaneously"", modern digital art style, sharper vector shapes, sharp vibrant color palette, smooth gradient shading, subtle depth, clean shapes, soft directional lighting, centered composition, minimal background, professional educational visual style, focused subject, minimal clutter, not cartoon, no text, no letters, no numerals, no logos, no realistic, no watermark, no border, output size 1024x1024",language_learning|cross_language_vocabulary|reading_comprehension|listening_comprehension,1,v3_reference_style_size_2026-02-15
IMG_OBJECT_SINGING,object_singing,Singing,object_scene,universal,img__object_singing__v1.webp,1024x1024,digital_art_flat_v3,clean studio light gray,"A clear visual for ""singing"", modern digital art style, sharper vector shapes, sharp vibrant color palette, smooth gradient shading, subtle depth, clean shapes, soft directional lighting, centered composition, minimal background, professional educational visual style, focused subject, minimal clutter, not cartoon, no text, no letters, no numerals, no logos, no realistic, no watermark, no border, output size 1024x1024",language_learning|cross_language_vocabulary|reading_comprehension|listening_comprehension,1,v3_reference_style_size_2026-02-15
IMG_OBJECT_SIT_DOWN,object_sit_down,Sit Down,object_scene,universal,img__object_sit_down__v1.webp,1024x1024,digital_art_flat_v3,soft neutral gradient,"A clear visual for ""sit down"", modern digital art style, sharper vector shapes, sharp vibrant color palette, smooth gradient shading, subtle depth, clean shapes, soft directional lighting, centered composition, minimal background, professional educational visual style, focused subject, minimal clutter, not cartoon, no text, no letters, no numerals, no logos, no realistic, no watermark, no border, output size 1024x1024",language_learning|cross_language_vocabulary|reading_comprehension|listening_comprehension,1,v3_reference_style_size_2026-02-15
IMG_OBJECT_SKY,object_sky,Sky,object_scene,universal,img__object_sky__v1.webp,1024x1024,digital_art_flat_v3,light desk surface with blur,"A clear visual for ""sky"", modern digital art style, sharper vector shapes, sharp vibrant color palette, smooth gradient shading, subtle depth, clean shapes, soft directional lighting, centered composition, minimal background, professional educational visual style, focused subject, minimal clutter, not cartoon, no text, no letters, no numerals, no logos, no realistic, no watermark, no border, output size 1024x1024",language_learning|cross_language_vocabulary|reading_comprehension|listening_comprehension,1,v3_reference_style_size_2026-02-15
IMG_OBJECT_SLOW,object_slow,Slow,object_scene,universal,img__object_slow__v1.webp,1024x1024,digital_art_flat_v3,minimal room corner pastel,"A clear visual for ""slow"", modern digital art style, sharper vector shapes, sharp vibrant color palette, smooth gradient shading, subtle depth, clean shapes, soft directional lighting, centered composition, minimal background, professional educational visual style, focused subject, minimal clutter, not cartoon, no text, no letters, no numerals, no logos, no realistic, no watermark, no border, output size 1024x1024",language_learning|cross_language_vocabulary|reading_comprehension|listening_comprehension,1,v3_reference_style_size_2026-02-15
IMG_OBJECT_SMALL,object_small,Small,object_scene,universal,img__object_small__v1.webp,1024x1024,digital_art_flat_v3,light desk surface with blur,"A clear visual for ""small"", modern digital art style, sharper vector shapes, sharp vibrant color palette, smooth gradient shading, subtle depth, clean shapes, soft directional lighting, centered composition, minimal background, professional educational visual style, focused subject, minimal clutter, not cartoon, no text, no letters, no numerals, no logos, no realistic, no watermark, no border, output size 1024x1024",language_learning|cross_language_vocabulary|reading_comprehension|listening_comprehension,1,v3_reference_style_size_2026-02-15
IMG_OBJECT_SOME,object_some,Some,object_scene,universal,img__object_some__v1.webp,1024x1024,digital_art_flat_v3,minimal room corner pastel,"A clear visual for ""some"", modern digital art style, sharper vector shapes, sharp vibrant color palette, smooth gradient shading, subtle depth, clean shapes, soft directional lighting, centered composition, minimal background, professional educational visual style, focused subject, minimal clutter, not cartoon, no text, no letters, no numerals, no logos, no realistic, no watermark, no border, output size 1024x1024",language_learning|cross_language_vocabulary|reading_comprehension|listening_comprehension,3,v3_reference_style_size_2026-02-15
IMG_OBJECT_SOMETIMES,object_sometimes,Sometimes,object_scene,universal,img__object_sometimes__v1.webp,1024x1024,digital_art_flat_v3,soft neutral gradient,"A clear visual for ""sometimes"", modern digital art style, sharper vector shapes, sharp vibrant color palette, smooth gradient shading, subtle depth, clean shapes, soft directional lighting, centered composition, minimal background, professional educational visual style, focused subject, minimal clutter, not cartoon, no text, no letters, no numerals, no logos, no realistic, no watermark, no border, output size 1024x1024",language_learning|cross_language_vocabulary|reading_comprehension|listening_comprehension,1,v3_reference_style_size_2026-02-15
IMG_OBJECT_SON,object_son,Son,object_scene,universal,img__object_son__v1.webp,1024x1024,digital_art_flat_v3,light desk surface with blur,"A clear visual for ""son"", modern digital art style, sharper vector shapes, sharp vibrant color palette, smooth gradient shading, subtle depth, clean shapes, soft directional lighting, centered composition, minimal background, professional educational visual style, focused subject, minimal clutter, not cartoon, no text, no letters, no numerals, no logos, no realistic, no watermark, no border, output size 1024x1024",language_learning|cross_language_vocabulary|reading_comprehension|listening_comprehension,1,v3_reference_style_size_2026-02-15
IMG_OBJECT_SONG,object_song,Song,object_scene,universal,img__object_song__v1.webp,1024x1024,digital_art_flat_v3,clean studio light gray,"A clear visual for ""song"", modern digital art style, sharper vector shapes, sharp vibrant color palette, smooth gradient shading, subtle depth, clean shapes, soft directional lighting, centered composition, minimal background, professional educational visual style, focused subject, minimal clutter, not cartoon, no text, no letters, no numerals, no logos, no realistic, no watermark, no border, output size 1024x1024",language_learning|cross_language_vocabulary|reading_comprehension|listening_comprehension,1,v3_reference_style_size_2026-02-15
IMG_OBJECT_SOUTH,object_south,South,object_scene,universal,img__object_south__v1.webp,1024x1024,digital_art_flat_v3,minimal room corner pastel,"A clear visual for ""south"", modern digital art style, sharper vector shapes, sharp vibrant color palette, smooth gradient shading, subtle depth, clean shapes, soft directional lighting, centered composition, minimal background, professional educational visual style, focused subject, minimal clutter, not cartoon, no text, no letters, no numerals, no logos, no realistic, no watermark, no border, output size 1024x1024",language_learning|cross_language_vocabulary|reading_comprehension|listening_comprehension,1,v3_reference_style_size_2026-02-15
IMG_OBJECT_SOUTH_SIDE,object_south_side,South Side,object_scene,universal,img__object_south_side__v1.webp,1024x1024,digital_art_flat_v3,clean studio light gray,"A clear visual for ""south side"", modern digital art style, sharper vector shapes, sharp vibrant color palette, smooth gradient shading, subtle depth, clean shapes, soft directional lighting, centered composition, minimal background, professional educational visual style, focused subject, minimal clutter, not cartoon, no text, no letters, no numerals, no logos, no realistic, no watermark, no border, output size 1024x1024",language_learning|cross_language_vocabulary|reading_comprehension|listening_comprehension,1,v3_reference_style_size_2026-02-15
IMG_OBJECT_SPEECH,object_speech,Speech,object_scene,universal,img__object_speech__v1.webp,1024x1024,digital_art_flat_v3,clean studio light gray,"A clear visual for ""speech"", modern digital art style, sharper vector shapes, sharp vibrant color palette, smooth gradient shading, subtle depth, clean shapes, soft directional lighting, centered composition, minimal background, professional educational visual style, focused subject, minimal clutter, not cartoon, no text, no letters, no numerals, no logos, no realistic, no watermark, no border, output size 1024x1024",language_learning|cross_language_vocabulary|reading_comprehension|listening_comprehension,1,v3_reference_style_size_2026-02-15
IMG_OBJECT_STEAMED_BUN,object_steamed_bun,Steamed Bun,object_scene,universal,img__object_steamed_bun__v1.webp,1024x1024,digital_art_flat_v3,minimal room corner pastel,"A clear visual for ""steamed bun"", modern digital art style, sharper vector shapes, sharp vibrant color palette, smooth gradient shading, subtle depth, clean shapes, soft directional lighting, centered composition, minimal background, professional educational visual style, focused subject, minimal clutter, not cartoon, no text, no letters, no numerals, no logos, no realistic, no watermark, no border, output size 1024x1024",language_learning|cross_language_vocabulary|reading_comprehension|listening_comprehension,1,v3_reference_style_size_2026-02-15
IMG_OBJECT_STILL,object_still,Still,object_scene,universal,img__object_still__v1.webp,1024x1024,digital_art_flat_v3,light desk surface with blur,"A clear visual for ""still"", modern digital art style, sharper vector shapes, sharp vibrant color palette, smooth gradient shading, subtle depth, clean shapes, soft directional lighting, centered composition, minimal background, professional educational visual style, focused subject, minimal clutter, not cartoon, no text, no letters, no numerals, no logos, no realistic, no watermark, no border, output size 1024x1024",language_learning|cross_language_vocabulary|reading_comprehension|listening_comprehension,3,v3_reference_style_size_2026-02-15
IMG_OBJECT_STRAIGHT,object_straight,Straight,object_scene,universal,img__object_straight__v1.webp,1024x1024,digital_art_flat_v3,clean studio light gray,"A clear visual for ""straight"", modern digital art style, sharper vector shapes, sharp vibrant color palette, smooth gradient shading, subtle depth, clean shapes, soft directional lighting, centered composition, minimal background, professional educational visual style, focused subject, minimal clutter, not cartoon, no text, no letters, no numerals, no logos, no realistic, no watermark, no border, output size 1024x1024",language_learning|cross_language_vocabulary|reading_comprehension|listening_comprehension,1,v3_reference_style_size_2026-02-15
IMG_OBJECT_STUDENT,object_student,Student,object_scene,universal,img__object_student__v1.webp,1024x1024,digital_art_flat_v3,soft neutral gradient,"A clear visual for ""student"", modern digital art style, sharper vector shapes, sharp vibrant color palette, smooth gradient shading, subtle depth, clean shapes, soft directional lighting, centered composition, minimal background, professional educational visual style, focused subject, minimal clutter, not cartoon, no text, no letters, no numerals, no logos, no realistic, no watermark, no border, output size 1024x1024",language_learning|cross_language_vocabulary|reading_comprehension|listening_comprehension,1,v3_reference_style_size_2026-02-15
IMG_OBJECT_STUDY,object_study,Study,object_scene,universal,img__object_study__v1.webp,1024x1024,digital_art_flat_v3,light desk surface with blur,"A clear visual for ""study"", modern digital art style, sharper vector shapes, sharp vibrant color palette, smooth gradient shading, subtle depth, clean shapes, soft directional lighting, centered composition, minimal background, professional educational visual style, focused subject, minimal clutter, not cartoon, no text, no letters, no numerals, no logos, no realistic, no watermark, no border, output size 1024x1024",language_learning|cross_language_vocabulary|reading_comprehension|listening_comprehension,1,v3_reference_style_size_2026-02-15
IMG_OBJECT_STUFF,object_stuff,Stuff,object_scene,universal,img__object_stuff__v1.webp,1024x1024,digital_art_flat_v3,soft neutral gradient,"A clear visual for ""stuff"", modern digital art style, sharper vector shapes, sharp vibrant color palette, smooth gradient shading, subtle depth, clean shapes, soft directional lighting, centered composition, minimal background, professional educational visual style, focused subject, minimal clutter, not cartoon, no text, no letters, no numerals, no logos, no realistic, no watermark, no border, output size 1024x1024",language_learning|cross_language_vocabulary|reading_comprehension|listening_comprehension,1,v3_reference_style_size_2026-02-15
IMG_OBJECT_SUNDAY,object_sunday,Sunday,object_scene,universal,img__object_sunday__v1.webp,1024x1024,digital_art_flat_v3,minimal room corner pastel,"A clear visual for ""sunday"", modern digital art style, sharper vector shapes, sharp vibrant color palette, smooth gradient shading, subtle depth, clean shapes, soft directional lighting, centered composition, minimal background, professional educational visual style, focused subject, minimal clutter, not cartoon, no text, no letters, no numerals, no logos, no realistic, no watermark, no border, output size 1024x1024",language_learning|cross_language_vocabulary|reading_comprehension|listening_comprehension,2,v3_reference_style_size_2026-02-15
IMG_OBJECT_TABLE,object_table,Table,object_scene,universal,img__object_table__v1.webp,1024x1024,digital_art_flat_v3,light desk surface with blur,"A clear visual for ""table"", modern digital art style, sharper vector shapes, sharp vibrant color palette, smooth gradient shading, subtle depth, clean shapes, soft directional lighting, centered composition, minimal background, professional educational visual style, focused subject, minimal clutter, not cartoon, no text, no letters, no numerals, no logos, no realistic, no watermark, no border, output size 1024x1024",language_learning|cross_language_vocabulary|reading_comprehension|listening_comprehension,1,v3_reference_style_size_2026-02-15
IMG_OBJECT_TAKE_A_HOLIDAY,object_take_a_holiday,Take A Holiday,object_scene,universal,img__object_take_a_holiday__v1.webp,1024x1024,digital_art_flat_v3,minimal room corner pastel,"A clear visual for ""take a holiday"", modern digital art style, sharper vector shapes, sharp vibrant color palette, smooth gradient shading, subtle depth, clean shapes, soft directional lighting, centered composition, minimal background, professional educational visual style, focused subject, minimal clutter, not cartoon, no text, no letters, no numerals, no logos, no realistic, no watermark, no border, output size 1024x1024",language_learning|cross_language_vocabulary|reading_comprehension|listening_comprehension,1,v3_reference_style_size_2026-02-15
IMG_OBJECT_TAKE_A_TAXI,object_take_a_taxi,Take A Taxi,object_scene,universal,img__object_take_a_taxi__v1.webp,1024x1024,digital_art_flat_v3,minimal room corner pastel,"A clear visual for ""take a taxi"", modern digital art style, sharper vector shapes, sharp vibrant color palette, smooth gradient shading, subtle depth, clean shapes, soft directional lighting, centered composition, minimal background, professional educational visual style, focused subject, minimal clutter, not cartoon, no text, no letters, no numerals, no logos, no realistic, no watermark, no border, output size 1024x1024",language_learning|cross_language_vocabulary|reading_comprehension|listening_comprehension,1,v3_reference_style_size_2026-02-15
IMG_OBJECT_TALL_HIGH,object_tall_high,Tall High,object_scene,universal,img__object_tall_high__v1.webp,1024x1024,digital_art_flat_v3,clean studio light gray,"A clear visual for ""tall high"", modern digital art style, sharper vector shapes, sharp vibrant color palette, smooth gradient shading, subtle depth, clean shapes, soft directional lighting, centered composition, minimal background, professional educational visual style, focused subject, minimal clutter, not cartoon, no text, no letters, no numerals, no logos, no realistic, no watermark, no border, output size 1024x1024",language_learning|cross_language_vocabulary|reading_comprehension|listening_comprehension,1,v3_reference_style_size_2026-02-15
IMG_OBJECT_TEA,object_tea,Tea,object_scene,universal,img__object_tea__v1.webp,1024x1024,digital_art_flat_v3,soft neutral gradient,"A clear visual for ""tea"", modern digital art style, sharper vector shapes, sharp vibrant color palette, smooth gradient shading, subtle depth, clean shapes, soft directional lighting, centered composition, minimal background, professional educational visual style, focused subject, minimal clutter, not cartoon, no text, no letters, no numerals, no logos, no realistic, no watermark, no border, output size 1024x1024",language_learning|cross_language_vocabulary|reading_comprehension|listening_comprehension,1,v3_reference_style_size_2026-02-15
IMG_OBJECT_TEACHER,object_teacher,Teacher,object_scene,universal,img__object_teacher__v1.webp,1024x1024,digital_art_flat_v3,clean studio light gray,"A clear visual for ""teacher"", modern digital art style, sharper vector shapes, sharp vibrant color palette, smooth gradient shading, subtle depth, clean shapes, soft directional lighting, centered composition, minimal background, professional educational visual style, focused subject, minimal clutter, not cartoon, no text, no letters, no numerals, no logos, no realistic, no watermark, no border, output size 1024x1024",language_learning|cross_language_vocabulary|reading_comprehension|listening_comprehension,1,v3_reference_style_size_2026-02-15
IMG_OBJECT_TEACHING_BUILDING,object_teaching_building,Teaching Building,object_scene,universal,img__object_teaching_building__v1.webp,1024x1024,digital_art_flat_v3,soft neutral gradient,"A clear visual for ""teaching building"", modern digital art style, sharper vector shapes, sharp vibrant color palette, smooth gradient shading, subtle depth, clean shapes, soft directional lighting, centered composition, minimal background, professional educational visual style, focused subject, minimal clutter, not cartoon, no text, no letters, no numerals, no logos, no realistic, no watermark, no border, output size 1024x1024",language_learning|cross_language_vocabulary|reading_comprehension|listening_comprehension,1,v3_reference_style_size_2026-02-15
IMG_OBJECT_TELEPHONE,object_telephone,Telephone,object_scene,universal,img__object_telephone__v1.webp,1024x1024,digital_art_flat_v3,clean studio light gray,"A clear visual for ""telephone"", modern digital art style, sharper vector shapes, sharp vibrant color palette, smooth gradient shading, subtle depth, clean shapes, soft directional lighting, centered composition, minimal background, professional educational visual style, focused subject, minimal clutter, not cartoon, no text, no letters, no numerals, no logos, no realistic, no watermark, no border, output size 1024x1024",language_learning|cross_language_vocabulary|reading_comprehension|listening_comprehension,1,v3_reference_style_size_2026-02-15
IMG_OBJECT_TELEVISION,object_television,Television,object_scene,universal,img__object_television__v1.webp,1024x1024,digital_art_flat_v3,light desk surface with blur,"A clear visual for ""television"", modern digital art style, sharper vector shapes, sharp vibrant color palette, smooth gradient shading, subtle depth, clean shapes, soft directional lighting, centered composition, minimal background, professional educational visual style, focused subject, minimal clutter, not cartoon, no text, no letters, no numerals, no logos, no realistic, no watermark, no border, output size 1024x1024",language_learning|cross_language_vocabulary|reading_comprehension|listening_comprehension,2,v3_reference_style_size_2026-02-15
IMG_OBJECT_TEXT_OF_A_LESSON,object_text_of_a_lesson,Text Of A Lesson,object_scene,universal,img__object_text_of_a_lesson__v1.webp,1024x1024,digital_art_flat_v3,minimal room corner pastel,"A clear visual for ""text of a lesson"", modern digital art style, sharper vector shapes, sharp vibrant color palette, smooth gradient shading, subtle depth, clean shapes, soft directional lighting, centered composition, minimal background, professional educational visual style, focused subject, minimal clutter, not cartoon, no text, no letters, no numerals, no logos, no realistic, no watermark, no border, output size 1024x1024",language_learning|cross_language_vocabulary|reading_comprehension|listening_comprehension,1,v3_reference_style_size_2026-02-15
IMG_OBJECT_TEXTBOOK,object_textbook,Textbook,object_scene,universal,img__object_textbook__v1.webp,1024x1024,digital_art_flat_v3,light desk surface with blur,"A clear visual for ""textbook"", modern digital art style, sharper vector shapes, sharp vibrant color palette, smooth gradient shading, subtle depth, clean shapes, soft directional lighting, centered composition, minimal background, professional educational visual style, focused subject, minimal clutter, not cartoon, no text, no letters, no numerals, no logos, no realistic, no watermark, no border, output size 1024x1024",language_learning|cross_language_vocabulary|reading_comprehension|listening_comprehension,1,v3_reference_style_size_2026-02-15
IMG_OBJECT_THE_DAY_AFTER_TOMORROW,object_the_day_after_tomorrow,The Day After Tomorrow,object_scene,universal,img__object_the_day_after_tomorrow__v1.webp,1024x1024,digital_art_flat_v3,minimal room corner pastel,"A clear visual for ""the day after tomorrow"", modern digital art style, sharper vector shapes, sharp vibrant color palette, smooth gradient shading, subtle depth, clean shapes, soft directional lighting, centered composition, minimal background, professional educational visual style, focused subject, minimal clutter, not cartoon, no text, no letters, no numerals, no logos, no realistic, no watermark, no border, output size 1024x1024",language_learning|cross_language_vocabulary|reading_comprehension|listening_comprehension,1,v3_reference_style_size_2026-02-15
IMG_OBJECT_THE_DAY_BEFORE_YESTERDAY,object_the_day_before_yesterday,The Day Before Yesterday,object_scene,universal,img__object_the_day_before_yesterday__v1.webp,1024x1024,digital_art_flat_v3,light desk surface with blur,"A clear visual for ""the day before yesterday"", modern digital art style, sharper vector shapes, sharp vibrant color palette, smooth gradient shading, subtle depth, clean shapes, soft directional lighting, centered composition, minimal background, professional educational visual style, focused subject, minimal clutter, not cartoon, no text, no letters, no numerals, no logos, no realistic, no watermark, no border, output size 1024x1024",language_learning|cross_language_vocabulary|reading_comprehension|listening_comprehension,1,v3_reference_style_size_2026-02-15
IMG_OBJECT_THE_SAME,object_the_same,The Same,object_scene,universal,img__object_the_same__v1.webp,1024x1024,digital_art_flat_v3,clean studio light gray,"A clear visual for ""the same"", modern digital art style, sharper vector shapes, sharp vibrant color palette, smooth gradient shading, subtle depth, clean shapes, soft directional lighting, centered composition, minimal background, professional educational visual style, focused subject, minimal clutter, not cartoon, no text, no letters, no numerals, no logos, no realistic, no watermark, no border, output size 1024x1024",language_learning|cross_language_vocabulary|reading_comprehension|listening_comprehension,1,v3_reference_style_size_2026-02-15
IMG_OBJECT_THERE,object_there,There,object_scene,universal,img__object_there__v1.webp,1024x1024,digital_art_flat_v3,clean studio light gray,"A clear visual for ""there"", modern digital art style, sharper vector shapes, sharp vibrant color palette, smooth gradient shading, subtle depth, clean shapes, soft directional lighting, centered composition, minimal background, professional educational visual style, focused subject, minimal clutter, not cartoon, no text, no letters, no numerals, no logos, no realistic, no watermark, no border, output size 1024x1024",language_learning|cross_language_vocabulary|reading_comprehension|listening_comprehension,2,v3_reference_style_size_2026-02-15
IMG_OBJECT_THERE_IS,object_there_is,There Is,object_scene,universal,img__object_there_is__v1.webp,1024x1024,digital_art_flat_v3,soft neutral gradient,"A clear visual for ""there is"", modern digital art style, sharper vector shapes, sharp vibrant color palette, smooth gradient shading, subtle depth, clean shapes, soft directional lighting, centered composition, minimal background, professional educational visual style, focused subject, minimal clutter, not cartoon, no text, no letters, no numerals, no logos, no realistic, no watermark, no border, output size 1024x1024",language_learning|cross_language_vocabulary|reading_comprehension|listening_comprehension,1,v3_reference_style_size_2026-02-15
IMG_OBJECT_THERE_IS_ALSO,object_there_is_also,There Is Also,object_scene,universal,img__object_there_is_also__v1.webp,1024x1024,digital_art_flat_v3,clean studio light gray,"A clear visual for ""there is also"", modern digital art style, sharper vector shapes, sharp vibrant color palette, smooth gradient shading, subtle depth, clean shapes, soft directional lighting, centered composition, minimal background, professional educational visual style, focused subject, minimal clutter, not cartoon, no text, no letters, no numerals, no logos, no realistic, no watermark, no border, output size 1024x1024",language_learning|cross_language_vocabulary|reading_comprehension|listening_comprehension,1,v3_reference_style_size_2026-02-15
IMG_OBJECT_THERE_IS_NOT,object_there_is_not,There Is Not,object_scene,universal,img__object_there_is_not__v1.webp,1024x1024,digital_art_flat_v3,clean studio light gray,"A clear visual for ""there is not"", modern digital art style, sharper vector shapes, sharp vibrant color palette, smooth gradient shading, subtle depth, clean shapes, soft directional lighting, centered composition, minimal background, professional educational visual style, focused subject, minimal clutter, not cartoon, no text, no letters, no numerals, no logos, no realistic, no watermark, no border, output size 1024x1024",language_learning|cross_language_vocabulary|reading_comprehension|listening_comprehension,1,v3_reference_style_size_2026-02-15
IMG_OBJECT_THEY,object_they,They,object_scene,universal,img__object_they__v1.webp,1024x1024,digital_art_flat_v3,clean studio light gray,"A clear visual for ""they"", modern digital art style, sharper vector shapes, sharp vibrant color palette, smooth gradient shading, subtle depth, clean shapes, soft directional lighting, centered composition, minimal background, professional educational visual style, focused subject, minimal clutter, not cartoon, no text, no letters, no numerals, no logos, no realistic, no watermark, no border, output size 1024x1024",language_learning|cross_language_vocabulary|reading_comprehension|listening_comprehension,1,v3_reference_style_size_2026-02-15
IMG_OBJECT_THEY_FEMALE,object_they_female,They (Female),object_scene,universal,img__object_they_female__v1.webp,1024x1024,digital_art_flat_v3,soft neutral gradient,"A clear visual for ""they (female)"", modern digital art style, sharper vector shapes, sharp vibrant color palette, smooth gradient shading, subtle depth, clean shapes, soft directional lighting, centered composition, minimal background, professional educational visual style, focused subject, minimal clutter, not cartoon, no text, no letters, no numerals, no logos, no realistic, no watermark, no border, output size 1024x1024",language_learning|cross_language_vocabulary|reading_comprehension|listening_comprehension,1,v3_reference_style_size_2026-02-15
IMG_OBJECT_THING,object_thing,Thing,object_scene,universal,img__object_thing__v1.webp,1024x1024,digital_art_flat_v3,clean studio light gray,"A clear visual for ""thing"", modern digital art style, sharper vector shapes, sharp vibrant color palette, smooth gradient shading, subtle depth, clean shapes, soft directional lighting, centered composition, minimal background, professional educational visual style, focused subject, minimal clutter, not cartoon, no text, no letters, no numerals, no logos, no realistic, no watermark, no border, output size 1024x1024",language_learning|cross_language_vocabulary|reading_comprehension|listening_comprehension,1,v3_reference_style_size_2026-02-15
IMG_OBJECT_THIRSTY,object_thirsty,Thirsty,object_scene,universal,img__object_thirsty__v1.webp,1024x1024,digital_art_flat_v3,light desk surface with blur,"A clear visual for ""thirsty"", modern digital art style, sharper vector shapes, sharp vibrant color palette, smooth gradient shading, subtle depth, clean shapes, soft directional lighting, centered composition, minimal background, professional educational visual style, focused subject, minimal clutter, not cartoon, no text, no letters, no numerals, no logos, no realistic, no watermark, no border, output size 1024x1024",language_learning|cross_language_vocabulary|reading_comprehension|listening_comprehension,1,v3_reference_style_size_2026-02-15
IMG_OBJECT_THIS_SIDE,object_this_side,This Side,object_scene,universal,img__object_this_side__v1.webp,1024x1024,digital_art_flat_v3,light desk surface with blur,"A clear visual for ""this side"", modern digital art style, sharper vector shapes, sharp vibrant color palette, smooth gradient shading, subtle depth, clean shapes, soft directional lighting, centered composition, minimal background, professional educational visual style, focused subject, minimal clutter, not cartoon, no text, no letters, no numerals, no logos, no realistic, no watermark, no border, output size 1024x1024",language_learning|cross_language_vocabulary|reading_comprehension|listening_comprehension,1,v3_reference_style_size_2026-02-15
IMG_OBJECT_THIS_YEAR,object_this_year,This Year,object_scene,universal,img__object_this_year__v1.webp,1024x1024,digital_art_flat_v3,light desk surface with blur,"A clear visual for ""this year"", modern digital art style, sharper vector shapes, sharp vibrant color palette, smooth gradient shading, subtle depth, clean shapes, soft directional lighting, centered composition, minimal background, professional educational visual style, focused subject, minimal clutter, not cartoon, no text, no letters, no numerals, no logos, no realistic, no watermark, no border, output size 1024x1024",language_learning|cross_language_vocabulary|reading_comprehension|listening_comprehension,1,v3_reference_style_size_2026-02-15
IMG_OBJECT_TICKET,object_ticket,Ticket,object_scene,universal,img__object_ticket__v1.webp,1024x1024,digital_art_flat_v3,clean studio light gray,"A clear visual for ""ticket"", modern digital art style, sharper vector shapes, sharp vibrant color palette, smooth gradient shading, subtle depth, clean shapes, soft directional lighting, centered composition, minimal background, professional educational visual style, focused subject, minimal clutter, not cartoon, no text, no letters, no numerals, no logos, no realistic, no watermark, no border, output size 1024x1024",language_learning|cross_language_vocabulary|reading_comprehension|listening_comprehension,1,v3_reference_style_size_2026-02-15
IMG_OBJECT_TIME,object_time,Time,object_scene,universal,img__object_time__v1.webp,1024x1024,digital_art_flat_v3,soft neutral gradient,"A clear visual for ""time"", modern digital art style, sharper vector shapes, sharp vibrant color palette, smooth gradient shading, subtle depth, clean shapes, soft directional lighting, centered composition, minimal background, professional educational visual style, focused subject, minimal clutter, not cartoon, no text, no letters, no numerals, no logos, no realistic, no watermark, no border, output size 1024x1024",language_learning|cross_language_vocabulary|reading_comprehension|listening_comprehension,2,v3_reference_style_size_2026-02-15
IMG_OBJECT_TIME_OCCURRENCE,object_time_occurrence,Time (Occurrence),object_scene,universal,img__object_time_occurrence__v1.webp,1024x1024,digital_art_flat_v3,minimal room corner pastel,"A clear visual for ""time (occurrence)"", modern digital art style, sharper vector shapes, sharp vibrant color palette, smooth gradient shading, subtle depth, clean shapes, soft directional lighting, centered composition, minimal background, professional educational visual style, focused subject, minimal clutter, not cartoon, no text, no letters, no numerals, no logos, no realistic, no watermark, no border, output size 1024x1024",language_learning|cross_language_vocabulary|reading_comprehension|listening_comprehension,1,v3_reference_style_size_2026-02-15
IMG_OBJECT_TIRED,object_tired,Tired,object_scene,universal,img__object_tired__v1.webp,1024x1024,digital_art_flat_v3,minimal room corner pastel,"A clear visual for ""tired"", modern digital art style, sharper vector shapes, sharp vibrant color palette, smooth gradient shading, subtle depth, clean shapes, soft directional lighting, centered composition, minimal background, professional educational visual style, focused subject, minimal clutter, not cartoon, no text, no letters, no numerals, no logos, no realistic, no watermark, no border, output size 1024x1024",language_learning|cross_language_vocabulary|reading_comprehension|listening_comprehension,1,v3_reference_style_size_2026-02-15
IMG_OBJECT_TODAY,object_today,Today,object_scene,universal,img__object_today__v1.webp,1024x1024,digital_art_flat_v3,light desk surface with blur,"A clear visual for ""today"", modern digital art style, sharper vector shapes, sharp vibrant color palette, smooth gradient shading, subtle depth, clean shapes, soft directional lighting, centered composition, minimal background, professional educational visual style, focused subject, minimal clutter, not cartoon, no text, no letters, no numerals, no logos, no realistic, no watermark, no border, output size 1024x1024",language_learning|cross_language_vocabulary|reading_comprehension|listening_comprehension,1,v3_reference_style_size_2026-02-15
IMG_OBJECT_TOGETHER,object_together,Together,object_scene,universal,img__object_together__v1.webp,1024x1024,digital_art_flat_v3,soft neutral gradient,"A clear visual for ""together"", modern digital art style, sharper vector shapes, sharp vibrant color palette, smooth gradient shading, subtle depth, clean shapes, soft directional lighting, centered composition, minimal background, professional educational visual style, focused subject, minimal clutter, not cartoon, no text, no letters, no numerals, no logos, no realistic, no watermark, no border, output size 1024x1024",language_learning|cross_language_vocabulary|reading_comprehension|listening_comprehension,2,v3_reference_style_size_2026-02-15
IMG_OBJECT_TOILET,object_toilet,Toilet,object_scene,universal,img__object_toilet__v1.webp,1024x1024,digital_art_flat_v3,soft neutral gradient,"A clear visual for ""toilet"", modern digital art style, sharper vector shapes, sharp vibrant color palette, smooth gradient shading, subtle depth, clean shapes, soft directional lighting, centered composition, minimal background, professional educational visual style, focused subject, minimal clutter, not cartoon, no text, no letters, no numerals, no logos, no realistic, no watermark, no border, output size 1024x1024",language_learning|cross_language_vocabulary|reading_comprehension|listening_comprehension,1,v3_reference_style_size_2026-02-15
IMG_OBJECT_TOMORROW,object_tomorrow,Tomorrow,object_scene,universal,img__object_tomorrow__v1.webp,1024x1024,digital_art_flat_v3,minimal room corner pastel,"A clear visual for ""tomorrow"", modern digital art style, sharper vector shapes, sharp vibrant color palette, smooth gradient shading, subtle depth, clean shapes, soft directional lighting, centered composition, minimal background, professional educational visual style, focused subject, minimal clutter, not cartoon, no text, no letters, no numerals, no logos, no realistic, no watermark, no border, output size 1024x1024",language_learning|cross_language_vocabulary|reading_comprehension|listening_comprehension,1,v3_reference_style_size_2026-02-15
IMG_OBJECT_TOO,object_too,Too,object_scene,universal,img__object_too__v1.webp,1024x1024,digital_art_flat_v3,clean studio light gray,"A clear visual for ""too"", modern digital art style, sharper vector shapes, sharp vibrant color palette, smooth gradient shading, subtle depth, clean shapes, soft directional lighting, centered composition, minimal background, professional educational visual style, focused subject, minimal clutter, not cartoon, no text, no letters, no numerals, no logos, no realistic, no watermark, no border, output size 1024x1024",language_learning|cross_language_vocabulary|reading_comprehension|listening_comprehension,1,v3_reference_style_size_2026-02-15
IMG_OBJECT_TRAIN,object_train,Train,object_scene,universal,img__object_train__v1.webp,1024x1024,digital_art_flat_v3,soft neutral gradient,"A clear visual for ""train"", modern digital art style, sharper vector shapes, sharp vibrant color palette, smooth gradient shading, subtle depth, clean shapes, soft directional lighting, centered composition, minimal background, professional educational visual style, focused subject, minimal clutter, not cartoon, no text, no letters, no numerals, no logos, no realistic, no watermark, no border, output size 1024x1024",language_learning|cross_language_vocabulary|reading_comprehension|listening_comprehension,1,v3_reference_style_size_2026-02-15
IMG_OBJECT_TRAIN_TICKET,object_train_ticket,Train Ticket,object_scene,universal,img__object_train_ticket__v1.webp,1024x1024,digital_art_flat_v3,minimal room corner pastel,"A clear visual for ""train ticket"", modern digital art style, sharper vector shapes, sharp vibrant color palette, smooth gradient shading, subtle depth, clean shapes, soft directional lighting, centered composition, minimal background, professional educational visual style, focused subject, minimal clutter, not cartoon, no text, no letters, no numerals, no logos, no realistic, no watermark, no border, output size 1024x1024",language_learning|cross_language_vocabulary|reading_comprehension|listening_comprehension,1,v3_reference_style_size_2026-02-15
IMG_OBJECT_TREE,object_tree,Tree,object_scene,universal,img__object_tree__v1.webp,1024x1024,digital_art_flat_v3,clean studio light gray,"A clear visual for ""tree"", modern digital art style, sharper vector shapes, sharp vibrant color palette, smooth gradient shading, subtle depth, clean shapes, soft directional lighting, centered composition, minimal background, professional educational visual style, focused subject, minimal clutter, not cartoon, no text, no letters, no numerals, no logos, no realistic, no watermark, no border, output size 1024x1024",language_learning|cross_language_vocabulary|reading_comprehension|listening_comprehension,1,v3_reference_style_size_2026-02-15
IMG_OBJECT_TRUE,object_true,True,object_scene,universal,img__object_true__v1.webp,1024x1024,digital_art_flat_v3,clean studio light gray,"A clear visual for ""true"", modern digital art style, sharper vector shapes, sharp vibrant color palette, smooth gradient shading, subtle depth, clean shapes, soft directional lighting, centered composition, minimal background, professional educational visual style, focused subject, minimal clutter, not cartoon, no text, no letters, no numerals, no logos, no realistic, no watermark, no border, output size 1024x1024",language_learning|cross_language_vocabulary|reading_comprehension|listening_comprehension,1,v3_reference_style_size_2026-02-15
IMG_OBJECT_UNDER,object_under,Under,object_scene,universal,img__object_under__v1.webp,1024x1024,digital_art_flat_v3,light desk surface with blur,"A clear visual for ""under"", modern digital art style, sharper vector shapes, sharp vibrant color palette, smooth gradient shading, subtle depth, clean shapes, soft directional lighting, centered composition, minimal background, professional educational visual style, focused subject, minimal clutter, not cartoon, no text, no letters, no numerals, no logos, no realistic, no watermark, no border, output size 1024x1024",language_learning|cross_language_vocabulary|reading_comprehension|listening_comprehension,1,v3_reference_style_size_2026-02-15
IMG_OBJECT_UNIVERSITY,object_university,University,object_scene,universal,img__object_university__v1.webp,1024x1024,digital_art_flat_v3,light desk surface with blur,"A clear visual for ""university"", modern digital art style, sharper vector shapes, sharp vibrant color palette, smooth gradient shading, subtle depth, clean shapes, soft directional lighting, centered composition, minimal background, professional educational visual style, focused subject, minimal clutter, not cartoon, no text, no letters, no numerals, no logos, no realistic, no watermark, no border, output size 1024x1024",language_learning|cross_language_vocabulary|reading_comprehension|listening_comprehension,1,v3_reference_style_size_2026-02-15
IMG_OBJECT_UNIVERSITY_STUDENT,object_university_student,University Student,object_scene,universal,img__object_university_student__v1.webp,1024x1024,digital_art_flat_v3,minimal room corner pastel,"A clear visual for ""university student"", modern digital art style, sharper vector shapes, sharp vibrant color palette, smooth gradient shading, subtle depth, clean shapes, soft directional lighting, centered composition, minimal background, professional educational visual style, focused subject, minimal clutter, not cartoon, no text, no letters, no numerals, no logos, no realistic, no watermark, no border, output size 1024x1024",language_learning|cross_language_vocabulary|reading_comprehension|listening_comprehension,1,v3_reference_style_size_2026-02-15
IMG_OBJECT_UP,object_up,Up,object_scene,universal,img__object_up__v1.webp,1024x1024,digital_art_flat_v3,clean studio light gray,"A clear visual for ""up"", modern digital art style, sharper vector shapes, sharp vibrant color palette, smooth gradient shading, subtle depth, clean shapes, soft directional lighting, centered composition, minimal background, professional educational visual style, focused subject, minimal clutter, not cartoon, no text, no letters, no numerals, no logos, no realistic, no watermark, no border, output size 1024x1024",language_learning|cross_language_vocabulary|reading_comprehension|listening_comprehension,1,v3_reference_style_size_2026-02-15
IMG_OBJECT_UPRIGHT,object_upright,Upright,object_scene,universal,img__object_upright__v1.webp,1024x1024,digital_art_flat_v3,soft neutral gradient,"A clear visual for ""upright"", modern digital art style, sharper vector shapes, sharp vibrant color palette, smooth gradient shading, subtle depth, clean shapes, soft directional lighting, centered composition, minimal background, professional educational visual style, focused subject, minimal clutter, not cartoon, no text, no letters, no numerals, no logos, no realistic, no watermark, no border, output size 1024x1024",language_learning|cross_language_vocabulary|reading_comprehension|listening_comprehension,1,v3_reference_style_size_2026-02-15
IMG_OBJECT_UPSTAIRS,object_upstairs,Upstairs,object_scene,universal,img__object_upstairs__v1.webp,1024x1024,digital_art_flat_v3,clean studio light gray,"A clear visual for ""upstairs"", modern digital art style, sharper vector shapes, sharp vibrant color palette, smooth gradient shading, subtle depth, clean shapes, soft directional lighting, centered composition, minimal background, professional educational visual style, focused subject, minimal clutter, not cartoon, no text, no letters, no numerals, no logos, no realistic, no watermark, no border, output size 1024x1024",language_learning|cross_language_vocabulary|reading_comprehension|listening_comprehension,1,v3_reference_style_size_2026-02-15
IMG_OBJECT_US,object_us,Us,object_scene,universal,img__object_us__v1.webp,1024x1024,digital_art_flat_v3,soft neutral gradient,"A clear visual for ""us"", modern digital art style, sharper vector shapes, sharp vibrant color palette, smooth gradient shading, subtle depth, clean shapes, soft directional lighting, centered composition, minimal background, professional educational visual style, focused subject, minimal clutter, not cartoon, no text, no letters, no numerals, no logos, no realistic, no watermark, no border, output size 1024x1024",language_learning|cross_language_vocabulary|reading_comprehension|listening_comprehension,1,v3_reference_style_size_2026-02-15
IMG_OBJECT_USEFUL,object_useful,Useful,object_scene,universal,img__object_useful__v1.webp,1024x1024,digital_art_flat_v3,minimal room corner pastel,"A clear visual for ""useful"", modern digital art style, sharper vector shapes, sharp vibrant color palette, smooth gradient shading, subtle depth, clean shapes, soft directional lighting, centered composition, minimal background, professional educational visual style, focused subject, minimal clutter, not cartoon, no text, no letters, no numerals, no logos, no realistic, no watermark, no border, output size 1024x1024",language_learning|cross_language_vocabulary|reading_comprehension|listening_comprehension,1,v3_reference_style_size_2026-02-15
IMG_OBJECT_VEGETABLE,object_vegetable,Vegetable,object_scene,universal,img__object_vegetable__v1.webp,1024x1024,digital_art_flat_v3,clean studio light gray,"A clear visual for ""vegetable"", modern digital art style, sharper vector shapes, sharp vibrant color palette, smooth gradient shading, subtle depth, clean shapes, soft directional lighting, centered composition, minimal background, professional educational visual style, focused subject, minimal clutter, not cartoon, no text, no letters, no numerals, no logos, no realistic, no watermark, no border, output size 1024x1024",language_learning|cross_language_vocabulary|reading_comprehension|listening_comprehension,1,v3_reference_style_size_2026-02-15
IMG_OBJECT_VERY,object_very,Very,object_scene,universal,img__object_very__v1.webp,1024x1024,digital_art_flat_v3,minimal room corner pastel,"A clear visual for ""very"", modern digital art style, sharper vector shapes, sharp vibrant color palette, smooth gradient shading, subtle depth, clean shapes, soft directional lighting, centered composition, minimal background, professional educational visual style, focused subject, minimal clutter, not cartoon, no text, no letters, no numerals, no logos, no realistic, no watermark, no border, output size 1024x1024",language_learning|cross_language_vocabulary|reading_comprehension|listening_comprehension,2,v3_reference_style_size_2026-02-15
IMG_OBJECT_WALKING,object_walking,Walking,object_scene,universal,img__object_walking__v1.webp,1024x1024,digital_art_flat_v3,minimal room corner pastel,"A clear visual for ""walking"", modern digital art style, sharper vector shapes, sharp vibrant color palette, smooth gradient shading, subtle depth, clean shapes, soft directional lighting, centered composition, minimal background, professional educational visual style, focused subject, minimal clutter, not cartoon, no text, no letters, no numerals, no logos, no realistic, no watermark, no border, output size 1024x1024",language_learning|cross_language_vocabulary|reading_comprehension|listening_comprehension,1,v3_reference_style_size_2026-02-15
IMG_OBJECT_WALLET,object_wallet,Wallet,object_scene,universal,img__object_wallet__v1.webp,1024x1024,digital_art_flat_v3,minimal room corner pastel,"A clear visual for ""wallet"", modern digital art style, sharper vector shapes, sharp vibrant color palette, smooth gradient shading, subtle depth, clean shapes, soft directional lighting, centered composition, minimal background, professional educational visual style, focused subject, minimal clutter, not cartoon, no text, no letters, no numerals, no logos, no realistic, no watermark, no border, output size 1024x1024",language_learning|cross_language_vocabulary|reading_comprehension|listening_comprehension,1,v3_reference_style_size_2026-02-15
IMG_OBJECT_WATER,object_water,Water,object_scene,universal,img__object_water__v1.webp,1024x1024,digital_art_flat_v3,light desk surface with blur,"A clear visual for ""water"", modern digital art style, sharper vector shapes, sharp vibrant color palette, smooth gradient shading, subtle depth, clean shapes, soft directional lighting, centered composition, minimal background, professional educational visual style, focused subject, minimal clutter, not cartoon, no text, no letters, no numerals, no logos, no realistic, no watermark, no border, output size 1024x1024",language_learning|cross_language_vocabulary|reading_comprehension|listening_comprehension,1,v3_reference_style_size_2026-02-15
IMG_OBJECT_WE,object_we,We,object_scene,universal,img__object_we__v1.webp,1024x1024,digital_art_flat_v3,clean studio light gray,"A clear visual for ""we"", modern digital art style, sharper vector shapes, sharp vibrant color palette, smooth gradient shading, subtle depth, clean shapes, soft directional lighting, centered composition, minimal background, professional educational visual style, focused subject, minimal clutter, not cartoon, no text, no letters, no numerals, no logos, no realistic, no watermark, no border, output size 1024x1024",language_learning|cross_language_vocabulary|reading_comprehension|listening_comprehension,1,v3_reference_style_size_2026-02-15
IMG_OBJECT_WEATHER,object_weather,Weather,object_scene,universal,img__object_weather__v1.webp,1024x1024,digital_art_flat_v3,light desk surface with blur,"A clear visual for ""weather"", modern digital art style, sharper vector shapes, sharp vibrant color palette, smooth gradient shading, subtle depth, clean shapes, soft directional lighting, centered composition, minimal background, professional educational visual style, focused subject, minimal clutter, not cartoon, no text, no letters, no numerals, no logos, no realistic, no watermark, no border, output size 1024x1024",language_learning|cross_language_vocabulary|reading_comprehension|listening_comprehension,1,v3_reference_style_size_2026-02-15
IMG_OBJECT_WEEK,object_week,Week,object_scene,universal,img__object_week__v1.webp,1024x1024,digital_art_flat_v3,clean studio light gray,"A clear visual for ""week"", modern digital art style, sharper vector shapes, sharp vibrant color palette, smooth gradient shading, subtle depth, clean shapes, soft directional lighting, centered composition, minimal background, professional educational visual style, focused subject, minimal clutter, not cartoon, no text, no letters, no numerals, no logos, no realistic, no watermark, no border, output size 1024x1024",language_learning|cross_language_vocabulary|reading_comprehension|listening_comprehension,1,v3_reference_style_size_2026-02-15
IMG_OBJECT_WELL,object_well,Well,object_scene,universal,img__object_well__v1.webp,1024x1024,digital_art_flat_v3,minimal room corner pastel,"A clear visual for ""well"", modern digital art style, sharper vector shapes, sharp vibrant color palette, smooth gradient shading, subtle depth, clean shapes, soft directional lighting, centered composition, minimal background, professional educational visual style, focused subject, minimal clutter, not cartoon, no text, no letters, no numerals, no logos, no realistic, no watermark, no border, output size 1024x1024",language_learning|cross_language_vocabulary|reading_comprehension|listening_comprehension,1,v3_reference_style_size_2026-02-15
IMG_OBJECT_WEST,object_west,West,object_scene,universal,img__object_west__v1.webp,1024x1024,digital_art_flat_v3,minimal room corner pastel,"A clear visual for ""west"", modern digital art style, sharper vector shapes, sharp vibrant color palette, smooth gradient shading, subtle depth, clean shapes, soft directional lighting, centered composition, minimal background, professional educational visual style, focused subject, minimal clutter, not cartoon, no text, no letters, no numerals, no logos, no realistic, no watermark, no border, output size 1024x1024",language_learning|cross_language_vocabulary|reading_comprehension|listening_comprehension,1,v3_reference_style_size_2026-02-15
IMG_OBJECT_WEST_SIDE,object_west_side,West Side,object_scene,universal,img__object_west_side__v1.webp,1024x1024,digital_art_flat_v3,clean studio light gray,"A clear visual for ""west side"", modern digital art style, sharper vector shapes, sharp vibrant color palette, smooth gradient shading, subtle depth, clean shapes, soft directional lighting, centered composition, minimal background, professional educational visual style, focused subject, minimal clutter, not cartoon, no text, no letters, no numerals, no logos, no realistic, no watermark, no border, output size 1024x1024",language_learning|cross_language_vocabulary|reading_comprehension|listening_comprehension,1,v3_reference_style_size_2026-02-15
IMG_OBJECT_WHAT,object_what,What,object_scene,universal,img__object_what__v1.webp,1024x1024,digital_art_flat_v3,minimal room corner pastel,"A clear visual for ""what"", modern digital art style, sharper vector shapes, sharp vibrant color palette, smooth gradient shading, subtle depth, clean shapes, soft directional lighting, centered composition, minimal background, professional educational visual style, focused subject, minimal clutter, not cartoon, no text, no letters, no numerals, no logos, no realistic, no watermark, no border, output size 1024x1024",language_learning|cross_language_vocabulary|reading_comprehension|listening_comprehension,1,v3_reference_style_size_2026-02-15
IMG_OBJECT_WHAT_TO_DO,object_what_to_do,What To Do?,object_scene,universal,img__object_what_to_do__v1.webp,1024x1024,digital_art_flat_v3,minimal room corner pastel,"A clear visual for ""what to do?"", modern digital art style, sharper vector shapes, sharp vibrant color palette, smooth gradient shading, subtle depth, clean shapes, soft directional lighting, centered composition, minimal background, professional educational visual style, focused subject, minimal clutter, not cartoon, no text, no letters, no numerals, no logos, no realistic, no watermark, no border, output size 1024x1024",language_learning|cross_language_vocabulary|reading_comprehension|listening_comprehension,1,v3_reference_style_size_2026-02-15
IMG_OBJECT_WHERE,object_where,Where,object_scene,universal,img__object_where__v1.webp,1024x1024,digital_art_flat_v3,clean studio light gray,"A clear visual for ""where"", modern digital art style, sharper vector shapes, sharp vibrant color palette, smooth gradient shading, subtle depth, clean shapes, soft directional lighting, centered composition, minimal background, professional educational visual style, focused subject, minimal clutter, not cartoon, no text, no letters, no numerals, no logos, no realistic, no watermark, no border, output size 1024x1024",language_learning|cross_language_vocabulary|reading_comprehension|listening_comprehension,2,v3_reference_style_size_2026-02-15
IMG_OBJECT_WHICH,object_which,Which,object_scene,universal,img__object_which__v1.webp,1024x1024,digital_art_flat_v3,soft neutral gradient,"A clear visual for ""which"", modern digital art style, sharper vector shapes, sharp vibrant color palette, smooth gradient shading, subtle depth, clean shapes, soft directional lighting, centered composition, minimal background, professional educational visual style, focused subject, minimal clutter, not cartoon, no text, no letters, no numerals, no logos, no realistic, no watermark, no border, output size 1024x1024",language_learning|cross_language_vocabulary|reading_comprehension|listening_comprehension,1,v3_reference_style_size_2026-02-15
IMG_OBJECT_WHICH_ONES,object_which_ones,Which Ones,object_scene,universal,img__object_which_ones__v1.webp,1024x1024,digital_art_flat_v3,light desk surface with blur,"A clear visual for ""which ones"", modern digital art style, sharper vector shapes, sharp vibrant color palette, smooth gradient shading, subtle depth, clean shapes, soft directional lighting, centered composition, minimal background, professional educational visual style, focused subject, minimal clutter, not cartoon, no text, no letters, no numerals, no logos, no realistic, no watermark, no border, output size 1024x1024",language_learning|cross_language_vocabulary|reading_comprehension|listening_comprehension,1,v3_reference_style_size_2026-02-15
IMG_OBJECT_WHITE,object_white,White,object_scene,universal,img__object_white__v1.webp,1024x1024,digital_art_flat_v3,clean studio light gray,"A clear visual for ""white"", modern digital art style, sharper vector shapes, sharp vibrant color palette, smooth gradient shading, subtle depth, clean shapes, soft directional lighting, centered composition, minimal background, professional educational visual style, focused subject, minimal clutter, not cartoon, no text, no letters, no numerals, no logos, no realistic, no watermark, no border, output size 1024x1024",language_learning|cross_language_vocabulary|reading_comprehension|listening_comprehension,1,v3_reference_style_size_2026-02-15
IMG_OBJECT_WHO,object_who,Who,object_scene,universal,img__object_who__v1.webp,1024x1024,digital_art_flat_v3,light desk surface with blur,"A clear visual for ""who"", modern digital art style, sharper vector shapes, sharp vibrant color palette, smooth gradient shading, subtle depth, clean shapes, soft directional lighting, centered composition, minimal background, professional educational visual style, focused subject, minimal clutter, not cartoon, no text, no letters, no numerals, no logos, no realistic, no watermark, no border, output size 1024x1024",language_learning|cross_language_vocabulary|reading_comprehension|listening_comprehension,1,v3_reference_style_size_2026-02-15
IMG_OBJECT_WILL,object_will,Will,object_scene,universal,img__object_will__v1.webp,1024x1024,digital_art_flat_v3,minimal room corner pastel,"A clear visual for ""will"", modern digital art style, sharper vector shapes, sharp vibrant color palette, smooth gradient shading, subtle depth, clean shapes, soft directional lighting, centered composition, minimal background, professional educational visual style, focused subject, minimal clutter, not cartoon, no text, no letters, no numerals, no logos, no realistic, no watermark, no border, output size 1024x1024",language_learning|cross_language_vocabulary|reading_comprehension|listening_comprehension,1,v3_reference_style_size_2026-02-15
IMG_OBJECT_WIND,object_wind,Wind,object_scene,universal,img__object_wind__v1.webp,1024x1024,digital_art_flat_v3,light desk surface with blur,"A clear visual for ""wind"", modern digital art style, sharper vector shapes, sharp vibrant color palette, smooth gradient shading, subtle depth, clean shapes, soft directional lighting, centered composition, minimal background, professional educational visual style, focused subject, minimal clutter, not cartoon, no text, no letters, no numerals, no logos, no realistic, no watermark, no border, output size 1024x1024",language_learning|cross_language_vocabulary|reading_comprehension|listening_comprehension,1,v3_reference_style_size_2026-02-15
IMG_OBJECT_WOMAN,object_woman,Woman,object_scene,universal,img__object_woman__v1.webp,1024x1024,digital_art_flat_v3,clean studio light gray,"A clear visual for ""woman"", modern digital art style, sharper vector shapes, sharp vibrant color palette, smooth gradient shading, subtle depth, clean shapes, soft directional lighting, centered composition, minimal background, professional educational visual style, focused subject, minimal clutter, not cartoon, no text, no letters, no numerals, no logos, no realistic, no watermark, no border, output size 1024x1024",language_learning|cross_language_vocabulary|reading_comprehension|listening_comprehension,1,v3_reference_style_size_2026-02-15
IMG_OBJECT_WORD,object_word,Word,object_scene,universal,img__object_word__v1.webp,1024x1024,digital_art_flat_v3,soft neutral gradient,"A clear visual for ""word"", modern digital art style, sharper vector shapes, sharp vibrant color palette, smooth gradient shading, subtle depth, clean shapes, soft directional lighting, centered composition, minimal background, professional educational visual style, focused subject, minimal clutter, not cartoon, no text, no letters, no numerals, no logos, no realistic, no watermark, no border, output size 1024x1024",language_learning|cross_language_vocabulary|reading_comprehension|listening_comprehension,1,v3_reference_style_size_2026-02-15
IMG_OBJECT_WORK,object_work,Work,object_scene,universal,img__object_work__v1.webp,1024x1024,digital_art_flat_v3,minimal room corner pastel,"A clear visual for ""work"", modern digital art style, sharper vector shapes, sharp vibrant color palette, smooth gradient shading, subtle depth, clean shapes, soft directional lighting, centered composition, minimal background, professional educational visual style, focused subject, minimal clutter, not cartoon, no text, no letters, no numerals, no logos, no realistic, no watermark, no border, output size 1024x1024",language_learning|cross_language_vocabulary|reading_comprehension|listening_comprehension,1,v3_reference_style_size_2026-02-15
IMG_OBJECT_WORKER,object_worker,Worker,object_scene,universal,img__object_worker__v1.webp,1024x1024,digital_art_flat_v3,light desk surface with blur,"A clear visual for ""worker"", modern digital art style, sharper vector shapes, sharp vibrant color palette, smooth gradient shading, subtle depth, clean shapes, soft directional lighting, centered composition, minimal background, professional educational visual style, focused subject, minimal clutter, not cartoon, no text, no letters, no numerals, no logos, no realistic, no watermark, no border, output size 1024x1024",language_learning|cross_language_vocabulary|reading_comprehension|listening_comprehension,1,v3_reference_style_size_2026-02-15
IMG_OBJECT_WRONG,object_wrong,Wrong,object_scene,universal,img__object_wrong__v1.webp,1024x1024,digital_art_flat_v3,soft neutral gradient,"A clear visual for ""wrong"", modern digital art style, sharper vector shapes, sharp vibrant color palette, smooth gradient shading, subtle depth, clean shapes, soft directional lighting, centered composition, minimal background, professional educational visual style, focused subject, minimal clutter, not cartoon, no text, no letters, no numerals, no logos, no realistic, no watermark, no border, output size 1024x1024",language_learning|cross_language_vocabulary|reading_comprehension|listening_comprehension,1,v3_reference_style_size_2026-02-15
IMG_OBJECT_YEAR,object_year,Year,object_scene,universal,img__object_year__v1.webp,1024x1024,digital_art_flat_v3,minimal room corner pastel,"A clear visual for ""year"", modern digital art style, sharper vector shapes, sharp vibrant color palette, smooth gradient shading, subtle depth, clean shapes, soft directional lighting, centered composition, minimal background, professional educational visual style, focused subject, minimal clutter, not cartoon, no text, no letters, no numerals, no logos, no realistic, no watermark, no border, output size 1024x1024",language_learning|cross_language_vocabulary|reading_comprehension|listening_comprehension,1,v3_reference_style_size_2026-02-15
IMG_OBJECT_YEARS_OLD,object_years_old,Years Old,object_scene,universal,img__object_years_old__v1.webp,1024x1024,digital_art_flat_v3,minimal room corner pastel,"A clear visual for ""years old"", modern digital art style, sharper vector shapes, sharp vibrant color palette, smooth gradient shading, subtle depth, clean shapes, soft directional lighting, centered composition, minimal background, professional educational visual style, focused subject, minimal clutter, not cartoon, no text, no letters, no numerals, no logos, no realistic, no watermark, no border, output size 1024x1024",language_learning|cross_language_vocabulary|reading_comprehension|listening_comprehension,1,v3_reference_style_size_2026-02-15
IMG_OBJECT_YES,object_yes,Yes,object_scene,universal,img__object_yes__v1.webp,1024x1024,digital_art_flat_v3,clean studio light gray,"A clear visual for ""yes"", modern digital art style, sharper vector shapes, sharp vibrant color palette, smooth gradient shading, subtle depth, clean shapes, soft directional lighting, centered composition, minimal background, professional educational visual style, focused subject, minimal clutter, not cartoon, no text, no letters, no numerals, no logos, no realistic, no watermark, no border, output size 1024x1024",language_learning|cross_language_vocabulary|reading_comprehension|listening_comprehension,1,v3_reference_style_size_2026-02-15
IMG_OBJECT_YESTERDAY,object_yesterday,Yesterday,object_scene,universal,img__object_yesterday__v1.webp,1024x1024,digital_art_flat_v3,light desk surface with blur,"A clear visual for ""yesterday"", modern digital art style, sharper vector shapes, sharp vibrant color palette, smooth gradient shading, subtle depth, clean shapes, soft directional lighting, centered composition, minimal background, professional educational visual style, focused subject, minimal clutter, not cartoon, no text, no letters, no numerals, no logos, no realistic, no watermark, no border, output size 1024x1024",language_learning|cross_language_vocabulary|reading_comprehension|listening_comprehension,1,v3_reference_style_size_2026-02-15
IMG_OBJECT_YOU,object_you,You,object_scene,universal,img__object_you__v1.webp,1024x1024,digital_art_flat_v3,light desk surface with blur,"A clear visual for ""you"", modern digital art style, sharper vector shapes, sharp vibrant color palette, smooth gradient shading, subtle depth, clean shapes, soft directional lighting, centered composition, minimal background, professional educational visual style, focused subject, minimal clutter, not cartoon, no text, no letters, no numerals, no logos, no realistic, no watermark, no border, output size 1024x1024",language_learning|cross_language_vocabulary|reading_comprehension|listening_comprehension,1,v3_reference_style_size_2026-02-15
IMG_OBJECT_YOU_PLURAL,object_you_plural,You (Plural),object_scene,universal,img__object_you_plural__v1.webp,1024x1024,digital_art_flat_v3,soft neutral gradient,"A clear visual for ""you (plural)"", modern digital art style, sharper vector shapes, sharp vibrant color palette, smooth gradient shading, subtle depth, clean shapes, soft directional lighting, centered composition, minimal background, professional educational visual style, focused subject, minimal clutter, not cartoon, no text, no letters, no numerals, no logos, no realistic, no watermark, no border, output size 1024x1024",language_learning|cross_language_vocabulary|reading_comprehension|listening_comprehension,1,v3_reference_style_size_2026-02-15
IMG_OBJECT_YOU_POLITE_FORM,object_you_polite_form,You (Polite Form),object_scene,universal,img__object_you_polite_form__v1.webp,1024x1024,digital_art_flat_v3,clean studio light gray,"A clear visual for ""you (polite form)"", modern digital art style, sharper vector shapes, sharp vibrant color palette, smooth gradient shading, subtle depth, clean shapes, soft directional lighting, centered composition, minimal background, professional educational visual style, focused subject, minimal clutter, not cartoon, no text, no letters, no numerals, no logos, no realistic, no watermark, no border, output size 1024x1024",language_learning|cross_language_vocabulary|reading_comprehension|listening_comprehension,1,v3_reference_style_size_2026-02-15
IMG_OBJECT_YOU_RE_WELCOME,object_you_re_welcome,You'Re Welcome,object_scene,universal,img__object_you_re_welcome__v1.webp,1024x1024,digital_art_flat_v3,light desk surface with blur,"A clear visual for ""you're welcome"", modern digital art style, sharper vector shapes, sharp vibrant color palette, smooth gradient shading, subtle depth, clean shapes, soft directional lighting, centered composition, minimal background, professional educational visual style, focused subject, minimal clutter, not cartoon, no text, no letters, no numerals, no logos, no realistic, no watermark, no border, output size 1024x1024",language_learning|cross_language_vocabulary|reading_comprehension|listening_comprehension,1,v3_reference_style_size_2026-02-15
IMG_OBJECT_YOUNG_LADY,object_young_lady,Young Lady,object_scene,universal,img__object_young_lady__v1.webp,1024x1024,digital_art_flat_v3,soft neutral gradient,"A clear visual for ""young lady"", modern digital art style, sharper vector shapes, sharp vibrant color palette, smooth gradient shading, subtle depth, clean shapes, soft directional lighting, centered composition, minimal background, professional educational visual style, focused subject, minimal clutter, not cartoon, no text, no letters, no numerals, no logos, no realistic, no watermark, no border, output size 1024x1024",language_learning|cross_language_vocabulary|reading_comprehension|listening_comprehension,1,v3_reference_style_size_2026-02-15
IMG_OBJECT_YOUNGER_BROTHER,object_younger_brother,Younger Brother,object_scene,universal,img__object_younger_brother__v1.webp,1024x1024,digital_art_flat_v3,clean studio light gray,"A clear visual for ""younger brother"", modern digital art style, sharper vector shapes, sharp vibrant color palette, smooth gradient shading, subtle depth, clean shapes, soft directional lighting, centered composition, minimal background, professional educational visual style, focused subject, minimal clutter, not cartoon, no text, no letters, no numerals, no logos, no realistic, no watermark, no border, output size 1024x1024",language_learning|cross_language_vocabulary|reading_comprehension|listening_comprehension,1,v3_reference_style_size_2026-02-15
IMG_OBJECT_YOUNGER_SISTER,object_younger_sister,Younger Sister,object_scene,universal,img__object_younger_sister__v1.webp,1024x1024,digital_art_flat_v3,soft neutral gradient,"A clear visual for ""younger sister"", modern digital art style, sharper vector shapes, sharp vibrant color palette, smooth gradient shading, subtle depth, clean shapes, soft directional lighting, centered composition, minimal background, professional educational visual style, focused subject, minimal clutter, not cartoon, no text, no letters, no numerals, no logos, no realistic, no watermark, no border, output size 1024x1024",language_learning|cross_language_vocabulary|reading_comprehension|listening_comprehension,1,v3_reference_style_size_2026-02-15
