image_id,concept_key,name_en,category,cultural_context,filename,image_size,style,background_style,prompt_en,reusable_for,linked_sense_count,prompt_template_version
IMG_ABSTRACT_ANGRY,abstract_angry,Angry,symbol_abstract,universal,img__abstract_angry__v1.webp,1024x1024,digital_art_premium_v5_neutral,neutral light-gray gradient,"A clear visual for ""Angry"", premium digital art illustration, clean sharp vector-inspired edges, crisp soft directional lighting, subtle depth, centered single subject, neutral light-gray gradient background, minimal clutter, professional learning-app quality, non-cartoon look, no text, no letters, no numerals, no logos, no watermark, no border, 1024x1024",language_learning|cross_language_vocabulary|reading_comprehension|listening_comprehension,1,v5_premium_neutral
IMG_ABSTRACT_HAPPY,abstract_happy,Happy,symbol_abstract,universal,img__abstract_happy__v1.webp,1024x1024,digital_art_premium_v5_neutral,neutral light-gray gradient,"A clear visual for ""Happy"", premium digital art illustration, clean sharp vector-inspired edges, crisp soft directional lighting, subtle depth, centered single subject, neutral light-gray gradient background, minimal clutter, professional learning-app quality, non-cartoon look, no text, no letters, no numerals, no logos, no watermark, no border, 1024x1024",language_learning|cross_language_vocabulary|reading_comprehension|listening_comprehension,1,v5_premium_neutral
IMG_ABSTRACT_LOVE,abstract_love,Love,symbol_abstract,universal,img__abstract_love__v1.webp,1024x1024,digital_art_premium_v5_neutral,neutral light-gray gradient,"A clear visual for ""Love"", premium digital art illustration, clean sharp vector-inspired edges, crisp soft directional lighting, subtle depth, centered single subject, neutral light-gray gradient background, minimal clutter, professional learning-app quality, non-cartoon look, no text, no letters, no numerals, no logos, no watermark, no border, 1024x1024",language_learning|cross_language_vocabulary|reading_comprehension|listening_comprehension,1,v5_premium_neutral
IMG_ABSTRACT_THANK_YOU,abstract_thank_you,Thank You,symbol_abstract,universal,img__abstract_thank_you__v1.webp,1024x1024,digital_art_premium_v5_neutral,neutral light-gray gradient,"A clear visual for ""Thank You"", premium digital art illustration, clean sharp vector-inspired edges, crisp soft directional lighting, subtle depth, centered single subject, neutral light-gray gradient background, minimal clutter, professional learning-app quality, non-cartoon look, no text, no letters, no numerals, no logos, no watermark, no border, 1024x1024",language_learning|cross_language_vocabulary|reading_comprehension|listening_comprehension,1,v5_premium_neutral
IMG_ACTION_BE_ABLE_TO,action_be_able_to,Be Able To,action_scene,universal,img__action_be_able_to__v1.webp,1024x1024,digital_art_premium_v5_neutral,neutral light-gray gradient,"A clear visual for ""Be Able To"", premium digital art illustration, clean sharp vector-inspired edges, crisp soft directional lighting, subtle depth, centered single subject, neutral light-gray gradient background, minimal clutter, professional learning-app quality, non-cartoon look, no text, no letters, no numerals, no logos, no watermark, no border, 1024x1024",language_learning|cross_language_vocabulary|reading_comprehension|listening_comprehension,1,v5_premium_neutral
IMG_ACTION_MAKE_A_PHONE_CALL,action_make_a_phone_call,Make A Phone Call,action_scene,universal,img__action_make_a_phone_call__v1.webp,1024x1024,digital_art_premium_v5_neutral,neutral light-gray gradient,"A clear visual for ""Make A Phone Call"", premium digital art illustration, clean sharp vector-inspired edges, crisp soft directional lighting, subtle depth, centered single subject, neutral light-gray gradient background, minimal clutter, professional learning-app quality, non-cartoon look, no text, no letters, no numerals, no logos, no watermark, no border, 1024x1024",language_learning|cross_language_vocabulary|reading_comprehension|listening_comprehension,1,v5_premium_neutral
IMG_ACTION_SWIM_POOL,action_swim_pool,Swim Pool,action_scene,universal,img__action_swim_pool__v1.webp,1024x1024,digital_art_premium_v5_neutral,neutral light-gray gradient,"A clear visual for ""Swim Pool"", premium digital art illustration, clean sharp vector-inspired edges, crisp soft directional lighting, subtle depth, centered single subject, neutral light-gray gradient background, minimal clutter, professional learning-app quality, non-cartoon look, no text, no letters, no numerals, no logos, no watermark, no border, 1024x1024",language_learning|cross_language_vocabulary|reading_comprehension|listening_comprehension,0,v5_premium_neutral
IMG_ACTION_TO_ARRIVE,action_to_arrive,To Arrive,action_scene,universal,img__action_to_arrive__v1.webp,1024x1024,digital_art_premium_v5_neutral,neutral light-gray gradient,"A clear visual for ""To Arrive"", premium digital art illustration, clean sharp vector-inspired edges, crisp soft directional lighting, subtle depth, centered single subject, neutral light-gray gradient background, minimal clutter, professional learning-app quality, non-cartoon look, no text, no letters, no numerals, no logos, no watermark, no border, 1024x1024",language_learning|cross_language_vocabulary|reading_comprehension|listening_comprehension,2,v5_premium_neutral
IMG_ACTION_TO_ASK,action_to_ask,To Ask,action_scene,universal,img__action_to_ask__v1.webp,1024x1024,digital_art_premium_v5_neutral,neutral light-gray gradient,"A clear visual for ""To Ask"", premium digital art illustration, clean sharp vector-inspired edges, crisp soft directional lighting, subtle depth, centered single subject, neutral light-gray gradient background, minimal clutter, professional learning-app quality, non-cartoon look, no text, no letters, no numerals, no logos, no watermark, no border, 1024x1024",language_learning|cross_language_vocabulary|reading_comprehension|listening_comprehension,1,v5_premium_neutral
IMG_ACTION_TO_BE,action_to_be,To Be,action_scene,universal,img__action_to_be__v1.webp,1024x1024,digital_art_premium_v5_neutral,neutral light-gray gradient,"A clear visual for ""To Be"", premium digital art illustration, clean sharp vector-inspired edges, crisp soft directional lighting, subtle depth, centered single subject, neutral light-gray gradient background, minimal clutter, professional learning-app quality, non-cartoon look, no text, no letters, no numerals, no logos, no watermark, no border, 1024x1024",language_learning|cross_language_vocabulary|reading_comprehension|listening_comprehension,1,v5_premium_neutral
IMG_ACTION_TO_BE_CALLED,action_to_be_called,To Be Called,action_scene,universal,img__action_to_be_called__v1.webp,1024x1024,digital_art_premium_v5_neutral,neutral light-gray gradient,"A clear visual for ""To Be Called"", premium digital art illustration, clean sharp vector-inspired edges, crisp soft directional lighting, subtle depth, centered single subject, neutral light-gray gradient background, minimal clutter, professional learning-app quality, non-cartoon look, no text, no letters, no numerals, no logos, no watermark, no border, 1024x1024",language_learning|cross_language_vocabulary|reading_comprehension|listening_comprehension,1,v5_premium_neutral
IMG_ACTION_TO_BE_ILL,action_to_be_ill,To Be Ill,action_scene,universal,img__action_to_be_ill__v1.webp,1024x1024,digital_art_premium_v5_neutral,neutral light-gray gradient,"A clear visual for ""To Be Ill"", premium digital art illustration, clean sharp vector-inspired edges, crisp soft directional lighting, subtle depth, centered single subject, neutral light-gray gradient background, minimal clutter, professional learning-app quality, non-cartoon look, no text, no letters, no numerals, no logos, no watermark, no border, 1024x1024",language_learning|cross_language_vocabulary|reading_comprehension|listening_comprehension,1,v5_premium_neutral
IMG_ACTION_TO_BUY,action_to_buy,To Buy,action_scene,universal,img__action_to_buy__v1.webp,1024x1024,digital_art_premium_v5_neutral,neutral light-gray gradient,"A clear visual for ""To Buy"", premium digital art illustration, clean sharp vector-inspired edges, crisp soft directional lighting, subtle depth, centered single subject, neutral light-gray gradient background, minimal clutter, professional learning-app quality, non-cartoon look, no text, no letters, no numerals, no logos, no watermark, no border, 1024x1024",language_learning|cross_language_vocabulary|reading_comprehension|listening_comprehension,1,v5_premium_neutral
IMG_ACTION_TO_CALL,action_to_call,To Call,action_scene,universal,img__action_to_call__v1.webp,1024x1024,digital_art_premium_v5_neutral,neutral light-gray gradient,"A clear visual for ""To Call"", premium digital art illustration, clean sharp vector-inspired edges, crisp soft directional lighting, subtle depth, centered single subject, neutral light-gray gradient background, minimal clutter, professional learning-app quality, non-cartoon look, no text, no letters, no numerals, no logos, no watermark, no border, 1024x1024",language_learning|cross_language_vocabulary|reading_comprehension|listening_comprehension,1,v5_premium_neutral
IMG_ACTION_TO_CLOSE,action_to_close,To Close,action_scene,universal,img__action_to_close__v1.webp,1024x1024,digital_art_premium_v5_neutral,neutral light-gray gradient,"A clear visual for ""To Close"", premium digital art illustration, clean sharp vector-inspired edges, crisp soft directional lighting, subtle depth, centered single subject, neutral light-gray gradient background, minimal clutter, professional learning-app quality, non-cartoon look, no text, no letters, no numerals, no logos, no watermark, no border, 1024x1024",language_learning|cross_language_vocabulary|reading_comprehension|listening_comprehension,1,v5_premium_neutral
IMG_ACTION_TO_COME,action_to_come,To Come,action_scene,universal,img__action_to_come__v1.webp,1024x1024,digital_art_premium_v5_neutral,neutral light-gray gradient,"A clear visual for ""To Come"", premium digital art illustration, clean sharp vector-inspired edges, crisp soft directional lighting, subtle depth, centered single subject, neutral light-gray gradient background, minimal clutter, professional learning-app quality, non-cartoon look, no text, no letters, no numerals, no logos, no watermark, no border, 1024x1024",language_learning|cross_language_vocabulary|reading_comprehension|listening_comprehension,1,v5_premium_neutral
IMG_ACTION_TO_COMPARE,action_to_compare,To Compare,action_scene,universal,img__action_to_compare__v1.webp,1024x1024,digital_art_premium_v5_neutral,neutral light-gray gradient,"A clear visual for ""To Compare"", premium digital art illustration, clean sharp vector-inspired edges, crisp soft directional lighting, subtle depth, centered single subject, neutral light-gray gradient background, minimal clutter, professional learning-app quality, non-cartoon look, no text, no letters, no numerals, no logos, no watermark, no border, 1024x1024",language_learning|cross_language_vocabulary|reading_comprehension|listening_comprehension,1,v5_premium_neutral
IMG_ACTION_TO_DO,action_to_do,To Do,action_scene,universal,img__action_to_do__v1.webp,1024x1024,digital_art_premium_v5_neutral,neutral light-gray gradient,"A clear visual for ""To Do"", premium digital art illustration, clean sharp vector-inspired edges, crisp soft directional lighting, subtle depth, centered single subject, neutral light-gray gradient background, minimal clutter, professional learning-app quality, non-cartoon look, no text, no letters, no numerals, no logos, no watermark, no border, 1024x1024",language_learning|cross_language_vocabulary|reading_comprehension|listening_comprehension,2,v5_premium_neutral
IMG_ACTION_TO_DRINK,action_to_drink,To Drink,action_scene,universal,img__action_to_drink__v1.webp,1024x1024,digital_art_premium_v5_neutral,neutral light-gray gradient,"A clear visual for ""To Drink"", premium digital art illustration, clean sharp vector-inspired edges, crisp soft directional lighting, subtle depth, centered single subject, neutral light-gray gradient background, minimal clutter, professional learning-app quality, non-cartoon look, no text, no letters, no numerals, no logos, no watermark, no border, 1024x1024",language_learning|cross_language_vocabulary|reading_comprehension|listening_comprehension,1,v5_premium_neutral
IMG_ACTION_TO_DRIVE,action_to_drive,To Drive,action_scene,universal,img__action_to_drive__v1.webp,1024x1024,digital_art_premium_v5_neutral,neutral light-gray gradient,"A clear visual for ""To Drive"", premium digital art illustration, clean sharp vector-inspired edges, crisp soft directional lighting, subtle depth, centered single subject, neutral light-gray gradient background, minimal clutter, professional learning-app quality, non-cartoon look, no text, no letters, no numerals, no logos, no watermark, no border, 1024x1024",language_learning|cross_language_vocabulary|reading_comprehension|listening_comprehension,1,v5_premium_neutral
IMG_ACTION_TO_DRIVE_A_CAR,action_to_drive_a_car,To Drive A Car,action_scene,universal,img__action_to_drive_a_car__v1.webp,1024x1024,digital_art_premium_v5_neutral,neutral light-gray gradient,"A clear visual for ""To Drive A Car"", premium digital art illustration, clean sharp vector-inspired edges, crisp soft directional lighting, subtle depth, centered single subject, neutral light-gray gradient background, minimal clutter, professional learning-app quality, non-cartoon look, no text, no letters, no numerals, no logos, no watermark, no border, 1024x1024",language_learning|cross_language_vocabulary|reading_comprehension|listening_comprehension,1,v5_premium_neutral
IMG_ACTION_TO_EAT,action_to_eat,To Eat,action_scene,universal,img__action_to_eat__v1.webp,1024x1024,digital_art_premium_v5_neutral,neutral light-gray gradient,"A clear visual for ""To Eat"", premium digital art illustration, clean sharp vector-inspired edges, crisp soft directional lighting, subtle depth, centered single subject, neutral light-gray gradient background, minimal clutter, professional learning-app quality, non-cartoon look, no text, no letters, no numerals, no logos, no watermark, no border, 1024x1024",language_learning|cross_language_vocabulary|reading_comprehension|listening_comprehension,1,v5_premium_neutral
IMG_ACTION_TO_ENTER,action_to_enter,To Enter,action_scene,universal,img__action_to_enter__v1.webp,1024x1024,digital_art_premium_v5_neutral,neutral light-gray gradient,"A clear visual for ""To Enter"", premium digital art illustration, clean sharp vector-inspired edges, crisp soft directional lighting, subtle depth, centered single subject, neutral light-gray gradient background, minimal clutter, professional learning-app quality, non-cartoon look, no text, no letters, no numerals, no logos, no watermark, no border, 1024x1024",language_learning|cross_language_vocabulary|reading_comprehension|listening_comprehension,1,v5_premium_neutral
IMG_ACTION_TO_FEEL,action_to_feel,To Feel,action_scene,universal,img__action_to_feel__v1.webp,1024x1024,digital_art_premium_v5_neutral,neutral light-gray gradient,"A clear visual for ""To Feel"", premium digital art illustration, clean sharp vector-inspired edges, crisp soft directional lighting, subtle depth, centered single subject, neutral light-gray gradient background, minimal clutter, professional learning-app quality, non-cartoon look, no text, no letters, no numerals, no logos, no watermark, no border, 1024x1024",language_learning|cross_language_vocabulary|reading_comprehension|listening_comprehension,1,v5_premium_neutral
IMG_ACTION_TO_FIND,action_to_find,To Find,action_scene,universal,img__action_to_find__v1.webp,1024x1024,digital_art_premium_v5_neutral,neutral light-gray gradient,"A clear visual for ""To Find"", premium digital art illustration, clean sharp vector-inspired edges, crisp soft directional lighting, subtle depth, centered single subject, neutral light-gray gradient background, minimal clutter, professional learning-app quality, non-cartoon look, no text, no letters, no numerals, no logos, no watermark, no border, 1024x1024",language_learning|cross_language_vocabulary|reading_comprehension|listening_comprehension,1,v5_premium_neutral
IMG_ACTION_TO_FLY,action_to_fly,To Fly,action_scene,universal,img__action_to_fly__v1.webp,1024x1024,digital_art_premium_v5_neutral,neutral light-gray gradient,"A clear visual for ""To Fly"", premium digital art illustration, clean sharp vector-inspired edges, crisp soft directional lighting, subtle depth, centered single subject, neutral light-gray gradient background, minimal clutter, professional learning-app quality, non-cartoon look, no text, no letters, no numerals, no logos, no watermark, no border, 1024x1024",language_learning|cross_language_vocabulary|reading_comprehension|listening_comprehension,1,v5_premium_neutral
IMG_ACTION_TO_FOLLOW,action_to_follow,To Follow,action_scene,universal,img__action_to_follow__v1.webp,1024x1024,digital_art_premium_v5_neutral,neutral light-gray gradient,"A clear visual for ""To Follow"", premium digital art illustration, clean sharp vector-inspired edges, crisp soft directional lighting, subtle depth, centered single subject, neutral light-gray gradient background, minimal clutter, professional learning-app quality, non-cartoon look, no text, no letters, no numerals, no logos, no watermark, no border, 1024x1024",language_learning|cross_language_vocabulary|reading_comprehension|listening_comprehension,1,v5_premium_neutral
IMG_ACTION_TO_FORGET,action_to_forget,To Forget,action_scene,universal,img__action_to_forget__v1.webp,1024x1024,digital_art_premium_v5_neutral,neutral light-gray gradient,"A clear visual for ""To Forget"", premium digital art illustration, clean sharp vector-inspired edges, crisp soft directional lighting, subtle depth, centered single subject, neutral light-gray gradient background, minimal clutter, professional learning-app quality, non-cartoon look, no text, no letters, no numerals, no logos, no watermark, no border, 1024x1024",language_learning|cross_language_vocabulary|reading_comprehension|listening_comprehension,2,v5_premium_neutral
IMG_ACTION_TO_GIVE,action_to_give,To Give,action_scene,universal,img__action_to_give__v1.webp,1024x1024,digital_art_premium_v5_neutral,neutral light-gray gradient,"A clear visual for ""To Give"", premium digital art illustration, clean sharp vector-inspired edges, crisp soft directional lighting, subtle depth, centered single subject, neutral light-gray gradient background, minimal clutter, professional learning-app quality, non-cartoon look, no text, no letters, no numerals, no logos, no watermark, no border, 1024x1024",language_learning|cross_language_vocabulary|reading_comprehension|listening_comprehension,1,v5_premium_neutral
IMG_ACTION_TO_GIVE_AS_A_GIFT,action_to_give_as_a_gift,To Give As A Gift,action_scene,universal,img__action_to_give_as_a_gift__v1.webp,1024x1024,digital_art_premium_v5_neutral,neutral light-gray gradient,"A clear visual for ""To Give As A Gift"", premium digital art illustration, clean sharp vector-inspired edges, crisp soft directional lighting, subtle depth, centered single subject, neutral light-gray gradient background, minimal clutter, professional learning-app quality, non-cartoon look, no text, no letters, no numerals, no logos, no watermark, no border, 1024x1024",language_learning|cross_language_vocabulary|reading_comprehension|listening_comprehension,1,v5_premium_neutral
IMG_ACTION_TO_GO,action_to_go,To Go,action_scene,universal,img__action_to_go__v1.webp,1024x1024,digital_art_premium_v5_neutral,neutral light-gray gradient,"A clear visual for ""To Go"", premium digital art illustration, clean sharp vector-inspired edges, crisp soft directional lighting, subtle depth, centered single subject, neutral light-gray gradient background, minimal clutter, professional learning-app quality, non-cartoon look, no text, no letters, no numerals, no logos, no watermark, no border, 1024x1024",language_learning|cross_language_vocabulary|reading_comprehension|listening_comprehension,1,v5_premium_neutral
IMG_ACTION_TO_GO_BACK,action_to_go_back,To Go Back,action_scene,universal,img__action_to_go_back__v1.webp,1024x1024,digital_art_premium_v5_neutral,neutral light-gray gradient,"A clear visual for ""To Go Back"", premium digital art illustration, clean sharp vector-inspired edges, crisp soft directional lighting, subtle depth, centered single subject, neutral light-gray gradient background, minimal clutter, professional learning-app quality, non-cartoon look, no text, no letters, no numerals, no logos, no watermark, no border, 1024x1024",language_learning|cross_language_vocabulary|reading_comprehension|listening_comprehension,1,v5_premium_neutral
IMG_ACTION_TO_GO_IN,action_to_go_in,To Go In,action_scene,universal,img__action_to_go_in__v1.webp,1024x1024,digital_art_premium_v5_neutral,neutral light-gray gradient,"A clear visual for ""To Go In"", premium digital art illustration, clean sharp vector-inspired edges, crisp soft directional lighting, subtle depth, centered single subject, neutral light-gray gradient background, minimal clutter, professional learning-app quality, non-cartoon look, no text, no letters, no numerals, no logos, no watermark, no border, 1024x1024",language_learning|cross_language_vocabulary|reading_comprehension|listening_comprehension,1,v5_premium_neutral
IMG_ACTION_TO_GO_OUT,action_to_go_out,To Go Out,action_scene,universal,img__action_to_go_out__v1.webp,1024x1024,digital_art_premium_v5_neutral,neutral light-gray gradient,"A clear visual for ""To Go Out"", premium digital art illustration, clean sharp vector-inspired edges, crisp soft directional lighting, subtle depth, centered single subject, neutral light-gray gradient background, minimal clutter, professional learning-app quality, non-cartoon look, no text, no letters, no numerals, no logos, no watermark, no border, 1024x1024",language_learning|cross_language_vocabulary|reading_comprehension|listening_comprehension,1,v5_premium_neutral
IMG_ACTION_TO_HAVE,action_to_have,To Have,action_scene,universal,img__action_to_have__v1.webp,1024x1024,digital_art_premium_v5_neutral,neutral light-gray gradient,"A clear visual for ""To Have"", premium digital art illustration, clean sharp vector-inspired edges, crisp soft directional lighting, subtle depth, centered single subject, neutral light-gray gradient background, minimal clutter, professional learning-app quality, non-cartoon look, no text, no letters, no numerals, no logos, no watermark, no border, 1024x1024",language_learning|cross_language_vocabulary|reading_comprehension|listening_comprehension,1,v5_premium_neutral
IMG_ACTION_TO_HEAR,action_to_hear,To Hear,action_scene,universal,img__action_to_hear__v1.webp,1024x1024,digital_art_premium_v5_neutral,neutral light-gray gradient,"A clear visual for ""To Hear"", premium digital art illustration, clean sharp vector-inspired edges, crisp soft directional lighting, subtle depth, centered single subject, neutral light-gray gradient background, minimal clutter, professional learning-app quality, non-cartoon look, no text, no letters, no numerals, no logos, no watermark, no border, 1024x1024",language_learning|cross_language_vocabulary|reading_comprehension|listening_comprehension,3,v5_premium_neutral
IMG_ACTION_TO_HELP,action_to_help,To Help,action_scene,universal,img__action_to_help__v1.webp,1024x1024,digital_art_premium_v5_neutral,neutral light-gray gradient,"A clear visual for ""To Help"", premium digital art illustration, clean sharp vector-inspired edges, crisp soft directional lighting, subtle depth, centered single subject, neutral light-gray gradient background, minimal clutter, professional learning-app quality, non-cartoon look, no text, no letters, no numerals, no logos, no watermark, no border, 1024x1024",language_learning|cross_language_vocabulary|reading_comprehension|listening_comprehension,2,v5_premium_neutral
IMG_ACTION_TO_HIT_OR_STRIKE,action_to_hit_or_strike,To Hit Or Strike,action_scene,universal,img__action_to_hit_or_strike__v1.webp,1024x1024,digital_art_premium_v5_neutral,neutral light-gray gradient,"A clear visual for ""To Hit Or Strike"", premium digital art illustration, clean sharp vector-inspired edges, crisp soft directional lighting, subtle depth, centered single subject, neutral light-gray gradient background, minimal clutter, professional learning-app quality, non-cartoon look, no text, no letters, no numerals, no logos, no watermark, no border, 1024x1024",language_learning|cross_language_vocabulary|reading_comprehension|listening_comprehension,1,v5_premium_neutral
IMG_ACTION_TO_HOLD,action_to_hold,To Hold,action_scene,universal,img__action_to_hold__v1.webp,1024x1024,digital_art_premium_v5_neutral,neutral light-gray gradient,"A clear visual for ""To Hold"", premium digital art illustration, clean sharp vector-inspired edges, crisp soft directional lighting, subtle depth, centered single subject, neutral light-gray gradient background, minimal clutter, professional learning-app quality, non-cartoon look, no text, no letters, no numerals, no logos, no watermark, no border, 1024x1024",language_learning|cross_language_vocabulary|reading_comprehension|listening_comprehension,1,v5_premium_neutral
IMG_ACTION_TO_JOKE,action_to_joke,To Joke,action_scene,universal,img__action_to_joke__v1.webp,1024x1024,digital_art_premium_v5_neutral,neutral light-gray gradient,"A clear visual for ""To Joke"", premium digital art illustration, clean sharp vector-inspired edges, crisp soft directional lighting, subtle depth, centered single subject, neutral light-gray gradient background, minimal clutter, professional learning-app quality, non-cartoon look, no text, no letters, no numerals, no logos, no watermark, no border, 1024x1024",language_learning|cross_language_vocabulary|reading_comprehension|listening_comprehension,1,v5_premium_neutral
IMG_ACTION_TO_KNOW,action_to_know,To Know,action_scene,universal,img__action_to_know__v1.webp,1024x1024,digital_art_premium_v5_neutral,neutral light-gray gradient,"A clear visual for ""To Know"", premium digital art illustration, clean sharp vector-inspired edges, crisp soft directional lighting, subtle depth, centered single subject, neutral light-gray gradient background, minimal clutter, professional learning-app quality, non-cartoon look, no text, no letters, no numerals, no logos, no watermark, no border, 1024x1024",language_learning|cross_language_vocabulary|reading_comprehension|listening_comprehension,2,v5_premium_neutral
IMG_ACTION_TO_LAUGH,action_to_laugh,To Laugh,action_scene,universal,img__action_to_laugh__v1.webp,1024x1024,digital_art_premium_v5_neutral,neutral light-gray gradient,"A clear visual for ""To Laugh"", premium digital art illustration, clean sharp vector-inspired edges, crisp soft directional lighting, subtle depth, centered single subject, neutral light-gray gradient background, minimal clutter, professional learning-app quality, non-cartoon look, no text, no letters, no numerals, no logos, no watermark, no border, 1024x1024",language_learning|cross_language_vocabulary|reading_comprehension|listening_comprehension,1,v5_premium_neutral
IMG_ACTION_TO_LEARN,action_to_learn,To Learn,action_scene,universal,img__action_to_learn__v1.webp,1024x1024,digital_art_premium_v5_neutral,neutral light-gray gradient,"A clear visual for ""To Learn"", premium digital art illustration, clean sharp vector-inspired edges, crisp soft directional lighting, subtle depth, centered single subject, neutral light-gray gradient background, minimal clutter, professional learning-app quality, non-cartoon look, no text, no letters, no numerals, no logos, no watermark, no border, 1024x1024",language_learning|cross_language_vocabulary|reading_comprehension|listening_comprehension,1,v5_premium_neutral
IMG_ACTION_TO_LIKE,action_to_like,To Like,action_scene,universal,img__action_to_like__v1.webp,1024x1024,digital_art_premium_v5_neutral,neutral light-gray gradient,"A clear visual for ""To Like"", premium digital art illustration, clean sharp vector-inspired edges, crisp soft directional lighting, subtle depth, centered single subject, neutral light-gray gradient background, minimal clutter, professional learning-app quality, non-cartoon look, no text, no letters, no numerals, no logos, no watermark, no border, 1024x1024",language_learning|cross_language_vocabulary|reading_comprehension|listening_comprehension,1,v5_premium_neutral
IMG_ACTION_TO_LISTEN,action_to_listen,To Listen,action_scene,universal,img__action_to_listen__v1.webp,1024x1024,digital_art_premium_v5_neutral,neutral light-gray gradient,"A clear visual for ""To Listen"", premium digital art illustration, clean sharp vector-inspired edges, crisp soft directional lighting, subtle depth, centered single subject, neutral light-gray gradient background, minimal clutter, professional learning-app quality, non-cartoon look, no text, no letters, no numerals, no logos, no watermark, no border, 1024x1024",language_learning|cross_language_vocabulary|reading_comprehension|listening_comprehension,1,v5_premium_neutral
IMG_ACTION_TO_LIVE,action_to_live,To Live,action_scene,universal,img__action_to_live__v1.webp,1024x1024,digital_art_premium_v5_neutral,neutral light-gray gradient,"A clear visual for ""To Live"", premium digital art illustration, clean sharp vector-inspired edges, crisp soft directional lighting, subtle depth, centered single subject, neutral light-gray gradient background, minimal clutter, professional learning-app quality, non-cartoon look, no text, no letters, no numerals, no logos, no watermark, no border, 1024x1024",language_learning|cross_language_vocabulary|reading_comprehension|listening_comprehension,1,v5_premium_neutral
IMG_ACTION_TO_LOOK,action_to_look,To Look,action_scene,universal,img__action_to_look__v1.webp,1024x1024,digital_art_premium_v5_neutral,neutral light-gray gradient,"A clear visual for ""To Look"", premium digital art illustration, clean sharp vector-inspired edges, crisp soft directional lighting, subtle depth, centered single subject, neutral light-gray gradient background, minimal clutter, professional learning-app quality, non-cartoon look, no text, no letters, no numerals, no logos, no watermark, no border, 1024x1024",language_learning|cross_language_vocabulary|reading_comprehension|listening_comprehension,1,v5_premium_neutral
IMG_ACTION_TO_LOOK_FOR,action_to_look_for,To Look For,action_scene,universal,img__action_to_look_for__v1.webp,1024x1024,digital_art_premium_v5_neutral,neutral light-gray gradient,"A clear visual for ""To Look For"", premium digital art illustration, clean sharp vector-inspired edges, crisp soft directional lighting, subtle depth, centered single subject, neutral light-gray gradient background, minimal clutter, professional learning-app quality, non-cartoon look, no text, no letters, no numerals, no logos, no watermark, no border, 1024x1024",language_learning|cross_language_vocabulary|reading_comprehension|listening_comprehension,1,v5_premium_neutral
IMG_ACTION_TO_MAKE,action_to_make,To Make,action_scene,universal,img__action_to_make__v1.webp,1024x1024,digital_art_premium_v5_neutral,neutral light-gray gradient,"A clear visual for ""To Make"", premium digital art illustration, clean sharp vector-inspired edges, crisp soft directional lighting, subtle depth, centered single subject, neutral light-gray gradient background, minimal clutter, professional learning-app quality, non-cartoon look, no text, no letters, no numerals, no logos, no watermark, no border, 1024x1024",language_learning|cross_language_vocabulary|reading_comprehension|listening_comprehension,1,v5_premium_neutral
IMG_ACTION_TO_MOVE,action_to_move,To Move,action_scene,universal,img__action_to_move__v1.webp,1024x1024,digital_art_premium_v5_neutral,neutral light-gray gradient,"A clear visual for ""To Move"", premium digital art illustration, clean sharp vector-inspired edges, crisp soft directional lighting, subtle depth, centered single subject, neutral light-gray gradient background, minimal clutter, professional learning-app quality, non-cartoon look, no text, no letters, no numerals, no logos, no watermark, no border, 1024x1024",language_learning|cross_language_vocabulary|reading_comprehension|listening_comprehension,1,v5_premium_neutral
IMG_ACTION_TO_OBTAIN,action_to_obtain,To Obtain,action_scene,universal,img__action_to_obtain__v1.webp,1024x1024,digital_art_premium_v5_neutral,neutral light-gray gradient,"A clear visual for ""To Obtain"", premium digital art illustration, clean sharp vector-inspired edges, crisp soft directional lighting, subtle depth, centered single subject, neutral light-gray gradient background, minimal clutter, professional learning-app quality, non-cartoon look, no text, no letters, no numerals, no logos, no watermark, no border, 1024x1024",language_learning|cross_language_vocabulary|reading_comprehension|listening_comprehension,1,v5_premium_neutral
IMG_ACTION_TO_OPEN,action_to_open,To Open,action_scene,universal,img__action_to_open__v1.webp,1024x1024,digital_art_premium_v5_neutral,neutral light-gray gradient,"A clear visual for ""To Open"", premium digital art illustration, clean sharp vector-inspired edges, crisp soft directional lighting, subtle depth, centered single subject, neutral light-gray gradient background, minimal clutter, professional learning-app quality, non-cartoon look, no text, no letters, no numerals, no logos, no watermark, no border, 1024x1024",language_learning|cross_language_vocabulary|reading_comprehension|listening_comprehension,1,v5_premium_neutral
IMG_ACTION_TO_PASS,action_to_pass,To Pass,action_scene,universal,img__action_to_pass__v1.webp,1024x1024,digital_art_premium_v5_neutral,neutral light-gray gradient,"A clear visual for ""To Pass"", premium digital art illustration, clean sharp vector-inspired edges, crisp soft directional lighting, subtle depth, centered single subject, neutral light-gray gradient background, minimal clutter, professional learning-app quality, non-cartoon look, no text, no letters, no numerals, no logos, no watermark, no border, 1024x1024",language_learning|cross_language_vocabulary|reading_comprehension|listening_comprehension,1,v5_premium_neutral
IMG_ACTION_TO_PLACE,action_to_place,To Place,action_scene,universal,img__action_to_place__v1.webp,1024x1024,digital_art_premium_v5_neutral,neutral light-gray gradient,"A clear visual for ""To Place"", premium digital art illustration, clean sharp vector-inspired edges, crisp soft directional lighting, subtle depth, centered single subject, neutral light-gray gradient background, minimal clutter, professional learning-app quality, non-cartoon look, no text, no letters, no numerals, no logos, no watermark, no border, 1024x1024",language_learning|cross_language_vocabulary|reading_comprehension|listening_comprehension,1,v5_premium_neutral
IMG_ACTION_TO_PLAY,action_to_play,To Play,action_scene,universal,img__action_to_play__v1.webp,1024x1024,digital_art_premium_v5_neutral,neutral light-gray gradient,"A clear visual for ""To Play"", premium digital art illustration, clean sharp vector-inspired edges, crisp soft directional lighting, subtle depth, centered single subject, neutral light-gray gradient background, minimal clutter, professional learning-app quality, non-cartoon look, no text, no letters, no numerals, no logos, no watermark, no border, 1024x1024",language_learning|cross_language_vocabulary|reading_comprehension|listening_comprehension,1,v5_premium_neutral
IMG_ACTION_TO_PUT_DOWN,action_to_put_down,To Put Down,action_scene,universal,img__action_to_put_down__v1.webp,1024x1024,digital_art_premium_v5_neutral,neutral light-gray gradient,"A clear visual for ""To Put Down"", premium digital art illustration, clean sharp vector-inspired edges, crisp soft directional lighting, subtle depth, centered single subject, neutral light-gray gradient background, minimal clutter, professional learning-app quality, non-cartoon look, no text, no letters, no numerals, no logos, no watermark, no border, 1024x1024",language_learning|cross_language_vocabulary|reading_comprehension|listening_comprehension,1,v5_premium_neutral
IMG_ACTION_TO_RAIN,action_to_rain,To Rain,action_scene,universal,img__action_to_rain__v1.webp,1024x1024,digital_art_premium_v5_neutral,neutral light-gray gradient,"A clear visual for ""To Rain"", premium digital art illustration, clean sharp vector-inspired edges, crisp soft directional lighting, subtle depth, centered single subject, neutral light-gray gradient background, minimal clutter, professional learning-app quality, non-cartoon look, no text, no letters, no numerals, no logos, no watermark, no border, 1024x1024",language_learning|cross_language_vocabulary|reading_comprehension|listening_comprehension,1,v5_premium_neutral
IMG_ACTION_TO_READ,action_to_read,To Read,action_scene,universal,img__action_to_read__v1.webp,1024x1024,digital_art_premium_v5_neutral,neutral light-gray gradient,"A clear visual for ""To Read"", premium digital art illustration, clean sharp vector-inspired edges, crisp soft directional lighting, subtle depth, centered single subject, neutral light-gray gradient background, minimal clutter, professional learning-app quality, non-cartoon look, no text, no letters, no numerals, no logos, no watermark, no border, 1024x1024",language_learning|cross_language_vocabulary|reading_comprehension|listening_comprehension,1,v5_premium_neutral
IMG_ACTION_TO_RECOGNIZE,action_to_recognize,To Recognize,action_scene,universal,img__action_to_recognize__v1.webp,1024x1024,digital_art_premium_v5_neutral,neutral light-gray gradient,"A clear visual for ""To Recognize"", premium digital art illustration, clean sharp vector-inspired edges, crisp soft directional lighting, subtle depth, centered single subject, neutral light-gray gradient background, minimal clutter, professional learning-app quality, non-cartoon look, no text, no letters, no numerals, no logos, no watermark, no border, 1024x1024",language_learning|cross_language_vocabulary|reading_comprehension|listening_comprehension,1,v5_premium_neutral
IMG_ACTION_TO_REMEMBER,action_to_remember,To Remember,action_scene,universal,img__action_to_remember__v1.webp,1024x1024,digital_art_premium_v5_neutral,neutral light-gray gradient,"A clear visual for ""To Remember"", premium digital art illustration, clean sharp vector-inspired edges, crisp soft directional lighting, subtle depth, centered single subject, neutral light-gray gradient background, minimal clutter, professional learning-app quality, non-cartoon look, no text, no letters, no numerals, no logos, no watermark, no border, 1024x1024",language_learning|cross_language_vocabulary|reading_comprehension|listening_comprehension,3,v5_premium_neutral
IMG_ACTION_TO_RETURN,action_to_return,To Return,action_scene,universal,img__action_to_return__v1.webp,1024x1024,digital_art_premium_v5_neutral,neutral light-gray gradient,"A clear visual for ""To Return"", premium digital art illustration, clean sharp vector-inspired edges, crisp soft directional lighting, subtle depth, centered single subject, neutral light-gray gradient background, minimal clutter, professional learning-app quality, non-cartoon look, no text, no letters, no numerals, no logos, no watermark, no border, 1024x1024",language_learning|cross_language_vocabulary|reading_comprehension|listening_comprehension,2,v5_premium_neutral
IMG_ACTION_TO_RISE,action_to_rise,To Rise,action_scene,universal,img__action_to_rise__v1.webp,1024x1024,digital_art_premium_v5_neutral,neutral light-gray gradient,"A clear visual for ""To Rise"", premium digital art illustration, clean sharp vector-inspired edges, crisp soft directional lighting, subtle depth, centered single subject, neutral light-gray gradient background, minimal clutter, professional learning-app quality, non-cartoon look, no text, no letters, no numerals, no logos, no watermark, no border, 1024x1024",language_learning|cross_language_vocabulary|reading_comprehension|listening_comprehension,2,v5_premium_neutral
IMG_ACTION_TO_RISE_UP,action_to_rise_up,To Rise Up,action_scene,universal,img__action_to_rise_up__v1.webp,1024x1024,digital_art_premium_v5_neutral,neutral light-gray gradient,"A clear visual for ""To Rise Up"", premium digital art illustration, clean sharp vector-inspired edges, crisp soft directional lighting, subtle depth, centered single subject, neutral light-gray gradient background, minimal clutter, professional learning-app quality, non-cartoon look, no text, no letters, no numerals, no logos, no watermark, no border, 1024x1024",language_learning|cross_language_vocabulary|reading_comprehension|listening_comprehension,1,v5_premium_neutral
IMG_ACTION_TO_RUN,action_to_run,To Run,action_scene,universal,img__action_to_run__v1.webp,1024x1024,digital_art_premium_v5_neutral,neutral light-gray gradient,"A clear visual for ""To Run"", premium digital art illustration, clean sharp vector-inspired edges, crisp soft directional lighting, subtle depth, centered single subject, neutral light-gray gradient background, minimal clutter, professional learning-app quality, non-cartoon look, no text, no letters, no numerals, no logos, no watermark, no border, 1024x1024",language_learning|cross_language_vocabulary|reading_comprehension|listening_comprehension,1,v5_premium_neutral
IMG_ACTION_TO_SEE,action_to_see,To See,action_scene,universal,img__action_to_see__v1.webp,1024x1024,digital_art_premium_v5_neutral,neutral light-gray gradient,"A clear visual for ""To See"", premium digital art illustration, clean sharp vector-inspired edges, crisp soft directional lighting, subtle depth, centered single subject, neutral light-gray gradient background, minimal clutter, professional learning-app quality, non-cartoon look, no text, no letters, no numerals, no logos, no watermark, no border, 1024x1024",language_learning|cross_language_vocabulary|reading_comprehension|listening_comprehension,4,v5_premium_neutral
IMG_ACTION_TO_SING,action_to_sing,To Sing,action_scene,universal,img__action_to_sing__v1.webp,1024x1024,digital_art_premium_v5_neutral,neutral light-gray gradient,"A clear visual for ""To Sing"", premium digital art illustration, clean sharp vector-inspired edges, crisp soft directional lighting, subtle depth, centered single subject, neutral light-gray gradient background, minimal clutter, professional learning-app quality, non-cartoon look, no text, no letters, no numerals, no logos, no watermark, no border, 1024x1024",language_learning|cross_language_vocabulary|reading_comprehension|listening_comprehension,1,v5_premium_neutral
IMG_ACTION_TO_SIT,action_to_sit,To Sit,action_scene,universal,img__action_to_sit__v1.webp,1024x1024,digital_art_premium_v5_neutral,neutral light-gray gradient,"A clear visual for ""To Sit"", premium digital art illustration, clean sharp vector-inspired edges, crisp soft directional lighting, subtle depth, centered single subject, neutral light-gray gradient background, minimal clutter, professional learning-app quality, non-cartoon look, no text, no letters, no numerals, no logos, no watermark, no border, 1024x1024",language_learning|cross_language_vocabulary|reading_comprehension|listening_comprehension,1,v5_premium_neutral
IMG_ACTION_TO_SLEEP,action_to_sleep,To Sleep,action_scene,universal,img__action_to_sleep__v1.webp,1024x1024,digital_art_premium_v5_neutral,neutral light-gray gradient,"A clear visual for ""To Sleep"", premium digital art illustration, clean sharp vector-inspired edges, crisp soft directional lighting, subtle depth, centered single subject, neutral light-gray gradient background, minimal clutter, professional learning-app quality, non-cartoon look, no text, no letters, no numerals, no logos, no watermark, no border, 1024x1024",language_learning|cross_language_vocabulary|reading_comprehension|listening_comprehension,2,v5_premium_neutral
IMG_ACTION_TO_SPEAK,action_to_speak,To Speak,action_scene,universal,img__action_to_speak__v1.webp,1024x1024,digital_art_premium_v5_neutral,neutral light-gray gradient,"A clear visual for ""To Speak"", premium digital art illustration, clean sharp vector-inspired edges, crisp soft directional lighting, subtle depth, centered single subject, neutral light-gray gradient background, minimal clutter, professional learning-app quality, non-cartoon look, no text, no letters, no numerals, no logos, no watermark, no border, 1024x1024",language_learning|cross_language_vocabulary|reading_comprehension|listening_comprehension,2,v5_premium_neutral
IMG_ACTION_TO_SPEND,action_to_spend,To Spend,action_scene,universal,img__action_to_spend__v1.webp,1024x1024,digital_art_premium_v5_neutral,neutral light-gray gradient,"A clear visual for ""To Spend"", premium digital art illustration, clean sharp vector-inspired edges, crisp soft directional lighting, subtle depth, centered single subject, neutral light-gray gradient background, minimal clutter, professional learning-app quality, non-cartoon look, no text, no letters, no numerals, no logos, no watermark, no border, 1024x1024",language_learning|cross_language_vocabulary|reading_comprehension|listening_comprehension,1,v5_premium_neutral
IMG_ACTION_TO_STAND,action_to_stand,To Stand,action_scene,universal,img__action_to_stand__v1.webp,1024x1024,digital_art_premium_v5_neutral,neutral light-gray gradient,"A clear visual for ""To Stand"", premium digital art illustration, clean sharp vector-inspired edges, crisp soft directional lighting, subtle depth, centered single subject, neutral light-gray gradient background, minimal clutter, professional learning-app quality, non-cartoon look, no text, no letters, no numerals, no logos, no watermark, no border, 1024x1024",language_learning|cross_language_vocabulary|reading_comprehension|listening_comprehension,1,v5_premium_neutral
IMG_ACTION_TO_STAY,action_to_stay,To Stay,action_scene,universal,img__action_to_stay__v1.webp,1024x1024,digital_art_premium_v5_neutral,neutral light-gray gradient,"A clear visual for ""To Stay"", premium digital art illustration, clean sharp vector-inspired edges, crisp soft directional lighting, subtle depth, centered single subject, neutral light-gray gradient background, minimal clutter, professional learning-app quality, non-cartoon look, no text, no letters, no numerals, no logos, no watermark, no border, 1024x1024",language_learning|cross_language_vocabulary|reading_comprehension|listening_comprehension,1,v5_premium_neutral
IMG_ACTION_TO_STUDY_OR_LEARN,action_to_study_or_learn,To Study Or Learn,action_scene,universal,img__action_to_study_or_learn__v1.webp,1024x1024,digital_art_premium_v5_neutral,neutral light-gray gradient,"A clear visual for ""To Study Or Learn"", premium digital art illustration, clean sharp vector-inspired edges, crisp soft directional lighting, subtle depth, centered single subject, neutral light-gray gradient background, minimal clutter, professional learning-app quality, non-cartoon look, no text, no letters, no numerals, no logos, no watermark, no border, 1024x1024",language_learning|cross_language_vocabulary|reading_comprehension|listening_comprehension,1,v5_premium_neutral
IMG_ACTION_TO_TAKE,action_to_take,To Take,action_scene,universal,img__action_to_take__v1.webp,1024x1024,digital_art_premium_v5_neutral,neutral light-gray gradient,"A clear visual for ""To Take"", premium digital art illustration, clean sharp vector-inspired edges, crisp soft directional lighting, subtle depth, centered single subject, neutral light-gray gradient background, minimal clutter, professional learning-app quality, non-cartoon look, no text, no letters, no numerals, no logos, no watermark, no border, 1024x1024",language_learning|cross_language_vocabulary|reading_comprehension|listening_comprehension,1,v5_premium_neutral
IMG_ACTION_TO_TAKE_A_VEHICLE,action_to_take_a_vehicle,To Take (A Vehicle),action_scene,universal,img__action_to_take_a_vehicle__v1.webp,1024x1024,digital_art_premium_v5_neutral,neutral light-gray gradient,"A clear visual for ""To Take (A Vehicle)"", premium digital art illustration, clean sharp vector-inspired edges, crisp soft directional lighting, subtle depth, centered single subject, neutral light-gray gradient background, minimal clutter, professional learning-app quality, non-cartoon look, no text, no letters, no numerals, no logos, no watermark, no border, 1024x1024",language_learning|cross_language_vocabulary|reading_comprehension|listening_comprehension,1,v5_premium_neutral
IMG_ACTION_TO_TALK,action_to_talk,To Talk,action_scene,universal,img__action_to_talk__v1.webp,1024x1024,digital_art_premium_v5_neutral,neutral light-gray gradient,"A clear visual for ""To Talk"", premium digital art illustration, clean sharp vector-inspired edges, crisp soft directional lighting, subtle depth, centered single subject, neutral light-gray gradient background, minimal clutter, professional learning-app quality, non-cartoon look, no text, no letters, no numerals, no logos, no watermark, no border, 1024x1024",language_learning|cross_language_vocabulary|reading_comprehension|listening_comprehension,1,v5_premium_neutral
IMG_ACTION_TO_TEACH,action_to_teach,To Teach,action_scene,universal,img__action_to_teach__v1.webp,1024x1024,digital_art_premium_v5_neutral,neutral light-gray gradient,"A clear visual for ""To Teach"", premium digital art illustration, clean sharp vector-inspired edges, crisp soft directional lighting, subtle depth, centered single subject, neutral light-gray gradient background, minimal clutter, professional learning-app quality, non-cartoon look, no text, no letters, no numerals, no logos, no watermark, no border, 1024x1024",language_learning|cross_language_vocabulary|reading_comprehension|listening_comprehension,1,v5_premium_neutral
IMG_ACTION_TO_TELL,action_to_tell,To Tell,action_scene,universal,img__action_to_tell__v1.webp,1024x1024,digital_art_premium_v5_neutral,neutral light-gray gradient,"A clear visual for ""To Tell"", premium digital art illustration, clean sharp vector-inspired edges, crisp soft directional lighting, subtle depth, centered single subject, neutral light-gray gradient background, minimal clutter, professional learning-app quality, non-cartoon look, no text, no letters, no numerals, no logos, no watermark, no border, 1024x1024",language_learning|cross_language_vocabulary|reading_comprehension|listening_comprehension,1,v5_premium_neutral
IMG_ACTION_TO_THINK,action_to_think,To Think,action_scene,universal,img__action_to_think__v1.webp,1024x1024,digital_art_premium_v5_neutral,neutral light-gray gradient,"A clear visual for ""To Think"", premium digital art illustration, clean sharp vector-inspired edges, crisp soft directional lighting, subtle depth, centered single subject, neutral light-gray gradient background, minimal clutter, professional learning-app quality, non-cartoon look, no text, no letters, no numerals, no logos, no watermark, no border, 1024x1024",language_learning|cross_language_vocabulary|reading_comprehension|listening_comprehension,1,v5_premium_neutral
IMG_ACTION_TO_TRY_OR_TEST,action_to_try_or_test,To Try Or Test,action_scene,universal,img__action_to_try_or_test__v1.webp,1024x1024,digital_art_premium_v5_neutral,neutral light-gray gradient,"A clear visual for ""To Try Or Test"", premium digital art illustration, clean sharp vector-inspired edges, crisp soft directional lighting, subtle depth, centered single subject, neutral light-gray gradient background, minimal clutter, professional learning-app quality, non-cartoon look, no text, no letters, no numerals, no logos, no watermark, no border, 1024x1024",language_learning|cross_language_vocabulary|reading_comprehension|listening_comprehension,1,v5_premium_neutral
IMG_ACTION_TO_TURN_OFF,action_to_turn_off,To Turn Off,action_scene,universal,img__action_to_turn_off__v1.webp,1024x1024,digital_art_premium_v5_neutral,neutral light-gray gradient,"A clear visual for ""To Turn Off"", premium digital art illustration, clean sharp vector-inspired edges, crisp soft directional lighting, subtle depth, centered single subject, neutral light-gray gradient background, minimal clutter, professional learning-app quality, non-cartoon look, no text, no letters, no numerals, no logos, no watermark, no border, 1024x1024",language_learning|cross_language_vocabulary|reading_comprehension|listening_comprehension,1,v5_premium_neutral
IMG_ACTION_TO_UNDERSTAND,action_to_understand,To Understand,action_scene,universal,img__action_to_understand__v1.webp,1024x1024,digital_art_premium_v5_neutral,neutral light-gray gradient,"A clear visual for ""To Understand"", premium digital art illustration, clean sharp vector-inspired edges, crisp soft directional lighting, subtle depth, centered single subject, neutral light-gray gradient background, minimal clutter, professional learning-app quality, non-cartoon look, no text, no letters, no numerals, no logos, no watermark, no border, 1024x1024",language_learning|cross_language_vocabulary|reading_comprehension|listening_comprehension,1,v5_premium_neutral
IMG_ACTION_TO_USE,action_to_use,To Use,action_scene,universal,img__action_to_use__v1.webp,1024x1024,digital_art_premium_v5_neutral,neutral light-gray gradient,"A clear visual for ""To Use"", premium digital art illustration, clean sharp vector-inspired edges, crisp soft directional lighting, subtle depth, centered single subject, neutral light-gray gradient background, minimal clutter, professional learning-app quality, non-cartoon look, no text, no letters, no numerals, no logos, no watermark, no border, 1024x1024",language_learning|cross_language_vocabulary|reading_comprehension|listening_comprehension,1,v5_premium_neutral
IMG_ACTION_TO_WAIT,action_to_wait,To Wait,action_scene,universal,img__action_to_wait__v1.webp,1024x1024,digital_art_premium_v5_neutral,neutral light-gray gradient,"A clear visual for ""To Wait"", premium digital art illustration, clean sharp vector-inspired edges, crisp soft directional lighting, subtle depth, centered single subject, neutral light-gray gradient background, minimal clutter, professional learning-app quality, non-cartoon look, no text, no letters, no numerals, no logos, no watermark, no border, 1024x1024",language_learning|cross_language_vocabulary|reading_comprehension|listening_comprehension,1,v5_premium_neutral
IMG_ACTION_TO_WALK,action_to_walk,To Walk,action_scene,universal,img__action_to_walk__v1.webp,1024x1024,digital_art_premium_v5_neutral,neutral light-gray gradient,"A clear visual for ""To Walk"", premium digital art illustration, clean sharp vector-inspired edges, crisp soft directional lighting, subtle depth, centered single subject, neutral light-gray gradient background, minimal clutter, professional learning-app quality, non-cartoon look, no text, no letters, no numerals, no logos, no watermark, no border, 1024x1024",language_learning|cross_language_vocabulary|reading_comprehension|listening_comprehension,1,v5_premium_neutral
IMG_ACTION_TO_WALK_OR_MOVE,action_to_walk_or_move,To Walk Or Move,action_scene,universal,img__action_to_walk_or_move__v1.webp,1024x1024,digital_art_premium_v5_neutral,neutral light-gray gradient,"A clear visual for ""To Walk Or Move"", premium digital art illustration, clean sharp vector-inspired edges, crisp soft directional lighting, subtle depth, centered single subject, neutral light-gray gradient background, minimal clutter, professional learning-app quality, non-cartoon look, no text, no letters, no numerals, no logos, no watermark, no border, 1024x1024",language_learning|cross_language_vocabulary|reading_comprehension|listening_comprehension,1,v5_premium_neutral
IMG_ACTION_TO_WANT,action_to_want,To Want,action_scene,universal,img__action_to_want__v1.webp,1024x1024,digital_art_premium_v5_neutral,neutral light-gray gradient,"A clear visual for ""To Want"", premium digital art illustration, clean sharp vector-inspired edges, crisp soft directional lighting, subtle depth, centered single subject, neutral light-gray gradient background, minimal clutter, professional learning-app quality, non-cartoon look, no text, no letters, no numerals, no logos, no watermark, no border, 1024x1024",language_learning|cross_language_vocabulary|reading_comprehension|listening_comprehension,2,v5_premium_neutral
IMG_ACTION_TO_WASH,action_to_wash,To Wash,action_scene,universal,img__action_to_wash__v1.webp,1024x1024,digital_art_premium_v5_neutral,neutral light-gray gradient,"A clear visual for ""To Wash"", premium digital art illustration, clean sharp vector-inspired edges, crisp soft directional lighting, subtle depth, centered single subject, neutral light-gray gradient background, minimal clutter, professional learning-app quality, non-cartoon look, no text, no letters, no numerals, no logos, no watermark, no border, 1024x1024",language_learning|cross_language_vocabulary|reading_comprehension|listening_comprehension,1,v5_premium_neutral
IMG_ACTION_TO_WATCH,action_to_watch,To Watch,action_scene,universal,img__action_to_watch__v1.webp,1024x1024,digital_art_premium_v5_neutral,neutral light-gray gradient,"A clear visual for ""To Watch"", premium digital art illustration, clean sharp vector-inspired edges, crisp soft directional lighting, subtle depth, centered single subject, neutral light-gray gradient background, minimal clutter, professional learning-app quality, non-cartoon look, no text, no letters, no numerals, no logos, no watermark, no border, 1024x1024",language_learning|cross_language_vocabulary|reading_comprehension|listening_comprehension,1,v5_premium_neutral
IMG_ACTION_TO_WEAR,action_to_wear,To Wear,action_scene,universal,img__action_to_wear__v1.webp,1024x1024,digital_art_premium_v5_neutral,neutral light-gray gradient,"A clear visual for ""To Wear"", premium digital art illustration, clean sharp vector-inspired edges, crisp soft directional lighting, subtle depth, centered single subject, neutral light-gray gradient background, minimal clutter, professional learning-app quality, non-cartoon look, no text, no letters, no numerals, no logos, no watermark, no border, 1024x1024",language_learning|cross_language_vocabulary|reading_comprehension|listening_comprehension,1,v5_premium_neutral
IMG_ACTION_TO_WRAP_OR_CONTAIN,action_to_wrap_or_contain,To Wrap Or Contain,action_scene,universal,img__action_to_wrap_or_contain__v1.webp,1024x1024,digital_art_premium_v5_neutral,neutral light-gray gradient,"A clear visual for ""To Wrap Or Contain"", premium digital art illustration, clean sharp vector-inspired edges, crisp soft directional lighting, subtle depth, centered single subject, neutral light-gray gradient background, minimal clutter, professional learning-app quality, non-cartoon look, no text, no letters, no numerals, no logos, no watermark, no border, 1024x1024",language_learning|cross_language_vocabulary|reading_comprehension|listening_comprehension,1,v5_premium_neutral
IMG_ACTION_TO_WRITE,action_to_write,To Write,action_scene,universal,img__action_to_write__v1.webp,1024x1024,digital_art_premium_v5_neutral,neutral light-gray gradient,"A clear visual for ""To Write"", premium digital art illustration, clean sharp vector-inspired edges, crisp soft directional lighting, subtle depth, centered single subject, neutral light-gray gradient background, minimal clutter, professional learning-app quality, non-cartoon look, no text, no letters, no numerals, no logos, no watermark, no border, 1024x1024",language_learning|cross_language_vocabulary|reading_comprehension|listening_comprehension,1,v5_premium_neutral
IMG_CULTURE_YUAN,culture_yuan,Yuan,cultural_specific,language_specific,img__culture_yuan__v1.webp,1024x1024,digital_art_premium_v5_neutral,neutral light-gray gradient,"A clear visual for ""Yuan"", premium digital art illustration, clean sharp vector-inspired edges, crisp soft directional lighting, subtle depth, centered single subject, neutral light-gray gradient background, minimal clutter, professional learning-app quality, non-cartoon look, no text, no letters, no numerals, no logos, no watermark, no border, 1024x1024",language_learning|cross_language_vocabulary|reading_comprehension|listening_comprehension,1,v5_premium_neutral
IMG_GRAMMAR_ALL,grammar_all,All,icon_grammar,universal,img__grammar_all__v1.webp,1024x1024,digital_art_premium_v5_neutral,neutral light-gray gradient,"A clear visual for ""All"", premium digital art illustration, clean sharp vector-inspired edges, crisp soft directional lighting, subtle depth, centered single subject, neutral light-gray gradient background, minimal clutter, professional learning-app quality, non-cartoon look, no text, no letters, no numerals, no logos, no watermark, no border, 1024x1024",language_learning|cross_language_vocabulary|reading_comprehension|listening_comprehension,1,v5_premium_neutral
IMG_GRAMMAR_A_GENERAL_MEASURE_WORD,grammar_a_general_measure_word,A General Measure Word,icon_grammar,universal,img__grammar_a_general_measure_word__v1.webp,1024x1024,digital_art_premium_v5_neutral,neutral light-gray gradient,"A clear visual for ""A General Measure Word"", premium digital art illustration, clean sharp vector-inspired edges, crisp soft directional lighting, subtle depth, centered single subject, neutral light-gray gradient background, minimal clutter, professional learning-app quality, non-cartoon look, no text, no letters, no numerals, no logos, no watermark, no border, 1024x1024",language_learning|cross_language_vocabulary|reading_comprehension|listening_comprehension,1,v5_premium_neutral
IMG_GRAMMAR_A_PARTICLE_INDICATING_SUGGESTION_OR_REQUEST,grammar_a_particle_indicating_suggestion_or_request,A Particle Indicating Suggestion Or Request,icon_grammar,universal,img__grammar_a_particle_indicating_suggestion_or_request__v1.webp,1024x1024,digital_art_premium_v5_neutral,neutral light-gray gradient,"A clear visual for ""A Particle Indicating Suggestion Or Request"", premium digital art illustration, clean sharp vector-inspired edges, crisp soft directional lighting, subtle depth, centered single subject, neutral light-gray gradient background, minimal clutter, professional learning-app quality, non-cartoon look, no text, no letters, no numerals, no logos, no watermark, no border, 1024x1024",language_learning|cross_language_vocabulary|reading_comprehension|listening_comprehension,1,v5_premium_neutral
IMG_GRAMMAR_BOTH,grammar_both,Both,icon_grammar,universal,img__grammar_both__v1.webp,1024x1024,digital_art_premium_v5_neutral,neutral light-gray gradient,"A clear visual for ""Both"", premium digital art illustration, clean sharp vector-inspired edges, crisp soft directional lighting, subtle depth, centered single subject, neutral light-gray gradient background, minimal clutter, professional learning-app quality, non-cartoon look, no text, no letters, no numerals, no logos, no watermark, no border, 1024x1024",language_learning|cross_language_vocabulary|reading_comprehension|listening_comprehension,1,v5_premium_neutral
IMG_GRAMMAR_HOW_MANY,grammar_how_many,How Many,icon_grammar,universal,img__grammar_how_many__v1.webp,1024x1024,digital_art_premium_v5_neutral,neutral light-gray gradient,"A clear visual for ""How Many"", premium digital art illustration, clean sharp vector-inspired edges, crisp soft directional lighting, subtle depth, centered single subject, neutral light-gray gradient background, minimal clutter, professional learning-app quality, non-cartoon look, no text, no letters, no numerals, no logos, no watermark, no border, 1024x1024",language_learning|cross_language_vocabulary|reading_comprehension|listening_comprehension,2,v5_premium_neutral
IMG_GRAMMAR_HOW_MUCH,grammar_how_much,How Much,icon_grammar,universal,img__grammar_how_much__v1.webp,1024x1024,digital_art_premium_v5_neutral,neutral light-gray gradient,"A clear visual for ""How Much"", premium digital art illustration, clean sharp vector-inspired edges, crisp soft directional lighting, subtle depth, centered single subject, neutral light-gray gradient background, minimal clutter, professional learning-app quality, non-cartoon look, no text, no letters, no numerals, no logos, no watermark, no border, 1024x1024",language_learning|cross_language_vocabulary|reading_comprehension|listening_comprehension,1,v5_premium_neutral
IMG_GRAMMAR_MEASURE_WORD,grammar_measure_word,Measure Word,icon_grammar,universal,img__grammar_measure_word__v1.webp,1024x1024,digital_art_premium_v5_neutral,neutral light-gray gradient,"A clear visual for ""Measure Word"", premium digital art illustration, clean sharp vector-inspired edges, crisp soft directional lighting, subtle depth, centered single subject, neutral light-gray gradient background, minimal clutter, professional learning-app quality, non-cartoon look, no text, no letters, no numerals, no logos, no watermark, no border, 1024x1024",language_learning|cross_language_vocabulary|reading_comprehension|listening_comprehension,1,v5_premium_neutral
IMG_GRAMMAR_MEASURE_WORD_FOR_BOOKS,grammar_measure_word_for_books,Measure Word For Books,icon_grammar,universal,img__grammar_measure_word_for_books__v1.webp,1024x1024,digital_art_premium_v5_neutral,neutral light-gray gradient,"A clear visual for ""Measure Word For Books"", premium digital art illustration, clean sharp vector-inspired edges, crisp soft directional lighting, subtle depth, centered single subject, neutral light-gray gradient background, minimal clutter, professional learning-app quality, non-cartoon look, no text, no letters, no numerals, no logos, no watermark, no border, 1024x1024",language_learning|cross_language_vocabulary|reading_comprehension|listening_comprehension,1,v5_premium_neutral
IMG_GRAMMAR_NO,grammar_no,No,icon_grammar,universal,img__grammar_no__v1.webp,1024x1024,digital_art_premium_v5_neutral,neutral light-gray gradient,"A clear visual for ""No"", premium digital art illustration, clean sharp vector-inspired edges, crisp soft directional lighting, subtle depth, centered single subject, neutral light-gray gradient background, minimal clutter, professional learning-app quality, non-cartoon look, no text, no letters, no numerals, no logos, no watermark, no border, 1024x1024",language_learning|cross_language_vocabulary|reading_comprehension|listening_comprehension,1,v5_premium_neutral
IMG_GRAMMAR_NOT,grammar_not,Not,icon_grammar,universal,img__grammar_not__v1.webp,1024x1024,digital_art_premium_v5_neutral,neutral light-gray gradient,"A clear visual for ""Not"", premium digital art illustration, clean sharp vector-inspired edges, crisp soft directional lighting, subtle depth, centered single subject, neutral light-gray gradient background, minimal clutter, professional learning-app quality, non-cartoon look, no text, no letters, no numerals, no logos, no watermark, no border, 1024x1024",language_learning|cross_language_vocabulary|reading_comprehension|listening_comprehension,2,v5_premium_neutral
IMG_GRAMMAR_PLURAL_MARKER_FOR_PRONOUNS,grammar_plural_marker_for_pronouns,Plural Marker For Pronouns,icon_grammar,universal,img__grammar_plural_marker_for_pronouns__v1.webp,1024x1024,digital_art_premium_v5_neutral,neutral light-gray gradient,"A clear visual for ""Plural Marker For Pronouns"", premium digital art illustration, clean sharp vector-inspired edges, crisp soft directional lighting, subtle depth, centered single subject, neutral light-gray gradient background, minimal clutter, professional learning-app quality, non-cartoon look, no text, no letters, no numerals, no logos, no watermark, no border, 1024x1024",language_learning|cross_language_vocabulary|reading_comprehension|listening_comprehension,1,v5_premium_neutral
IMG_GRAMMAR_POSSESSIVE_PARTICLE,grammar_possessive_particle,Possessive Particle,icon_grammar,universal,img__grammar_possessive_particle__v1.webp,1024x1024,digital_art_premium_v5_neutral,neutral light-gray gradient,"A clear visual for ""Possessive Particle"", premium digital art illustration, clean sharp vector-inspired edges, crisp soft directional lighting, subtle depth, centered single subject, neutral light-gray gradient background, minimal clutter, professional learning-app quality, non-cartoon look, no text, no letters, no numerals, no logos, no watermark, no border, 1024x1024",language_learning|cross_language_vocabulary|reading_comprehension|listening_comprehension,1,v5_premium_neutral
IMG_GRAMMAR_QUESTION_PARTICLE,grammar_question_particle,Question Particle,icon_grammar,universal,img__grammar_question_particle__v1.webp,1024x1024,digital_art_premium_v5_neutral,neutral light-gray gradient,"A clear visual for ""Question Particle"", premium digital art illustration, clean sharp vector-inspired edges, crisp soft directional lighting, subtle depth, centered single subject, neutral light-gray gradient background, minimal clutter, professional learning-app quality, non-cartoon look, no text, no letters, no numerals, no logos, no watermark, no border, 1024x1024",language_learning|cross_language_vocabulary|reading_comprehension|listening_comprehension,2,v5_premium_neutral
IMG_GRAMMAR_STRUCTURAL_PARTICLE_BEFORE_ADVERBIAL,grammar_structural_particle_before_adverbial,Structural Particle (Before Adverbial),icon_grammar,universal,img__grammar_structural_particle_before_adverbial__v1.webp,1024x1024,digital_art_premium_v5_neutral,neutral light-gray gradient,"A clear visual for ""Structural Particle (Before Adverbial)"", premium digital art illustration, clean sharp vector-inspired edges, crisp soft directional lighting, subtle depth, centered single subject, neutral light-gray gradient background, minimal clutter, professional learning-app quality, non-cartoon look, no text, no letters, no numerals, no logos, no watermark, no border, 1024x1024",language_learning|cross_language_vocabulary|reading_comprehension|listening_comprehension,1,v5_premium_neutral
IMG_GRAMMAR_THAT,grammar_that,That,icon_grammar,universal,img__grammar_that__v1.webp,1024x1024,digital_art_premium_v5_neutral,neutral light-gray gradient,"A clear visual for ""That"", premium digital art illustration, clean sharp vector-inspired edges, crisp soft directional lighting, subtle depth, centered single subject, neutral light-gray gradient background, minimal clutter, professional learning-app quality, non-cartoon look, no text, no letters, no numerals, no logos, no watermark, no border, 1024x1024",language_learning|cross_language_vocabulary|reading_comprehension|listening_comprehension,1,v5_premium_neutral
IMG_GRAMMAR_THESE,grammar_these,These,icon_grammar,universal,img__grammar_these__v1.webp,1024x1024,digital_art_premium_v5_neutral,neutral light-gray gradient,"A clear visual for ""These"", premium digital art illustration, clean sharp vector-inspired edges, crisp soft directional lighting, subtle depth, centered single subject, neutral light-gray gradient background, minimal clutter, professional learning-app quality, non-cartoon look, no text, no letters, no numerals, no logos, no watermark, no border, 1024x1024",language_learning|cross_language_vocabulary|reading_comprehension|listening_comprehension,1,v5_premium_neutral
IMG_GRAMMAR_THIS,grammar_this,This,icon_grammar,universal,img__grammar_this__v1.webp,1024x1024,digital_art_premium_v5_neutral,neutral light-gray gradient,"A clear visual for ""This"", premium digital art illustration, clean sharp vector-inspired edges, crisp soft directional lighting, subtle depth, centered single subject, neutral light-gray gradient background, minimal clutter, professional learning-app quality, non-cartoon look, no text, no letters, no numerals, no logos, no watermark, no border, 1024x1024",language_learning|cross_language_vocabulary|reading_comprehension|listening_comprehension,1,v5_premium_neutral
IMG_GRAMMAR_THOSE,grammar_those,Those,icon_grammar,universal,img__grammar_those__v1.webp,1024x1024,digital_art_premium_v5_neutral,neutral light-gray gradient,"A clear visual for ""Those"", premium digital art illustration, clean sharp vector-inspired edges, crisp soft directional lighting, subtle depth, centered single subject, neutral light-gray gradient background, minimal clutter, professional learning-app quality, non-cartoon look, no text, no letters, no numerals, no logos, no watermark, no border, 1024x1024",language_learning|cross_language_vocabulary|reading_comprehension|listening_comprehension,1,v5_premium_neutral
IMG_LOCATION_ABROAD,location_abroad,Abroad,location,universal,img__location_abroad__v1.webp,1024x1024,digital_art_premium_v5_neutral,neutral light-gray gradient,"A clear visual for ""Abroad"", premium digital art illustration, clean sharp vector-inspired edges, crisp soft directional lighting, subtle depth, centered single subject, neutral light-gray gradient background, minimal clutter, professional learning-app quality, non-cartoon look, no text, no letters, no numerals, no logos, no watermark, no border, 1024x1024",language_learning|cross_language_vocabulary|reading_comprehension|listening_comprehension,1,v5_premium_neutral
IMG_LOCATION_AFTER_SCHOOL,location_after_school,After School,location,universal,img__location_after_school__v1.webp,1024x1024,digital_art_premium_v5_neutral,neutral light-gray gradient,"A clear visual for ""After School"", premium digital art illustration, clean sharp vector-inspired edges, crisp soft directional lighting, subtle depth, centered single subject, neutral light-gray gradient background, minimal clutter, professional learning-app quality, non-cartoon look, no text, no letters, no numerals, no logos, no watermark, no border, 1024x1024",language_learning|cross_language_vocabulary|reading_comprehension|listening_comprehension,1,v5_premium_neutral
IMG_LOCATION_AIRPORT,location_airport,Airport,location,universal,img__location_airport__v1.webp,1024x1024,digital_art_premium_v5_neutral,neutral light-gray gradient,"A clear visual for ""Airport"", premium digital art illustration, clean sharp vector-inspired edges, crisp soft directional lighting, subtle depth, centered single subject, neutral light-gray gradient background, minimal clutter, professional learning-app quality, non-cartoon look, no text, no letters, no numerals, no logos, no watermark, no border, 1024x1024",language_learning|cross_language_vocabulary|reading_comprehension|listening_comprehension,1,v5_premium_neutral
IMG_LOCATION_AT_HOME,location_at_home,At Home,location,universal,img__location_at_home__v1.webp,1024x1024,digital_art_premium_v5_neutral,neutral light-gray gradient,"A clear visual for ""At Home"", premium digital art illustration, clean sharp vector-inspired edges, crisp soft directional lighting, subtle depth, centered single subject, neutral light-gray gradient background, minimal clutter, professional learning-app quality, non-cartoon look, no text, no letters, no numerals, no logos, no watermark, no border, 1024x1024",language_learning|cross_language_vocabulary|reading_comprehension|listening_comprehension,2,v5_premium_neutral
IMG_LOCATION_BEIJING,location_beijing,Beijing,location,universal,img__location_beijing__v1.webp,1024x1024,digital_art_premium_v5_neutral,neutral light-gray gradient,"A clear visual for ""Beijing"", premium digital art illustration, clean sharp vector-inspired edges, crisp soft directional lighting, subtle depth, centered single subject, neutral light-gray gradient background, minimal clutter, professional learning-app quality, non-cartoon look, no text, no letters, no numerals, no logos, no watermark, no border, 1024x1024",language_learning|cross_language_vocabulary|reading_comprehension|listening_comprehension,1,v5_premium_neutral
IMG_LOCATION_BOOKSTORE,location_bookstore,Bookstore,location,universal,img__location_bookstore__v1.webp,1024x1024,digital_art_premium_v5_neutral,neutral light-gray gradient,"A clear visual for ""Bookstore"", premium digital art illustration, clean sharp vector-inspired edges, crisp soft directional lighting, subtle depth, centered single subject, neutral light-gray gradient background, minimal clutter, professional learning-app quality, non-cartoon look, no text, no letters, no numerals, no logos, no watermark, no border, 1024x1024",language_learning|cross_language_vocabulary|reading_comprehension|listening_comprehension,1,v5_premium_neutral
IMG_LOCATION_COUNTRY,location_country,Country,location,universal,img__location_country__v1.webp,1024x1024,digital_art_premium_v5_neutral,neutral light-gray gradient,"A clear visual for ""Country"", premium digital art illustration, clean sharp vector-inspired edges, crisp soft directional lighting, subtle depth, centered single subject, neutral light-gray gradient background, minimal clutter, professional learning-app quality, non-cartoon look, no text, no letters, no numerals, no logos, no watermark, no border, 1024x1024",language_learning|cross_language_vocabulary|reading_comprehension|listening_comprehension,2,v5_premium_neutral
IMG_LOCATION_ELECTRICITY,location_electricity,Electricity,location,universal,img__location_electricity__v1.webp,1024x1024,digital_art_premium_v5_neutral,neutral light-gray gradient,"A clear visual for ""Electricity"", premium digital art illustration, clean sharp vector-inspired edges, crisp soft directional lighting, subtle depth, centered single subject, neutral light-gray gradient background, minimal clutter, professional learning-app quality, non-cartoon look, no text, no letters, no numerals, no logos, no watermark, no border, 1024x1024",language_learning|cross_language_vocabulary|reading_comprehension|listening_comprehension,1,v5_premium_neutral
IMG_LOCATION_ELEMENTARY_SCHOOL_STUDENT,location_elementary_school_student,Elementary School Student,location,universal,img__location_elementary_school_student__v1.webp,1024x1024,digital_art_premium_v5_neutral,neutral light-gray gradient,"A clear visual for ""Elementary School Student"", premium digital art illustration, clean sharp vector-inspired edges, crisp soft directional lighting, subtle depth, centered single subject, neutral light-gray gradient background, minimal clutter, professional learning-app quality, non-cartoon look, no text, no letters, no numerals, no logos, no watermark, no border, 1024x1024",language_learning|cross_language_vocabulary|reading_comprehension|listening_comprehension,1,v5_premium_neutral
IMG_LOCATION_FOREIGN_COUNTRY,location_foreign_country,Foreign Country,location,universal,img__location_foreign_country__v1.webp,1024x1024,digital_art_premium_v5_neutral,neutral light-gray gradient,"A clear visual for ""Foreign Country"", premium digital art illustration, clean sharp vector-inspired edges, crisp soft directional lighting, subtle depth, centered single subject, neutral light-gray gradient background, minimal clutter, professional learning-app quality, non-cartoon look, no text, no letters, no numerals, no logos, no watermark, no border, 1024x1024",language_learning|cross_language_vocabulary|reading_comprehension|listening_comprehension,1,v5_premium_neutral
IMG_LOCATION_GOING_TO_SCHOOL,location_going_to_school,Going To School,location,universal,img__location_going_to_school__v1.webp,1024x1024,digital_art_premium_v5_neutral,neutral light-gray gradient,"A clear visual for ""Going To School"", premium digital art illustration, clean sharp vector-inspired edges, crisp soft directional lighting, subtle depth, centered single subject, neutral light-gray gradient background, minimal clutter, professional learning-app quality, non-cartoon look, no text, no letters, no numerals, no logos, no watermark, no border, 1024x1024",language_learning|cross_language_vocabulary|reading_comprehension|listening_comprehension,1,v5_premium_neutral
IMG_LOCATION_GO_HOME,location_go_home,Go Home,location,universal,img__location_go_home__v1.webp,1024x1024,digital_art_premium_v5_neutral,neutral light-gray gradient,"A clear visual for ""Go Home"", premium digital art illustration, clean sharp vector-inspired edges, crisp soft directional lighting, subtle depth, centered single subject, neutral light-gray gradient background, minimal clutter, professional learning-app quality, non-cartoon look, no text, no letters, no numerals, no logos, no watermark, no border, 1024x1024",language_learning|cross_language_vocabulary|reading_comprehension|listening_comprehension,1,v5_premium_neutral
IMG_LOCATION_HOME,location_home,Home,location,universal,img__location_home__v1.webp,1024x1024,digital_art_premium_v5_neutral,neutral light-gray gradient,"A clear visual for ""Home"", premium digital art illustration, clean sharp vector-inspired edges, crisp soft directional lighting, subtle depth, centered single subject, neutral light-gray gradient background, minimal clutter, professional learning-app quality, non-cartoon look, no text, no letters, no numerals, no logos, no watermark, no border, 1024x1024",language_learning|cross_language_vocabulary|reading_comprehension|listening_comprehension,1,v5_premium_neutral
IMG_LOCATION_HOSPITAL,location_hospital,Hospital,location,universal,img__location_hospital__v1.webp,1024x1024,digital_art_premium_v5_neutral,neutral light-gray gradient,"A clear visual for ""Hospital"", premium digital art illustration, clean sharp vector-inspired edges, crisp soft directional lighting, subtle depth, centered single subject, neutral light-gray gradient background, minimal clutter, professional learning-app quality, non-cartoon look, no text, no letters, no numerals, no logos, no watermark, no border, 1024x1024",language_learning|cross_language_vocabulary|reading_comprehension|listening_comprehension,1,v5_premium_neutral
IMG_LOCATION_HOUSE,location_house,House,location,universal,img__location_house__v1.webp,1024x1024,digital_art_premium_v5_neutral,neutral light-gray gradient,"A clear visual for ""House"", premium digital art illustration, clean sharp vector-inspired edges, crisp soft directional lighting, subtle depth, centered single subject, neutral light-gray gradient background, minimal clutter, professional learning-app quality, non-cartoon look, no text, no letters, no numerals, no logos, no watermark, no border, 1024x1024",language_learning|cross_language_vocabulary|reading_comprehension|listening_comprehension,1,v5_premium_neutral
IMG_LOCATION_MIDDLE_SCHOOL,location_middle_school,Middle School,location,universal,img__location_middle_school__v1.webp,1024x1024,digital_art_premium_v5_neutral,neutral light-gray gradient,"A clear visual for ""Middle School"", premium digital art illustration, clean sharp vector-inspired edges, crisp soft directional lighting, subtle depth, centered single subject, neutral light-gray gradient background, minimal clutter, professional learning-app quality, non-cartoon look, no text, no letters, no numerals, no logos, no watermark, no border, 1024x1024",language_learning|cross_language_vocabulary|reading_comprehension|listening_comprehension,1,v5_premium_neutral
IMG_LOCATION_MIDDLE_SCHOOL_STUDENT,location_middle_school_student,Middle School Student,location,universal,img__location_middle_school_student__v1.webp,1024x1024,digital_art_premium_v5_neutral,neutral light-gray gradient,"A clear visual for ""Middle School Student"", premium digital art illustration, clean sharp vector-inspired edges, crisp soft directional lighting, subtle depth, centered single subject, neutral light-gray gradient background, minimal clutter, professional learning-app quality, non-cartoon look, no text, no letters, no numerals, no logos, no watermark, no border, 1024x1024",language_learning|cross_language_vocabulary|reading_comprehension|listening_comprehension,1,v5_premium_neutral
IMG_LOCATION_ON_THE_ROAD,location_on_the_road,On The Road,location,universal,img__location_on_the_road__v1.webp,1024x1024,digital_art_premium_v5_neutral,neutral light-gray gradient,"A clear visual for ""On The Road"", premium digital art illustration, clean sharp vector-inspired edges, crisp soft directional lighting, subtle depth, centered single subject, neutral light-gray gradient background, minimal clutter, professional learning-app quality, non-cartoon look, no text, no letters, no numerals, no logos, no watermark, no border, 1024x1024",language_learning|cross_language_vocabulary|reading_comprehension|listening_comprehension,1,v5_premium_neutral
IMG_LOCATION_PARK,location_park,Park,location,universal,img__location_park__v1.webp,1024x1024,digital_art_premium_v5_neutral,neutral light-gray gradient,"A clear visual for ""Park"", premium digital art illustration, clean sharp vector-inspired edges, crisp soft directional lighting, subtle depth, centered single subject, neutral light-gray gradient background, minimal clutter, professional learning-app quality, non-cartoon look, no text, no letters, no numerals, no logos, no watermark, no border, 1024x1024",language_learning|cross_language_vocabulary|reading_comprehension|listening_comprehension,0,v5_premium_neutral
IMG_LOCATION_PRIMARY_SCHOOL,location_primary_school,Primary School,location,universal,img__location_primary_school__v1.webp,1024x1024,digital_art_premium_v5_neutral,neutral light-gray gradient,"A clear visual for ""Primary School"", premium digital art illustration, clean sharp vector-inspired edges, crisp soft directional lighting, subtle depth, centered single subject, neutral light-gray gradient background, minimal clutter, professional learning-app quality, non-cartoon look, no text, no letters, no numerals, no logos, no watermark, no border, 1024x1024",language_learning|cross_language_vocabulary|reading_comprehension|listening_comprehension,1,v5_premium_neutral
IMG_LOCATION_RESTAURANT,location_restaurant,Restaurant,location,universal,img__location_restaurant__v1.webp,1024x1024,digital_art_premium_v5_neutral,neutral light-gray gradient,"A clear visual for ""Restaurant"", premium digital art illustration, clean sharp vector-inspired edges, crisp soft directional lighting, subtle depth, centered single subject, neutral light-gray gradient background, minimal clutter, professional learning-app quality, non-cartoon look, no text, no letters, no numerals, no logos, no watermark, no border, 1024x1024",language_learning|cross_language_vocabulary|reading_comprehension|listening_comprehension,1,v5_premium_neutral
IMG_LOCATION_RESTROOM,location_restroom,Restroom,location,universal,img__location_restroom__v1.webp,1024x1024,digital_art_premium_v5_neutral,neutral light-gray gradient,"A clear visual for ""Restroom"", premium digital art illustration, clean sharp vector-inspired edges, crisp soft directional lighting, subtle depth, centered single subject, neutral light-gray gradient background, minimal clutter, professional learning-app quality, non-cartoon look, no text, no letters, no numerals, no logos, no watermark, no border, 1024x1024",language_learning|cross_language_vocabulary|reading_comprehension|listening_comprehension,1,v5_premium_neutral
IMG_LOCATION_ROAD,location_road,Road,location,universal,img__location_road__v1.webp,1024x1024,digital_art_premium_v5_neutral,neutral light-gray gradient,"A clear visual for ""Road"", premium digital art illustration, clean sharp vector-inspired edges, crisp soft directional lighting, subtle depth, centered single subject, neutral light-gray gradient background, minimal clutter, professional learning-app quality, non-cartoon look, no text, no letters, no numerals, no logos, no watermark, no border, 1024x1024",language_learning|cross_language_vocabulary|reading_comprehension|listening_comprehension,2,v5_premium_neutral
IMG_LOCATION_ROOM,location_room,Room,location,universal,img__location_room__v1.webp,1024x1024,digital_art_premium_v5_neutral,neutral light-gray gradient,"A clear visual for ""Room"", premium digital art illustration, clean sharp vector-inspired edges, crisp soft directional lighting, subtle depth, centered single subject, neutral light-gray gradient background, minimal clutter, professional learning-app quality, non-cartoon look, no text, no letters, no numerals, no logos, no watermark, no border, 1024x1024",language_learning|cross_language_vocabulary|reading_comprehension|listening_comprehension,1,v5_premium_neutral
IMG_LOCATION_SCHOOL,location_school,School,location,universal,img__location_school__v1.webp,1024x1024,digital_art_premium_v5_neutral,neutral light-gray gradient,"A clear visual for ""School"", premium digital art illustration, clean sharp vector-inspired edges, crisp soft directional lighting, subtle depth, centered single subject, neutral light-gray gradient background, minimal clutter, professional learning-app quality, non-cartoon look, no text, no letters, no numerals, no logos, no watermark, no border, 1024x1024",language_learning|cross_language_vocabulary|reading_comprehension|listening_comprehension,1,v5_premium_neutral
IMG_LOCATION_SCHOOL_BAG,location_school_bag,School Bag,location,universal,img__location_school_bag__v1.webp,1024x1024,digital_art_premium_v5_neutral,neutral light-gray gradient,"A clear visual for ""School Bag"", premium digital art illustration, clean sharp vector-inspired edges, crisp soft directional lighting, subtle depth, centered single subject, neutral light-gray gradient background, minimal clutter, professional learning-app quality, non-cartoon look, no text, no letters, no numerals, no logos, no watermark, no border, 1024x1024",language_learning|cross_language_vocabulary|reading_comprehension|listening_comprehension,1,v5_premium_neutral
IMG_LOCATION_SHOP,location_shop,Shop,location,universal,img__location_shop__v1.webp,1024x1024,digital_art_premium_v5_neutral,neutral light-gray gradient,"A clear visual for ""Shop"", premium digital art illustration, clean sharp vector-inspired edges, crisp soft directional lighting, subtle depth, centered single subject, neutral light-gray gradient background, minimal clutter, professional learning-app quality, non-cartoon look, no text, no letters, no numerals, no logos, no watermark, no border, 1024x1024",language_learning|cross_language_vocabulary|reading_comprehension|listening_comprehension,1,v5_premium_neutral
IMG_LOCATION_SHOPPING_MALL,location_shopping_mall,Shopping Mall,location,universal,img__location_shopping_mall__v1.webp,1024x1024,digital_art_premium_v5_neutral,neutral light-gray gradient,"A clear visual for ""Shopping Mall"", premium digital art illustration, clean sharp vector-inspired edges, crisp soft directional lighting, subtle depth, centered single subject, neutral light-gray gradient background, minimal clutter, professional learning-app quality, non-cartoon look, no text, no letters, no numerals, no logos, no watermark, no border, 1024x1024",language_learning|cross_language_vocabulary|reading_comprehension|listening_comprehension,1,v5_premium_neutral
IMG_LOCATION_STATION,location_station,Station,location,universal,img__location_station__v1.webp,1024x1024,digital_art_premium_v5_neutral,neutral light-gray gradient,"A clear visual for ""Station"", premium digital art illustration, clean sharp vector-inspired edges, crisp soft directional lighting, subtle depth, centered single subject, neutral light-gray gradient background, minimal clutter, professional learning-app quality, non-cartoon look, no text, no letters, no numerals, no logos, no watermark, no border, 1024x1024",language_learning|cross_language_vocabulary|reading_comprehension|listening_comprehension,1,v5_premium_neutral
IMG_LOCATION_STORE,location_store,Store,location,universal,img__location_store__v1.webp,1024x1024,digital_art_premium_v5_neutral,neutral light-gray gradient,"A clear visual for ""Store"", premium digital art illustration, clean sharp vector-inspired edges, crisp soft directional lighting, subtle depth, centered single subject, neutral light-gray gradient background, minimal clutter, professional learning-app quality, non-cartoon look, no text, no letters, no numerals, no logos, no watermark, no border, 1024x1024",language_learning|cross_language_vocabulary|reading_comprehension|listening_comprehension,1,v5_premium_neutral
IMG_LOCATION_STREET,location_street,Street,location,universal,img__location_street__v1.webp,1024x1024,digital_art_premium_v5_neutral,neutral light-gray gradient,"A clear visual for ""Street"", premium digital art illustration, clean sharp vector-inspired edges, crisp soft directional lighting, subtle depth, centered single subject, neutral light-gray gradient background, minimal clutter, professional learning-app quality, non-cartoon look, no text, no letters, no numerals, no logos, no watermark, no border, 1024x1024",language_learning|cross_language_vocabulary|reading_comprehension|listening_comprehension,1,v5_premium_neutral
IMG_LOCATION_TRAIN_STATION,location_train_station,Train Station,location,universal,img__location_train_station__v1.webp,1024x1024,digital_art_premium_v5_neutral,neutral light-gray gradient,"A clear visual for ""Train Station"", premium digital art illustration, clean sharp vector-inspired edges, crisp soft directional lighting, subtle depth, centered single subject, neutral light-gray gradient background, minimal clutter, professional learning-app quality, non-cartoon look, no text, no letters, no numerals, no logos, no watermark, no border, 1024x1024",language_learning|cross_language_vocabulary|reading_comprehension|listening_comprehension,1,v5_premium_neutral
IMG_NUMBER_EIGHT,number_eight,Eight,count_visual,universal,img__number_eight__v1.webp,1024x1024,digital_art_premium_v5_neutral,neutral light-gray gradient,"A clear visual for ""Eight"", premium digital art illustration, clean sharp vector-inspired edges, crisp soft directional lighting, subtle depth, centered single subject, neutral light-gray gradient background, minimal clutter, professional learning-app quality, non-cartoon look, no text, no letters, no numerals, no logos, no watermark, no border, 1024x1024",language_learning|cross_language_vocabulary|reading_comprehension|listening_comprehension,1,v5_premium_neutral
IMG_NUMBER_FIVE,number_five,Five,count_visual,universal,img__number_five__v1.webp,1024x1024,digital_art_premium_v5_neutral,neutral light-gray gradient,"A clear visual for ""Five"", premium digital art illustration, clean sharp vector-inspired edges, crisp soft directional lighting, subtle depth, centered single subject, neutral light-gray gradient background, minimal clutter, professional learning-app quality, non-cartoon look, no text, no letters, no numerals, no logos, no watermark, no border, 1024x1024",language_learning|cross_language_vocabulary|reading_comprehension|listening_comprehension,1,v5_premium_neutral
IMG_NUMBER_FOUR,number_four,Four,count_visual,universal,img__number_four__v1.webp,1024x1024,digital_art_premium_v5_neutral,neutral light-gray gradient,"A clear visual for ""Four"", premium digital art illustration, clean sharp vector-inspired edges, crisp soft directional lighting, subtle depth, centered single subject, neutral light-gray gradient background, minimal clutter, professional learning-app quality, non-cartoon look, no text, no letters, no numerals, no logos, no watermark, no border, 1024x1024",language_learning|cross_language_vocabulary|reading_comprehension|listening_comprehension,1,v5_premium_neutral
IMG_NUMBER_HALF,number_half,Half,count_visual,universal,img__number_half__v1.webp,1024x1024,digital_art_premium_v5_neutral,neutral light-gray gradient,"A clear visual for ""Half"", premium digital art illustration, clean sharp vector-inspired edges, crisp soft directional lighting, subtle depth, centered single subject, neutral light-gray gradient background, minimal clutter, professional learning-app quality, non-cartoon look, no text, no letters, no numerals, no logos, no watermark, no border, 1024x1024",language_learning|cross_language_vocabulary|reading_comprehension|listening_comprehension,2,v5_premium_neutral
IMG_NUMBER_HUNDRED,number_hundred,Hundred,count_visual,universal,img__number_hundred__v1.webp,1024x1024,digital_art_premium_v5_neutral,neutral light-gray gradient,"A clear visual for ""Hundred"", premium digital art illustration, clean sharp vector-inspired edges, crisp soft directional lighting, subtle depth, centered single subject, neutral light-gray gradient background, minimal clutter, professional learning-app quality, non-cartoon look, no text, no letters, no numerals, no logos, no watermark, no border, 1024x1024",language_learning|cross_language_vocabulary|reading_comprehension|listening_comprehension,1,v5_premium_neutral
IMG_NUMBER_NINE,number_nine,Nine,count_visual,universal,img__number_nine__v1.webp,1024x1024,digital_art_premium_v5_neutral,neutral light-gray gradient,"A clear visual for ""Nine"", premium digital art illustration, clean sharp vector-inspired edges, crisp soft directional lighting, subtle depth, centered single subject, neutral light-gray gradient background, minimal clutter, professional learning-app quality, non-cartoon look, no text, no letters, no numerals, no logos, no watermark, no border, 1024x1024",language_learning|cross_language_vocabulary|reading_comprehension|listening_comprehension,1,v5_premium_neutral
IMG_NUMBER_ONE,number_one,One,count_visual,universal,img__number_one__v1.webp,1024x1024,digital_art_premium_v5_neutral,neutral light-gray gradient,"A clear visual for ""One"", premium digital art illustration, clean sharp vector-inspired edges, crisp soft directional lighting, subtle depth, centered single subject, neutral light-gray gradient background, minimal clutter, professional learning-app quality, non-cartoon look, no text, no letters, no numerals, no logos, no watermark, no border, 1024x1024",language_learning|cross_language_vocabulary|reading_comprehension|listening_comprehension,1,v5_premium_neutral
IMG_NUMBER_SEVEN,number_seven,Seven,count_visual,universal,img__number_seven__v1.webp,1024x1024,digital_art_premium_v5_neutral,neutral light-gray gradient,"A clear visual for ""Seven"", premium digital art illustration, clean sharp vector-inspired edges, crisp soft directional lighting, subtle depth, centered single subject, neutral light-gray gradient background, minimal clutter, professional learning-app quality, non-cartoon look, no text, no letters, no numerals, no logos, no watermark, no border, 1024x1024",language_learning|cross_language_vocabulary|reading_comprehension|listening_comprehension,1,v5_premium_neutral
IMG_NUMBER_SIX,number_six,Six,count_visual,universal,img__number_six__v1.webp,1024x1024,digital_art_premium_v5_neutral,neutral light-gray gradient,"A clear visual for ""Six"", premium digital art illustration, clean sharp vector-inspired edges, crisp soft directional lighting, subtle depth, centered single subject, neutral light-gray gradient background, minimal clutter, professional learning-app quality, non-cartoon look, no text, no letters, no numerals, no logos, no watermark, no border, 1024x1024",language_learning|cross_language_vocabulary|reading_comprehension|listening_comprehension,1,v5_premium_neutral
IMG_NUMBER_TEN,number_ten,Ten,count_visual,universal,img__number_ten__v1.webp,1024x1024,digital_art_premium_v5_neutral,neutral light-gray gradient,"A clear visual for ""Ten"", premium digital art illustration, clean sharp vector-inspired edges, crisp soft directional lighting, subtle depth, centered single subject, neutral light-gray gradient background, minimal clutter, professional learning-app quality, non-cartoon look, no text, no letters, no numerals, no logos, no watermark, no border, 1024x1024",language_learning|cross_language_vocabulary|reading_comprehension|listening_comprehension,1,v5_premium_neutral
IMG_NUMBER_THREE,number_three,Three,count_visual,universal,img__number_three__v1.webp,1024x1024,digital_art_premium_v5_neutral,neutral light-gray gradient,"A clear visual for ""Three"", premium digital art illustration, clean sharp vector-inspired edges, crisp soft directional lighting, subtle depth, centered single subject, neutral light-gray gradient background, minimal clutter, professional learning-app quality, non-cartoon look, no text, no letters, no numerals, no logos, no watermark, no border, 1024x1024",language_learning|cross_language_vocabulary|reading_comprehension|listening_comprehension,1,v5_premium_neutral
IMG_NUMBER_TWO,number_two,Two,count_visual,universal,img__number_two__v1.webp,1024x1024,digital_art_premium_v5_neutral,neutral light-gray gradient,"A clear visual for ""Two"", premium digital art illustration, clean sharp vector-inspired edges, crisp soft directional lighting, subtle depth, centered single subject, neutral light-gray gradient background, minimal clutter, professional learning-app quality, non-cartoon look, no text, no letters, no numerals, no logos, no watermark, no border, 1024x1024",language_learning|cross_language_vocabulary|reading_comprehension|listening_comprehension,2,v5_premium_neutral
IMG_NUMBER_ZERO,number_zero,Zero,count_visual,universal,img__number_zero__v1.webp,1024x1024,digital_art_premium_v5_neutral,neutral light-gray gradient,"A clear visual for ""Zero"", premium digital art illustration, clean sharp vector-inspired edges, crisp soft directional lighting, subtle depth, centered single subject, neutral light-gray gradient background, minimal clutter, professional learning-app quality, non-cartoon look, no text, no letters, no numerals, no logos, no watermark, no border, 1024x1024",language_learning|cross_language_vocabulary|reading_comprehension|listening_comprehension,1,v5_premium_neutral
IMG_OBJECT_ABOVE,object_above,Above,object_scene,universal,img__object_above__v1.webp,1024x1024,digital_art_premium_v5_neutral,neutral light-gray gradient,"A clear visual for ""Above"", premium digital art illustration, clean sharp vector-inspired edges, crisp soft directional lighting, subtle depth, centered single subject, neutral light-gray gradient background, minimal clutter, professional learning-app quality, non-cartoon look, no text, no letters, no numerals, no logos, no watermark, no border, 1024x1024",language_learning|cross_language_vocabulary|reading_comprehension|listening_comprehension,2,v5_premium_neutral
IMG_OBJECT_ACTION,object_action,Action,object_scene,universal,img__object_action__v1.webp,1024x1024,digital_art_premium_v5_neutral,neutral light-gray gradient,"A clear visual for ""Action"", premium digital art illustration, clean sharp vector-inspired edges, crisp soft directional lighting, subtle depth, centered single subject, neutral light-gray gradient background, minimal clutter, professional learning-app quality, non-cartoon look, no text, no letters, no numerals, no logos, no watermark, no border, 1024x1024",language_learning|cross_language_vocabulary|reading_comprehension|listening_comprehension,1,v5_premium_neutral
IMG_OBJECT_ADMISSION_TICKET,object_admission_ticket,Admission Ticket,object_scene,universal,img__object_admission_ticket__v1.webp,1024x1024,digital_art_premium_v5_neutral,neutral light-gray gradient,"A clear visual for ""Admission Ticket"", premium digital art illustration, clean sharp vector-inspired edges, crisp soft directional lighting, subtle depth, centered single subject, neutral light-gray gradient background, minimal clutter, professional learning-app quality, non-cartoon look, no text, no letters, no numerals, no logos, no watermark, no border, 1024x1024",language_learning|cross_language_vocabulary|reading_comprehension|listening_comprehension,1,v5_premium_neutral
IMG_OBJECT_AFTERNOON,object_afternoon,Afternoon,object_scene,universal,img__object_afternoon__v1.webp,1024x1024,digital_art_premium_v5_neutral,neutral light-gray gradient,"A clear visual for ""Afternoon"", premium digital art illustration, clean sharp vector-inspired edges, crisp soft directional lighting, subtle depth, centered single subject, neutral light-gray gradient background, minimal clutter, professional learning-app quality, non-cartoon look, no text, no letters, no numerals, no logos, no watermark, no border, 1024x1024",language_learning|cross_language_vocabulary|reading_comprehension|listening_comprehension,1,v5_premium_neutral
IMG_OBJECT_AGAIN,object_again,Again,object_scene,universal,img__object_again__v1.webp,1024x1024,digital_art_premium_v5_neutral,neutral light-gray gradient,"A clear visual for ""Again"", premium digital art illustration, clean sharp vector-inspired edges, crisp soft directional lighting, subtle depth, centered single subject, neutral light-gray gradient background, minimal clutter, professional learning-app quality, non-cartoon look, no text, no letters, no numerals, no logos, no watermark, no border, 1024x1024",language_learning|cross_language_vocabulary|reading_comprehension|listening_comprehension,1,v5_premium_neutral
IMG_OBJECT_AIRPLANE,object_airplane,Airplane,object_scene,universal,img__object_airplane__v1.webp,1024x1024,digital_art_premium_v5_neutral,neutral light-gray gradient,"A clear visual for ""Airplane"", premium digital art illustration, clean sharp vector-inspired edges, crisp soft directional lighting, subtle depth, centered single subject, neutral light-gray gradient background, minimal clutter, professional learning-app quality, non-cartoon look, no text, no letters, no numerals, no logos, no watermark, no border, 1024x1024",language_learning|cross_language_vocabulary|reading_comprehension|listening_comprehension,1,v5_premium_neutral
IMG_OBJECT_ALSO,object_also,Also,object_scene,universal,img__object_also__v1.webp,1024x1024,digital_art_premium_v5_neutral,neutral light-gray gradient,"A clear visual for ""Also"", premium digital art illustration, clean sharp vector-inspired edges, crisp soft directional lighting, subtle depth, centered single subject, neutral light-gray gradient background, minimal clutter, professional learning-app quality, non-cartoon look, no text, no letters, no numerals, no logos, no watermark, no border, 1024x1024",language_learning|cross_language_vocabulary|reading_comprehension|listening_comprehension,1,v5_premium_neutral
IMG_OBJECT_AND_TOGETHER_WITH,object_and_together_with,"And, Together With",object_scene,universal,img__object_and_together_with__v1.webp,1024x1024,digital_art_premium_v5_neutral,neutral light-gray gradient,"A clear visual for ""And, Together With"", premium digital art illustration, clean sharp vector-inspired edges, crisp soft directional lighting, subtle depth, centered single subject, neutral light-gray gradient background, minimal clutter, professional learning-app quality, non-cartoon look, no text, no letters, no numerals, no logos, no watermark, no border, 1024x1024",language_learning|cross_language_vocabulary|reading_comprehension|listening_comprehension,1,v5_premium_neutral
IMG_OBJECT_ANSWER,object_answer,Answer,object_scene,universal,img__object_answer__v1.webp,1024x1024,digital_art_premium_v5_neutral,neutral light-gray gradient,"A clear visual for ""Answer"", premium digital art illustration, clean sharp vector-inspired edges, crisp soft directional lighting, subtle depth, centered single subject, neutral light-gray gradient background, minimal clutter, professional learning-app quality, non-cartoon look, no text, no letters, no numerals, no logos, no watermark, no border, 1024x1024",language_learning|cross_language_vocabulary|reading_comprehension|listening_comprehension,1,v5_premium_neutral
IMG_OBJECT_APPLE,object_apple,Apple,object_scene,universal,img__object_apple__v1.webp,1024x1024,digital_art_premium_v5_neutral,neutral light-gray gradient,"A clear visual for ""Apple"", premium digital art illustration, clean sharp vector-inspired edges, crisp soft directional lighting, subtle depth, centered single subject, neutral light-gray gradient background, minimal clutter, professional learning-app quality, non-cartoon look, no text, no letters, no numerals, no logos, no watermark, no border, 1024x1024",language_learning|cross_language_vocabulary|reading_comprehension|listening_comprehension,0,v5_premium_neutral
IMG_OBJECT_ATTEND_CLASS,object_attend_class,Attend Class,object_scene,universal,img__object_attend_class__v1.webp,1024x1024,digital_art_premium_v5_neutral,neutral light-gray gradient,"A clear visual for ""Attend Class"", premium digital art illustration, clean sharp vector-inspired edges, crisp soft directional lighting, subtle depth, centered single subject, neutral light-gray gradient background, minimal clutter, professional learning-app quality, non-cartoon look, no text, no letters, no numerals, no logos, no watermark, no border, 1024x1024",language_learning|cross_language_vocabulary|reading_comprehension|listening_comprehension,1,v5_premium_neutral
IMG_OBJECT_AT_IN_ON,object_at_in_on,"At, In, On",object_scene,universal,img__object_at_in_on__v1.webp,1024x1024,digital_art_premium_v5_neutral,neutral light-gray gradient,"A clear visual for ""At, In, On"", premium digital art illustration, clean sharp vector-inspired edges, crisp soft directional lighting, subtle depth, centered single subject, neutral light-gray gradient background, minimal clutter, professional learning-app quality, non-cartoon look, no text, no letters, no numerals, no logos, no watermark, no border, 1024x1024",language_learning|cross_language_vocabulary|reading_comprehension|listening_comprehension,1,v5_premium_neutral
IMG_OBJECT_A_FEW,object_a_few,A Few,object_scene,universal,img__object_a_few__v1.webp,1024x1024,digital_art_premium_v5_neutral,neutral light-gray gradient,"A clear visual for ""A Few"", premium digital art illustration, clean sharp vector-inspired edges, crisp soft directional lighting, subtle depth, centered single subject, neutral light-gray gradient background, minimal clutter, professional learning-app quality, non-cartoon look, no text, no letters, no numerals, no logos, no watermark, no border, 1024x1024",language_learning|cross_language_vocabulary|reading_comprehension|listening_comprehension,1,v5_premium_neutral
IMG_OBJECT_A_LITTLE_BIT,object_a_little_bit,A Little Bit,object_scene,universal,img__object_a_little_bit__v1.webp,1024x1024,digital_art_premium_v5_neutral,neutral light-gray gradient,"A clear visual for ""A Little Bit"", premium digital art illustration, clean sharp vector-inspired edges, crisp soft directional lighting, subtle depth, centered single subject, neutral light-gray gradient background, minimal clutter, professional learning-app quality, non-cartoon look, no text, no letters, no numerals, no logos, no watermark, no border, 1024x1024",language_learning|cross_language_vocabulary|reading_comprehension|listening_comprehension,1,v5_premium_neutral
IMG_OBJECT_A_LITTLE_WHILE,object_a_little_while,A Little While,object_scene,universal,img__object_a_little_while__v1.webp,1024x1024,digital_art_premium_v5_neutral,neutral light-gray gradient,"A clear visual for ""A Little While"", premium digital art illustration, clean sharp vector-inspired edges, crisp soft directional lighting, subtle depth, centered single subject, neutral light-gray gradient background, minimal clutter, professional learning-app quality, non-cartoon look, no text, no letters, no numerals, no logos, no watermark, no border, 1024x1024",language_learning|cross_language_vocabulary|reading_comprehension|listening_comprehension,1,v5_premium_neutral
IMG_OBJECT_A_MOMENT,object_a_moment,A Moment,object_scene,universal,img__object_a_moment__v1.webp,1024x1024,digital_art_premium_v5_neutral,neutral light-gray gradient,"A clear visual for ""A Moment"", premium digital art illustration, clean sharp vector-inspired edges, crisp soft directional lighting, subtle depth, centered single subject, neutral light-gray gradient background, minimal clutter, professional learning-app quality, non-cartoon look, no text, no letters, no numerals, no logos, no watermark, no border, 1024x1024",language_learning|cross_language_vocabulary|reading_comprehension|listening_comprehension,2,v5_premium_neutral
IMG_OBJECT_BACK_SIDE,object_back_side,Back Side,object_scene,universal,img__object_back_side__v1.webp,1024x1024,digital_art_premium_v5_neutral,neutral light-gray gradient,"A clear visual for ""Back Side"", premium digital art illustration, clean sharp vector-inspired edges, crisp soft directional lighting, subtle depth, centered single subject, neutral light-gray gradient background, minimal clutter, professional learning-app quality, non-cartoon look, no text, no letters, no numerals, no logos, no watermark, no border, 1024x1024",language_learning|cross_language_vocabulary|reading_comprehension|listening_comprehension,1,v5_premium_neutral
IMG_OBJECT_BAD,object_bad,Bad,object_scene,universal,img__object_bad__v1.webp,1024x1024,digital_art_premium_v5_neutral,neutral light-gray gradient,"A clear visual for ""Bad"", premium digital art illustration, clean sharp vector-inspired edges, crisp soft directional lighting, subtle depth, centered single subject, neutral light-gray gradient background, minimal clutter, professional learning-app quality, non-cartoon look, no text, no letters, no numerals, no logos, no watermark, no border, 1024x1024",language_learning|cross_language_vocabulary|reading_comprehension|listening_comprehension,1,v5_premium_neutral
IMG_OBJECT_BALL,object_ball,Ball,object_scene,universal,img__object_ball__v1.webp,1024x1024,digital_art_premium_v5_neutral,neutral light-gray gradient,"A clear visual for ""Ball"", premium digital art illustration, clean sharp vector-inspired edges, crisp soft directional lighting, subtle depth, centered single subject, neutral light-gray gradient background, minimal clutter, professional learning-app quality, non-cartoon look, no text, no letters, no numerals, no logos, no watermark, no border, 1024x1024",language_learning|cross_language_vocabulary|reading_comprehension|listening_comprehension,1,v5_premium_neutral
IMG_OBJECT_BED,object_bed,Bed,object_scene,universal,img__object_bed__v1.webp,1024x1024,digital_art_premium_v5_neutral,neutral light-gray gradient,"A clear visual for ""Bed"", premium digital art illustration, clean sharp vector-inspired edges, crisp soft directional lighting, subtle depth, centered single subject, neutral light-gray gradient background, minimal clutter, professional learning-app quality, non-cartoon look, no text, no letters, no numerals, no logos, no watermark, no border, 1024x1024",language_learning|cross_language_vocabulary|reading_comprehension|listening_comprehension,1,v5_premium_neutral
IMG_OBJECT_BEFORE,object_before,Before,object_scene,universal,img__object_before__v1.webp,1024x1024,digital_art_premium_v5_neutral,neutral light-gray gradient,"A clear visual for ""Before"", premium digital art illustration, clean sharp vector-inspired edges, crisp soft directional lighting, subtle depth, centered single subject, neutral light-gray gradient background, minimal clutter, professional learning-app quality, non-cartoon look, no text, no letters, no numerals, no logos, no watermark, no border, 1024x1024",language_learning|cross_language_vocabulary|reading_comprehension|listening_comprehension,1,v5_premium_neutral
IMG_OBJECT_BEHIND,object_behind,Behind,object_scene,universal,img__object_behind__v1.webp,1024x1024,digital_art_premium_v5_neutral,neutral light-gray gradient,"A clear visual for ""Behind"", premium digital art illustration, clean sharp vector-inspired edges, crisp soft directional lighting, subtle depth, centered single subject, neutral light-gray gradient background, minimal clutter, professional learning-app quality, non-cartoon look, no text, no letters, no numerals, no logos, no watermark, no border, 1024x1024",language_learning|cross_language_vocabulary|reading_comprehension|listening_comprehension,1,v5_premium_neutral
IMG_OBJECT_BELOW,object_below,Below,object_scene,universal,img__object_below__v1.webp,1024x1024,digital_art_premium_v5_neutral,neutral light-gray gradient,"A clear visual for ""Below"", premium digital art illustration, clean sharp vector-inspired edges, crisp soft directional lighting, subtle depth, centered single subject, neutral light-gray gradient background, minimal clutter, professional learning-app quality, non-cartoon look, no text, no letters, no numerals, no logos, no watermark, no border, 1024x1024",language_learning|cross_language_vocabulary|reading_comprehension|listening_comprehension,2,v5_premium_neutral
IMG_OBJECT_BESIDE,object_beside,Beside,object_scene,universal,img__object_beside__v1.webp,1024x1024,digital_art_premium_v5_neutral,neutral light-gray gradient,"A clear visual for ""Beside"", premium digital art illustration, clean sharp vector-inspired edges, crisp soft directional lighting, subtle depth, centered single subject, neutral light-gray gradient background, minimal clutter, professional learning-app quality, non-cartoon look, no text, no letters, no numerals, no logos, no watermark, no border, 1024x1024",language_learning|cross_language_vocabulary|reading_comprehension|listening_comprehension,1,v5_premium_neutral
IMG_OBJECT_BEST,object_best,Best,object_scene,universal,img__object_best__v1.webp,1024x1024,digital_art_premium_v5_neutral,neutral light-gray gradient,"A clear visual for ""Best"", premium digital art illustration, clean sharp vector-inspired edges, crisp soft directional lighting, subtle depth, centered single subject, neutral light-gray gradient background, minimal clutter, professional learning-app quality, non-cartoon look, no text, no letters, no numerals, no logos, no watermark, no border, 1024x1024",language_learning|cross_language_vocabulary|reading_comprehension|listening_comprehension,1,v5_premium_neutral
IMG_OBJECT_BETWEEN,object_between,Between,object_scene,universal,img__object_between__v1.webp,1024x1024,digital_art_premium_v5_neutral,neutral light-gray gradient,"A clear visual for ""Between"", premium digital art illustration, clean sharp vector-inspired edges, crisp soft directional lighting, subtle depth, centered single subject, neutral light-gray gradient background, minimal clutter, professional learning-app quality, non-cartoon look, no text, no letters, no numerals, no logos, no watermark, no border, 1024x1024",language_learning|cross_language_vocabulary|reading_comprehension|listening_comprehension,1,v5_premium_neutral
IMG_OBJECT_BICYCLE,object_bicycle,Bicycle,object_scene,universal,img__object_bicycle__v1.webp,1024x1024,digital_art_premium_v5_neutral,neutral light-gray gradient,"A clear visual for ""Bicycle"", premium digital art illustration, clean sharp vector-inspired edges, crisp soft directional lighting, subtle depth, centered single subject, neutral light-gray gradient background, minimal clutter, professional learning-app quality, non-cartoon look, no text, no letters, no numerals, no logos, no watermark, no border, 1024x1024",language_learning|cross_language_vocabulary|reading_comprehension|listening_comprehension,0,v5_premium_neutral
IMG_OBJECT_BIG,object_big,Big,object_scene,universal,img__object_big__v1.webp,1024x1024,digital_art_premium_v5_neutral,neutral light-gray gradient,"A clear visual for ""Big"", premium digital art illustration, clean sharp vector-inspired edges, crisp soft directional lighting, subtle depth, centered single subject, neutral light-gray gradient background, minimal clutter, professional learning-app quality, non-cartoon look, no text, no letters, no numerals, no logos, no watermark, no border, 1024x1024",language_learning|cross_language_vocabulary|reading_comprehension|listening_comprehension,1,v5_premium_neutral
IMG_OBJECT_BIRTHDAY,object_birthday,Birthday,object_scene,universal,img__object_birthday__v1.webp,1024x1024,digital_art_premium_v5_neutral,neutral light-gray gradient,"A clear visual for ""Birthday"", premium digital art illustration, clean sharp vector-inspired edges, crisp soft directional lighting, subtle depth, centered single subject, neutral light-gray gradient background, minimal clutter, professional learning-app quality, non-cartoon look, no text, no letters, no numerals, no logos, no watermark, no border, 1024x1024",language_learning|cross_language_vocabulary|reading_comprehension|listening_comprehension,1,v5_premium_neutral
IMG_OBJECT_BODY,object_body,Body,object_scene,universal,img__object_body__v1.webp,1024x1024,digital_art_premium_v5_neutral,neutral light-gray gradient,"A clear visual for ""Body"", premium digital art illustration, clean sharp vector-inspired edges, crisp soft directional lighting, subtle depth, centered single subject, neutral light-gray gradient background, minimal clutter, professional learning-app quality, non-cartoon look, no text, no letters, no numerals, no logos, no watermark, no border, 1024x1024",language_learning|cross_language_vocabulary|reading_comprehension|listening_comprehension,1,v5_premium_neutral
IMG_OBJECT_BOOK,object_book,Book,object_scene,universal,img__object_book__v1.webp,1024x1024,digital_art_premium_v5_neutral,neutral light-gray gradient,"A clear visual for ""Book"", premium digital art illustration, clean sharp vector-inspired edges, crisp soft directional lighting, subtle depth, centered single subject, neutral light-gray gradient background, minimal clutter, professional learning-app quality, non-cartoon look, no text, no letters, no numerals, no logos, no watermark, no border, 1024x1024",language_learning|cross_language_vocabulary|reading_comprehension|listening_comprehension,1,v5_premium_neutral
IMG_OBJECT_BOY,object_boy,Boy,object_scene,universal,img__object_boy__v1.webp,1024x1024,digital_art_premium_v5_neutral,neutral light-gray gradient,"A clear visual for ""Boy"", premium digital art illustration, clean sharp vector-inspired edges, crisp soft directional lighting, subtle depth, centered single subject, neutral light-gray gradient background, minimal clutter, professional learning-app quality, non-cartoon look, no text, no letters, no numerals, no logos, no watermark, no border, 1024x1024",language_learning|cross_language_vocabulary|reading_comprehension|listening_comprehension,2,v5_premium_neutral
IMG_OBJECT_BOYFRIEND,object_boyfriend,Boyfriend,object_scene,universal,img__object_boyfriend__v1.webp,1024x1024,digital_art_premium_v5_neutral,neutral light-gray gradient,"A clear visual for ""Boyfriend"", premium digital art illustration, clean sharp vector-inspired edges, crisp soft directional lighting, subtle depth, centered single subject, neutral light-gray gradient background, minimal clutter, professional learning-app quality, non-cartoon look, no text, no letters, no numerals, no logos, no watermark, no border, 1024x1024",language_learning|cross_language_vocabulary|reading_comprehension|listening_comprehension,1,v5_premium_neutral
IMG_OBJECT_BREAD,object_bread,Bread,object_scene,universal,img__object_bread__v1.webp,1024x1024,digital_art_premium_v5_neutral,neutral light-gray gradient,"A clear visual for ""Bread"", premium digital art illustration, clean sharp vector-inspired edges, crisp soft directional lighting, subtle depth, centered single subject, neutral light-gray gradient background, minimal clutter, professional learning-app quality, non-cartoon look, no text, no letters, no numerals, no logos, no watermark, no border, 1024x1024",language_learning|cross_language_vocabulary|reading_comprehension|listening_comprehension,1,v5_premium_neutral
IMG_OBJECT_BREAKFAST,object_breakfast,Breakfast,object_scene,universal,img__object_breakfast__v1.webp,1024x1024,digital_art_premium_v5_neutral,neutral light-gray gradient,"A clear visual for ""Breakfast"", premium digital art illustration, clean sharp vector-inspired edges, crisp soft directional lighting, subtle depth, centered single subject, neutral light-gray gradient background, minimal clutter, professional learning-app quality, non-cartoon look, no text, no letters, no numerals, no logos, no watermark, no border, 1024x1024",language_learning|cross_language_vocabulary|reading_comprehension|listening_comprehension,1,v5_premium_neutral
IMG_OBJECT_BROKEN,object_broken,Broken,object_scene,universal,img__object_broken__v1.webp,1024x1024,digital_art_premium_v5_neutral,neutral light-gray gradient,"A clear visual for ""Broken"", premium digital art illustration, clean sharp vector-inspired edges, crisp soft directional lighting, subtle depth, centered single subject, neutral light-gray gradient background, minimal clutter, professional learning-app quality, non-cartoon look, no text, no letters, no numerals, no logos, no watermark, no border, 1024x1024",language_learning|cross_language_vocabulary|reading_comprehension|listening_comprehension,1,v5_premium_neutral
IMG_OBJECT_BUILDING,object_building,Building,object_scene,universal,img__object_building__v1.webp,1024x1024,digital_art_premium_v5_neutral,neutral light-gray gradient,"A clear visual for ""Building"", premium digital art illustration, clean sharp vector-inspired edges, crisp soft directional lighting, subtle depth, centered single subject, neutral light-gray gradient background, minimal clutter, professional learning-app quality, non-cartoon look, no text, no letters, no numerals, no logos, no watermark, no border, 1024x1024",language_learning|cross_language_vocabulary|reading_comprehension|listening_comprehension,1,v5_premium_neutral
IMG_OBJECT_BUSY,object_busy,Busy,object_scene,universal,img__object_busy__v1.webp,1024x1024,digital_art_premium_v5_neutral,neutral light-gray gradient,"A clear visual for ""Busy"", premium digital art illustration, clean sharp vector-inspired edges, crisp soft directional lighting, subtle depth, centered single subject, neutral light-gray gradient background, minimal clutter, professional learning-app quality, non-cartoon look, no text, no letters, no numerals, no logos, no watermark, no border, 1024x1024",language_learning|cross_language_vocabulary|reading_comprehension|listening_comprehension,1,v5_premium_neutral
IMG_OBJECT_CAN,object_can,Can,object_scene,universal,img__object_can__v1.webp,1024x1024,digital_art_premium_v5_neutral,neutral light-gray gradient,"A clear visual for ""Can"", premium digital art illustration, clean sharp vector-inspired edges, crisp soft directional lighting, subtle depth, centered single subject, neutral light-gray gradient background, minimal clutter, professional learning-app quality, non-cartoon look, no text, no letters, no numerals, no logos, no watermark, no border, 1024x1024",language_learning|cross_language_vocabulary|reading_comprehension|listening_comprehension,2,v5_premium_neutral
IMG_OBJECT_CAR,object_car,Car,object_scene,universal,img__object_car__v1.webp,1024x1024,digital_art_premium_v5_neutral,neutral light-gray gradient,"A clear visual for ""Car"", premium digital art illustration, clean sharp vector-inspired edges, crisp soft directional lighting, subtle depth, centered single subject, neutral light-gray gradient background, minimal clutter, professional learning-app quality, non-cartoon look, no text, no letters, no numerals, no logos, no watermark, no border, 1024x1024",language_learning|cross_language_vocabulary|reading_comprehension|listening_comprehension,2,v5_premium_neutral
IMG_OBJECT_CAR_SUV,object_car_suv,Car SUV,object_scene,universal,img__object_car_suv__v1.webp,1024x1024,digital_art_premium_v5_neutral,neutral light-gray gradient,"A clear visual for ""Car SUV"", premium digital art illustration, clean sharp vector-inspired edges, crisp soft directional lighting, subtle depth, centered single subject, neutral light-gray gradient background, minimal clutter, professional learning-app quality, non-cartoon look, no text, no letters, no numerals, no logos, no watermark, no border, 1024x1024",language_learning|cross_language_vocabulary|reading_comprehension|listening_comprehension,0,v5_premium_neutral
IMG_OBJECT_CENT,object_cent,Cent,object_scene,universal,img__object_cent__v1.webp,1024x1024,digital_art_premium_v5_neutral,neutral light-gray gradient,"A clear visual for ""Cent"", premium digital art illustration, clean sharp vector-inspired edges, crisp soft directional lighting, subtle depth, centered single subject, neutral light-gray gradient background, minimal clutter, professional learning-app quality, non-cartoon look, no text, no letters, no numerals, no logos, no watermark, no border, 1024x1024",language_learning|cross_language_vocabulary|reading_comprehension|listening_comprehension,1,v5_premium_neutral
IMG_OBJECT_CHARACTER,object_character,Character,object_scene,universal,img__object_character__v1.webp,1024x1024,digital_art_premium_v5_neutral,neutral light-gray gradient,"A clear visual for ""Character"", premium digital art illustration, clean sharp vector-inspired edges, crisp soft directional lighting, subtle depth, centered single subject, neutral light-gray gradient background, minimal clutter, professional learning-app quality, non-cartoon look, no text, no letters, no numerals, no logos, no watermark, no border, 1024x1024",language_learning|cross_language_vocabulary|reading_comprehension|listening_comprehension,1,v5_premium_neutral
IMG_OBJECT_CHILD,object_child,Child,object_scene,universal,img__object_child__v1.webp,1024x1024,digital_art_premium_v5_neutral,neutral light-gray gradient,"A clear visual for ""Child"", premium digital art illustration, clean sharp vector-inspired edges, crisp soft directional lighting, subtle depth, centered single subject, neutral light-gray gradient background, minimal clutter, professional learning-app quality, non-cartoon look, no text, no letters, no numerals, no logos, no watermark, no border, 1024x1024",language_learning|cross_language_vocabulary|reading_comprehension|listening_comprehension,3,v5_premium_neutral
IMG_OBJECT_CHINA,object_china,China,object_scene,universal,img__object_china__v1.webp,1024x1024,digital_art_premium_v5_neutral,neutral light-gray gradient,"A clear visual for ""China"", premium digital art illustration, clean sharp vector-inspired edges, crisp soft directional lighting, subtle depth, centered single subject, neutral light-gray gradient background, minimal clutter, professional learning-app quality, non-cartoon look, no text, no letters, no numerals, no logos, no watermark, no border, 1024x1024",language_learning|cross_language_vocabulary|reading_comprehension|listening_comprehension,1,v5_premium_neutral
IMG_OBJECT_CHINESE_CHARACTERS,object_chinese_characters,Chinese Characters,object_scene,universal,img__object_chinese_characters__v1.webp,1024x1024,digital_art_premium_v5_neutral,neutral light-gray gradient,"A clear visual for ""Chinese Characters"", premium digital art illustration, clean sharp vector-inspired edges, crisp soft directional lighting, subtle depth, centered single subject, neutral light-gray gradient background, minimal clutter, professional learning-app quality, non-cartoon look, no text, no letters, no numerals, no logos, no watermark, no border, 1024x1024",language_learning|cross_language_vocabulary|reading_comprehension|listening_comprehension,1,v5_premium_neutral
IMG_OBJECT_CHINESE_LANGUAGE,object_chinese_language,Chinese Language,object_scene,universal,img__object_chinese_language__v1.webp,1024x1024,digital_art_premium_v5_neutral,neutral light-gray gradient,"A clear visual for ""Chinese Language"", premium digital art illustration, clean sharp vector-inspired edges, crisp soft directional lighting, subtle depth, centered single subject, neutral light-gray gradient background, minimal clutter, professional learning-app quality, non-cartoon look, no text, no letters, no numerals, no logos, no watermark, no border, 1024x1024",language_learning|cross_language_vocabulary|reading_comprehension|listening_comprehension,2,v5_premium_neutral
IMG_OBJECT_CLASS,object_class,Class,object_scene,universal,img__object_class__v1.webp,1024x1024,digital_art_premium_v5_neutral,neutral light-gray gradient,"A clear visual for ""Class"", premium digital art illustration, clean sharp vector-inspired edges, crisp soft directional lighting, subtle depth, centered single subject, neutral light-gray gradient background, minimal clutter, professional learning-app quality, non-cartoon look, no text, no letters, no numerals, no logos, no watermark, no border, 1024x1024",language_learning|cross_language_vocabulary|reading_comprehension|listening_comprehension,2,v5_premium_neutral
IMG_OBJECT_CLASSMATE,object_classmate,Classmate,object_scene,universal,img__object_classmate__v1.webp,1024x1024,digital_art_premium_v5_neutral,neutral light-gray gradient,"A clear visual for ""Classmate"", premium digital art illustration, clean sharp vector-inspired edges, crisp soft directional lighting, subtle depth, centered single subject, neutral light-gray gradient background, minimal clutter, professional learning-app quality, non-cartoon look, no text, no letters, no numerals, no logos, no watermark, no border, 1024x1024",language_learning|cross_language_vocabulary|reading_comprehension|listening_comprehension,1,v5_premium_neutral
IMG_OBJECT_CLASS_DISMISSED,object_class_dismissed,Class Dismissed,object_scene,universal,img__object_class_dismissed__v1.webp,1024x1024,digital_art_premium_v5_neutral,neutral light-gray gradient,"A clear visual for ""Class Dismissed"", premium digital art illustration, clean sharp vector-inspired edges, crisp soft directional lighting, subtle depth, centered single subject, neutral light-gray gradient background, minimal clutter, professional learning-app quality, non-cartoon look, no text, no letters, no numerals, no logos, no watermark, no border, 1024x1024",language_learning|cross_language_vocabulary|reading_comprehension|listening_comprehension,1,v5_premium_neutral
IMG_OBJECT_CLEAN,object_clean,Clean,object_scene,universal,img__object_clean__v1.webp,1024x1024,digital_art_premium_v5_neutral,neutral light-gray gradient,"A clear visual for ""Clean"", premium digital art illustration, clean sharp vector-inspired edges, crisp soft directional lighting, subtle depth, centered single subject, neutral light-gray gradient background, minimal clutter, professional learning-app quality, non-cartoon look, no text, no letters, no numerals, no logos, no watermark, no border, 1024x1024",language_learning|cross_language_vocabulary|reading_comprehension|listening_comprehension,1,v5_premium_neutral
IMG_OBJECT_CLEAR,object_clear,Clear,object_scene,universal,img__object_clear__v1.webp,1024x1024,digital_art_premium_v5_neutral,neutral light-gray gradient,"A clear visual for ""Clear"", premium digital art illustration, clean sharp vector-inspired edges, crisp soft directional lighting, subtle depth, centered single subject, neutral light-gray gradient background, minimal clutter, professional learning-app quality, non-cartoon look, no text, no letters, no numerals, no logos, no watermark, no border, 1024x1024",language_learning|cross_language_vocabulary|reading_comprehension|listening_comprehension,1,v5_premium_neutral
IMG_OBJECT_CLOSE_IT,object_close_it,Close It,object_scene,universal,img__object_close_it__v1.webp,1024x1024,digital_art_premium_v5_neutral,neutral light-gray gradient,"A clear visual for ""Close It"", premium digital art illustration, clean sharp vector-inspired edges, crisp soft directional lighting, subtle depth, centered single subject, neutral light-gray gradient background, minimal clutter, professional learning-app quality, non-cartoon look, no text, no letters, no numerals, no logos, no watermark, no border, 1024x1024",language_learning|cross_language_vocabulary|reading_comprehension|listening_comprehension,1,v5_premium_neutral
IMG_OBJECT_CLOTHES,object_clothes,Clothes,object_scene,universal,img__object_clothes__v1.webp,1024x1024,digital_art_premium_v5_neutral,neutral light-gray gradient,"A clear visual for ""Clothes"", premium digital art illustration, clean sharp vector-inspired edges, crisp soft directional lighting, subtle depth, centered single subject, neutral light-gray gradient background, minimal clutter, professional learning-app quality, non-cartoon look, no text, no letters, no numerals, no logos, no watermark, no border, 1024x1024",language_learning|cross_language_vocabulary|reading_comprehension|listening_comprehension,1,v5_premium_neutral
IMG_OBJECT_COLD,object_cold,Cold,object_scene,universal,img__object_cold__v1.webp,1024x1024,digital_art_premium_v5_neutral,neutral light-gray gradient,"A clear visual for ""Cold"", premium digital art illustration, clean sharp vector-inspired edges, crisp soft directional lighting, subtle depth, centered single subject, neutral light-gray gradient background, minimal clutter, professional learning-app quality, non-cartoon look, no text, no letters, no numerals, no logos, no watermark, no border, 1024x1024",language_learning|cross_language_vocabulary|reading_comprehension|listening_comprehension,1,v5_premium_neutral
IMG_OBJECT_COLLEGE_OR_ACADEMY,object_college_or_academy,College Or Academy,object_scene,universal,img__object_college_or_academy__v1.webp,1024x1024,digital_art_premium_v5_neutral,neutral light-gray gradient,"A clear visual for ""College Or Academy"", premium digital art illustration, clean sharp vector-inspired edges, crisp soft directional lighting, subtle depth, centered single subject, neutral light-gray gradient background, minimal clutter, professional learning-app quality, non-cartoon look, no text, no letters, no numerals, no logos, no watermark, no border, 1024x1024",language_learning|cross_language_vocabulary|reading_comprehension|listening_comprehension,1,v5_premium_neutral
IMG_OBJECT_COME_BACK,object_come_back,Come Back,object_scene,universal,img__object_come_back__v1.webp,1024x1024,digital_art_premium_v5_neutral,neutral light-gray gradient,"A clear visual for ""Come Back"", premium digital art illustration, clean sharp vector-inspired edges, crisp soft directional lighting, subtle depth, centered single subject, neutral light-gray gradient background, minimal clutter, professional learning-app quality, non-cartoon look, no text, no letters, no numerals, no logos, no watermark, no border, 1024x1024",language_learning|cross_language_vocabulary|reading_comprehension|listening_comprehension,1,v5_premium_neutral
IMG_OBJECT_COME_IN,object_come_in,Come In,object_scene,universal,img__object_come_in__v1.webp,1024x1024,digital_art_premium_v5_neutral,neutral light-gray gradient,"A clear visual for ""Come In"", premium digital art illustration, clean sharp vector-inspired edges, crisp soft directional lighting, subtle depth, centered single subject, neutral light-gray gradient background, minimal clutter, professional learning-app quality, non-cartoon look, no text, no letters, no numerals, no logos, no watermark, no border, 1024x1024",language_learning|cross_language_vocabulary|reading_comprehension|listening_comprehension,1,v5_premium_neutral
IMG_OBJECT_COME_OUT,object_come_out,Come Out,object_scene,universal,img__object_come_out__v1.webp,1024x1024,digital_art_premium_v5_neutral,neutral light-gray gradient,"A clear visual for ""Come Out"", premium digital art illustration, clean sharp vector-inspired edges, crisp soft directional lighting, subtle depth, centered single subject, neutral light-gray gradient background, minimal clutter, professional learning-app quality, non-cartoon look, no text, no letters, no numerals, no logos, no watermark, no border, 1024x1024",language_learning|cross_language_vocabulary|reading_comprehension|listening_comprehension,1,v5_premium_neutral
IMG_OBJECT_COMMON,object_common,Common,object_scene,universal,img__object_common__v1.webp,1024x1024,digital_art_premium_v5_neutral,neutral light-gray gradient,"A clear visual for ""Common"", premium digital art illustration, clean sharp vector-inspired edges, crisp soft directional lighting, subtle depth, centered single subject, neutral light-gray gradient background, minimal clutter, professional learning-app quality, non-cartoon look, no text, no letters, no numerals, no logos, no watermark, no border, 1024x1024",language_learning|cross_language_vocabulary|reading_comprehension|listening_comprehension,1,v5_premium_neutral
IMG_OBJECT_COMPLETED_ACTION_MARKER,object_completed_action_marker,Completed Action Marker,object_scene,universal,img__object_completed_action_marker__v1.webp,1024x1024,digital_art_premium_v5_neutral,neutral light-gray gradient,"A clear visual for ""Completed Action Marker"", premium digital art illustration, clean sharp vector-inspired edges, crisp soft directional lighting, subtle depth, centered single subject, neutral light-gray gradient background, minimal clutter, professional learning-app quality, non-cartoon look, no text, no letters, no numerals, no logos, no watermark, no border, 1024x1024",language_learning|cross_language_vocabulary|reading_comprehension|listening_comprehension,1,v5_premium_neutral
IMG_OBJECT_COMPUTER,object_computer,Computer,object_scene,universal,img__object_computer__v1.webp,1024x1024,digital_art_premium_v5_neutral,neutral light-gray gradient,"A clear visual for ""Computer"", premium digital art illustration, clean sharp vector-inspired edges, crisp soft directional lighting, subtle depth, centered single subject, neutral light-gray gradient background, minimal clutter, professional learning-app quality, non-cartoon look, no text, no letters, no numerals, no logos, no watermark, no border, 1024x1024",language_learning|cross_language_vocabulary|reading_comprehension|listening_comprehension,1,v5_premium_neutral
IMG_OBJECT_COOKED_RICE,object_cooked_rice,Cooked Rice,object_scene,universal,img__object_cooked_rice__v1.webp,1024x1024,digital_art_premium_v5_neutral,neutral light-gray gradient,"A clear visual for ""Cooked Rice"", premium digital art illustration, clean sharp vector-inspired edges, crisp soft directional lighting, subtle depth, centered single subject, neutral light-gray gradient background, minimal clutter, professional learning-app quality, non-cartoon look, no text, no letters, no numerals, no logos, no watermark, no border, 1024x1024",language_learning|cross_language_vocabulary|reading_comprehension|listening_comprehension,2,v5_premium_neutral
IMG_OBJECT_CORRECT,object_correct,Correct,object_scene,universal,img__object_correct__v1.webp,1024x1024,digital_art_premium_v5_neutral,neutral light-gray gradient,"A clear visual for ""Correct"", premium digital art illustration, clean sharp vector-inspired edges, crisp soft directional lighting, subtle depth, centered single subject, neutral light-gray gradient background, minimal clutter, professional learning-app quality, non-cartoon look, no text, no letters, no numerals, no logos, no watermark, no border, 1024x1024",language_learning|cross_language_vocabulary|reading_comprehension|listening_comprehension,2,v5_premium_neutral
IMG_OBJECT_CUP,object_cup,Cup,object_scene,universal,img__object_cup__v1.webp,1024x1024,digital_art_premium_v5_neutral,neutral light-gray gradient,"A clear visual for ""Cup"", premium digital art illustration, clean sharp vector-inspired edges, crisp soft directional lighting, subtle depth, centered single subject, neutral light-gray gradient background, minimal clutter, professional learning-app quality, non-cartoon look, no text, no letters, no numerals, no logos, no watermark, no border, 1024x1024",language_learning|cross_language_vocabulary|reading_comprehension|listening_comprehension,2,v5_premium_neutral
IMG_OBJECT_DAD,object_dad,Dad,object_scene,universal,img__object_dad__v1.webp,1024x1024,digital_art_premium_v5_neutral,neutral light-gray gradient,"A clear visual for ""Dad"", premium digital art illustration, clean sharp vector-inspired edges, crisp soft directional lighting, subtle depth, centered single subject, neutral light-gray gradient background, minimal clutter, professional learning-app quality, non-cartoon look, no text, no letters, no numerals, no logos, no watermark, no border, 1024x1024",language_learning|cross_language_vocabulary|reading_comprehension|listening_comprehension,2,v5_premium_neutral
IMG_OBJECT_DATE,object_date,Date,object_scene,universal,img__object_date__v1.webp,1024x1024,digital_art_premium_v5_neutral,neutral light-gray gradient,"A clear visual for ""Date"", premium digital art illustration, clean sharp vector-inspired edges, crisp soft directional lighting, subtle depth, centered single subject, neutral light-gray gradient background, minimal clutter, professional learning-app quality, non-cartoon look, no text, no letters, no numerals, no logos, no watermark, no border, 1024x1024",language_learning|cross_language_vocabulary|reading_comprehension|listening_comprehension,1,v5_premium_neutral
IMG_OBJECT_DAUGHTER,object_daughter,Daughter,object_scene,universal,img__object_daughter__v1.webp,1024x1024,digital_art_premium_v5_neutral,neutral light-gray gradient,"A clear visual for ""Daughter"", premium digital art illustration, clean sharp vector-inspired edges, crisp soft directional lighting, subtle depth, centered single subject, neutral light-gray gradient background, minimal clutter, professional learning-app quality, non-cartoon look, no text, no letters, no numerals, no logos, no watermark, no border, 1024x1024",language_learning|cross_language_vocabulary|reading_comprehension|listening_comprehension,1,v5_premium_neutral
IMG_OBJECT_DAYTIME,object_daytime,Daytime,object_scene,universal,img__object_daytime__v1.webp,1024x1024,digital_art_premium_v5_neutral,neutral light-gray gradient,"A clear visual for ""Daytime"", premium digital art illustration, clean sharp vector-inspired edges, crisp soft directional lighting, subtle depth, centered single subject, neutral light-gray gradient background, minimal clutter, professional learning-app quality, non-cartoon look, no text, no letters, no numerals, no logos, no watermark, no border, 1024x1024",language_learning|cross_language_vocabulary|reading_comprehension|listening_comprehension,1,v5_premium_neutral
IMG_OBJECT_DAY_DATE,object_day_date,Day; Date,object_scene,universal,img__object_day_date__v1.webp,1024x1024,digital_art_premium_v5_neutral,neutral light-gray gradient,"A clear visual for ""Day; Date"", premium digital art illustration, clean sharp vector-inspired edges, crisp soft directional lighting, subtle depth, centered single subject, neutral light-gray gradient background, minimal clutter, professional learning-app quality, non-cartoon look, no text, no letters, no numerals, no logos, no watermark, no border, 1024x1024",language_learning|cross_language_vocabulary|reading_comprehension|listening_comprehension,1,v5_premium_neutral
IMG_OBJECT_DAY_OF_MONTH,object_day_of_month,Day Of Month,object_scene,universal,img__object_day_of_month__v1.webp,1024x1024,digital_art_premium_v5_neutral,neutral light-gray gradient,"A clear visual for ""Day Of Month"", premium digital art illustration, clean sharp vector-inspired edges, crisp soft directional lighting, subtle depth, centered single subject, neutral light-gray gradient background, minimal clutter, professional learning-app quality, non-cartoon look, no text, no letters, no numerals, no logos, no watermark, no border, 1024x1024",language_learning|cross_language_vocabulary|reading_comprehension|listening_comprehension,1,v5_premium_neutral
IMG_OBJECT_DELICIOUS,object_delicious,Delicious,object_scene,universal,img__object_delicious__v1.webp,1024x1024,digital_art_premium_v5_neutral,neutral light-gray gradient,"A clear visual for ""Delicious"", premium digital art illustration, clean sharp vector-inspired edges, crisp soft directional lighting, subtle depth, centered single subject, neutral light-gray gradient background, minimal clutter, professional learning-app quality, non-cartoon look, no text, no letters, no numerals, no logos, no watermark, no border, 1024x1024",language_learning|cross_language_vocabulary|reading_comprehension|listening_comprehension,1,v5_premium_neutral
IMG_OBJECT_DESK,object_desk,Desk,object_scene,universal,img__object_desk__v1.webp,1024x1024,digital_art_premium_v5_neutral,neutral light-gray gradient,"A clear visual for ""Desk"", premium digital art illustration, clean sharp vector-inspired edges, crisp soft directional lighting, subtle depth, centered single subject, neutral light-gray gradient background, minimal clutter, professional learning-app quality, non-cartoon look, no text, no letters, no numerals, no logos, no watermark, no border, 1024x1024",language_learning|cross_language_vocabulary|reading_comprehension|listening_comprehension,1,v5_premium_neutral
IMG_OBJECT_DICTATION,object_dictation,Dictation,object_scene,universal,img__object_dictation__v1.webp,1024x1024,digital_art_premium_v5_neutral,neutral light-gray gradient,"A clear visual for ""Dictation"", premium digital art illustration, clean sharp vector-inspired edges, crisp soft directional lighting, subtle depth, centered single subject, neutral light-gray gradient background, minimal clutter, professional learning-app quality, non-cartoon look, no text, no letters, no numerals, no logos, no watermark, no border, 1024x1024",language_learning|cross_language_vocabulary|reading_comprehension|listening_comprehension,1,v5_premium_neutral
IMG_OBJECT_DIFFERENCE,object_difference,Difference,object_scene,universal,img__object_difference__v1.webp,1024x1024,digital_art_premium_v5_neutral,neutral light-gray gradient,"A clear visual for ""Difference"", premium digital art illustration, clean sharp vector-inspired edges, crisp soft directional lighting, subtle depth, centered single subject, neutral light-gray gradient background, minimal clutter, professional learning-app quality, non-cartoon look, no text, no letters, no numerals, no logos, no watermark, no border, 1024x1024",language_learning|cross_language_vocabulary|reading_comprehension|listening_comprehension,1,v5_premium_neutral
IMG_OBJECT_DIFFICULT,object_difficult,Difficult,object_scene,universal,img__object_difficult__v1.webp,1024x1024,digital_art_premium_v5_neutral,neutral light-gray gradient,"A clear visual for ""Difficult"", premium digital art illustration, clean sharp vector-inspired edges, crisp soft directional lighting, subtle depth, centered single subject, neutral light-gray gradient background, minimal clutter, professional learning-app quality, non-cartoon look, no text, no letters, no numerals, no logos, no watermark, no border, 1024x1024",language_learning|cross_language_vocabulary|reading_comprehension|listening_comprehension,1,v5_premium_neutral
IMG_OBJECT_DINNER,object_dinner,Dinner,object_scene,universal,img__object_dinner__v1.webp,1024x1024,digital_art_premium_v5_neutral,neutral light-gray gradient,"A clear visual for ""Dinner"", premium digital art illustration, clean sharp vector-inspired edges, crisp soft directional lighting, subtle depth, centered single subject, neutral light-gray gradient background, minimal clutter, professional learning-app quality, non-cartoon look, no text, no letters, no numerals, no logos, no watermark, no border, 1024x1024",language_learning|cross_language_vocabulary|reading_comprehension|listening_comprehension,1,v5_premium_neutral
IMG_OBJECT_DISH_OR_VEGETABLE,object_dish_or_vegetable,Dish Or Vegetable,object_scene,universal,img__object_dish_or_vegetable__v1.webp,1024x1024,digital_art_premium_v5_neutral,neutral light-gray gradient,"A clear visual for ""Dish Or Vegetable"", premium digital art illustration, clean sharp vector-inspired edges, crisp soft directional lighting, subtle depth, centered single subject, neutral light-gray gradient background, minimal clutter, professional learning-app quality, non-cartoon look, no text, no letters, no numerals, no logos, no watermark, no border, 1024x1024",language_learning|cross_language_vocabulary|reading_comprehension|listening_comprehension,1,v5_premium_neutral
IMG_OBJECT_DOCTOR,object_doctor,Doctor,object_scene,universal,img__object_doctor__v1.webp,1024x1024,digital_art_premium_v5_neutral,neutral light-gray gradient,"A clear visual for ""Doctor"", premium digital art illustration, clean sharp vector-inspired edges, crisp soft directional lighting, subtle depth, centered single subject, neutral light-gray gradient background, minimal clutter, professional learning-app quality, non-cartoon look, no text, no letters, no numerals, no logos, no watermark, no border, 1024x1024",language_learning|cross_language_vocabulary|reading_comprehension|listening_comprehension,1,v5_premium_neutral
IMG_OBJECT_DOOR,object_door,Door,object_scene,universal,img__object_door__v1.webp,1024x1024,digital_art_premium_v5_neutral,neutral light-gray gradient,"A clear visual for ""Door"", premium digital art illustration, clean sharp vector-inspired edges, crisp soft directional lighting, subtle depth, centered single subject, neutral light-gray gradient background, minimal clutter, professional learning-app quality, non-cartoon look, no text, no letters, no numerals, no logos, no watermark, no border, 1024x1024",language_learning|cross_language_vocabulary|reading_comprehension|listening_comprehension,1,v5_premium_neutral
IMG_OBJECT_DOORWAY,object_doorway,Doorway,object_scene,universal,img__object_doorway__v1.webp,1024x1024,digital_art_premium_v5_neutral,neutral light-gray gradient,"A clear visual for ""Doorway"", premium digital art illustration, clean sharp vector-inspired edges, crisp soft directional lighting, subtle depth, centered single subject, neutral light-gray gradient background, minimal clutter, professional learning-app quality, non-cartoon look, no text, no letters, no numerals, no logos, no watermark, no border, 1024x1024",language_learning|cross_language_vocabulary|reading_comprehension|listening_comprehension,1,v5_premium_neutral
IMG_OBJECT_DOWN,object_down,Down,object_scene,universal,img__object_down__v1.webp,1024x1024,digital_art_premium_v5_neutral,neutral light-gray gradient,"A clear visual for ""Down"", premium digital art illustration, clean sharp vector-inspired edges, crisp soft directional lighting, subtle depth, centered single subject, neutral light-gray gradient background, minimal clutter, professional learning-app quality, non-cartoon look, no text, no letters, no numerals, no logos, no watermark, no border, 1024x1024",language_learning|cross_language_vocabulary|reading_comprehension|listening_comprehension,1,v5_premium_neutral
IMG_OBJECT_DOWNSTAIRS,object_downstairs,Downstairs,object_scene,universal,img__object_downstairs__v1.webp,1024x1024,digital_art_premium_v5_neutral,neutral light-gray gradient,"A clear visual for ""Downstairs"", premium digital art illustration, clean sharp vector-inspired edges, crisp soft directional lighting, subtle depth, centered single subject, neutral light-gray gradient background, minimal clutter, professional learning-app quality, non-cartoon look, no text, no letters, no numerals, no logos, no watermark, no border, 1024x1024",language_learning|cross_language_vocabulary|reading_comprehension|listening_comprehension,1,v5_premium_neutral
IMG_OBJECT_DO_NOT,object_do_not,Do Not,object_scene,universal,img__object_do_not__v1.webp,1024x1024,digital_art_premium_v5_neutral,neutral light-gray gradient,"A clear visual for ""Do Not"", premium digital art illustration, clean sharp vector-inspired edges, crisp soft directional lighting, subtle depth, centered single subject, neutral light-gray gradient background, minimal clutter, professional learning-app quality, non-cartoon look, no text, no letters, no numerals, no logos, no watermark, no border, 1024x1024",language_learning|cross_language_vocabulary|reading_comprehension|listening_comprehension,1,v5_premium_neutral
IMG_OBJECT_EARLY,object_early,Early,object_scene,universal,img__object_early__v1.webp,1024x1024,digital_art_premium_v5_neutral,neutral light-gray gradient,"A clear visual for ""Early"", premium digital art illustration, clean sharp vector-inspired edges, crisp soft directional lighting, subtle depth, centered single subject, neutral light-gray gradient background, minimal clutter, professional learning-app quality, non-cartoon look, no text, no letters, no numerals, no logos, no watermark, no border, 1024x1024",language_learning|cross_language_vocabulary|reading_comprehension|listening_comprehension,1,v5_premium_neutral
IMG_OBJECT_EARNEST,object_earnest,Earnest,object_scene,universal,img__object_earnest__v1.webp,1024x1024,digital_art_premium_v5_neutral,neutral light-gray gradient,"A clear visual for ""Earnest"", premium digital art illustration, clean sharp vector-inspired edges, crisp soft directional lighting, subtle depth, centered single subject, neutral light-gray gradient background, minimal clutter, professional learning-app quality, non-cartoon look, no text, no letters, no numerals, no logos, no watermark, no border, 1024x1024",language_learning|cross_language_vocabulary|reading_comprehension|listening_comprehension,1,v5_premium_neutral
IMG_OBJECT_EAST,object_east,East,object_scene,universal,img__object_east__v1.webp,1024x1024,digital_art_premium_v5_neutral,neutral light-gray gradient,"A clear visual for ""East"", premium digital art illustration, clean sharp vector-inspired edges, crisp soft directional lighting, subtle depth, centered single subject, neutral light-gray gradient background, minimal clutter, professional learning-app quality, non-cartoon look, no text, no letters, no numerals, no logos, no watermark, no border, 1024x1024",language_learning|cross_language_vocabulary|reading_comprehension|listening_comprehension,1,v5_premium_neutral
IMG_OBJECT_EAST_SIDE,object_east_side,East Side,object_scene,universal,img__object_east_side__v1.webp,1024x1024,digital_art_premium_v5_neutral,neutral light-gray gradient,"A clear visual for ""East Side"", premium digital art illustration, clean sharp vector-inspired edges, crisp soft directional lighting, subtle depth, centered single subject, neutral light-gray gradient background, minimal clutter, professional learning-app quality, non-cartoon look, no text, no letters, no numerals, no logos, no watermark, no border, 1024x1024",language_learning|cross_language_vocabulary|reading_comprehension|listening_comprehension,1,v5_premium_neutral
IMG_OBJECT_EGG,object_egg,Egg,object_scene,universal,img__object_egg__v1.webp,1024x1024,digital_art_premium_v5_neutral,neutral light-gray gradient,"A clear visual for ""Egg"", premium digital art illustration, clean sharp vector-inspired edges, crisp soft directional lighting, subtle depth, centered single subject, neutral light-gray gradient background, minimal clutter, professional learning-app quality, non-cartoon look, no text, no letters, no numerals, no logos, no watermark, no border, 1024x1024",language_learning|cross_language_vocabulary|reading_comprehension|listening_comprehension,1,v5_premium_neutral
IMG_OBJECT_ELDERLY_PERSON,object_elderly_person,Elderly Person,object_scene,universal,img__object_elderly_person__v1.webp,1024x1024,digital_art_premium_v5_neutral,neutral light-gray gradient,"A clear visual for ""Elderly Person"", premium digital art illustration, clean sharp vector-inspired edges, crisp soft directional lighting, subtle depth, centered single subject, neutral light-gray gradient background, minimal clutter, professional learning-app quality, non-cartoon look, no text, no letters, no numerals, no logos, no watermark, no border, 1024x1024",language_learning|cross_language_vocabulary|reading_comprehension|listening_comprehension,1,v5_premium_neutral
IMG_OBJECT_EVENING,object_evening,Evening,object_scene,universal,img__object_evening__v1.webp,1024x1024,digital_art_premium_v5_neutral,neutral light-gray gradient,"A clear visual for ""Evening"", premium digital art illustration, clean sharp vector-inspired edges, crisp soft directional lighting, subtle depth, centered single subject, neutral light-gray gradient background, minimal clutter, professional learning-app quality, non-cartoon look, no text, no letters, no numerals, no logos, no watermark, no border, 1024x1024",language_learning|cross_language_vocabulary|reading_comprehension|listening_comprehension,2,v5_premium_neutral
IMG_OBJECT_EXAM,object_exam,Exam,object_scene,universal,img__object_exam__v1.webp,1024x1024,digital_art_premium_v5_neutral,neutral light-gray gradient,"A clear visual for ""Exam"", premium digital art illustration, clean sharp vector-inspired edges, crisp soft directional lighting, subtle depth, centered single subject, neutral light-gray gradient background, minimal clutter, professional learning-app quality, non-cartoon look, no text, no letters, no numerals, no logos, no watermark, no border, 1024x1024",language_learning|cross_language_vocabulary|reading_comprehension|listening_comprehension,2,v5_premium_neutral
IMG_OBJECT_EXCESSIVELY,object_excessively,Excessively,object_scene,universal,img__object_excessively__v1.webp,1024x1024,digital_art_premium_v5_neutral,neutral light-gray gradient,"A clear visual for ""Excessively"", premium digital art illustration, clean sharp vector-inspired edges, crisp soft directional lighting, subtle depth, centered single subject, neutral light-gray gradient background, minimal clutter, professional learning-app quality, non-cartoon look, no text, no letters, no numerals, no logos, no watermark, no border, 1024x1024",language_learning|cross_language_vocabulary|reading_comprehension|listening_comprehension,1,v5_premium_neutral
IMG_OBJECT_EXPENSIVE,object_expensive,Expensive,object_scene,universal,img__object_expensive__v1.webp,1024x1024,digital_art_premium_v5_neutral,neutral light-gray gradient,"A clear visual for ""Expensive"", premium digital art illustration, clean sharp vector-inspired edges, crisp soft directional lighting, subtle depth, centered single subject, neutral light-gray gradient background, minimal clutter, professional learning-app quality, non-cartoon look, no text, no letters, no numerals, no logos, no watermark, no border, 1024x1024",language_learning|cross_language_vocabulary|reading_comprehension|listening_comprehension,1,v5_premium_neutral
IMG_OBJECT_FAMILY,object_family,Family,object_scene,universal,img__object_family__v1.webp,1024x1024,digital_art_premium_v5_neutral,neutral light-gray gradient,"A clear visual for ""Family"", premium digital art illustration, clean sharp vector-inspired edges, crisp soft directional lighting, subtle depth, centered single subject, neutral light-gray gradient background, minimal clutter, professional learning-app quality, non-cartoon look, no text, no letters, no numerals, no logos, no watermark, no border, 1024x1024",language_learning|cross_language_vocabulary|reading_comprehension|listening_comprehension,1,v5_premium_neutral
IMG_OBJECT_FAMILY_MEMBERS,object_family_members,Family Members,object_scene,universal,img__object_family_members__v1.webp,1024x1024,digital_art_premium_v5_neutral,neutral light-gray gradient,"A clear visual for ""Family Members"", premium digital art illustration, clean sharp vector-inspired edges, crisp soft directional lighting, subtle depth, centered single subject, neutral light-gray gradient background, minimal clutter, professional learning-app quality, non-cartoon look, no text, no letters, no numerals, no logos, no watermark, no border, 1024x1024",language_learning|cross_language_vocabulary|reading_comprehension|listening_comprehension,1,v5_premium_neutral
IMG_OBJECT_FAMOUS,object_famous,Famous,object_scene,universal,img__object_famous__v1.webp,1024x1024,digital_art_premium_v5_neutral,neutral light-gray gradient,"A clear visual for ""Famous"", premium digital art illustration, clean sharp vector-inspired edges, crisp soft directional lighting, subtle depth, centered single subject, neutral light-gray gradient background, minimal clutter, professional learning-app quality, non-cartoon look, no text, no letters, no numerals, no logos, no watermark, no border, 1024x1024",language_learning|cross_language_vocabulary|reading_comprehension|listening_comprehension,1,v5_premium_neutral
IMG_OBJECT_FAR,object_far,Far,object_scene,universal,img__object_far__v1.webp,1024x1024,digital_art_premium_v5_neutral,neutral light-gray gradient,"A clear visual for ""Far"", premium digital art illustration, clean sharp vector-inspired edges, crisp soft directional lighting, subtle depth, centered single subject, neutral light-gray gradient background, minimal clutter, professional learning-app quality, non-cartoon look, no text, no letters, no numerals, no logos, no watermark, no border, 1024x1024",language_learning|cross_language_vocabulary|reading_comprehension|listening_comprehension,1,v5_premium_neutral
IMG_OBJECT_FAST,object_fast,Fast,object_scene,universal,img__object_fast__v1.webp,1024x1024,digital_art_premium_v5_neutral,neutral light-gray gradient,"A clear visual for ""Fast"", premium digital art illustration, clean sharp vector-inspired edges, crisp soft directional lighting, subtle depth, centered single subject, neutral light-gray gradient background, minimal clutter, professional learning-app quality, non-cartoon look, no text, no letters, no numerals, no logos, no watermark, no border, 1024x1024",language_learning|cross_language_vocabulary|reading_comprehension|listening_comprehension,1,v5_premium_neutral
IMG_OBJECT_FEMALE,object_female,Female,object_scene,universal,img__object_female__v1.webp,1024x1024,digital_art_premium_v5_neutral,neutral light-gray gradient,"A clear visual for ""Female"", premium digital art illustration, clean sharp vector-inspired edges, crisp soft directional lighting, subtle depth, centered single subject, neutral light-gray gradient background, minimal clutter, professional learning-app quality, non-cartoon look, no text, no letters, no numerals, no logos, no watermark, no border, 1024x1024",language_learning|cross_language_vocabulary|reading_comprehension|listening_comprehension,1,v5_premium_neutral
IMG_OBJECT_FEMALE_STUDENT,object_female_student,Female Student,object_scene,universal,img__object_female_student__v1.webp,1024x1024,digital_art_premium_v5_neutral,neutral light-gray gradient,"A clear visual for ""Female Student"", premium digital art illustration, clean sharp vector-inspired edges, crisp soft directional lighting, subtle depth, centered single subject, neutral light-gray gradient background, minimal clutter, professional learning-app quality, non-cartoon look, no text, no letters, no numerals, no logos, no watermark, no border, 1024x1024",language_learning|cross_language_vocabulary|reading_comprehension|listening_comprehension,1,v5_premium_neutral
IMG_OBJECT_FEW_OR_LITTLE,object_few_or_little,Few Or Little,object_scene,universal,img__object_few_or_little__v1.webp,1024x1024,digital_art_premium_v5_neutral,neutral light-gray gradient,"A clear visual for ""Few Or Little"", premium digital art illustration, clean sharp vector-inspired edges, crisp soft directional lighting, subtle depth, centered single subject, neutral light-gray gradient background, minimal clutter, professional learning-app quality, non-cartoon look, no text, no letters, no numerals, no logos, no watermark, no border, 1024x1024",language_learning|cross_language_vocabulary|reading_comprehension|listening_comprehension,1,v5_premium_neutral
IMG_OBJECT_FINALLY,object_finally,Finally,object_scene,universal,img__object_finally__v1.webp,1024x1024,digital_art_premium_v5_neutral,neutral light-gray gradient,"A clear visual for ""Finally"", premium digital art illustration, clean sharp vector-inspired edges, crisp soft directional lighting, subtle depth, centered single subject, neutral light-gray gradient background, minimal clutter, professional learning-app quality, non-cartoon look, no text, no letters, no numerals, no logos, no watermark, no border, 1024x1024",language_learning|cross_language_vocabulary|reading_comprehension|listening_comprehension,1,v5_premium_neutral
IMG_OBJECT_FIRST,object_first,First,object_scene,universal,img__object_first__v1.webp,1024x1024,digital_art_premium_v5_neutral,neutral light-gray gradient,"A clear visual for ""First"", premium digital art illustration, clean sharp vector-inspired edges, crisp soft directional lighting, subtle depth, centered single subject, neutral light-gray gradient background, minimal clutter, professional learning-app quality, non-cartoon look, no text, no letters, no numerals, no logos, no watermark, no border, 1024x1024",language_learning|cross_language_vocabulary|reading_comprehension|listening_comprehension,1,v5_premium_neutral
IMG_OBJECT_FLOOR,object_floor,Floor,object_scene,universal,img__object_floor__v1.webp,1024x1024,digital_art_premium_v5_neutral,neutral light-gray gradient,"A clear visual for ""Floor"", premium digital art illustration, clean sharp vector-inspired edges, crisp soft directional lighting, subtle depth, centered single subject, neutral light-gray gradient background, minimal clutter, professional learning-app quality, non-cartoon look, no text, no letters, no numerals, no logos, no watermark, no border, 1024x1024",language_learning|cross_language_vocabulary|reading_comprehension|listening_comprehension,1,v5_premium_neutral
IMG_OBJECT_FLOWER,object_flower,Flower,object_scene,universal,img__object_flower__v1.webp,1024x1024,digital_art_premium_v5_neutral,neutral light-gray gradient,"A clear visual for ""Flower"", premium digital art illustration, clean sharp vector-inspired edges, crisp soft directional lighting, subtle depth, centered single subject, neutral light-gray gradient background, minimal clutter, professional learning-app quality, non-cartoon look, no text, no letters, no numerals, no logos, no watermark, no border, 1024x1024",language_learning|cross_language_vocabulary|reading_comprehension|listening_comprehension,1,v5_premium_neutral
IMG_OBJECT_FOREIGN_LANGUAGE,object_foreign_language,Foreign Language,object_scene,universal,img__object_foreign_language__v1.webp,1024x1024,digital_art_premium_v5_neutral,neutral light-gray gradient,"A clear visual for ""Foreign Language"", premium digital art illustration, clean sharp vector-inspired edges, crisp soft directional lighting, subtle depth, centered single subject, neutral light-gray gradient background, minimal clutter, professional learning-app quality, non-cartoon look, no text, no letters, no numerals, no logos, no watermark, no border, 1024x1024",language_learning|cross_language_vocabulary|reading_comprehension|listening_comprehension,1,v5_premium_neutral
IMG_OBJECT_FRIEND,object_friend,Friend,object_scene,universal,img__object_friend__v1.webp,1024x1024,digital_art_premium_v5_neutral,neutral light-gray gradient,"A clear visual for ""Friend"", premium digital art illustration, clean sharp vector-inspired edges, crisp soft directional lighting, subtle depth, centered single subject, neutral light-gray gradient background, minimal clutter, professional learning-app quality, non-cartoon look, no text, no letters, no numerals, no logos, no watermark, no border, 1024x1024",language_learning|cross_language_vocabulary|reading_comprehension|listening_comprehension,1,v5_premium_neutral
IMG_OBJECT_FROM,object_from,From,object_scene,universal,img__object_from__v1.webp,1024x1024,digital_art_premium_v5_neutral,neutral light-gray gradient,"A clear visual for ""From"", premium digital art illustration, clean sharp vector-inspired edges, crisp soft directional lighting, subtle depth, centered single subject, neutral light-gray gradient background, minimal clutter, professional learning-app quality, non-cartoon look, no text, no letters, no numerals, no logos, no watermark, no border, 1024x1024",language_learning|cross_language_vocabulary|reading_comprehension|listening_comprehension,1,v5_premium_neutral
IMG_OBJECT_FRONT,object_front,Front,object_scene,universal,img__object_front__v1.webp,1024x1024,digital_art_premium_v5_neutral,neutral light-gray gradient,"A clear visual for ""Front"", premium digital art illustration, clean sharp vector-inspired edges, crisp soft directional lighting, subtle depth, centered single subject, neutral light-gray gradient background, minimal clutter, professional learning-app quality, non-cartoon look, no text, no letters, no numerals, no logos, no watermark, no border, 1024x1024",language_learning|cross_language_vocabulary|reading_comprehension|listening_comprehension,1,v5_premium_neutral
IMG_OBJECT_FRUIT,object_fruit,Fruit,object_scene,universal,img__object_fruit__v1.webp,1024x1024,digital_art_premium_v5_neutral,neutral light-gray gradient,"A clear visual for ""Fruit"", premium digital art illustration, clean sharp vector-inspired edges, crisp soft directional lighting, subtle depth, centered single subject, neutral light-gray gradient background, minimal clutter, professional learning-app quality, non-cartoon look, no text, no letters, no numerals, no logos, no watermark, no border, 1024x1024",language_learning|cross_language_vocabulary|reading_comprehension|listening_comprehension,1,v5_premium_neutral
IMG_OBJECT_FUN,object_fun,Fun,object_scene,universal,img__object_fun__v1.webp,1024x1024,digital_art_premium_v5_neutral,neutral light-gray gradient,"A clear visual for ""Fun"", premium digital art illustration, clean sharp vector-inspired edges, crisp soft directional lighting, subtle depth, centered single subject, neutral light-gray gradient background, minimal clutter, professional learning-app quality, non-cartoon look, no text, no letters, no numerals, no logos, no watermark, no border, 1024x1024",language_learning|cross_language_vocabulary|reading_comprehension|listening_comprehension,1,v5_premium_neutral
IMG_OBJECT_GET_OFF_THE_VEHICLE,object_get_off_the_vehicle,Get Off The Vehicle,object_scene,universal,img__object_get_off_the_vehicle__v1.webp,1024x1024,digital_art_premium_v5_neutral,neutral light-gray gradient,"A clear visual for ""Get Off The Vehicle"", premium digital art illustration, clean sharp vector-inspired edges, crisp soft directional lighting, subtle depth, centered single subject, neutral light-gray gradient background, minimal clutter, professional learning-app quality, non-cartoon look, no text, no letters, no numerals, no logos, no watermark, no border, 1024x1024",language_learning|cross_language_vocabulary|reading_comprehension|listening_comprehension,1,v5_premium_neutral
IMG_OBJECT_GET_ON_THE_BUS,object_get_on_the_bus,Get On The Bus,object_scene,universal,img__object_get_on_the_bus__v1.webp,1024x1024,digital_art_premium_v5_neutral,neutral light-gray gradient,"A clear visual for ""Get On The Bus"", premium digital art illustration, clean sharp vector-inspired edges, crisp soft directional lighting, subtle depth, centered single subject, neutral light-gray gradient background, minimal clutter, professional learning-app quality, non-cartoon look, no text, no letters, no numerals, no logos, no watermark, no border, 1024x1024",language_learning|cross_language_vocabulary|reading_comprehension|listening_comprehension,1,v5_premium_neutral
IMG_OBJECT_GET_UP_FROM_BED,object_get_up_from_bed,Get Up From Bed,object_scene,universal,img__object_get_up_from_bed__v1.webp,1024x1024,digital_art_premium_v5_neutral,neutral light-gray gradient,"A clear visual for ""Get Up From Bed"", premium digital art illustration, clean sharp vector-inspired edges, crisp soft directional lighting, subtle depth, centered single subject, neutral light-gray gradient background, minimal clutter, professional learning-app quality, non-cartoon look, no text, no letters, no numerals, no logos, no watermark, no border, 1024x1024",language_learning|cross_language_vocabulary|reading_comprehension|listening_comprehension,1,v5_premium_neutral
IMG_OBJECT_GIRL,object_girl,Girl,object_scene,universal,img__object_girl__v1.webp,1024x1024,digital_art_premium_v5_neutral,neutral light-gray gradient,"A clear visual for ""Girl"", premium digital art illustration, clean sharp vector-inspired edges, crisp soft directional lighting, subtle depth, centered single subject, neutral light-gray gradient background, minimal clutter, professional learning-app quality, non-cartoon look, no text, no letters, no numerals, no logos, no watermark, no border, 1024x1024",language_learning|cross_language_vocabulary|reading_comprehension|listening_comprehension,1,v5_premium_neutral
IMG_OBJECT_GIRLFRIEND,object_girlfriend,Girlfriend,object_scene,universal,img__object_girlfriend__v1.webp,1024x1024,digital_art_premium_v5_neutral,neutral light-gray gradient,"A clear visual for ""Girlfriend"", premium digital art illustration, clean sharp vector-inspired edges, crisp soft directional lighting, subtle depth, centered single subject, neutral light-gray gradient background, minimal clutter, professional learning-app quality, non-cartoon look, no text, no letters, no numerals, no logos, no watermark, no border, 1024x1024",language_learning|cross_language_vocabulary|reading_comprehension|listening_comprehension,1,v5_premium_neutral
IMG_OBJECT_GLAD,object_glad,Glad,object_scene,universal,img__object_glad__v1.webp,1024x1024,digital_art_premium_v5_neutral,neutral light-gray gradient,"A clear visual for ""Glad"", premium digital art illustration, clean sharp vector-inspired edges, crisp soft directional lighting, subtle depth, centered single subject, neutral light-gray gradient background, minimal clutter, professional learning-app quality, non-cartoon look, no text, no letters, no numerals, no logos, no watermark, no border, 1024x1024",language_learning|cross_language_vocabulary|reading_comprehension|listening_comprehension,1,v5_premium_neutral
IMG_OBJECT_GLASS,object_glass,Glass,object_scene,universal,img__object_glass__v1.webp,1024x1024,digital_art_premium_v5_neutral,neutral light-gray gradient,"A clear visual for ""Glass"", premium digital art illustration, clean sharp vector-inspired edges, crisp soft directional lighting, subtle depth, centered single subject, neutral light-gray gradient background, minimal clutter, professional learning-app quality, non-cartoon look, no text, no letters, no numerals, no logos, no watermark, no border, 1024x1024",language_learning|cross_language_vocabulary|reading_comprehension|listening_comprehension,1,v5_premium_neutral
IMG_OBJECT_GOING_TO_WORK,object_going_to_work,Going To Work,object_scene,universal,img__object_going_to_work__v1.webp,1024x1024,digital_art_premium_v5_neutral,neutral light-gray gradient,"A clear visual for ""Going To Work"", premium digital art illustration, clean sharp vector-inspired edges, crisp soft directional lighting, subtle depth, centered single subject, neutral light-gray gradient background, minimal clutter, professional learning-app quality, non-cartoon look, no text, no letters, no numerals, no logos, no watermark, no border, 1024x1024",language_learning|cross_language_vocabulary|reading_comprehension|listening_comprehension,1,v5_premium_neutral
IMG_OBJECT_GOOD,object_good,Good,object_scene,universal,img__object_good__v1.webp,1024x1024,digital_art_premium_v5_neutral,neutral light-gray gradient,"A clear visual for ""Good"", premium digital art illustration, clean sharp vector-inspired edges, crisp soft directional lighting, subtle depth, centered single subject, neutral light-gray gradient background, minimal clutter, professional learning-app quality, non-cartoon look, no text, no letters, no numerals, no logos, no watermark, no border, 1024x1024",language_learning|cross_language_vocabulary|reading_comprehension|listening_comprehension,1,v5_premium_neutral
IMG_OBJECT_GOODBYE,object_goodbye,Goodbye,object_scene,universal,img__object_goodbye__v1.webp,1024x1024,digital_art_premium_v5_neutral,neutral light-gray gradient,"A clear visual for ""Goodbye"", premium digital art illustration, clean sharp vector-inspired edges, crisp soft directional lighting, subtle depth, centered single subject, neutral light-gray gradient background, minimal clutter, professional learning-app quality, non-cartoon look, no text, no letters, no numerals, no logos, no watermark, no border, 1024x1024",language_learning|cross_language_vocabulary|reading_comprehension|listening_comprehension,1,v5_premium_neutral
IMG_OBJECT_GOOD_LOOKING,object_good_looking,Good-Looking,object_scene,universal,img__object_good_looking__v1.webp,1024x1024,digital_art_premium_v5_neutral,neutral light-gray gradient,"A clear visual for ""Good-Looking"", premium digital art illustration, clean sharp vector-inspired edges, crisp soft directional lighting, subtle depth, centered single subject, neutral light-gray gradient background, minimal clutter, professional learning-app quality, non-cartoon look, no text, no letters, no numerals, no logos, no watermark, no border, 1024x1024",language_learning|cross_language_vocabulary|reading_comprehension|listening_comprehension,1,v5_premium_neutral
IMG_OBJECT_GO_BACK,object_go_back,Go Back,object_scene,universal,img__object_go_back__v1.webp,1024x1024,digital_art_premium_v5_neutral,neutral light-gray gradient,"A clear visual for ""Go Back"", premium digital art illustration, clean sharp vector-inspired edges, crisp soft directional lighting, subtle depth, centered single subject, neutral light-gray gradient background, minimal clutter, professional learning-app quality, non-cartoon look, no text, no letters, no numerals, no logos, no watermark, no border, 1024x1024",language_learning|cross_language_vocabulary|reading_comprehension|listening_comprehension,1,v5_premium_neutral
IMG_OBJECT_GO_ONLINE,object_go_online,Go Online,object_scene,universal,img__object_go_online__v1.webp,1024x1024,digital_art_premium_v5_neutral,neutral light-gray gradient,"A clear visual for ""Go Online"", premium digital art illustration, clean sharp vector-inspired edges, crisp soft directional lighting, subtle depth, centered single subject, neutral light-gray gradient background, minimal clutter, professional learning-app quality, non-cartoon look, no text, no letters, no numerals, no logos, no watermark, no border, 1024x1024",language_learning|cross_language_vocabulary|reading_comprehension|listening_comprehension,1,v5_premium_neutral
IMG_OBJECT_GO_OUT,object_go_out,Go Out,object_scene,universal,img__object_go_out__v1.webp,1024x1024,digital_art_premium_v5_neutral,neutral light-gray gradient,"A clear visual for ""Go Out"", premium digital art illustration, clean sharp vector-inspired edges, crisp soft directional lighting, subtle depth, centered single subject, neutral light-gray gradient background, minimal clutter, professional learning-app quality, non-cartoon look, no text, no letters, no numerals, no logos, no watermark, no border, 1024x1024",language_learning|cross_language_vocabulary|reading_comprehension|listening_comprehension,1,v5_premium_neutral
IMG_OBJECT_GRANDFATHER,object_grandfather,Grandfather,object_scene,universal,img__object_grandfather__v1.webp,1024x1024,digital_art_premium_v5_neutral,neutral light-gray gradient,"A clear visual for ""Grandfather"", premium digital art illustration, clean sharp vector-inspired edges, crisp soft directional lighting, subtle depth, centered single subject, neutral light-gray gradient background, minimal clutter, professional learning-app quality, non-cartoon look, no text, no letters, no numerals, no logos, no watermark, no border, 1024x1024",language_learning|cross_language_vocabulary|reading_comprehension|listening_comprehension,1,v5_premium_neutral
IMG_OBJECT_HAIR_OR_FUR,object_hair_or_fur,Hair Or Fur,object_scene,universal,img__object_hair_or_fur__v1.webp,1024x1024,digital_art_premium_v5_neutral,neutral light-gray gradient,"A clear visual for ""Hair Or Fur"", premium digital art illustration, clean sharp vector-inspired edges, crisp soft directional lighting, subtle depth, centered single subject, neutral light-gray gradient background, minimal clutter, professional learning-app quality, non-cartoon look, no text, no letters, no numerals, no logos, no watermark, no border, 1024x1024",language_learning|cross_language_vocabulary|reading_comprehension|listening_comprehension,1,v5_premium_neutral
IMG_OBJECT_HALF_A_DAY,object_half_a_day,Half A Day,object_scene,universal,img__object_half_a_day__v1.webp,1024x1024,digital_art_premium_v5_neutral,neutral light-gray gradient,"A clear visual for ""Half A Day"", premium digital art illustration, clean sharp vector-inspired edges, crisp soft directional lighting, subtle depth, centered single subject, neutral light-gray gradient background, minimal clutter, professional learning-app quality, non-cartoon look, no text, no letters, no numerals, no logos, no watermark, no border, 1024x1024",language_learning|cross_language_vocabulary|reading_comprehension|listening_comprehension,1,v5_premium_neutral
IMG_OBJECT_HALF_A_YEAR,object_half_a_year,Half A Year,object_scene,universal,img__object_half_a_year__v1.webp,1024x1024,digital_art_premium_v5_neutral,neutral light-gray gradient,"A clear visual for ""Half A Year"", premium digital art illustration, clean sharp vector-inspired edges, crisp soft directional lighting, subtle depth, centered single subject, neutral light-gray gradient background, minimal clutter, professional learning-app quality, non-cartoon look, no text, no letters, no numerals, no logos, no watermark, no border, 1024x1024",language_learning|cross_language_vocabulary|reading_comprehension|listening_comprehension,1,v5_premium_neutral
IMG_OBJECT_HAND,object_hand,Hand,object_scene,universal,img__object_hand__v1.webp,1024x1024,digital_art_premium_v5_neutral,neutral light-gray gradient,"A clear visual for ""Hand"", premium digital art illustration, clean sharp vector-inspired edges, crisp soft directional lighting, subtle depth, centered single subject, neutral light-gray gradient background, minimal clutter, professional learning-app quality, non-cartoon look, no text, no letters, no numerals, no logos, no watermark, no border, 1024x1024",language_learning|cross_language_vocabulary|reading_comprehension|listening_comprehension,1,v5_premium_neutral
IMG_OBJECT_HAVING_A_MEAL,object_having_a_meal,Having A Meal,object_scene,universal,img__object_having_a_meal__v1.webp,1024x1024,digital_art_premium_v5_neutral,neutral light-gray gradient,"A clear visual for ""Having A Meal"", premium digital art illustration, clean sharp vector-inspired edges, crisp soft directional lighting, subtle depth, centered single subject, neutral light-gray gradient background, minimal clutter, professional learning-app quality, non-cartoon look, no text, no letters, no numerals, no logos, no watermark, no border, 1024x1024",language_learning|cross_language_vocabulary|reading_comprehension|listening_comprehension,1,v5_premium_neutral
IMG_OBJECT_HE,object_he,He,object_scene,universal,img__object_he__v1.webp,1024x1024,digital_art_premium_v5_neutral,neutral light-gray gradient,"A clear visual for ""He"", premium digital art illustration, clean sharp vector-inspired edges, crisp soft directional lighting, subtle depth, centered single subject, neutral light-gray gradient background, minimal clutter, professional learning-app quality, non-cartoon look, no text, no letters, no numerals, no logos, no watermark, no border, 1024x1024",language_learning|cross_language_vocabulary|reading_comprehension|listening_comprehension,1,v5_premium_neutral
IMG_OBJECT_HEAVY,object_heavy,Heavy,object_scene,universal,img__object_heavy__v1.webp,1024x1024,digital_art_premium_v5_neutral,neutral light-gray gradient,"A clear visual for ""Heavy"", premium digital art illustration, clean sharp vector-inspired edges, crisp soft directional lighting, subtle depth, centered single subject, neutral light-gray gradient background, minimal clutter, professional learning-app quality, non-cartoon look, no text, no letters, no numerals, no logos, no watermark, no border, 1024x1024",language_learning|cross_language_vocabulary|reading_comprehension|listening_comprehension,1,v5_premium_neutral
IMG_OBJECT_HER,object_her,Her,object_scene,universal,img__object_her__v1.webp,1024x1024,digital_art_premium_v5_neutral,neutral light-gray gradient,"A clear visual for ""Her"", premium digital art illustration, clean sharp vector-inspired edges, crisp soft directional lighting, subtle depth, centered single subject, neutral light-gray gradient background, minimal clutter, professional learning-app quality, non-cartoon look, no text, no letters, no numerals, no logos, no watermark, no border, 1024x1024",language_learning|cross_language_vocabulary|reading_comprehension|listening_comprehension,1,v5_premium_neutral
IMG_OBJECT_HERE,object_here,Here,object_scene,universal,img__object_here__v1.webp,1024x1024,digital_art_premium_v5_neutral,neutral light-gray gradient,"A clear visual for ""Here"", premium digital art illustration, clean sharp vector-inspired edges, crisp soft directional lighting, subtle depth, centered single subject, neutral light-gray gradient background, minimal clutter, professional learning-app quality, non-cartoon look, no text, no letters, no numerals, no logos, no watermark, no border, 1024x1024",language_learning|cross_language_vocabulary|reading_comprehension|listening_comprehension,2,v5_premium_neutral
IMG_OBJECT_HIM,object_him,Him,object_scene,universal,img__object_him__v1.webp,1024x1024,digital_art_premium_v5_neutral,neutral light-gray gradient,"A clear visual for ""Him"", premium digital art illustration, clean sharp vector-inspired edges, crisp soft directional lighting, subtle depth, centered single subject, neutral light-gray gradient background, minimal clutter, professional learning-app quality, non-cartoon look, no text, no letters, no numerals, no logos, no watermark, no border, 1024x1024",language_learning|cross_language_vocabulary|reading_comprehension|listening_comprehension,1,v5_premium_neutral
IMG_OBJECT_HOBBY,object_hobby,Hobby,object_scene,universal,img__object_hobby__v1.webp,1024x1024,digital_art_premium_v5_neutral,neutral light-gray gradient,"A clear visual for ""Hobby"", premium digital art illustration, clean sharp vector-inspired edges, crisp soft directional lighting, subtle depth, centered single subject, neutral light-gray gradient background, minimal clutter, professional learning-app quality, non-cartoon look, no text, no letters, no numerals, no logos, no watermark, no border, 1024x1024",language_learning|cross_language_vocabulary|reading_comprehension|listening_comprehension,1,v5_premium_neutral
IMG_OBJECT_HOLD_A_MEETING,object_hold_a_meeting,Hold A Meeting,object_scene,universal,img__object_hold_a_meeting__v1.webp,1024x1024,digital_art_premium_v5_neutral,neutral light-gray gradient,"A clear visual for ""Hold A Meeting"", premium digital art illustration, clean sharp vector-inspired edges, crisp soft directional lighting, subtle depth, centered single subject, neutral light-gray gradient background, minimal clutter, professional learning-app quality, non-cartoon look, no text, no letters, no numerals, no logos, no watermark, no border, 1024x1024",language_learning|cross_language_vocabulary|reading_comprehension|listening_comprehension,1,v5_premium_neutral
IMG_OBJECT_HOT,object_hot,Hot,object_scene,universal,img__object_hot__v1.webp,1024x1024,digital_art_premium_v5_neutral,neutral light-gray gradient,"A clear visual for ""Hot"", premium digital art illustration, clean sharp vector-inspired edges, crisp soft directional lighting, subtle depth, centered single subject, neutral light-gray gradient background, minimal clutter, professional learning-app quality, non-cartoon look, no text, no letters, no numerals, no logos, no watermark, no border, 1024x1024",language_learning|cross_language_vocabulary|reading_comprehension|listening_comprehension,1,v5_premium_neutral
IMG_OBJECT_HOUR,object_hour,Hour,object_scene,universal,img__object_hour__v1.webp,1024x1024,digital_art_premium_v5_neutral,neutral light-gray gradient,"A clear visual for ""Hour"", premium digital art illustration, clean sharp vector-inspired edges, crisp soft directional lighting, subtle depth, centered single subject, neutral light-gray gradient background, minimal clutter, professional learning-app quality, non-cartoon look, no text, no letters, no numerals, no logos, no watermark, no border, 1024x1024",language_learning|cross_language_vocabulary|reading_comprehension|listening_comprehension,1,v5_premium_neutral
IMG_OBJECT_HOW,object_how,How,object_scene,universal,img__object_how__v1.webp,1024x1024,digital_art_premium_v5_neutral,neutral light-gray gradient,"A clear visual for ""How"", premium digital art illustration, clean sharp vector-inspired edges, crisp soft directional lighting, subtle depth, centered single subject, neutral light-gray gradient background, minimal clutter, professional learning-app quality, non-cartoon look, no text, no letters, no numerals, no logos, no watermark, no border, 1024x1024",language_learning|cross_language_vocabulary|reading_comprehension|listening_comprehension,2,v5_premium_neutral
IMG_OBJECT_HUNGRY,object_hungry,Hungry,object_scene,universal,img__object_hungry__v1.webp,1024x1024,digital_art_premium_v5_neutral,neutral light-gray gradient,"A clear visual for ""Hungry"", premium digital art illustration, clean sharp vector-inspired edges, crisp soft directional lighting, subtle depth, centered single subject, neutral light-gray gradient background, minimal clutter, professional learning-app quality, non-cartoon look, no text, no letters, no numerals, no logos, no watermark, no border, 1024x1024",language_learning|cross_language_vocabulary|reading_comprehension|listening_comprehension,1,v5_premium_neutral
IMG_OBJECT_HUSBAND,object_husband,Husband,object_scene,universal,img__object_husband__v1.webp,1024x1024,digital_art_premium_v5_neutral,neutral light-gray gradient,"A clear visual for ""Husband"", premium digital art illustration, clean sharp vector-inspired edges, crisp soft directional lighting, subtle depth, centered single subject, neutral light-gray gradient background, minimal clutter, professional learning-app quality, non-cartoon look, no text, no letters, no numerals, no logos, no watermark, no border, 1024x1024",language_learning|cross_language_vocabulary|reading_comprehension|listening_comprehension,1,v5_premium_neutral
IMG_OBJECT_I,object_i,I,object_scene,universal,img__object_i__v1.webp,1024x1024,digital_art_premium_v5_neutral,neutral light-gray gradient,"A clear visual for ""I"", premium digital art illustration, clean sharp vector-inspired edges, crisp soft directional lighting, subtle depth, centered single subject, neutral light-gray gradient background, minimal clutter, professional learning-app quality, non-cartoon look, no text, no letters, no numerals, no logos, no watermark, no border, 1024x1024",language_learning|cross_language_vocabulary|reading_comprehension|listening_comprehension,1,v5_premium_neutral
IMG_OBJECT_ILLNESS,object_illness,Illness,object_scene,universal,img__object_illness__v1.webp,1024x1024,digital_art_premium_v5_neutral,neutral light-gray gradient,"A clear visual for ""Illness"", premium digital art illustration, clean sharp vector-inspired edges, crisp soft directional lighting, subtle depth, centered single subject, neutral light-gray gradient background, minimal clutter, professional learning-app quality, non-cartoon look, no text, no letters, no numerals, no logos, no watermark, no border, 1024x1024",language_learning|cross_language_vocabulary|reading_comprehension|listening_comprehension,1,v5_premium_neutral
IMG_OBJECT_IMMEDIATELY,object_immediately,Immediately,object_scene,universal,img__object_immediately__v1.webp,1024x1024,digital_art_premium_v5_neutral,neutral light-gray gradient,"A clear visual for ""Immediately"", premium digital art illustration, clean sharp vector-inspired edges, crisp soft directional lighting, subtle depth, centered single subject, neutral light-gray gradient background, minimal clutter, professional learning-app quality, non-cartoon look, no text, no letters, no numerals, no logos, no watermark, no border, 1024x1024",language_learning|cross_language_vocabulary|reading_comprehension|listening_comprehension,1,v5_premium_neutral
IMG_OBJECT_IMPORTANT,object_important,Important,object_scene,universal,img__object_important__v1.webp,1024x1024,digital_art_premium_v5_neutral,neutral light-gray gradient,"A clear visual for ""Important"", premium digital art illustration, clean sharp vector-inspired edges, crisp soft directional lighting, subtle depth, centered single subject, neutral light-gray gradient background, minimal clutter, professional learning-app quality, non-cartoon look, no text, no letters, no numerals, no logos, no watermark, no border, 1024x1024",language_learning|cross_language_vocabulary|reading_comprehension|listening_comprehension,1,v5_premium_neutral
IMG_OBJECT_IN,object_in,In,object_scene,universal,img__object_in__v1.webp,1024x1024,digital_art_premium_v5_neutral,neutral light-gray gradient,"A clear visual for ""In"", premium digital art illustration, clean sharp vector-inspired edges, crisp soft directional lighting, subtle depth, centered single subject, neutral light-gray gradient background, minimal clutter, professional learning-app quality, non-cartoon look, no text, no letters, no numerals, no logos, no watermark, no border, 1024x1024",language_learning|cross_language_vocabulary|reading_comprehension|listening_comprehension,1,v5_premium_neutral
IMG_OBJECT_INDICATES_ONGOING_ACTION,object_indicates_ongoing_action,Indicates Ongoing Action,object_scene,universal,img__object_indicates_ongoing_action__v1.webp,1024x1024,digital_art_premium_v5_neutral,neutral light-gray gradient,"A clear visual for ""Indicates Ongoing Action"", premium digital art illustration, clean sharp vector-inspired edges, crisp soft directional lighting, subtle depth, centered single subject, neutral light-gray gradient background, minimal clutter, professional learning-app quality, non-cartoon look, no text, no letters, no numerals, no logos, no watermark, no border, 1024x1024",language_learning|cross_language_vocabulary|reading_comprehension|listening_comprehension,1,v5_premium_neutral
IMG_OBJECT_INSIDE,object_inside,Inside,object_scene,universal,img__object_inside__v1.webp,1024x1024,digital_art_premium_v5_neutral,neutral light-gray gradient,"A clear visual for ""Inside"", premium digital art illustration, clean sharp vector-inspired edges, crisp soft directional lighting, subtle depth, centered single subject, neutral light-gray gradient background, minimal clutter, professional learning-app quality, non-cartoon look, no text, no letters, no numerals, no logos, no watermark, no border, 1024x1024",language_learning|cross_language_vocabulary|reading_comprehension|listening_comprehension,2,v5_premium_neutral
IMG_OBJECT_INTERSECTION,object_intersection,Intersection,object_scene,universal,img__object_intersection__v1.webp,1024x1024,digital_art_premium_v5_neutral,neutral light-gray gradient,"A clear visual for ""Intersection"", premium digital art illustration, clean sharp vector-inspired edges, crisp soft directional lighting, subtle depth, centered single subject, neutral light-gray gradient background, minimal clutter, professional learning-app quality, non-cartoon look, no text, no letters, no numerals, no logos, no watermark, no border, 1024x1024",language_learning|cross_language_vocabulary|reading_comprehension|listening_comprehension,1,v5_premium_neutral
IMG_OBJECT_INTRODUCTION,object_introduction,Introduction,object_scene,universal,img__object_introduction__v1.webp,1024x1024,digital_art_premium_v5_neutral,neutral light-gray gradient,"A clear visual for ""Introduction"", premium digital art illustration, clean sharp vector-inspired edges, crisp soft directional lighting, subtle depth, centered single subject, neutral light-gray gradient background, minimal clutter, professional learning-app quality, non-cartoon look, no text, no letters, no numerals, no logos, no watermark, no border, 1024x1024",language_learning|cross_language_vocabulary|reading_comprehension|listening_comprehension,1,v5_premium_neutral
IMG_OBJECT_INVITE,object_invite,Invite,object_scene,universal,img__object_invite__v1.webp,1024x1024,digital_art_premium_v5_neutral,neutral light-gray gradient,"A clear visual for ""Invite"", premium digital art illustration, clean sharp vector-inspired edges, crisp soft directional lighting, subtle depth, centered single subject, neutral light-gray gradient background, minimal clutter, professional learning-app quality, non-cartoon look, no text, no letters, no numerals, no logos, no watermark, no border, 1024x1024",language_learning|cross_language_vocabulary|reading_comprehension|listening_comprehension,1,v5_premium_neutral
IMG_OBJECT_IN_FRONT,object_in_front,In Front,object_scene,universal,img__object_in_front__v1.webp,1024x1024,digital_art_premium_v5_neutral,neutral light-gray gradient,"A clear visual for ""In Front"", premium digital art illustration, clean sharp vector-inspired edges, crisp soft directional lighting, subtle depth, centered single subject, neutral light-gray gradient background, minimal clutter, professional learning-app quality, non-cartoon look, no text, no letters, no numerals, no logos, no watermark, no border, 1024x1024",language_learning|cross_language_vocabulary|reading_comprehension|listening_comprehension,1,v5_premium_neutral
IMG_OBJECT_IN_THE_PROCESS_OF,object_in_the_process_of,In The Process Of,object_scene,universal,img__object_in_the_process_of__v1.webp,1024x1024,digital_art_premium_v5_neutral,neutral light-gray gradient,"A clear visual for ""In The Process Of"", premium digital art illustration, clean sharp vector-inspired edges, crisp soft directional lighting, subtle depth, centered single subject, neutral light-gray gradient background, minimal clutter, professional learning-app quality, non-cartoon look, no text, no letters, no numerals, no logos, no watermark, no border, 1024x1024",language_learning|cross_language_vocabulary|reading_comprehension|listening_comprehension,1,v5_premium_neutral
IMG_OBJECT_IS_IT_OR_NOT,object_is_it_or_not,Is It Or Not,object_scene,universal,img__object_is_it_or_not__v1.webp,1024x1024,digital_art_premium_v5_neutral,neutral light-gray gradient,"A clear visual for ""Is It Or Not"", premium digital art illustration, clean sharp vector-inspired edges, crisp soft directional lighting, subtle depth, centered single subject, neutral light-gray gradient background, minimal clutter, professional learning-app quality, non-cartoon look, no text, no letters, no numerals, no logos, no watermark, no border, 1024x1024",language_learning|cross_language_vocabulary|reading_comprehension|listening_comprehension,1,v5_premium_neutral
IMG_OBJECT_IT_S_NOTHING,object_it_s_nothing,It'S Nothing,object_scene,universal,img__object_it_s_nothing__v1.webp,1024x1024,digital_art_premium_v5_neutral,neutral light-gray gradient,"A clear visual for ""It'S Nothing"", premium digital art illustration, clean sharp vector-inspired edges, crisp soft directional lighting, subtle depth, centered single subject, neutral light-gray gradient background, minimal clutter, professional learning-app quality, non-cartoon look, no text, no letters, no numerals, no logos, no watermark, no border, 1024x1024",language_learning|cross_language_vocabulary|reading_comprehension|listening_comprehension,1,v5_premium_neutral
IMG_OBJECT_IT_S_OKAY,object_it_s_okay,It'S Okay,object_scene,universal,img__object_it_s_okay__v1.webp,1024x1024,digital_art_premium_v5_neutral,neutral light-gray gradient,"A clear visual for ""It'S Okay"", premium digital art illustration, clean sharp vector-inspired edges, crisp soft directional lighting, subtle depth, centered single subject, neutral light-gray gradient background, minimal clutter, professional learning-app quality, non-cartoon look, no text, no letters, no numerals, no logos, no watermark, no border, 1024x1024",language_learning|cross_language_vocabulary|reading_comprehension|listening_comprehension,1,v5_premium_neutral
IMG_OBJECT_I_M_SORRY,object_i_m_sorry,I'M Sorry,object_scene,universal,img__object_i_m_sorry__v1.webp,1024x1024,digital_art_premium_v5_neutral,neutral light-gray gradient,"A clear visual for ""I'M Sorry"", premium digital art illustration, clean sharp vector-inspired edges, crisp soft directional lighting, subtle depth, centered single subject, neutral light-gray gradient background, minimal clutter, professional learning-app quality, non-cartoon look, no text, no letters, no numerals, no logos, no watermark, no border, 1024x1024",language_learning|cross_language_vocabulary|reading_comprehension|listening_comprehension,1,v5_premium_neutral
IMG_OBJECT_JOB,object_job,Job,object_scene,universal,img__object_job__v1.webp,1024x1024,digital_art_premium_v5_neutral,neutral light-gray gradient,"A clear visual for ""Job"", premium digital art illustration, clean sharp vector-inspired edges, crisp soft directional lighting, subtle depth, centered single subject, neutral light-gray gradient background, minimal clutter, professional learning-app quality, non-cartoon look, no text, no letters, no numerals, no logos, no watermark, no border, 1024x1024",language_learning|cross_language_vocabulary|reading_comprehension|listening_comprehension,1,v5_premium_neutral
IMG_OBJECT_JUST,object_just,Just,object_scene,universal,img__object_just__v1.webp,1024x1024,digital_art_premium_v5_neutral,neutral light-gray gradient,"A clear visual for ""Just"", premium digital art illustration, clean sharp vector-inspired edges, crisp soft directional lighting, subtle depth, centered single subject, neutral light-gray gradient background, minimal clutter, professional learning-app quality, non-cartoon look, no text, no letters, no numerals, no logos, no watermark, no border, 1024x1024",language_learning|cross_language_vocabulary|reading_comprehension|listening_comprehension,1,v5_premium_neutral
IMG_OBJECT_KNOWLEDGE,object_knowledge,Knowledge,object_scene,universal,img__object_knowledge__v1.webp,1024x1024,digital_art_premium_v5_neutral,neutral light-gray gradient,"A clear visual for ""Knowledge"", premium digital art illustration, clean sharp vector-inspired edges, crisp soft directional lighting, subtle depth, centered single subject, neutral light-gray gradient background, minimal clutter, professional learning-app quality, non-cartoon look, no text, no letters, no numerals, no logos, no watermark, no border, 1024x1024",language_learning|cross_language_vocabulary|reading_comprehension|listening_comprehension,1,v5_premium_neutral
IMG_OBJECT_LACK,object_lack,Lack,object_scene,universal,img__object_lack__v1.webp,1024x1024,digital_art_premium_v5_neutral,neutral light-gray gradient,"A clear visual for ""Lack"", premium digital art illustration, clean sharp vector-inspired edges, crisp soft directional lighting, subtle depth, centered single subject, neutral light-gray gradient background, minimal clutter, professional learning-app quality, non-cartoon look, no text, no letters, no numerals, no logos, no watermark, no border, 1024x1024",language_learning|cross_language_vocabulary|reading_comprehension|listening_comprehension,1,v5_premium_neutral
IMG_OBJECT_LAST,object_last,Last,object_scene,universal,img__object_last__v1.webp,1024x1024,digital_art_premium_v5_neutral,neutral light-gray gradient,"A clear visual for ""Last"", premium digital art illustration, clean sharp vector-inspired edges, crisp soft directional lighting, subtle depth, centered single subject, neutral light-gray gradient background, minimal clutter, professional learning-app quality, non-cartoon look, no text, no letters, no numerals, no logos, no watermark, no border, 1024x1024",language_learning|cross_language_vocabulary|reading_comprehension|listening_comprehension,1,v5_premium_neutral
IMG_OBJECT_LAST_TIME,object_last_time,Last Time,object_scene,universal,img__object_last_time__v1.webp,1024x1024,digital_art_premium_v5_neutral,neutral light-gray gradient,"A clear visual for ""Last Time"", premium digital art illustration, clean sharp vector-inspired edges, crisp soft directional lighting, subtle depth, centered single subject, neutral light-gray gradient background, minimal clutter, professional learning-app quality, non-cartoon look, no text, no letters, no numerals, no logos, no watermark, no border, 1024x1024",language_learning|cross_language_vocabulary|reading_comprehension|listening_comprehension,1,v5_premium_neutral
IMG_OBJECT_LAST_YEAR,object_last_year,Last Year,object_scene,universal,img__object_last_year__v1.webp,1024x1024,digital_art_premium_v5_neutral,neutral light-gray gradient,"A clear visual for ""Last Year"", premium digital art illustration, clean sharp vector-inspired edges, crisp soft directional lighting, subtle depth, centered single subject, neutral light-gray gradient background, minimal clutter, professional learning-app quality, non-cartoon look, no text, no letters, no numerals, no logos, no watermark, no border, 1024x1024",language_learning|cross_language_vocabulary|reading_comprehension|listening_comprehension,1,v5_premium_neutral
IMG_OBJECT_LEFT,object_left,Left,object_scene,universal,img__object_left__v1.webp,1024x1024,digital_art_premium_v5_neutral,neutral light-gray gradient,"A clear visual for ""Left"", premium digital art illustration, clean sharp vector-inspired edges, crisp soft directional lighting, subtle depth, centered single subject, neutral light-gray gradient background, minimal clutter, professional learning-app quality, non-cartoon look, no text, no letters, no numerals, no logos, no watermark, no border, 1024x1024",language_learning|cross_language_vocabulary|reading_comprehension|listening_comprehension,1,v5_premium_neutral
IMG_OBJECT_LEFT_SIDE,object_left_side,Left Side,object_scene,universal,img__object_left_side__v1.webp,1024x1024,digital_art_premium_v5_neutral,neutral light-gray gradient,"A clear visual for ""Left Side"", premium digital art illustration, clean sharp vector-inspired edges, crisp soft directional lighting, subtle depth, centered single subject, neutral light-gray gradient background, minimal clutter, professional learning-app quality, non-cartoon look, no text, no letters, no numerals, no logos, no watermark, no border, 1024x1024",language_learning|cross_language_vocabulary|reading_comprehension|listening_comprehension,1,v5_premium_neutral
IMG_OBJECT_LIBRARY,object_library,Library,object_scene,universal,img__object_library__v1.webp,1024x1024,digital_art_premium_v5_neutral,neutral light-gray gradient,"A clear visual for ""Library"", premium digital art illustration, clean sharp vector-inspired edges, crisp soft directional lighting, subtle depth, centered single subject, neutral light-gray gradient background, minimal clutter, professional learning-app quality, non-cartoon look, no text, no letters, no numerals, no logos, no watermark, no border, 1024x1024",language_learning|cross_language_vocabulary|reading_comprehension|listening_comprehension,1,v5_premium_neutral
IMG_OBJECT_LITTLE,object_little,Little,object_scene,universal,img__object_little__v1.webp,1024x1024,digital_art_premium_v5_neutral,neutral light-gray gradient,"A clear visual for ""Little"", premium digital art illustration, clean sharp vector-inspired edges, crisp soft directional lighting, subtle depth, centered single subject, neutral light-gray gradient background, minimal clutter, professional learning-app quality, non-cartoon look, no text, no letters, no numerals, no logos, no watermark, no border, 1024x1024",language_learning|cross_language_vocabulary|reading_comprehension|listening_comprehension,2,v5_premium_neutral
IMG_OBJECT_LITTLE_FRIEND,object_little_friend,Little Friend,object_scene,universal,img__object_little_friend__v1.webp,1024x1024,digital_art_premium_v5_neutral,neutral light-gray gradient,"A clear visual for ""Little Friend"", premium digital art illustration, clean sharp vector-inspired edges, crisp soft directional lighting, subtle depth, centered single subject, neutral light-gray gradient background, minimal clutter, professional learning-app quality, non-cartoon look, no text, no letters, no numerals, no logos, no watermark, no border, 1024x1024",language_learning|cross_language_vocabulary|reading_comprehension|listening_comprehension,1,v5_premium_neutral
IMG_OBJECT_LOCATION,object_location,Location,object_scene,universal,img__object_location__v1.webp,1024x1024,digital_art_premium_v5_neutral,neutral light-gray gradient,"A clear visual for ""Location"", premium digital art illustration, clean sharp vector-inspired edges, crisp soft directional lighting, subtle depth, centered single subject, neutral light-gray gradient background, minimal clutter, professional learning-app quality, non-cartoon look, no text, no letters, no numerals, no logos, no watermark, no border, 1024x1024",language_learning|cross_language_vocabulary|reading_comprehension|listening_comprehension,1,v5_premium_neutral
IMG_OBJECT_LUNCH,object_lunch,Lunch,object_scene,universal,img__object_lunch__v1.webp,1024x1024,digital_art_premium_v5_neutral,neutral light-gray gradient,"A clear visual for ""Lunch"", premium digital art illustration, clean sharp vector-inspired edges, crisp soft directional lighting, subtle depth, centered single subject, neutral light-gray gradient background, minimal clutter, professional learning-app quality, non-cartoon look, no text, no letters, no numerals, no logos, no watermark, no border, 1024x1024",language_learning|cross_language_vocabulary|reading_comprehension|listening_comprehension,1,v5_premium_neutral
IMG_OBJECT_MALE,object_male,Male,object_scene,universal,img__object_male__v1.webp,1024x1024,digital_art_premium_v5_neutral,neutral light-gray gradient,"A clear visual for ""Male"", premium digital art illustration, clean sharp vector-inspired edges, crisp soft directional lighting, subtle depth, centered single subject, neutral light-gray gradient background, minimal clutter, professional learning-app quality, non-cartoon look, no text, no letters, no numerals, no logos, no watermark, no border, 1024x1024",language_learning|cross_language_vocabulary|reading_comprehension|listening_comprehension,1,v5_premium_neutral
IMG_OBJECT_MAN,object_man,Man,object_scene,universal,img__object_man__v1.webp,1024x1024,digital_art_premium_v5_neutral,neutral light-gray gradient,"A clear visual for ""Man"", premium digital art illustration, clean sharp vector-inspired edges, crisp soft directional lighting, subtle depth, centered single subject, neutral light-gray gradient background, minimal clutter, professional learning-app quality, non-cartoon look, no text, no letters, no numerals, no logos, no watermark, no border, 1024x1024",language_learning|cross_language_vocabulary|reading_comprehension|listening_comprehension,1,v5_premium_neutral
IMG_OBJECT_MANY,object_many,Many,object_scene,universal,img__object_many__v1.webp,1024x1024,digital_art_premium_v5_neutral,neutral light-gray gradient,"A clear visual for ""Many"", premium digital art illustration, clean sharp vector-inspired edges, crisp soft directional lighting, subtle depth, centered single subject, neutral light-gray gradient background, minimal clutter, professional learning-app quality, non-cartoon look, no text, no letters, no numerals, no logos, no watermark, no border, 1024x1024",language_learning|cross_language_vocabulary|reading_comprehension|listening_comprehension,1,v5_premium_neutral
IMG_OBJECT_MAP,object_map,Map,object_scene,universal,img__object_map__v1.webp,1024x1024,digital_art_premium_v5_neutral,neutral light-gray gradient,"A clear visual for ""Map"", premium digital art illustration, clean sharp vector-inspired edges, crisp soft directional lighting, subtle depth, centered single subject, neutral light-gray gradient background, minimal clutter, professional learning-app quality, non-cartoon look, no text, no letters, no numerals, no logos, no watermark, no border, 1024x1024",language_learning|cross_language_vocabulary|reading_comprehension|listening_comprehension,1,v5_premium_neutral
IMG_OBJECT_MATTER_OR_AFFAIR,object_matter_or_affair,Matter Or Affair,object_scene,universal,img__object_matter_or_affair__v1.webp,1024x1024,digital_art_premium_v5_neutral,neutral light-gray gradient,"A clear visual for ""Matter Or Affair"", premium digital art illustration, clean sharp vector-inspired edges, crisp soft directional lighting, subtle depth, centered single subject, neutral light-gray gradient background, minimal clutter, professional learning-app quality, non-cartoon look, no text, no letters, no numerals, no logos, no watermark, no border, 1024x1024",language_learning|cross_language_vocabulary|reading_comprehension|listening_comprehension,1,v5_premium_neutral
IMG_OBJECT_MAY_I_ASK,object_may_i_ask,May I Ask,object_scene,universal,img__object_may_i_ask__v1.webp,1024x1024,digital_art_premium_v5_neutral,neutral light-gray gradient,"A clear visual for ""May I Ask"", premium digital art illustration, clean sharp vector-inspired edges, crisp soft directional lighting, subtle depth, centered single subject, neutral light-gray gradient background, minimal clutter, professional learning-app quality, non-cartoon look, no text, no letters, no numerals, no logos, no watermark, no border, 1024x1024",language_learning|cross_language_vocabulary|reading_comprehension|listening_comprehension,1,v5_premium_neutral
IMG_OBJECT_ME,object_me,Me,object_scene,universal,img__object_me__v1.webp,1024x1024,digital_art_premium_v5_neutral,neutral light-gray gradient,"A clear visual for ""Me"", premium digital art illustration, clean sharp vector-inspired edges, crisp soft directional lighting, subtle depth, centered single subject, neutral light-gray gradient background, minimal clutter, professional learning-app quality, non-cartoon look, no text, no letters, no numerals, no logos, no watermark, no border, 1024x1024",language_learning|cross_language_vocabulary|reading_comprehension|listening_comprehension,1,v5_premium_neutral
IMG_OBJECT_MEAL,object_meal,Meal,object_scene,universal,img__object_meal__v1.webp,1024x1024,digital_art_premium_v5_neutral,neutral light-gray gradient,"A clear visual for ""Meal"", premium digital art illustration, clean sharp vector-inspired edges, crisp soft directional lighting, subtle depth, centered single subject, neutral light-gray gradient background, minimal clutter, professional learning-app quality, non-cartoon look, no text, no letters, no numerals, no logos, no watermark, no border, 1024x1024",language_learning|cross_language_vocabulary|reading_comprehension|listening_comprehension,1,v5_premium_neutral
IMG_OBJECT_MEAT,object_meat,Meat,object_scene,universal,img__object_meat__v1.webp,1024x1024,digital_art_premium_v5_neutral,neutral light-gray gradient,"A clear visual for ""Meat"", premium digital art illustration, clean sharp vector-inspired edges, crisp soft directional lighting, subtle depth, centered single subject, neutral light-gray gradient background, minimal clutter, professional learning-app quality, non-cartoon look, no text, no letters, no numerals, no logos, no watermark, no border, 1024x1024",language_learning|cross_language_vocabulary|reading_comprehension|listening_comprehension,1,v5_premium_neutral
IMG_OBJECT_MEET_EACH_OTHER,object_meet_each_other,Meet Each Other,object_scene,universal,img__object_meet_each_other__v1.webp,1024x1024,digital_art_premium_v5_neutral,neutral light-gray gradient,"A clear visual for ""Meet Each Other"", premium digital art illustration, clean sharp vector-inspired edges, crisp soft directional lighting, subtle depth, centered single subject, neutral light-gray gradient background, minimal clutter, professional learning-app quality, non-cartoon look, no text, no letters, no numerals, no logos, no watermark, no border, 1024x1024",language_learning|cross_language_vocabulary|reading_comprehension|listening_comprehension,1,v5_premium_neutral
IMG_OBJECT_MIDDLE,object_middle,Middle,object_scene,universal,img__object_middle__v1.webp,1024x1024,digital_art_premium_v5_neutral,neutral light-gray gradient,"A clear visual for ""Middle"", premium digital art illustration, clean sharp vector-inspired edges, crisp soft directional lighting, subtle depth, centered single subject, neutral light-gray gradient background, minimal clutter, professional learning-app quality, non-cartoon look, no text, no letters, no numerals, no logos, no watermark, no border, 1024x1024",language_learning|cross_language_vocabulary|reading_comprehension|listening_comprehension,2,v5_premium_neutral
IMG_OBJECT_MILK,object_milk,Milk,object_scene,universal,img__object_milk__v1.webp,1024x1024,digital_art_premium_v5_neutral,neutral light-gray gradient,"A clear visual for ""Milk"", premium digital art illustration, clean sharp vector-inspired edges, crisp soft directional lighting, subtle depth, centered single subject, neutral light-gray gradient background, minimal clutter, professional learning-app quality, non-cartoon look, no text, no letters, no numerals, no logos, no watermark, no border, 1024x1024",language_learning|cross_language_vocabulary|reading_comprehension|listening_comprehension,2,v5_premium_neutral
IMG_OBJECT_MINUTE,object_minute,Minute,object_scene,universal,img__object_minute__v1.webp,1024x1024,digital_art_premium_v5_neutral,neutral light-gray gradient,"A clear visual for ""Minute"", premium digital art illustration, clean sharp vector-inspired edges, crisp soft directional lighting, subtle depth, centered single subject, neutral light-gray gradient background, minimal clutter, professional learning-app quality, non-cartoon look, no text, no letters, no numerals, no logos, no watermark, no border, 1024x1024",language_learning|cross_language_vocabulary|reading_comprehension|listening_comprehension,1,v5_premium_neutral
IMG_OBJECT_MISS,object_miss,Miss,object_scene,universal,img__object_miss__v1.webp,1024x1024,digital_art_premium_v5_neutral,neutral light-gray gradient,"A clear visual for ""Miss"", premium digital art illustration, clean sharp vector-inspired edges, crisp soft directional lighting, subtle depth, centered single subject, neutral light-gray gradient background, minimal clutter, professional learning-app quality, non-cartoon look, no text, no letters, no numerals, no logos, no watermark, no border, 1024x1024",language_learning|cross_language_vocabulary|reading_comprehension|listening_comprehension,1,v5_premium_neutral
IMG_OBJECT_MOBILE_PHONE,object_mobile_phone,Mobile Phone,object_scene,universal,img__object_mobile_phone__v1.webp,1024x1024,digital_art_premium_v5_neutral,neutral light-gray gradient,"A clear visual for ""Mobile Phone"", premium digital art illustration, clean sharp vector-inspired edges, crisp soft directional lighting, subtle depth, centered single subject, neutral light-gray gradient background, minimal clutter, professional learning-app quality, non-cartoon look, no text, no letters, no numerals, no logos, no watermark, no border, 1024x1024",language_learning|cross_language_vocabulary|reading_comprehension|listening_comprehension,1,v5_premium_neutral
IMG_OBJECT_MOMENT,object_moment,Moment,object_scene,universal,img__object_moment__v1.webp,1024x1024,digital_art_premium_v5_neutral,neutral light-gray gradient,"A clear visual for ""Moment"", premium digital art illustration, clean sharp vector-inspired edges, crisp soft directional lighting, subtle depth, centered single subject, neutral light-gray gradient background, minimal clutter, professional learning-app quality, non-cartoon look, no text, no letters, no numerals, no logos, no watermark, no border, 1024x1024",language_learning|cross_language_vocabulary|reading_comprehension|listening_comprehension,1,v5_premium_neutral
IMG_OBJECT_MONEY,object_money,Money,object_scene,universal,img__object_money__v1.webp,1024x1024,digital_art_premium_v5_neutral,neutral light-gray gradient,"A clear visual for ""Money"", premium digital art illustration, clean sharp vector-inspired edges, crisp soft directional lighting, subtle depth, centered single subject, neutral light-gray gradient background, minimal clutter, professional learning-app quality, non-cartoon look, no text, no letters, no numerals, no logos, no watermark, no border, 1024x1024",language_learning|cross_language_vocabulary|reading_comprehension|listening_comprehension,1,v5_premium_neutral
IMG_OBJECT_MONTH,object_month,Month,object_scene,universal,img__object_month__v1.webp,1024x1024,digital_art_premium_v5_neutral,neutral light-gray gradient,"A clear visual for ""Month"", premium digital art illustration, clean sharp vector-inspired edges, crisp soft directional lighting, subtle depth, centered single subject, neutral light-gray gradient background, minimal clutter, professional learning-app quality, non-cartoon look, no text, no letters, no numerals, no logos, no watermark, no border, 1024x1024",language_learning|cross_language_vocabulary|reading_comprehension|listening_comprehension,1,v5_premium_neutral
IMG_OBJECT_MOON,object_moon,Moon,object_scene,universal,img__object_moon__v1.webp,1024x1024,digital_art_premium_v5_neutral,neutral light-gray gradient,"A clear visual for ""Moon"", premium digital art illustration, clean sharp vector-inspired edges, crisp soft directional lighting, subtle depth, centered single subject, neutral light-gray gradient background, minimal clutter, professional learning-app quality, non-cartoon look, no text, no letters, no numerals, no logos, no watermark, no border, 1024x1024",language_learning|cross_language_vocabulary|reading_comprehension|listening_comprehension,1,v5_premium_neutral
IMG_OBJECT_MORNING,object_morning,Morning,object_scene,universal,img__object_morning__v1.webp,1024x1024,digital_art_premium_v5_neutral,neutral light-gray gradient,"A clear visual for ""Morning"", premium digital art illustration, clean sharp vector-inspired edges, crisp soft directional lighting, subtle depth, centered single subject, neutral light-gray gradient background, minimal clutter, professional learning-app quality, non-cartoon look, no text, no letters, no numerals, no logos, no watermark, no border, 1024x1024",language_learning|cross_language_vocabulary|reading_comprehension|listening_comprehension,2,v5_premium_neutral
IMG_OBJECT_MOST,object_most,Most,object_scene,universal,img__object_most__v1.webp,1024x1024,digital_art_premium_v5_neutral,neutral light-gray gradient,"A clear visual for ""Most"", premium digital art illustration, clean sharp vector-inspired edges, crisp soft directional lighting, subtle depth, centered single subject, neutral light-gray gradient background, minimal clutter, professional learning-app quality, non-cartoon look, no text, no letters, no numerals, no logos, no watermark, no border, 1024x1024",language_learning|cross_language_vocabulary|reading_comprehension|listening_comprehension,1,v5_premium_neutral
IMG_OBJECT_MOTHER,object_mother,Mother,object_scene,universal,img__object_mother__v1.webp,1024x1024,digital_art_premium_v5_neutral,neutral light-gray gradient,"A clear visual for ""Mother"", premium digital art illustration, clean sharp vector-inspired edges, crisp soft directional lighting, subtle depth, centered single subject, neutral light-gray gradient background, minimal clutter, professional learning-app quality, non-cartoon look, no text, no letters, no numerals, no logos, no watermark, no border, 1024x1024",language_learning|cross_language_vocabulary|reading_comprehension|listening_comprehension,2,v5_premium_neutral
IMG_OBJECT_MOUNTAIN,object_mountain,Mountain,object_scene,universal,img__object_mountain__v1.webp,1024x1024,digital_art_premium_v5_neutral,neutral light-gray gradient,"A clear visual for ""Mountain"", premium digital art illustration, clean sharp vector-inspired edges, crisp soft directional lighting, subtle depth, centered single subject, neutral light-gray gradient background, minimal clutter, professional learning-app quality, non-cartoon look, no text, no letters, no numerals, no logos, no watermark, no border, 1024x1024",language_learning|cross_language_vocabulary|reading_comprehension|listening_comprehension,1,v5_premium_neutral
IMG_OBJECT_MOUTH,object_mouth,Mouth,object_scene,universal,img__object_mouth__v1.webp,1024x1024,digital_art_premium_v5_neutral,neutral light-gray gradient,"A clear visual for ""Mouth"", premium digital art illustration, clean sharp vector-inspired edges, crisp soft directional lighting, subtle depth, centered single subject, neutral light-gray gradient background, minimal clutter, professional learning-app quality, non-cartoon look, no text, no letters, no numerals, no logos, no watermark, no border, 1024x1024",language_learning|cross_language_vocabulary|reading_comprehension|listening_comprehension,1,v5_premium_neutral
IMG_OBJECT_MOVIE,object_movie,Movie,object_scene,universal,img__object_movie__v1.webp,1024x1024,digital_art_premium_v5_neutral,neutral light-gray gradient,"A clear visual for ""Movie"", premium digital art illustration, clean sharp vector-inspired edges, crisp soft directional lighting, subtle depth, centered single subject, neutral light-gray gradient background, minimal clutter, professional learning-app quality, non-cartoon look, no text, no letters, no numerals, no logos, no watermark, no border, 1024x1024",language_learning|cross_language_vocabulary|reading_comprehension|listening_comprehension,1,v5_premium_neutral
IMG_OBJECT_MOVIE_THEATER,object_movie_theater,Movie Theater,object_scene,universal,img__object_movie_theater__v1.webp,1024x1024,digital_art_premium_v5_neutral,neutral light-gray gradient,"A clear visual for ""Movie Theater"", premium digital art illustration, clean sharp vector-inspired edges, crisp soft directional lighting, subtle depth, centered single subject, neutral light-gray gradient background, minimal clutter, professional learning-app quality, non-cartoon look, no text, no letters, no numerals, no logos, no watermark, no border, 1024x1024",language_learning|cross_language_vocabulary|reading_comprehension|listening_comprehension,1,v5_premium_neutral
IMG_OBJECT_MR,object_mr,Mr,object_scene,universal,img__object_mr__v1.webp,1024x1024,digital_art_premium_v5_neutral,neutral light-gray gradient,"A clear visual for ""Mr"", premium digital art illustration, clean sharp vector-inspired edges, crisp soft directional lighting, subtle depth, centered single subject, neutral light-gray gradient background, minimal clutter, professional learning-app quality, non-cartoon look, no text, no letters, no numerals, no logos, no watermark, no border, 1024x1024",language_learning|cross_language_vocabulary|reading_comprehension|listening_comprehension,1,v5_premium_neutral
IMG_OBJECT_MUCH,object_much,Much,object_scene,universal,img__object_much__v1.webp,1024x1024,digital_art_premium_v5_neutral,neutral light-gray gradient,"A clear visual for ""Much"", premium digital art illustration, clean sharp vector-inspired edges, crisp soft directional lighting, subtle depth, centered single subject, neutral light-gray gradient background, minimal clutter, professional learning-app quality, non-cartoon look, no text, no letters, no numerals, no logos, no watermark, no border, 1024x1024",language_learning|cross_language_vocabulary|reading_comprehension|listening_comprehension,1,v5_premium_neutral
IMG_OBJECT_NAME,object_name,Name,object_scene,universal,img__object_name__v1.webp,1024x1024,digital_art_premium_v5_neutral,neutral light-gray gradient,"A clear visual for ""Name"", premium digital art illustration, clean sharp vector-inspired edges, crisp soft directional lighting, subtle depth, centered single subject, neutral light-gray gradient background, minimal clutter, professional learning-app quality, non-cartoon look, no text, no letters, no numerals, no logos, no watermark, no border, 1024x1024",language_learning|cross_language_vocabulary|reading_comprehension|listening_comprehension,1,v5_premium_neutral
IMG_OBJECT_NATION,object_nation,Nation,object_scene,universal,img__object_nation__v1.webp,1024x1024,digital_art_premium_v5_neutral,neutral light-gray gradient,"A clear visual for ""Nation"", premium digital art illustration, clean sharp vector-inspired edges, crisp soft directional lighting, subtle depth, centered single subject, neutral light-gray gradient background, minimal clutter, professional learning-app quality, non-cartoon look, no text, no letters, no numerals, no logos, no watermark, no border, 1024x1024",language_learning|cross_language_vocabulary|reading_comprehension|listening_comprehension,1,v5_premium_neutral
IMG_OBJECT_NEW,object_new,New,object_scene,universal,img__object_new__v1.webp,1024x1024,digital_art_premium_v5_neutral,neutral light-gray gradient,"A clear visual for ""New"", premium digital art illustration, clean sharp vector-inspired edges, crisp soft directional lighting, subtle depth, centered single subject, neutral light-gray gradient background, minimal clutter, professional learning-app quality, non-cartoon look, no text, no letters, no numerals, no logos, no watermark, no border, 1024x1024",language_learning|cross_language_vocabulary|reading_comprehension|listening_comprehension,1,v5_premium_neutral
IMG_OBJECT_NEW_YEAR,object_new_year,New Year,object_scene,universal,img__object_new_year__v1.webp,1024x1024,digital_art_premium_v5_neutral,neutral light-gray gradient,"A clear visual for ""New Year"", premium digital art illustration, clean sharp vector-inspired edges, crisp soft directional lighting, subtle depth, centered single subject, neutral light-gray gradient background, minimal clutter, professional learning-app quality, non-cartoon look, no text, no letters, no numerals, no logos, no watermark, no border, 1024x1024",language_learning|cross_language_vocabulary|reading_comprehension|listening_comprehension,1,v5_premium_neutral
IMG_OBJECT_NEXT_TIME,object_next_time,Next Time,object_scene,universal,img__object_next_time__v1.webp,1024x1024,digital_art_premium_v5_neutral,neutral light-gray gradient,"A clear visual for ""Next Time"", premium digital art illustration, clean sharp vector-inspired edges, crisp soft directional lighting, subtle depth, centered single subject, neutral light-gray gradient background, minimal clutter, professional learning-app quality, non-cartoon look, no text, no letters, no numerals, no logos, no watermark, no border, 1024x1024",language_learning|cross_language_vocabulary|reading_comprehension|listening_comprehension,1,v5_premium_neutral
IMG_OBJECT_NEXT_YEAR,object_next_year,Next Year,object_scene,universal,img__object_next_year__v1.webp,1024x1024,digital_art_premium_v5_neutral,neutral light-gray gradient,"A clear visual for ""Next Year"", premium digital art illustration, clean sharp vector-inspired edges, crisp soft directional lighting, subtle depth, centered single subject, neutral light-gray gradient background, minimal clutter, professional learning-app quality, non-cartoon look, no text, no letters, no numerals, no logos, no watermark, no border, 1024x1024",language_learning|cross_language_vocabulary|reading_comprehension|listening_comprehension,1,v5_premium_neutral
IMG_OBJECT_NOODLES,object_noodles,Noodles,object_scene,universal,img__object_noodles__v1.webp,1024x1024,digital_art_premium_v5_neutral,neutral light-gray gradient,"A clear visual for ""Noodles"", premium digital art illustration, clean sharp vector-inspired edges, crisp soft directional lighting, subtle depth, centered single subject, neutral light-gray gradient background, minimal clutter, professional learning-app quality, non-cartoon look, no text, no letters, no numerals, no logos, no watermark, no border, 1024x1024",language_learning|cross_language_vocabulary|reading_comprehension|listening_comprehension,1,v5_premium_neutral
IMG_OBJECT_NOON,object_noon,Noon,object_scene,universal,img__object_noon__v1.webp,1024x1024,digital_art_premium_v5_neutral,neutral light-gray gradient,"A clear visual for ""Noon"", premium digital art illustration, clean sharp vector-inspired edges, crisp soft directional lighting, subtle depth, centered single subject, neutral light-gray gradient background, minimal clutter, professional learning-app quality, non-cartoon look, no text, no letters, no numerals, no logos, no watermark, no border, 1024x1024",language_learning|cross_language_vocabulary|reading_comprehension|listening_comprehension,1,v5_premium_neutral
IMG_OBJECT_NORTH,object_north,North,object_scene,universal,img__object_north__v1.webp,1024x1024,digital_art_premium_v5_neutral,neutral light-gray gradient,"A clear visual for ""North"", premium digital art illustration, clean sharp vector-inspired edges, crisp soft directional lighting, subtle depth, centered single subject, neutral light-gray gradient background, minimal clutter, professional learning-app quality, non-cartoon look, no text, no letters, no numerals, no logos, no watermark, no border, 1024x1024",language_learning|cross_language_vocabulary|reading_comprehension|listening_comprehension,1,v5_premium_neutral
IMG_OBJECT_NORTH_SIDE,object_north_side,North Side,object_scene,universal,img__object_north_side__v1.webp,1024x1024,digital_art_premium_v5_neutral,neutral light-gray gradient,"A clear visual for ""North Side"", premium digital art illustration, clean sharp vector-inspired edges, crisp soft directional lighting, subtle depth, centered single subject, neutral light-gray gradient background, minimal clutter, professional learning-app quality, non-cartoon look, no text, no letters, no numerals, no logos, no watermark, no border, 1024x1024",language_learning|cross_language_vocabulary|reading_comprehension|listening_comprehension,1,v5_premium_neutral
IMG_OBJECT_NOTEBOOK,object_notebook,Notebook,object_scene,universal,img__object_notebook__v1.webp,1024x1024,digital_art_premium_v5_neutral,neutral light-gray gradient,"A clear visual for ""Notebook"", premium digital art illustration, clean sharp vector-inspired edges, crisp soft directional lighting, subtle depth, centered single subject, neutral light-gray gradient background, minimal clutter, professional learning-app quality, non-cartoon look, no text, no letters, no numerals, no logos, no watermark, no border, 1024x1024",language_learning|cross_language_vocabulary|reading_comprehension|listening_comprehension,1,v5_premium_neutral
IMG_OBJECT_NOT_BIG,object_not_big,Not Big,object_scene,universal,img__object_not_big__v1.webp,1024x1024,digital_art_premium_v5_neutral,neutral light-gray gradient,"A clear visual for ""Not Big"", premium digital art illustration, clean sharp vector-inspired edges, crisp soft directional lighting, subtle depth, centered single subject, neutral light-gray gradient background, minimal clutter, professional learning-app quality, non-cartoon look, no text, no letters, no numerals, no logos, no watermark, no border, 1024x1024",language_learning|cross_language_vocabulary|reading_comprehension|listening_comprehension,1,v5_premium_neutral
IMG_OBJECT_NOT_CORRECT,object_not_correct,Not Correct,object_scene,universal,img__object_not_correct__v1.webp,1024x1024,digital_art_premium_v5_neutral,neutral light-gray gradient,"A clear visual for ""Not Correct"", premium digital art illustration, clean sharp vector-inspired edges, crisp soft directional lighting, subtle depth, centered single subject, neutral light-gray gradient background, minimal clutter, professional learning-app quality, non-cartoon look, no text, no letters, no numerals, no logos, no watermark, no border, 1024x1024",language_learning|cross_language_vocabulary|reading_comprehension|listening_comprehension,1,v5_premium_neutral
IMG_OBJECT_NOT_HAVE,object_not_have,Not Have,object_scene,universal,img__object_not_have__v1.webp,1024x1024,digital_art_premium_v5_neutral,neutral light-gray gradient,"A clear visual for ""Not Have"", premium digital art illustration, clean sharp vector-inspired edges, crisp soft directional lighting, subtle depth, centered single subject, neutral light-gray gradient background, minimal clutter, professional learning-app quality, non-cartoon look, no text, no letters, no numerals, no logos, no watermark, no border, 1024x1024",language_learning|cross_language_vocabulary|reading_comprehension|listening_comprehension,1,v5_premium_neutral
IMG_OBJECT_NOW,object_now,Now,object_scene,universal,img__object_now__v1.webp,1024x1024,digital_art_premium_v5_neutral,neutral light-gray gradient,"A clear visual for ""Now"", premium digital art illustration, clean sharp vector-inspired edges, crisp soft directional lighting, subtle depth, centered single subject, neutral light-gray gradient background, minimal clutter, professional learning-app quality, non-cartoon look, no text, no letters, no numerals, no logos, no watermark, no border, 1024x1024",language_learning|cross_language_vocabulary|reading_comprehension|listening_comprehension,1,v5_premium_neutral
IMG_OBJECT_NO_NEED,object_no_need,No Need,object_scene,universal,img__object_no_need__v1.webp,1024x1024,digital_art_premium_v5_neutral,neutral light-gray gradient,"A clear visual for ""No Need"", premium digital art illustration, clean sharp vector-inspired edges, crisp soft directional lighting, subtle depth, centered single subject, neutral light-gray gradient background, minimal clutter, professional learning-app quality, non-cartoon look, no text, no letters, no numerals, no logos, no watermark, no border, 1024x1024",language_learning|cross_language_vocabulary|reading_comprehension|listening_comprehension,1,v5_premium_neutral
IMG_OBJECT_NO_PROBLEM,object_no_problem,No Problem,object_scene,universal,img__object_no_problem__v1.webp,1024x1024,digital_art_premium_v5_neutral,neutral light-gray gradient,"A clear visual for ""No Problem"", premium digital art illustration, clean sharp vector-inspired edges, crisp soft directional lighting, subtle depth, centered single subject, neutral light-gray gradient background, minimal clutter, professional learning-app quality, non-cartoon look, no text, no letters, no numerals, no logos, no watermark, no border, 1024x1024",language_learning|cross_language_vocabulary|reading_comprehension|listening_comprehension,1,v5_premium_neutral
IMG_OBJECT_NUMBER,object_number,Number,object_scene,universal,img__object_number__v1.webp,1024x1024,digital_art_premium_v5_neutral,neutral light-gray gradient,"A clear visual for ""Number"", premium digital art illustration, clean sharp vector-inspired edges, crisp soft directional lighting, subtle depth, centered single subject, neutral light-gray gradient background, minimal clutter, professional learning-app quality, non-cartoon look, no text, no letters, no numerals, no logos, no watermark, no border, 1024x1024",language_learning|cross_language_vocabulary|reading_comprehension|listening_comprehension,1,v5_premium_neutral
IMG_OBJECT_OFF_WORK,object_off_work,Off Work,object_scene,universal,img__object_off_work__v1.webp,1024x1024,digital_art_premium_v5_neutral,neutral light-gray gradient,"A clear visual for ""Off Work"", premium digital art illustration, clean sharp vector-inspired edges, crisp soft directional lighting, subtle depth, centered single subject, neutral light-gray gradient background, minimal clutter, professional learning-app quality, non-cartoon look, no text, no letters, no numerals, no logos, no watermark, no border, 1024x1024",language_learning|cross_language_vocabulary|reading_comprehension|listening_comprehension,1,v5_premium_neutral
IMG_OBJECT_OFTEN,object_often,Often,object_scene,universal,img__object_often__v1.webp,1024x1024,digital_art_premium_v5_neutral,neutral light-gray gradient,"A clear visual for ""Often"", premium digital art illustration, clean sharp vector-inspired edges, crisp soft directional lighting, subtle depth, centered single subject, neutral light-gray gradient background, minimal clutter, professional learning-app quality, non-cartoon look, no text, no letters, no numerals, no logos, no watermark, no border, 1024x1024",language_learning|cross_language_vocabulary|reading_comprehension|listening_comprehension,1,v5_premium_neutral
IMG_OBJECT_OLD,object_old,Old,object_scene,universal,img__object_old__v1.webp,1024x1024,digital_art_premium_v5_neutral,neutral light-gray gradient,"A clear visual for ""Old"", premium digital art illustration, clean sharp vector-inspired edges, crisp soft directional lighting, subtle depth, centered single subject, neutral light-gray gradient background, minimal clutter, professional learning-app quality, non-cartoon look, no text, no letters, no numerals, no logos, no watermark, no border, 1024x1024",language_learning|cross_language_vocabulary|reading_comprehension|listening_comprehension,1,v5_premium_neutral
IMG_OBJECT_OLDER_BROTHER,object_older_brother,Older Brother,object_scene,universal,img__object_older_brother__v1.webp,1024x1024,digital_art_premium_v5_neutral,neutral light-gray gradient,"A clear visual for ""Older Brother"", premium digital art illustration, clean sharp vector-inspired edges, crisp soft directional lighting, subtle depth, centered single subject, neutral light-gray gradient background, minimal clutter, professional learning-app quality, non-cartoon look, no text, no letters, no numerals, no logos, no watermark, no border, 1024x1024",language_learning|cross_language_vocabulary|reading_comprehension|listening_comprehension,1,v5_premium_neutral
IMG_OBJECT_OLDER_SISTER,object_older_sister,Older Sister,object_scene,universal,img__object_older_sister__v1.webp,1024x1024,digital_art_premium_v5_neutral,neutral light-gray gradient,"A clear visual for ""Older Sister"", premium digital art illustration, clean sharp vector-inspired edges, crisp soft directional lighting, subtle depth, centered single subject, neutral light-gray gradient background, minimal clutter, professional learning-app quality, non-cartoon look, no text, no letters, no numerals, no logos, no watermark, no border, 1024x1024",language_learning|cross_language_vocabulary|reading_comprehension|listening_comprehension,1,v5_premium_neutral
IMG_OBJECT_ON,object_on,On,object_scene,universal,img__object_on__v1.webp,1024x1024,digital_art_premium_v5_neutral,neutral light-gray gradient,"A clear visual for ""On"", premium digital art illustration, clean sharp vector-inspired edges, crisp soft directional lighting, subtle depth, centered single subject, neutral light-gray gradient background, minimal clutter, professional learning-app quality, non-cartoon look, no text, no letters, no numerals, no logos, no watermark, no border, 1024x1024",language_learning|cross_language_vocabulary|reading_comprehension|listening_comprehension,2,v5_premium_neutral
IMG_OBJECT_ONE_SIDE,object_one_side,One Side,object_scene,universal,img__object_one_side__v1.webp,1024x1024,digital_art_premium_v5_neutral,neutral light-gray gradient,"A clear visual for ""One Side"", premium digital art illustration, clean sharp vector-inspired edges, crisp soft directional lighting, subtle depth, centered single subject, neutral light-gray gradient background, minimal clutter, professional learning-app quality, non-cartoon look, no text, no letters, no numerals, no logos, no watermark, no border, 1024x1024",language_learning|cross_language_vocabulary|reading_comprehension|listening_comprehension,1,v5_premium_neutral
IMG_OBJECT_ONLINE,object_online,Online,object_scene,universal,img__object_online__v1.webp,1024x1024,digital_art_premium_v5_neutral,neutral light-gray gradient,"A clear visual for ""Online"", premium digital art illustration, clean sharp vector-inspired edges, crisp soft directional lighting, subtle depth, centered single subject, neutral light-gray gradient background, minimal clutter, professional learning-app quality, non-cartoon look, no text, no letters, no numerals, no logos, no watermark, no border, 1024x1024",language_learning|cross_language_vocabulary|reading_comprehension|listening_comprehension,1,v5_premium_neutral
IMG_OBJECT_ONLINE_FRIEND,object_online_friend,Online Friend,object_scene,universal,img__object_online_friend__v1.webp,1024x1024,digital_art_premium_v5_neutral,neutral light-gray gradient,"A clear visual for ""Online Friend"", premium digital art illustration, clean sharp vector-inspired edges, crisp soft directional lighting, subtle depth, centered single subject, neutral light-gray gradient background, minimal clutter, professional learning-app quality, non-cartoon look, no text, no letters, no numerals, no logos, no watermark, no border, 1024x1024",language_learning|cross_language_vocabulary|reading_comprehension|listening_comprehension,1,v5_premium_neutral
IMG_OBJECT_ON_THE_BODY,object_on_the_body,On The Body,object_scene,universal,img__object_on_the_body__v1.webp,1024x1024,digital_art_premium_v5_neutral,neutral light-gray gradient,"A clear visual for ""On The Body"", premium digital art illustration, clean sharp vector-inspired edges, crisp soft directional lighting, subtle depth, centered single subject, neutral light-gray gradient background, minimal clutter, professional learning-app quality, non-cartoon look, no text, no letters, no numerals, no logos, no watermark, no border, 1024x1024",language_learning|cross_language_vocabulary|reading_comprehension|listening_comprehension,1,v5_premium_neutral
IMG_OBJECT_ON_THE_GROUND,object_on_the_ground,On The Ground,object_scene,universal,img__object_on_the_ground__v1.webp,1024x1024,digital_art_premium_v5_neutral,neutral light-gray gradient,"A clear visual for ""On The Ground"", premium digital art illustration, clean sharp vector-inspired edges, crisp soft directional lighting, subtle depth, centered single subject, neutral light-gray gradient background, minimal clutter, professional learning-app quality, non-cartoon look, no text, no letters, no numerals, no logos, no watermark, no border, 1024x1024",language_learning|cross_language_vocabulary|reading_comprehension|listening_comprehension,1,v5_premium_neutral
IMG_OBJECT_ON_THE_VEHICLE,object_on_the_vehicle,On The Vehicle,object_scene,universal,img__object_on_the_vehicle__v1.webp,1024x1024,digital_art_premium_v5_neutral,neutral light-gray gradient,"A clear visual for ""On The Vehicle"", premium digital art illustration, clean sharp vector-inspired edges, crisp soft directional lighting, subtle depth, centered single subject, neutral light-gray gradient background, minimal clutter, professional learning-app quality, non-cartoon look, no text, no letters, no numerals, no logos, no watermark, no border, 1024x1024",language_learning|cross_language_vocabulary|reading_comprehension|listening_comprehension,1,v5_premium_neutral
IMG_OBJECT_OPEN,object_open,Open,object_scene,universal,img__object_open__v1.webp,1024x1024,digital_art_premium_v5_neutral,neutral light-gray gradient,"A clear visual for ""Open"", premium digital art illustration, clean sharp vector-inspired edges, crisp soft directional lighting, subtle depth, centered single subject, neutral light-gray gradient background, minimal clutter, professional learning-app quality, non-cartoon look, no text, no letters, no numerals, no logos, no watermark, no border, 1024x1024",language_learning|cross_language_vocabulary|reading_comprehension|listening_comprehension,1,v5_premium_neutral
IMG_OBJECT_OR,object_or,Or,object_scene,universal,img__object_or__v1.webp,1024x1024,digital_art_premium_v5_neutral,neutral light-gray gradient,"A clear visual for ""Or"", premium digital art illustration, clean sharp vector-inspired edges, crisp soft directional lighting, subtle depth, centered single subject, neutral light-gray gradient background, minimal clutter, professional learning-app quality, non-cartoon look, no text, no letters, no numerals, no logos, no watermark, no border, 1024x1024",language_learning|cross_language_vocabulary|reading_comprehension|listening_comprehension,1,v5_premium_neutral
IMG_OBJECT_ORDINAL_PREFIX,object_ordinal_prefix,Ordinal Prefix,object_scene,universal,img__object_ordinal_prefix__v1.webp,1024x1024,digital_art_premium_v5_neutral,neutral light-gray gradient,"A clear visual for ""Ordinal Prefix"", premium digital art illustration, clean sharp vector-inspired edges, crisp soft directional lighting, subtle depth, centered single subject, neutral light-gray gradient background, minimal clutter, professional learning-app quality, non-cartoon look, no text, no letters, no numerals, no logos, no watermark, no border, 1024x1024",language_learning|cross_language_vocabulary|reading_comprehension|listening_comprehension,1,v5_premium_neutral
IMG_OBJECT_OTHER,object_other,Other,object_scene,universal,img__object_other__v1.webp,1024x1024,digital_art_premium_v5_neutral,neutral light-gray gradient,"A clear visual for ""Other"", premium digital art illustration, clean sharp vector-inspired edges, crisp soft directional lighting, subtle depth, centered single subject, neutral light-gray gradient background, minimal clutter, professional learning-app quality, non-cartoon look, no text, no letters, no numerals, no logos, no watermark, no border, 1024x1024",language_learning|cross_language_vocabulary|reading_comprehension|listening_comprehension,1,v5_premium_neutral
IMG_OBJECT_OTHER_PEOPLE,object_other_people,Other People,object_scene,universal,img__object_other_people__v1.webp,1024x1024,digital_art_premium_v5_neutral,neutral light-gray gradient,"A clear visual for ""Other People"", premium digital art illustration, clean sharp vector-inspired edges, crisp soft directional lighting, subtle depth, centered single subject, neutral light-gray gradient background, minimal clutter, professional learning-app quality, non-cartoon look, no text, no letters, no numerals, no logos, no watermark, no border, 1024x1024",language_learning|cross_language_vocabulary|reading_comprehension|listening_comprehension,1,v5_premium_neutral
IMG_OBJECT_OUTSIDE,object_outside,Outside,object_scene,universal,img__object_outside__v1.webp,1024x1024,digital_art_premium_v5_neutral,neutral light-gray gradient,"A clear visual for ""Outside"", premium digital art illustration, clean sharp vector-inspired edges, crisp soft directional lighting, subtle depth, centered single subject, neutral light-gray gradient background, minimal clutter, professional learning-app quality, non-cartoon look, no text, no letters, no numerals, no logos, no watermark, no border, 1024x1024",language_learning|cross_language_vocabulary|reading_comprehension|listening_comprehension,2,v5_premium_neutral
IMG_OBJECT_OVER_THERE,object_over_there,Over There,object_scene,universal,img__object_over_there__v1.webp,1024x1024,digital_art_premium_v5_neutral,neutral light-gray gradient,"A clear visual for ""Over There"", premium digital art illustration, clean sharp vector-inspired edges, crisp soft directional lighting, subtle depth, centered single subject, neutral light-gray gradient background, minimal clutter, professional learning-app quality, non-cartoon look, no text, no letters, no numerals, no logos, no watermark, no border, 1024x1024",language_learning|cross_language_vocabulary|reading_comprehension|listening_comprehension,1,v5_premium_neutral
IMG_OBJECT_O_CLOCK,object_o_clock,O'Clock,object_scene,universal,img__object_o_clock__v1.webp,1024x1024,digital_art_premium_v5_neutral,neutral light-gray gradient,"A clear visual for ""O'Clock"", premium digital art illustration, clean sharp vector-inspired edges, crisp soft directional lighting, subtle depth, centered single subject, neutral light-gray gradient background, minimal clutter, professional learning-app quality, non-cartoon look, no text, no letters, no numerals, no logos, no watermark, no border, 1024x1024",language_learning|cross_language_vocabulary|reading_comprehension|listening_comprehension,1,v5_premium_neutral
IMG_OBJECT_PAGE,object_page,Page,object_scene,universal,img__object_page__v1.webp,1024x1024,digital_art_premium_v5_neutral,neutral light-gray gradient,"A clear visual for ""Page"", premium digital art illustration, clean sharp vector-inspired edges, crisp soft directional lighting, subtle depth, centered single subject, neutral light-gray gradient background, minimal clutter, professional learning-app quality, non-cartoon look, no text, no letters, no numerals, no logos, no watermark, no border, 1024x1024",language_learning|cross_language_vocabulary|reading_comprehension|listening_comprehension,1,v5_premium_neutral
IMG_OBJECT_PATERNAL_GRANDMOTHER,object_paternal_grandmother,Paternal Grandmother,object_scene,universal,img__object_paternal_grandmother__v1.webp,1024x1024,digital_art_premium_v5_neutral,neutral light-gray gradient,"A clear visual for ""Paternal Grandmother"", premium digital art illustration, clean sharp vector-inspired edges, crisp soft directional lighting, subtle depth, centered single subject, neutral light-gray gradient background, minimal clutter, professional learning-app quality, non-cartoon look, no text, no letters, no numerals, no logos, no watermark, no border, 1024x1024",language_learning|cross_language_vocabulary|reading_comprehension|listening_comprehension,1,v5_premium_neutral
IMG_OBJECT_PATIENT,object_patient,Patient,object_scene,universal,img__object_patient__v1.webp,1024x1024,digital_art_premium_v5_neutral,neutral light-gray gradient,"A clear visual for ""Patient"", premium digital art illustration, clean sharp vector-inspired edges, crisp soft directional lighting, subtle depth, centered single subject, neutral light-gray gradient background, minimal clutter, professional learning-app quality, non-cartoon look, no text, no letters, no numerals, no logos, no watermark, no border, 1024x1024",language_learning|cross_language_vocabulary|reading_comprehension|listening_comprehension,1,v5_premium_neutral
IMG_OBJECT_PEOPLE,object_people,People,object_scene,universal,img__object_people__v1.webp,1024x1024,digital_art_premium_v5_neutral,neutral light-gray gradient,"A clear visual for ""People"", premium digital art illustration, clean sharp vector-inspired edges, crisp soft directional lighting, subtle depth, centered single subject, neutral light-gray gradient background, minimal clutter, professional learning-app quality, non-cartoon look, no text, no letters, no numerals, no logos, no watermark, no border, 1024x1024",language_learning|cross_language_vocabulary|reading_comprehension|listening_comprehension,1,v5_premium_neutral
IMG_OBJECT_PERSON,object_person,Person,object_scene,universal,img__object_person__v1.webp,1024x1024,digital_art_premium_v5_neutral,neutral light-gray gradient,"A clear visual for ""Person"", premium digital art illustration, clean sharp vector-inspired edges, crisp soft directional lighting, subtle depth, centered single subject, neutral light-gray gradient background, minimal clutter, professional learning-app quality, non-cartoon look, no text, no letters, no numerals, no logos, no watermark, no border, 1024x1024",language_learning|cross_language_vocabulary|reading_comprehension|listening_comprehension,1,v5_premium_neutral
IMG_OBJECT_PIECE,object_piece,Piece,object_scene,universal,img__object_piece__v1.webp,1024x1024,digital_art_premium_v5_neutral,neutral light-gray gradient,"A clear visual for ""Piece"", premium digital art illustration, clean sharp vector-inspired edges, crisp soft directional lighting, subtle depth, centered single subject, neutral light-gray gradient background, minimal clutter, professional learning-app quality, non-cartoon look, no text, no letters, no numerals, no logos, no watermark, no border, 1024x1024",language_learning|cross_language_vocabulary|reading_comprehension|listening_comprehension,1,v5_premium_neutral
IMG_OBJECT_PLACE,object_place,Place,object_scene,universal,img__object_place__v1.webp,1024x1024,digital_art_premium_v5_neutral,neutral light-gray gradient,"A clear visual for ""Place"", premium digital art illustration, clean sharp vector-inspired edges, crisp soft directional lighting, subtle depth, centered single subject, neutral light-gray gradient background, minimal clutter, professional learning-app quality, non-cartoon look, no text, no letters, no numerals, no logos, no watermark, no border, 1024x1024",language_learning|cross_language_vocabulary|reading_comprehension|listening_comprehension,1,v5_premium_neutral
IMG_OBJECT_PLANE_TICKET,object_plane_ticket,Plane Ticket,object_scene,universal,img__object_plane_ticket__v1.webp,1024x1024,digital_art_premium_v5_neutral,neutral light-gray gradient,"A clear visual for ""Plane Ticket"", premium digital art illustration, clean sharp vector-inspired edges, crisp soft directional lighting, subtle depth, centered single subject, neutral light-gray gradient background, minimal clutter, professional learning-app quality, non-cartoon look, no text, no letters, no numerals, no logos, no watermark, no border, 1024x1024",language_learning|cross_language_vocabulary|reading_comprehension|listening_comprehension,1,v5_premium_neutral
IMG_OBJECT_PLAYING_BALL,object_playing_ball,Playing Ball,object_scene,universal,img__object_playing_ball__v1.webp,1024x1024,digital_art_premium_v5_neutral,neutral light-gray gradient,"A clear visual for ""Playing Ball"", premium digital art illustration, clean sharp vector-inspired edges, crisp soft directional lighting, subtle depth, centered single subject, neutral light-gray gradient background, minimal clutter, professional learning-app quality, non-cartoon look, no text, no letters, no numerals, no logos, no watermark, no border, 1024x1024",language_learning|cross_language_vocabulary|reading_comprehension|listening_comprehension,1,v5_premium_neutral
IMG_OBJECT_PLEASANT_TO_HEAR,object_pleasant_to_hear,Pleasant To Hear,object_scene,universal,img__object_pleasant_to_hear__v1.webp,1024x1024,digital_art_premium_v5_neutral,neutral light-gray gradient,"A clear visual for ""Pleasant To Hear"", premium digital art illustration, clean sharp vector-inspired edges, crisp soft directional lighting, subtle depth, centered single subject, neutral light-gray gradient background, minimal clutter, professional learning-app quality, non-cartoon look, no text, no letters, no numerals, no logos, no watermark, no border, 1024x1024",language_learning|cross_language_vocabulary|reading_comprehension|listening_comprehension,1,v5_premium_neutral
IMG_OBJECT_PLEASE,object_please,Please,object_scene,universal,img__object_please__v1.webp,1024x1024,digital_art_premium_v5_neutral,neutral light-gray gradient,"A clear visual for ""Please"", premium digital art illustration, clean sharp vector-inspired edges, crisp soft directional lighting, subtle depth, centered single subject, neutral light-gray gradient background, minimal clutter, professional learning-app quality, non-cartoon look, no text, no letters, no numerals, no logos, no watermark, no border, 1024x1024",language_learning|cross_language_vocabulary|reading_comprehension|listening_comprehension,1,v5_premium_neutral
IMG_OBJECT_PLEASE_COME_IN,object_please_come_in,Please Come In,object_scene,universal,img__object_please_come_in__v1.webp,1024x1024,digital_art_premium_v5_neutral,neutral light-gray gradient,"A clear visual for ""Please Come In"", premium digital art illustration, clean sharp vector-inspired edges, crisp soft directional lighting, subtle depth, centered single subject, neutral light-gray gradient background, minimal clutter, professional learning-app quality, non-cartoon look, no text, no letters, no numerals, no logos, no watermark, no border, 1024x1024",language_learning|cross_language_vocabulary|reading_comprehension|listening_comprehension,1,v5_premium_neutral
IMG_OBJECT_PLEASE_SIT,object_please_sit,Please Sit,object_scene,universal,img__object_please_sit__v1.webp,1024x1024,digital_art_premium_v5_neutral,neutral light-gray gradient,"A clear visual for ""Please Sit"", premium digital art illustration, clean sharp vector-inspired edges, crisp soft directional lighting, subtle depth, centered single subject, neutral light-gray gradient background, minimal clutter, professional learning-app quality, non-cartoon look, no text, no letters, no numerals, no logos, no watermark, no border, 1024x1024",language_learning|cross_language_vocabulary|reading_comprehension|listening_comprehension,1,v5_premium_neutral
IMG_OBJECT_POSITIVE,object_positive,Positive,object_scene,universal,img__object_positive__v1.webp,1024x1024,digital_art_premium_v5_neutral,neutral light-gray gradient,"A clear visual for ""Positive"", premium digital art illustration, clean sharp vector-inspired edges, crisp soft directional lighting, subtle depth, centered single subject, neutral light-gray gradient background, minimal clutter, professional learning-app quality, non-cartoon look, no text, no letters, no numerals, no logos, no watermark, no border, 1024x1024",language_learning|cross_language_vocabulary|reading_comprehension|listening_comprehension,1,v5_premium_neutral
IMG_OBJECT_PREPARE,object_prepare,Prepare,object_scene,universal,img__object_prepare__v1.webp,1024x1024,digital_art_premium_v5_neutral,neutral light-gray gradient,"A clear visual for ""Prepare"", premium digital art illustration, clean sharp vector-inspired edges, crisp soft directional lighting, subtle depth, centered single subject, neutral light-gray gradient background, minimal clutter, professional learning-app quality, non-cartoon look, no text, no letters, no numerals, no logos, no watermark, no border, 1024x1024",language_learning|cross_language_vocabulary|reading_comprehension|listening_comprehension,1,v5_premium_neutral
IMG_OBJECT_RAIN,object_rain,Rain,object_scene,universal,img__object_rain__v1.webp,1024x1024,digital_art_premium_v5_neutral,neutral light-gray gradient,"A clear visual for ""Rain"", premium digital art illustration, clean sharp vector-inspired edges, crisp soft directional lighting, subtle depth, centered single subject, neutral light-gray gradient background, minimal clutter, professional learning-app quality, non-cartoon look, no text, no letters, no numerals, no logos, no watermark, no border, 1024x1024",language_learning|cross_language_vocabulary|reading_comprehension|listening_comprehension,1,v5_premium_neutral
IMG_OBJECT_READING_BOOKS,object_reading_books,Reading Books,object_scene,universal,img__object_reading_books__v1.webp,1024x1024,digital_art_premium_v5_neutral,neutral light-gray gradient,"A clear visual for ""Reading Books"", premium digital art illustration, clean sharp vector-inspired edges, crisp soft directional lighting, subtle depth, centered single subject, neutral light-gray gradient background, minimal clutter, professional learning-app quality, non-cartoon look, no text, no letters, no numerals, no logos, no watermark, no border, 1024x1024",language_learning|cross_language_vocabulary|reading_comprehension|listening_comprehension,1,v5_premium_neutral
IMG_OBJECT_REALLY,object_really,Really,object_scene,universal,img__object_really__v1.webp,1024x1024,digital_art_premium_v5_neutral,neutral light-gray gradient,"A clear visual for ""Really"", premium digital art illustration, clean sharp vector-inspired edges, crisp soft directional lighting, subtle depth, centered single subject, neutral light-gray gradient background, minimal clutter, professional learning-app quality, non-cartoon look, no text, no letters, no numerals, no logos, no watermark, no border, 1024x1024",language_learning|cross_language_vocabulary|reading_comprehension|listening_comprehension,1,v5_premium_neutral
IMG_OBJECT_REQUEST_FOR_LEAVE,object_request_for_leave,Request For Leave,object_scene,universal,img__object_request_for_leave__v1.webp,1024x1024,digital_art_premium_v5_neutral,neutral light-gray gradient,"A clear visual for ""Request For Leave"", premium digital art illustration, clean sharp vector-inspired edges, crisp soft directional lighting, subtle depth, centered single subject, neutral light-gray gradient background, minimal clutter, professional learning-app quality, non-cartoon look, no text, no letters, no numerals, no logos, no watermark, no border, 1024x1024",language_learning|cross_language_vocabulary|reading_comprehension|listening_comprehension,1,v5_premium_neutral
IMG_OBJECT_REST,object_rest,Rest,object_scene,universal,img__object_rest__v1.webp,1024x1024,digital_art_premium_v5_neutral,neutral light-gray gradient,"A clear visual for ""Rest"", premium digital art illustration, clean sharp vector-inspired edges, crisp soft directional lighting, subtle depth, centered single subject, neutral light-gray gradient background, minimal clutter, professional learning-app quality, non-cartoon look, no text, no letters, no numerals, no logos, no watermark, no border, 1024x1024",language_learning|cross_language_vocabulary|reading_comprehension|listening_comprehension,1,v5_premium_neutral
IMG_OBJECT_RETURN_TO,object_return_to,Return To,object_scene,universal,img__object_return_to__v1.webp,1024x1024,digital_art_premium_v5_neutral,neutral light-gray gradient,"A clear visual for ""Return To"", premium digital art illustration, clean sharp vector-inspired edges, crisp soft directional lighting, subtle depth, centered single subject, neutral light-gray gradient background, minimal clutter, professional learning-app quality, non-cartoon look, no text, no letters, no numerals, no logos, no watermark, no border, 1024x1024",language_learning|cross_language_vocabulary|reading_comprehension|listening_comprehension,1,v5_premium_neutral
IMG_OBJECT_RIGHT,object_right,Right,object_scene,universal,img__object_right__v1.webp,1024x1024,digital_art_premium_v5_neutral,neutral light-gray gradient,"A clear visual for ""Right"", premium digital art illustration, clean sharp vector-inspired edges, crisp soft directional lighting, subtle depth, centered single subject, neutral light-gray gradient background, minimal clutter, professional learning-app quality, non-cartoon look, no text, no letters, no numerals, no logos, no watermark, no border, 1024x1024",language_learning|cross_language_vocabulary|reading_comprehension|listening_comprehension,1,v5_premium_neutral
IMG_OBJECT_RIGHT_SIDE,object_right_side,Right Side,object_scene,universal,img__object_right_side__v1.webp,1024x1024,digital_art_premium_v5_neutral,neutral light-gray gradient,"A clear visual for ""Right Side"", premium digital art illustration, clean sharp vector-inspired edges, crisp soft directional lighting, subtle depth, centered single subject, neutral light-gray gradient background, minimal clutter, professional learning-app quality, non-cartoon look, no text, no letters, no numerals, no logos, no watermark, no border, 1024x1024",language_learning|cross_language_vocabulary|reading_comprehension|listening_comprehension,1,v5_premium_neutral
IMG_OBJECT_SEE_A_DOCTOR,object_see_a_doctor,See A Doctor,object_scene,universal,img__object_see_a_doctor__v1.webp,1024x1024,digital_art_premium_v5_neutral,neutral light-gray gradient,"A clear visual for ""See A Doctor"", premium digital art illustration, clean sharp vector-inspired edges, crisp soft directional lighting, subtle depth, centered single subject, neutral light-gray gradient background, minimal clutter, professional learning-app quality, non-cartoon look, no text, no letters, no numerals, no logos, no watermark, no border, 1024x1024",language_learning|cross_language_vocabulary|reading_comprehension|listening_comprehension,1,v5_premium_neutral
IMG_OBJECT_SERIOUS,object_serious,Serious,object_scene,universal,img__object_serious__v1.webp,1024x1024,digital_art_premium_v5_neutral,neutral light-gray gradient,"A clear visual for ""Serious"", premium digital art illustration, clean sharp vector-inspired edges, crisp soft directional lighting, subtle depth, centered single subject, neutral light-gray gradient background, minimal clutter, professional learning-app quality, non-cartoon look, no text, no letters, no numerals, no logos, no watermark, no border, 1024x1024",language_learning|cross_language_vocabulary|reading_comprehension|listening_comprehension,1,v5_premium_neutral
IMG_OBJECT_SHE,object_she,She,object_scene,universal,img__object_she__v1.webp,1024x1024,digital_art_premium_v5_neutral,neutral light-gray gradient,"A clear visual for ""She"", premium digital art illustration, clean sharp vector-inspired edges, crisp soft directional lighting, subtle depth, centered single subject, neutral light-gray gradient background, minimal clutter, professional learning-app quality, non-cartoon look, no text, no letters, no numerals, no logos, no watermark, no border, 1024x1024",language_learning|cross_language_vocabulary|reading_comprehension|listening_comprehension,1,v5_premium_neutral
IMG_OBJECT_SIMULTANEOUSLY,object_simultaneously,Simultaneously,object_scene,universal,img__object_simultaneously__v1.webp,1024x1024,digital_art_premium_v5_neutral,neutral light-gray gradient,"A clear visual for ""Simultaneously"", premium digital art illustration, clean sharp vector-inspired edges, crisp soft directional lighting, subtle depth, centered single subject, neutral light-gray gradient background, minimal clutter, professional learning-app quality, non-cartoon look, no text, no letters, no numerals, no logos, no watermark, no border, 1024x1024",language_learning|cross_language_vocabulary|reading_comprehension|listening_comprehension,1,v5_premium_neutral
IMG_OBJECT_SINGING,object_singing,Singing,object_scene,universal,img__object_singing__v1.webp,1024x1024,digital_art_premium_v5_neutral,neutral light-gray gradient,"A clear visual for ""Singing"", premium digital art illustration, clean sharp vector-inspired edges, crisp soft directional lighting, subtle depth, centered single subject, neutral light-gray gradient background, minimal clutter, professional learning-app quality, non-cartoon look, no text, no letters, no numerals, no logos, no watermark, no border, 1024x1024",language_learning|cross_language_vocabulary|reading_comprehension|listening_comprehension,1,v5_premium_neutral
IMG_OBJECT_SIT_DOWN,object_sit_down,Sit Down,object_scene,universal,img__object_sit_down__v1.webp,1024x1024,digital_art_premium_v5_neutral,neutral light-gray gradient,"A clear visual for ""Sit Down"", premium digital art illustration, clean sharp vector-inspired edges, crisp soft directional lighting, subtle depth, centered single subject, neutral light-gray gradient background, minimal clutter, professional learning-app quality, non-cartoon look, no text, no letters, no numerals, no logos, no watermark, no border, 1024x1024",language_learning|cross_language_vocabulary|reading_comprehension|listening_comprehension,1,v5_premium_neutral
IMG_OBJECT_SKY,object_sky,Sky,object_scene,universal,img__object_sky__v1.webp,1024x1024,digital_art_premium_v5_neutral,neutral light-gray gradient,"A clear visual for ""Sky"", premium digital art illustration, clean sharp vector-inspired edges, crisp soft directional lighting, subtle depth, centered single subject, neutral light-gray gradient background, minimal clutter, professional learning-app quality, non-cartoon look, no text, no letters, no numerals, no logos, no watermark, no border, 1024x1024",language_learning|cross_language_vocabulary|reading_comprehension|listening_comprehension,1,v5_premium_neutral
IMG_OBJECT_SLOW,object_slow,Slow,object_scene,universal,img__object_slow__v1.webp,1024x1024,digital_art_premium_v5_neutral,neutral light-gray gradient,"A clear visual for ""Slow"", premium digital art illustration, clean sharp vector-inspired edges, crisp soft directional lighting, subtle depth, centered single subject, neutral light-gray gradient background, minimal clutter, professional learning-app quality, non-cartoon look, no text, no letters, no numerals, no logos, no watermark, no border, 1024x1024",language_learning|cross_language_vocabulary|reading_comprehension|listening_comprehension,1,v5_premium_neutral
IMG_OBJECT_SMALL,object_small,Small,object_scene,universal,img__object_small__v1.webp,1024x1024,digital_art_premium_v5_neutral,neutral light-gray gradient,"A clear visual for ""Small"", premium digital art illustration, clean sharp vector-inspired edges, crisp soft directional lighting, subtle depth, centered single subject, neutral light-gray gradient background, minimal clutter, professional learning-app quality, non-cartoon look, no text, no letters, no numerals, no logos, no watermark, no border, 1024x1024",language_learning|cross_language_vocabulary|reading_comprehension|listening_comprehension,1,v5_premium_neutral
IMG_OBJECT_SOME,object_some,Some,object_scene,universal,img__object_some__v1.webp,1024x1024,digital_art_premium_v5_neutral,neutral light-gray gradient,"A clear visual for ""Some"", premium digital art illustration, clean sharp vector-inspired edges, crisp soft directional lighting, subtle depth, centered single subject, neutral light-gray gradient background, minimal clutter, professional learning-app quality, non-cartoon look, no text, no letters, no numerals, no logos, no watermark, no border, 1024x1024",language_learning|cross_language_vocabulary|reading_comprehension|listening_comprehension,3,v5_premium_neutral
IMG_OBJECT_SOMETIMES,object_sometimes,Sometimes,object_scene,universal,img__object_sometimes__v1.webp,1024x1024,digital_art_premium_v5_neutral,neutral light-gray gradient,"A clear visual for ""Sometimes"", premium digital art illustration, clean sharp vector-inspired edges, crisp soft directional lighting, subtle depth, centered single subject, neutral light-gray gradient background, minimal clutter, professional learning-app quality, non-cartoon look, no text, no letters, no numerals, no logos, no watermark, no border, 1024x1024",language_learning|cross_language_vocabulary|reading_comprehension|listening_comprehension,1,v5_premium_neutral
IMG_OBJECT_SON,object_son,Son,object_scene,universal,img__object_son__v1.webp,1024x1024,digital_art_premium_v5_neutral,neutral light-gray gradient,"A clear visual for ""Son"", premium digital art illustration, clean sharp vector-inspired edges, crisp soft directional lighting, subtle depth, centered single subject, neutral light-gray gradient background, minimal clutter, professional learning-app quality, non-cartoon look, no text, no letters, no numerals, no logos, no watermark, no border, 1024x1024",language_learning|cross_language_vocabulary|reading_comprehension|listening_comprehension,1,v5_premium_neutral
IMG_OBJECT_SONG,object_song,Song,object_scene,universal,img__object_song__v1.webp,1024x1024,digital_art_premium_v5_neutral,neutral light-gray gradient,"A clear visual for ""Song"", premium digital art illustration, clean sharp vector-inspired edges, crisp soft directional lighting, subtle depth, centered single subject, neutral light-gray gradient background, minimal clutter, professional learning-app quality, non-cartoon look, no text, no letters, no numerals, no logos, no watermark, no border, 1024x1024",language_learning|cross_language_vocabulary|reading_comprehension|listening_comprehension,1,v5_premium_neutral
IMG_OBJECT_SOUTH,object_south,South,object_scene,universal,img__object_south__v1.webp,1024x1024,digital_art_premium_v5_neutral,neutral light-gray gradient,"A clear visual for ""South"", premium digital art illustration, clean sharp vector-inspired edges, crisp soft directional lighting, subtle depth, centered single subject, neutral light-gray gradient background, minimal clutter, professional learning-app quality, non-cartoon look, no text, no letters, no numerals, no logos, no watermark, no border, 1024x1024",language_learning|cross_language_vocabulary|reading_comprehension|listening_comprehension,1,v5_premium_neutral
IMG_OBJECT_SOUTH_SIDE,object_south_side,South Side,object_scene,universal,img__object_south_side__v1.webp,1024x1024,digital_art_premium_v5_neutral,neutral light-gray gradient,"A clear visual for ""South Side"", premium digital art illustration, clean sharp vector-inspired edges, crisp soft directional lighting, subtle depth, centered single subject, neutral light-gray gradient background, minimal clutter, professional learning-app quality, non-cartoon look, no text, no letters, no numerals, no logos, no watermark, no border, 1024x1024",language_learning|cross_language_vocabulary|reading_comprehension|listening_comprehension,1,v5_premium_neutral
IMG_OBJECT_SPEECH,object_speech,Speech,object_scene,universal,img__object_speech__v1.webp,1024x1024,digital_art_premium_v5_neutral,neutral light-gray gradient,"A clear visual for ""Speech"", premium digital art illustration, clean sharp vector-inspired edges, crisp soft directional lighting, subtle depth, centered single subject, neutral light-gray gradient background, minimal clutter, professional learning-app quality, non-cartoon look, no text, no letters, no numerals, no logos, no watermark, no border, 1024x1024",language_learning|cross_language_vocabulary|reading_comprehension|listening_comprehension,1,v5_premium_neutral
IMG_OBJECT_STEAMED_BUN,object_steamed_bun,Steamed Bun,object_scene,universal,img__object_steamed_bun__v1.webp,1024x1024,digital_art_premium_v5_neutral,neutral light-gray gradient,"A clear visual for ""Steamed Bun"", premium digital art illustration, clean sharp vector-inspired edges, crisp soft directional lighting, subtle depth, centered single subject, neutral light-gray gradient background, minimal clutter, professional learning-app quality, non-cartoon look, no text, no letters, no numerals, no logos, no watermark, no border, 1024x1024",language_learning|cross_language_vocabulary|reading_comprehension|listening_comprehension,1,v5_premium_neutral
IMG_OBJECT_STILL,object_still,Still,object_scene,universal,img__object_still__v1.webp,1024x1024,digital_art_premium_v5_neutral,neutral light-gray gradient,"A clear visual for ""Still"", premium digital art illustration, clean sharp vector-inspired edges, crisp soft directional lighting, subtle depth, centered single subject, neutral light-gray gradient background, minimal clutter, professional learning-app quality, non-cartoon look, no text, no letters, no numerals, no logos, no watermark, no border, 1024x1024",language_learning|cross_language_vocabulary|reading_comprehension|listening_comprehension,3,v5_premium_neutral
IMG_OBJECT_STRAIGHT,object_straight,Straight,object_scene,universal,img__object_straight__v1.webp,1024x1024,digital_art_premium_v5_neutral,neutral light-gray gradient,"A clear visual for ""Straight"", premium digital art illustration, clean sharp vector-inspired edges, crisp soft directional lighting, subtle depth, centered single subject, neutral light-gray gradient background, minimal clutter, professional learning-app quality, non-cartoon look, no text, no letters, no numerals, no logos, no watermark, no border, 1024x1024",language_learning|cross_language_vocabulary|reading_comprehension|listening_comprehension,1,v5_premium_neutral
IMG_OBJECT_STUDENT,object_student,Student,object_scene,universal,img__object_student__v1.webp,1024x1024,digital_art_premium_v5_neutral,neutral light-gray gradient,"A clear visual for ""Student"", premium digital art illustration, clean sharp vector-inspired edges, crisp soft directional lighting, subtle depth, centered single subject, neutral light-gray gradient background, minimal clutter, professional learning-app quality, non-cartoon look, no text, no letters, no numerals, no logos, no watermark, no border, 1024x1024",language_learning|cross_language_vocabulary|reading_comprehension|listening_comprehension,1,v5_premium_neutral
IMG_OBJECT_STUDY,object_study,Study,object_scene,universal,img__object_study__v1.webp,1024x1024,digital_art_premium_v5_neutral,neutral light-gray gradient,"A clear visual for ""Study"", premium digital art illustration, clean sharp vector-inspired edges, crisp soft directional lighting, subtle depth, centered single subject, neutral light-gray gradient background, minimal clutter, professional learning-app quality, non-cartoon look, no text, no letters, no numerals, no logos, no watermark, no border, 1024x1024",language_learning|cross_language_vocabulary|reading_comprehension|listening_comprehension,1,v5_premium_neutral
IMG_OBJECT_STUFF,object_stuff,Stuff,object_scene,universal,img__object_stuff__v1.webp,1024x1024,digital_art_premium_v5_neutral,neutral light-gray gradient,"A clear visual for ""Stuff"", premium digital art illustration, clean sharp vector-inspired edges, crisp soft directional lighting, subtle depth, centered single subject, neutral light-gray gradient background, minimal clutter, professional learning-app quality, non-cartoon look, no text, no letters, no numerals, no logos, no watermark, no border, 1024x1024",language_learning|cross_language_vocabulary|reading_comprehension|listening_comprehension,1,v5_premium_neutral
IMG_OBJECT_SUNDAY,object_sunday,Sunday,object_scene,universal,img__object_sunday__v1.webp,1024x1024,digital_art_premium_v5_neutral,neutral light-gray gradient,"A clear visual for ""Sunday"", premium digital art illustration, clean sharp vector-inspired edges, crisp soft directional lighting, subtle depth, centered single subject, neutral light-gray gradient background, minimal clutter, professional learning-app quality, non-cartoon look, no text, no letters, no numerals, no logos, no watermark, no border, 1024x1024",language_learning|cross_language_vocabulary|reading_comprehension|listening_comprehension,2,v5_premium_neutral
IMG_OBJECT_TABLE,object_table,Table,object_scene,universal,img__object_table__v1.webp,1024x1024,digital_art_premium_v5_neutral,neutral light-gray gradient,"A clear visual for ""Table"", premium digital art illustration, clean sharp vector-inspired edges, crisp soft directional lighting, subtle depth, centered single subject, neutral light-gray gradient background, minimal clutter, professional learning-app quality, non-cartoon look, no text, no letters, no numerals, no logos, no watermark, no border, 1024x1024",language_learning|cross_language_vocabulary|reading_comprehension|listening_comprehension,1,v5_premium_neutral
IMG_OBJECT_TAKE_A_HOLIDAY,object_take_a_holiday,Take A Holiday,object_scene,universal,img__object_take_a_holiday__v1.webp,1024x1024,digital_art_premium_v5_neutral,neutral light-gray gradient,"A clear visual for ""Take A Holiday"", premium digital art illustration, clean sharp vector-inspired edges, crisp soft directional lighting, subtle depth, centered single subject, neutral light-gray gradient background, minimal clutter, professional learning-app quality, non-cartoon look, no text, no letters, no numerals, no logos, no watermark, no border, 1024x1024",language_learning|cross_language_vocabulary|reading_comprehension|listening_comprehension,1,v5_premium_neutral
IMG_OBJECT_TAKE_A_TAXI,object_take_a_taxi,Take A Taxi,object_scene,universal,img__object_take_a_taxi__v1.webp,1024x1024,digital_art_premium_v5_neutral,neutral light-gray gradient,"A clear visual for ""Take A Taxi"", premium digital art illustration, clean sharp vector-inspired edges, crisp soft directional lighting, subtle depth, centered single subject, neutral light-gray gradient background, minimal clutter, professional learning-app quality, non-cartoon look, no text, no letters, no numerals, no logos, no watermark, no border, 1024x1024",language_learning|cross_language_vocabulary|reading_comprehension|listening_comprehension,1,v5_premium_neutral
IMG_OBJECT_TALL_HIGH,object_tall_high,Tall High,object_scene,universal,img__object_tall_high__v1.webp,1024x1024,digital_art_premium_v5_neutral,neutral light-gray gradient,"A clear visual for ""Tall High"", premium digital art illustration, clean sharp vector-inspired edges, crisp soft directional lighting, subtle depth, centered single subject, neutral light-gray gradient background, minimal clutter, professional learning-app quality, non-cartoon look, no text, no letters, no numerals, no logos, no watermark, no border, 1024x1024",language_learning|cross_language_vocabulary|reading_comprehension|listening_comprehension,1,v5_premium_neutral
IMG_OBJECT_TEA,object_tea,Tea,object_scene,universal,img__object_tea__v1.webp,1024x1024,digital_art_premium_v5_neutral,neutral light-gray gradient,"A clear visual for ""Tea"", premium digital art illustration, clean sharp vector-inspired edges, crisp soft directional lighting, subtle depth, centered single subject, neutral light-gray gradient background, minimal clutter, professional learning-app quality, non-cartoon look, no text, no letters, no numerals, no logos, no watermark, no border, 1024x1024",language_learning|cross_language_vocabulary|reading_comprehension|listening_comprehension,1,v5_premium_neutral
IMG_OBJECT_TEACHER,object_teacher,Teacher,object_scene,universal,img__object_teacher__v1.webp,1024x1024,digital_art_premium_v5_neutral,neutral light-gray gradient,"A clear visual for ""Teacher"", premium digital art illustration, clean sharp vector-inspired edges, crisp soft directional lighting, subtle depth, centered single subject, neutral light-gray gradient background, minimal clutter, professional learning-app quality, non-cartoon look, no text, no letters, no numerals, no logos, no watermark, no border, 1024x1024",language_learning|cross_language_vocabulary|reading_comprehension|listening_comprehension,1,v5_premium_neutral
IMG_OBJECT_TEACHING_BUILDING,object_teaching_building,Teaching Building,object_scene,universal,img__object_teaching_building__v1.webp,1024x1024,digital_art_premium_v5_neutral,neutral light-gray gradient,"A clear visual for ""Teaching Building"", premium digital art illustration, clean sharp vector-inspired edges, crisp soft directional lighting, subtle depth, centered single subject, neutral light-gray gradient background, minimal clutter, professional learning-app quality, non-cartoon look, no text, no letters, no numerals, no logos, no watermark, no border, 1024x1024",language_learning|cross_language_vocabulary|reading_comprehension|listening_comprehension,1,v5_premium_neutral
IMG_OBJECT_TELEPHONE,object_telephone,Telephone,object_scene,universal,img__object_telephone__v1.webp,1024x1024,digital_art_premium_v5_neutral,neutral light-gray gradient,"A clear visual for ""Telephone"", premium digital art illustration, clean sharp vector-inspired edges, crisp soft directional lighting, subtle depth, centered single subject, neutral light-gray gradient background, minimal clutter, professional learning-app quality, non-cartoon look, no text, no letters, no numerals, no logos, no watermark, no border, 1024x1024",language_learning|cross_language_vocabulary|reading_comprehension|listening_comprehension,1,v5_premium_neutral
IMG_OBJECT_TELEVISION,object_television,Television,object_scene,universal,img__object_television__v1.webp,1024x1024,digital_art_premium_v5_neutral,neutral light-gray gradient,"A clear visual for ""Television"", premium digital art illustration, clean sharp vector-inspired edges, crisp soft directional lighting, subtle depth, centered single subject, neutral light-gray gradient background, minimal clutter, professional learning-app quality, non-cartoon look, no text, no letters, no numerals, no logos, no watermark, no border, 1024x1024",language_learning|cross_language_vocabulary|reading_comprehension|listening_comprehension,2,v5_premium_neutral
IMG_OBJECT_TEXTBOOK,object_textbook,Textbook,object_scene,universal,img__object_textbook__v1.webp,1024x1024,digital_art_premium_v5_neutral,neutral light-gray gradient,"A clear visual for ""Textbook"", premium digital art illustration, clean sharp vector-inspired edges, crisp soft directional lighting, subtle depth, centered single subject, neutral light-gray gradient background, minimal clutter, professional learning-app quality, non-cartoon look, no text, no letters, no numerals, no logos, no watermark, no border, 1024x1024",language_learning|cross_language_vocabulary|reading_comprehension|listening_comprehension,1,v5_premium_neutral
IMG_OBJECT_TEXT_OF_A_LESSON,object_text_of_a_lesson,Text Of A Lesson,object_scene,universal,img__object_text_of_a_lesson__v1.webp,1024x1024,digital_art_premium_v5_neutral,neutral light-gray gradient,"A clear visual for ""Text Of A Lesson"", premium digital art illustration, clean sharp vector-inspired edges, crisp soft directional lighting, subtle depth, centered single subject, neutral light-gray gradient background, minimal clutter, professional learning-app quality, non-cartoon look, no text, no letters, no numerals, no logos, no watermark, no border, 1024x1024",language_learning|cross_language_vocabulary|reading_comprehension|listening_comprehension,1,v5_premium_neutral
IMG_OBJECT_THERE,object_there,There,object_scene,universal,img__object_there__v1.webp,1024x1024,digital_art_premium_v5_neutral,neutral light-gray gradient,"A clear visual for ""There"", premium digital art illustration, clean sharp vector-inspired edges, crisp soft directional lighting, subtle depth, centered single subject, neutral light-gray gradient background, minimal clutter, professional learning-app quality, non-cartoon look, no text, no letters, no numerals, no logos, no watermark, no border, 1024x1024",language_learning|cross_language_vocabulary|reading_comprehension|listening_comprehension,2,v5_premium_neutral
IMG_OBJECT_THERE_IS,object_there_is,There Is,object_scene,universal,img__object_there_is__v1.webp,1024x1024,digital_art_premium_v5_neutral,neutral light-gray gradient,"A clear visual for ""There Is"", premium digital art illustration, clean sharp vector-inspired edges, crisp soft directional lighting, subtle depth, centered single subject, neutral light-gray gradient background, minimal clutter, professional learning-app quality, non-cartoon look, no text, no letters, no numerals, no logos, no watermark, no border, 1024x1024",language_learning|cross_language_vocabulary|reading_comprehension|listening_comprehension,1,v5_premium_neutral
IMG_OBJECT_THERE_IS_ALSO,object_there_is_also,There Is Also,object_scene,universal,img__object_there_is_also__v1.webp,1024x1024,digital_art_premium_v5_neutral,neutral light-gray gradient,"A clear visual for ""There Is Also"", premium digital art illustration, clean sharp vector-inspired edges, crisp soft directional lighting, subtle depth, centered single subject, neutral light-gray gradient background, minimal clutter, professional learning-app quality, non-cartoon look, no text, no letters, no numerals, no logos, no watermark, no border, 1024x1024",language_learning|cross_language_vocabulary|reading_comprehension|listening_comprehension,1,v5_premium_neutral
IMG_OBJECT_THERE_IS_NOT,object_there_is_not,There Is Not,object_scene,universal,img__object_there_is_not__v1.webp,1024x1024,digital_art_premium_v5_neutral,neutral light-gray gradient,"A clear visual for ""There Is Not"", premium digital art illustration, clean sharp vector-inspired edges, crisp soft directional lighting, subtle depth, centered single subject, neutral light-gray gradient background, minimal clutter, professional learning-app quality, non-cartoon look, no text, no letters, no numerals, no logos, no watermark, no border, 1024x1024",language_learning|cross_language_vocabulary|reading_comprehension|listening_comprehension,1,v5_premium_neutral
IMG_OBJECT_THEY,object_they,They,object_scene,universal,img__object_they__v1.webp,1024x1024,digital_art_premium_v5_neutral,neutral light-gray gradient,"A clear visual for ""They"", premium digital art illustration, clean sharp vector-inspired edges, crisp soft directional lighting, subtle depth, centered single subject, neutral light-gray gradient background, minimal clutter, professional learning-app quality, non-cartoon look, no text, no letters, no numerals, no logos, no watermark, no border, 1024x1024",language_learning|cross_language_vocabulary|reading_comprehension|listening_comprehension,1,v5_premium_neutral
IMG_OBJECT_THEY_FEMALE,object_they_female,They (Female),object_scene,universal,img__object_they_female__v1.webp,1024x1024,digital_art_premium_v5_neutral,neutral light-gray gradient,"A clear visual for ""They (Female)"", premium digital art illustration, clean sharp vector-inspired edges, crisp soft directional lighting, subtle depth, centered single subject, neutral light-gray gradient background, minimal clutter, professional learning-app quality, non-cartoon look, no text, no letters, no numerals, no logos, no watermark, no border, 1024x1024",language_learning|cross_language_vocabulary|reading_comprehension|listening_comprehension,1,v5_premium_neutral
IMG_OBJECT_THE_DAY_AFTER_TOMORROW,object_the_day_after_tomorrow,The Day After Tomorrow,object_scene,universal,img__object_the_day_after_tomorrow__v1.webp,1024x1024,digital_art_premium_v5_neutral,neutral light-gray gradient,"A clear visual for ""The Day After Tomorrow"", premium digital art illustration, clean sharp vector-inspired edges, crisp soft directional lighting, subtle depth, centered single subject, neutral light-gray gradient background, minimal clutter, professional learning-app quality, non-cartoon look, no text, no letters, no numerals, no logos, no watermark, no border, 1024x1024",language_learning|cross_language_vocabulary|reading_comprehension|listening_comprehension,1,v5_premium_neutral
IMG_OBJECT_THE_DAY_BEFORE_YESTERDAY,object_the_day_before_yesterday,The Day Before Yesterday,object_scene,universal,img__object_the_day_before_yesterday__v1.webp,1024x1024,digital_art_premium_v5_neutral,neutral light-gray gradient,"A clear visual for ""The Day Before Yesterday"", premium digital art illustration, clean sharp vector-inspired edges, crisp soft directional lighting, subtle depth, centered single subject, neutral light-gray gradient background, minimal clutter, professional learning-app quality, non-cartoon look, no text, no letters, no numerals, no logos, no watermark, no border, 1024x1024",language_learning|cross_language_vocabulary|reading_comprehension|listening_comprehension,1,v5_premium_neutral
IMG_OBJECT_THE_SAME,object_the_same,The Same,object_scene,universal,img__object_the_same__v1.webp,1024x1024,digital_art_premium_v5_neutral,neutral light-gray gradient,"A clear visual for ""The Same"", premium digital art illustration, clean sharp vector-inspired edges, crisp soft directional lighting, subtle depth, centered single subject, neutral light-gray gradient background, minimal clutter, professional learning-app quality, non-cartoon look, no text, no letters, no numerals, no logos, no watermark, no border, 1024x1024",language_learning|cross_language_vocabulary|reading_comprehension|listening_comprehension,1,v5_premium_neutral
IMG_OBJECT_THING,object_thing,Thing,object_scene,universal,img__object_thing__v1.webp,1024x1024,digital_art_premium_v5_neutral,neutral light-gray gradient,"A clear visual for ""Thing"", premium digital art illustration, clean sharp vector-inspired edges, crisp soft directional lighting, subtle depth, centered single subject, neutral light-gray gradient background, minimal clutter, professional learning-app quality, non-cartoon look, no text, no letters, no numerals, no logos, no watermark, no border, 1024x1024",language_learning|cross_language_vocabulary|reading_comprehension|listening_comprehension,1,v5_premium_neutral
IMG_OBJECT_THIRSTY,object_thirsty,Thirsty,object_scene,universal,img__object_thirsty__v1.webp,1024x1024,digital_art_premium_v5_neutral,neutral light-gray gradient,"A clear visual for ""Thirsty"", premium digital art illustration, clean sharp vector-inspired edges, crisp soft directional lighting, subtle depth, centered single subject, neutral light-gray gradient background, minimal clutter, professional learning-app quality, non-cartoon look, no text, no letters, no numerals, no logos, no watermark, no border, 1024x1024",language_learning|cross_language_vocabulary|reading_comprehension|listening_comprehension,1,v5_premium_neutral
IMG_OBJECT_THIS_SIDE,object_this_side,This Side,object_scene,universal,img__object_this_side__v1.webp,1024x1024,digital_art_premium_v5_neutral,neutral light-gray gradient,"A clear visual for ""This Side"", premium digital art illustration, clean sharp vector-inspired edges, crisp soft directional lighting, subtle depth, centered single subject, neutral light-gray gradient background, minimal clutter, professional learning-app quality, non-cartoon look, no text, no letters, no numerals, no logos, no watermark, no border, 1024x1024",language_learning|cross_language_vocabulary|reading_comprehension|listening_comprehension,1,v5_premium_neutral
IMG_OBJECT_THIS_YEAR,object_this_year,This Year,object_scene,universal,img__object_this_year__v1.webp,1024x1024,digital_art_premium_v5_neutral,neutral light-gray gradient,"A clear visual for ""This Year"", premium digital art illustration, clean sharp vector-inspired edges, crisp soft directional lighting, subtle depth, centered single subject, neutral light-gray gradient background, minimal clutter, professional learning-app quality, non-cartoon look, no text, no letters, no numerals, no logos, no watermark, no border, 1024x1024",language_learning|cross_language_vocabulary|reading_comprehension|listening_comprehension,1,v5_premium_neutral
IMG_OBJECT_TICKET,object_ticket,Ticket,object_scene,universal,img__object_ticket__v1.webp,1024x1024,digital_art_premium_v5_neutral,neutral light-gray gradient,"A clear visual for ""Ticket"", premium digital art illustration, clean sharp vector-inspired edges, crisp soft directional lighting, subtle depth, centered single subject, neutral light-gray gradient background, minimal clutter, professional learning-app quality, non-cartoon look, no text, no letters, no numerals, no logos, no watermark, no border, 1024x1024",language_learning|cross_language_vocabulary|reading_comprehension|listening_comprehension,1,v5_premium_neutral
IMG_OBJECT_TIME,object_time,Time,object_scene,universal,img__object_time__v1.webp,1024x1024,digital_art_premium_v5_neutral,neutral light-gray gradient,"A clear visual for ""Time"", premium digital art illustration, clean sharp vector-inspired edges, crisp soft directional lighting, subtle depth, centered single subject, neutral light-gray gradient background, minimal clutter, professional learning-app quality, non-cartoon look, no text, no letters, no numerals, no logos, no watermark, no border, 1024x1024",language_learning|cross_language_vocabulary|reading_comprehension|listening_comprehension,2,v5_premium_neutral
IMG_OBJECT_TIME_OCCURRENCE,object_time_occurrence,Time (Occurrence),object_scene,universal,img__object_time_occurrence__v1.webp,1024x1024,digital_art_premium_v5_neutral,neutral light-gray gradient,"A clear visual for ""Time (Occurrence)"", premium digital art illustration, clean sharp vector-inspired edges, crisp soft directional lighting, subtle depth, centered single subject, neutral light-gray gradient background, minimal clutter, professional learning-app quality, non-cartoon look, no text, no letters, no numerals, no logos, no watermark, no border, 1024x1024",language_learning|cross_language_vocabulary|reading_comprehension|listening_comprehension,1,v5_premium_neutral
IMG_OBJECT_TIRED,object_tired,Tired,object_scene,universal,img__object_tired__v1.webp,1024x1024,digital_art_premium_v5_neutral,neutral light-gray gradient,"A clear visual for ""Tired"", premium digital art illustration, clean sharp vector-inspired edges, crisp soft directional lighting, subtle depth, centered single subject, neutral light-gray gradient background, minimal clutter, professional learning-app quality, non-cartoon look, no text, no letters, no numerals, no logos, no watermark, no border, 1024x1024",language_learning|cross_language_vocabulary|reading_comprehension|listening_comprehension,1,v5_premium_neutral
IMG_OBJECT_TODAY,object_today,Today,object_scene,universal,img__object_today__v1.webp,1024x1024,digital_art_premium_v5_neutral,neutral light-gray gradient,"A clear visual for ""Today"", premium digital art illustration, clean sharp vector-inspired edges, crisp soft directional lighting, subtle depth, centered single subject, neutral light-gray gradient background, minimal clutter, professional learning-app quality, non-cartoon look, no text, no letters, no numerals, no logos, no watermark, no border, 1024x1024",language_learning|cross_language_vocabulary|reading_comprehension|listening_comprehension,1,v5_premium_neutral
IMG_OBJECT_TOGETHER,object_together,Together,object_scene,universal,img__object_together__v1.webp,1024x1024,digital_art_premium_v5_neutral,neutral light-gray gradient,"A clear visual for ""Together"", premium digital art illustration, clean sharp vector-inspired edges, crisp soft directional lighting, subtle depth, centered single subject, neutral light-gray gradient background, minimal clutter, professional learning-app quality, non-cartoon look, no text, no letters, no numerals, no logos, no watermark, no border, 1024x1024",language_learning|cross_language_vocabulary|reading_comprehension|listening_comprehension,2,v5_premium_neutral
IMG_OBJECT_TOILET,object_toilet,Toilet,object_scene,universal,img__object_toilet__v1.webp,1024x1024,digital_art_premium_v5_neutral,neutral light-gray gradient,"A clear visual for ""Toilet"", premium digital art illustration, clean sharp vector-inspired edges, crisp soft directional lighting, subtle depth, centered single subject, neutral light-gray gradient background, minimal clutter, professional learning-app quality, non-cartoon look, no text, no letters, no numerals, no logos, no watermark, no border, 1024x1024",language_learning|cross_language_vocabulary|reading_comprehension|listening_comprehension,1,v5_premium_neutral
IMG_OBJECT_TOMORROW,object_tomorrow,Tomorrow,object_scene,universal,img__object_tomorrow__v1.webp,1024x1024,digital_art_premium_v5_neutral,neutral light-gray gradient,"A clear visual for ""Tomorrow"", premium digital art illustration, clean sharp vector-inspired edges, crisp soft directional lighting, subtle depth, centered single subject, neutral light-gray gradient background, minimal clutter, professional learning-app quality, non-cartoon look, no text, no letters, no numerals, no logos, no watermark, no border, 1024x1024",language_learning|cross_language_vocabulary|reading_comprehension|listening_comprehension,1,v5_premium_neutral
IMG_OBJECT_TOO,object_too,Too,object_scene,universal,img__object_too__v1.webp,1024x1024,digital_art_premium_v5_neutral,neutral light-gray gradient,"A clear visual for ""Too"", premium digital art illustration, clean sharp vector-inspired edges, crisp soft directional lighting, subtle depth, centered single subject, neutral light-gray gradient background, minimal clutter, professional learning-app quality, non-cartoon look, no text, no letters, no numerals, no logos, no watermark, no border, 1024x1024",language_learning|cross_language_vocabulary|reading_comprehension|listening_comprehension,1,v5_premium_neutral
IMG_OBJECT_TRAIN,object_train,Train,object_scene,universal,img__object_train__v1.webp,1024x1024,digital_art_premium_v5_neutral,neutral light-gray gradient,"A clear visual for ""Train"", premium digital art illustration, clean sharp vector-inspired edges, crisp soft directional lighting, subtle depth, centered single subject, neutral light-gray gradient background, minimal clutter, professional learning-app quality, non-cartoon look, no text, no letters, no numerals, no logos, no watermark, no border, 1024x1024",language_learning|cross_language_vocabulary|reading_comprehension|listening_comprehension,1,v5_premium_neutral
IMG_OBJECT_TRAIN_TICKET,object_train_ticket,Train Ticket,object_scene,universal,img__object_train_ticket__v1.webp,1024x1024,digital_art_premium_v5_neutral,neutral light-gray gradient,"A clear visual for ""Train Ticket"", premium digital art illustration, clean sharp vector-inspired edges, crisp soft directional lighting, subtle depth, centered single subject, neutral light-gray gradient background, minimal clutter, professional learning-app quality, non-cartoon look, no text, no letters, no numerals, no logos, no watermark, no border, 1024x1024",language_learning|cross_language_vocabulary|reading_comprehension|listening_comprehension,1,v5_premium_neutral
IMG_OBJECT_TREE,object_tree,Tree,object_scene,universal,img__object_tree__v1.webp,1024x1024,digital_art_premium_v5_neutral,neutral light-gray gradient,"A clear visual for ""Tree"", premium digital art illustration, clean sharp vector-inspired edges, crisp soft directional lighting, subtle depth, centered single subject, neutral light-gray gradient background, minimal clutter, professional learning-app quality, non-cartoon look, no text, no letters, no numerals, no logos, no watermark, no border, 1024x1024",language_learning|cross_language_vocabulary|reading_comprehension|listening_comprehension,1,v5_premium_neutral
IMG_OBJECT_TRUE,object_true,True,object_scene,universal,img__object_true__v1.webp,1024x1024,digital_art_premium_v5_neutral,neutral light-gray gradient,"A clear visual for ""True"", premium digital art illustration, clean sharp vector-inspired edges, crisp soft directional lighting, subtle depth, centered single subject, neutral light-gray gradient background, minimal clutter, professional learning-app quality, non-cartoon look, no text, no letters, no numerals, no logos, no watermark, no border, 1024x1024",language_learning|cross_language_vocabulary|reading_comprehension|listening_comprehension,1,v5_premium_neutral
IMG_OBJECT_UNDER,object_under,Under,object_scene,universal,img__object_under__v1.webp,1024x1024,digital_art_premium_v5_neutral,neutral light-gray gradient,"A clear visual for ""Under"", premium digital art illustration, clean sharp vector-inspired edges, crisp soft directional lighting, subtle depth, centered single subject, neutral light-gray gradient background, minimal clutter, professional learning-app quality, non-cartoon look, no text, no letters, no numerals, no logos, no watermark, no border, 1024x1024",language_learning|cross_language_vocabulary|reading_comprehension|listening_comprehension,1,v5_premium_neutral
IMG_OBJECT_UNIVERSITY,object_university,University,object_scene,universal,img__object_university__v1.webp,1024x1024,digital_art_premium_v5_neutral,neutral light-gray gradient,"A clear visual for ""University"", premium digital art illustration, clean sharp vector-inspired edges, crisp soft directional lighting, subtle depth, centered single subject, neutral light-gray gradient background, minimal clutter, professional learning-app quality, non-cartoon look, no text, no letters, no numerals, no logos, no watermark, no border, 1024x1024",language_learning|cross_language_vocabulary|reading_comprehension|listening_comprehension,1,v5_premium_neutral
IMG_OBJECT_UNIVERSITY_STUDENT,object_university_student,University Student,object_scene,universal,img__object_university_student__v1.webp,1024x1024,digital_art_premium_v5_neutral,neutral light-gray gradient,"A clear visual for ""University Student"", premium digital art illustration, clean sharp vector-inspired edges, crisp soft directional lighting, subtle depth, centered single subject, neutral light-gray gradient background, minimal clutter, professional learning-app quality, non-cartoon look, no text, no letters, no numerals, no logos, no watermark, no border, 1024x1024",language_learning|cross_language_vocabulary|reading_comprehension|listening_comprehension,1,v5_premium_neutral
IMG_OBJECT_UP,object_up,Up,object_scene,universal,img__object_up__v1.webp,1024x1024,digital_art_premium_v5_neutral,neutral light-gray gradient,"A clear visual for ""Up"", premium digital art illustration, clean sharp vector-inspired edges, crisp soft directional lighting, subtle depth, centered single subject, neutral light-gray gradient background, minimal clutter, professional learning-app quality, non-cartoon look, no text, no letters, no numerals, no logos, no watermark, no border, 1024x1024",language_learning|cross_language_vocabulary|reading_comprehension|listening_comprehension,1,v5_premium_neutral
IMG_OBJECT_UPRIGHT,object_upright,Upright,object_scene,universal,img__object_upright__v1.webp,1024x1024,digital_art_premium_v5_neutral,neutral light-gray gradient,"A clear visual for ""Upright"", premium digital art illustration, clean sharp vector-inspired edges, crisp soft directional lighting, subtle depth, centered single subject, neutral light-gray gradient background, minimal clutter, professional learning-app quality, non-cartoon look, no text, no letters, no numerals, no logos, no watermark, no border, 1024x1024",language_learning|cross_language_vocabulary|reading_comprehension|listening_comprehension,1,v5_premium_neutral
IMG_OBJECT_UPSTAIRS,object_upstairs,Upstairs,object_scene,universal,img__object_upstairs__v1.webp,1024x1024,digital_art_premium_v5_neutral,neutral light-gray gradient,"A clear visual for ""Upstairs"", premium digital art illustration, clean sharp vector-inspired edges, crisp soft directional lighting, subtle depth, centered single subject, neutral light-gray gradient background, minimal clutter, professional learning-app quality, non-cartoon look, no text, no letters, no numerals, no logos, no watermark, no border, 1024x1024",language_learning|cross_language_vocabulary|reading_comprehension|listening_comprehension,1,v5_premium_neutral
IMG_OBJECT_US,object_us,Us,object_scene,universal,img__object_us__v1.webp,1024x1024,digital_art_premium_v5_neutral,neutral light-gray gradient,"A clear visual for ""Us"", premium digital art illustration, clean sharp vector-inspired edges, crisp soft directional lighting, subtle depth, centered single subject, neutral light-gray gradient background, minimal clutter, professional learning-app quality, non-cartoon look, no text, no letters, no numerals, no logos, no watermark, no border, 1024x1024",language_learning|cross_language_vocabulary|reading_comprehension|listening_comprehension,1,v5_premium_neutral
IMG_OBJECT_USEFUL,object_useful,Useful,object_scene,universal,img__object_useful__v1.webp,1024x1024,digital_art_premium_v5_neutral,neutral light-gray gradient,"A clear visual for ""Useful"", premium digital art illustration, clean sharp vector-inspired edges, crisp soft directional lighting, subtle depth, centered single subject, neutral light-gray gradient background, minimal clutter, professional learning-app quality, non-cartoon look, no text, no letters, no numerals, no logos, no watermark, no border, 1024x1024",language_learning|cross_language_vocabulary|reading_comprehension|listening_comprehension,1,v5_premium_neutral
IMG_OBJECT_VEGETABLE,object_vegetable,Vegetable,object_scene,universal,img__object_vegetable__v1.webp,1024x1024,digital_art_premium_v5_neutral,neutral light-gray gradient,"A clear visual for ""Vegetable"", premium digital art illustration, clean sharp vector-inspired edges, crisp soft directional lighting, subtle depth, centered single subject, neutral light-gray gradient background, minimal clutter, professional learning-app quality, non-cartoon look, no text, no letters, no numerals, no logos, no watermark, no border, 1024x1024",language_learning|cross_language_vocabulary|reading_comprehension|listening_comprehension,1,v5_premium_neutral
IMG_OBJECT_VERY,object_very,Very,object_scene,universal,img__object_very__v1.webp,1024x1024,digital_art_premium_v5_neutral,neutral light-gray gradient,"A clear visual for ""Very"", premium digital art illustration, clean sharp vector-inspired edges, crisp soft directional lighting, subtle depth, centered single subject, neutral light-gray gradient background, minimal clutter, professional learning-app quality, non-cartoon look, no text, no letters, no numerals, no logos, no watermark, no border, 1024x1024",language_learning|cross_language_vocabulary|reading_comprehension|listening_comprehension,2,v5_premium_neutral
IMG_OBJECT_WALKING,object_walking,Walking,object_scene,universal,img__object_walking__v1.webp,1024x1024,digital_art_premium_v5_neutral,neutral light-gray gradient,"A clear visual for ""Walking"", premium digital art illustration, clean sharp vector-inspired edges, crisp soft directional lighting, subtle depth, centered single subject, neutral light-gray gradient background, minimal clutter, professional learning-app quality, non-cartoon look, no text, no letters, no numerals, no logos, no watermark, no border, 1024x1024",language_learning|cross_language_vocabulary|reading_comprehension|listening_comprehension,1,v5_premium_neutral
IMG_OBJECT_WALLET,object_wallet,Wallet,object_scene,universal,img__object_wallet__v1.webp,1024x1024,digital_art_premium_v5_neutral,neutral light-gray gradient,"A clear visual for ""Wallet"", premium digital art illustration, clean sharp vector-inspired edges, crisp soft directional lighting, subtle depth, centered single subject, neutral light-gray gradient background, minimal clutter, professional learning-app quality, non-cartoon look, no text, no letters, no numerals, no logos, no watermark, no border, 1024x1024",language_learning|cross_language_vocabulary|reading_comprehension|listening_comprehension,1,v5_premium_neutral
IMG_OBJECT_WATER,object_water,Water,object_scene,universal,img__object_water__v1.webp,1024x1024,digital_art_premium_v5_neutral,neutral light-gray gradient,"A clear visual for ""Water"", premium digital art illustration, clean sharp vector-inspired edges, crisp soft directional lighting, subtle depth, centered single subject, neutral light-gray gradient background, minimal clutter, professional learning-app quality, non-cartoon look, no text, no letters, no numerals, no logos, no watermark, no border, 1024x1024",language_learning|cross_language_vocabulary|reading_comprehension|listening_comprehension,1,v5_premium_neutral
IMG_OBJECT_WE,object_we,We,object_scene,universal,img__object_we__v1.webp,1024x1024,digital_art_premium_v5_neutral,neutral light-gray gradient,"A clear visual for ""We"", premium digital art illustration, clean sharp vector-inspired edges, crisp soft directional lighting, subtle depth, centered single subject, neutral light-gray gradient background, minimal clutter, professional learning-app quality, non-cartoon look, no text, no letters, no numerals, no logos, no watermark, no border, 1024x1024",language_learning|cross_language_vocabulary|reading_comprehension|listening_comprehension,1,v5_premium_neutral
IMG_OBJECT_WEATHER,object_weather,Weather,object_scene,universal,img__object_weather__v1.webp,1024x1024,digital_art_premium_v5_neutral,neutral light-gray gradient,"A clear visual for ""Weather"", premium digital art illustration, clean sharp vector-inspired edges, crisp soft directional lighting, subtle depth, centered single subject, neutral light-gray gradient background, minimal clutter, professional learning-app quality, non-cartoon look, no text, no letters, no numerals, no logos, no watermark, no border, 1024x1024",language_learning|cross_language_vocabulary|reading_comprehension|listening_comprehension,1,v5_premium_neutral
IMG_OBJECT_WEEK,object_week,Week,object_scene,universal,img__object_week__v1.webp,1024x1024,digital_art_premium_v5_neutral,neutral light-gray gradient,"A clear visual for ""Week"", premium digital art illustration, clean sharp vector-inspired edges, crisp soft directional lighting, subtle depth, centered single subject, neutral light-gray gradient background, minimal clutter, professional learning-app quality, non-cartoon look, no text, no letters, no numerals, no logos, no watermark, no border, 1024x1024",language_learning|cross_language_vocabulary|reading_comprehension|listening_comprehension,1,v5_premium_neutral
IMG_OBJECT_WELL,object_well,Well,object_scene,universal,img__object_well__v1.webp,1024x1024,digital_art_premium_v5_neutral,neutral light-gray gradient,"A clear visual for ""Well"", premium digital art illustration, clean sharp vector-inspired edges, crisp soft directional lighting, subtle depth, centered single subject, neutral light-gray gradient background, minimal clutter, professional learning-app quality, non-cartoon look, no text, no letters, no numerals, no logos, no watermark, no border, 1024x1024",language_learning|cross_language_vocabulary|reading_comprehension|listening_comprehension,1,v5_premium_neutral
IMG_OBJECT_WEST,object_west,West,object_scene,universal,img__object_west__v1.webp,1024x1024,digital_art_premium_v5_neutral,neutral light-gray gradient,"A clear visual for ""West"", premium digital art illustration, clean sharp vector-inspired edges, crisp soft directional lighting, subtle depth, centered single subject, neutral light-gray gradient background, minimal clutter, professional learning-app quality, non-cartoon look, no text, no letters, no numerals, no logos, no watermark, no border, 1024x1024",language_learning|cross_language_vocabulary|reading_comprehension|listening_comprehension,1,v5_premium_neutral
IMG_OBJECT_WEST_SIDE,object_west_side,West Side,object_scene,universal,img__object_west_side__v1.webp,1024x1024,digital_art_premium_v5_neutral,neutral light-gray gradient,"A clear visual for ""West Side"", premium digital art illustration, clean sharp vector-inspired edges, crisp soft directional lighting, subtle depth, centered single subject, neutral light-gray gradient background, minimal clutter, professional learning-app quality, non-cartoon look, no text, no letters, no numerals, no logos, no watermark, no border, 1024x1024",language_learning|cross_language_vocabulary|reading_comprehension|listening_comprehension,1,v5_premium_neutral
IMG_OBJECT_WHAT,object_what,What,object_scene,universal,img__object_what__v1.webp,1024x1024,digital_art_premium_v5_neutral,neutral light-gray gradient,"A clear visual for ""What"", premium digital art illustration, clean sharp vector-inspired edges, crisp soft directional lighting, subtle depth, centered single subject, neutral light-gray gradient background, minimal clutter, professional learning-app quality, non-cartoon look, no text, no letters, no numerals, no logos, no watermark, no border, 1024x1024",language_learning|cross_language_vocabulary|reading_comprehension|listening_comprehension,1,v5_premium_neutral
IMG_OBJECT_WHAT_TO_DO,object_what_to_do,What To Do?,object_scene,universal,img__object_what_to_do__v1.webp,1024x1024,digital_art_premium_v5_neutral,neutral light-gray gradient,"A clear visual for ""What To Do?"", premium digital art illustration, clean sharp vector-inspired edges, crisp soft directional lighting, subtle depth, centered single subject, neutral light-gray gradient background, minimal clutter, professional learning-app quality, non-cartoon look, no text, no letters, no numerals, no logos, no watermark, no border, 1024x1024",language_learning|cross_language_vocabulary|reading_comprehension|listening_comprehension,1,v5_premium_neutral
IMG_OBJECT_WHERE,object_where,Where,object_scene,universal,img__object_where__v1.webp,1024x1024,digital_art_premium_v5_neutral,neutral light-gray gradient,"A clear visual for ""Where"", premium digital art illustration, clean sharp vector-inspired edges, crisp soft directional lighting, subtle depth, centered single subject, neutral light-gray gradient background, minimal clutter, professional learning-app quality, non-cartoon look, no text, no letters, no numerals, no logos, no watermark, no border, 1024x1024",language_learning|cross_language_vocabulary|reading_comprehension|listening_comprehension,2,v5_premium_neutral
IMG_OBJECT_WHICH,object_which,Which,object_scene,universal,img__object_which__v1.webp,1024x1024,digital_art_premium_v5_neutral,neutral light-gray gradient,"A clear visual for ""Which"", premium digital art illustration, clean sharp vector-inspired edges, crisp soft directional lighting, subtle depth, centered single subject, neutral light-gray gradient background, minimal clutter, professional learning-app quality, non-cartoon look, no text, no letters, no numerals, no logos, no watermark, no border, 1024x1024",language_learning|cross_language_vocabulary|reading_comprehension|listening_comprehension,1,v5_premium_neutral
IMG_OBJECT_WHICH_ONES,object_which_ones,Which Ones,object_scene,universal,img__object_which_ones__v1.webp,1024x1024,digital_art_premium_v5_neutral,neutral light-gray gradient,"A clear visual for ""Which Ones"", premium digital art illustration, clean sharp vector-inspired edges, crisp soft directional lighting, subtle depth, centered single subject, neutral light-gray gradient background, minimal clutter, professional learning-app quality, non-cartoon look, no text, no letters, no numerals, no logos, no watermark, no border, 1024x1024",language_learning|cross_language_vocabulary|reading_comprehension|listening_comprehension,1,v5_premium_neutral
IMG_OBJECT_WHITE,object_white,White,object_scene,universal,img__object_white__v1.webp,1024x1024,digital_art_premium_v5_neutral,neutral light-gray gradient,"A clear visual for ""White"", premium digital art illustration, clean sharp vector-inspired edges, crisp soft directional lighting, subtle depth, centered single subject, neutral light-gray gradient background, minimal clutter, professional learning-app quality, non-cartoon look, no text, no letters, no numerals, no logos, no watermark, no border, 1024x1024",language_learning|cross_language_vocabulary|reading_comprehension|listening_comprehension,1,v5_premium_neutral
IMG_OBJECT_WHO,object_who,Who,object_scene,universal,img__object_who__v1.webp,1024x1024,digital_art_premium_v5_neutral,neutral light-gray gradient,"A clear visual for ""Who"", premium digital art illustration, clean sharp vector-inspired edges, crisp soft directional lighting, subtle depth, centered single subject, neutral light-gray gradient background, minimal clutter, professional learning-app quality, non-cartoon look, no text, no letters, no numerals, no logos, no watermark, no border, 1024x1024",language_learning|cross_language_vocabulary|reading_comprehension|listening_comprehension,1,v5_premium_neutral
IMG_OBJECT_WILL,object_will,Will,object_scene,universal,img__object_will__v1.webp,1024x1024,digital_art_premium_v5_neutral,neutral light-gray gradient,"A clear visual for ""Will"", premium digital art illustration, clean sharp vector-inspired edges, crisp soft directional lighting, subtle depth, centered single subject, neutral light-gray gradient background, minimal clutter, professional learning-app quality, non-cartoon look, no text, no letters, no numerals, no logos, no watermark, no border, 1024x1024",language_learning|cross_language_vocabulary|reading_comprehension|listening_comprehension,1,v5_premium_neutral
IMG_OBJECT_WIND,object_wind,Wind,object_scene,universal,img__object_wind__v1.webp,1024x1024,digital_art_premium_v5_neutral,neutral light-gray gradient,"A clear visual for ""Wind"", premium digital art illustration, clean sharp vector-inspired edges, crisp soft directional lighting, subtle depth, centered single subject, neutral light-gray gradient background, minimal clutter, professional learning-app quality, non-cartoon look, no text, no letters, no numerals, no logos, no watermark, no border, 1024x1024",language_learning|cross_language_vocabulary|reading_comprehension|listening_comprehension,1,v5_premium_neutral
IMG_OBJECT_WOMAN,object_woman,Woman,object_scene,universal,img__object_woman__v1.webp,1024x1024,digital_art_premium_v5_neutral,neutral light-gray gradient,"A clear visual for ""Woman"", premium digital art illustration, clean sharp vector-inspired edges, crisp soft directional lighting, subtle depth, centered single subject, neutral light-gray gradient background, minimal clutter, professional learning-app quality, non-cartoon look, no text, no letters, no numerals, no logos, no watermark, no border, 1024x1024",language_learning|cross_language_vocabulary|reading_comprehension|listening_comprehension,1,v5_premium_neutral
IMG_OBJECT_WORD,object_word,Word,object_scene,universal,img__object_word__v1.webp,1024x1024,digital_art_premium_v5_neutral,neutral light-gray gradient,"A clear visual for ""Word"", premium digital art illustration, clean sharp vector-inspired edges, crisp soft directional lighting, subtle depth, centered single subject, neutral light-gray gradient background, minimal clutter, professional learning-app quality, non-cartoon look, no text, no letters, no numerals, no logos, no watermark, no border, 1024x1024",language_learning|cross_language_vocabulary|reading_comprehension|listening_comprehension,1,v5_premium_neutral
IMG_OBJECT_WORK,object_work,Work,object_scene,universal,img__object_work__v1.webp,1024x1024,digital_art_premium_v5_neutral,neutral light-gray gradient,"A clear visual for ""Work"", premium digital art illustration, clean sharp vector-inspired edges, crisp soft directional lighting, subtle depth, centered single subject, neutral light-gray gradient background, minimal clutter, professional learning-app quality, non-cartoon look, no text, no letters, no numerals, no logos, no watermark, no border, 1024x1024",language_learning|cross_language_vocabulary|reading_comprehension|listening_comprehension,1,v5_premium_neutral
IMG_OBJECT_WORKER,object_worker,Worker,object_scene,universal,img__object_worker__v1.webp,1024x1024,digital_art_premium_v5_neutral,neutral light-gray gradient,"A clear visual for ""Worker"", premium digital art illustration, clean sharp vector-inspired edges, crisp soft directional lighting, subtle depth, centered single subject, neutral light-gray gradient background, minimal clutter, professional learning-app quality, non-cartoon look, no text, no letters, no numerals, no logos, no watermark, no border, 1024x1024",language_learning|cross_language_vocabulary|reading_comprehension|listening_comprehension,1,v5_premium_neutral
IMG_OBJECT_WRONG,object_wrong,Wrong,object_scene,universal,img__object_wrong__v1.webp,1024x1024,digital_art_premium_v5_neutral,neutral light-gray gradient,"A clear visual for ""Wrong"", premium digital art illustration, clean sharp vector-inspired edges, crisp soft directional lighting, subtle depth, centered single subject, neutral light-gray gradient background, minimal clutter, professional learning-app quality, non-cartoon look, no text, no letters, no numerals, no logos, no watermark, no border, 1024x1024",language_learning|cross_language_vocabulary|reading_comprehension|listening_comprehension,1,v5_premium_neutral
IMG_OBJECT_YEAR,object_year,Year,object_scene,universal,img__object_year__v1.webp,1024x1024,digital_art_premium_v5_neutral,neutral light-gray gradient,"A clear visual for ""Year"", premium digital art illustration, clean sharp vector-inspired edges, crisp soft directional lighting, subtle depth, centered single subject, neutral light-gray gradient background, minimal clutter, professional learning-app quality, non-cartoon look, no text, no letters, no numerals, no logos, no watermark, no border, 1024x1024",language_learning|cross_language_vocabulary|reading_comprehension|listening_comprehension,1,v5_premium_neutral
IMG_OBJECT_YEARS_OLD,object_years_old,Years Old,object_scene,universal,img__object_years_old__v1.webp,1024x1024,digital_art_premium_v5_neutral,neutral light-gray gradient,"A clear visual for ""Years Old"", premium digital art illustration, clean sharp vector-inspired edges, crisp soft directional lighting, subtle depth, centered single subject, neutral light-gray gradient background, minimal clutter, professional learning-app quality, non-cartoon look, no text, no letters, no numerals, no logos, no watermark, no border, 1024x1024",language_learning|cross_language_vocabulary|reading_comprehension|listening_comprehension,1,v5_premium_neutral
IMG_OBJECT_YES,object_yes,Yes,object_scene,universal,img__object_yes__v1.webp,1024x1024,digital_art_premium_v5_neutral,neutral light-gray gradient,"A clear visual for ""Yes"", premium digital art illustration, clean sharp vector-inspired edges, crisp soft directional lighting, subtle depth, centered single subject, neutral light-gray gradient background, minimal clutter, professional learning-app quality, non-cartoon look, no text, no letters, no numerals, no logos, no watermark, no border, 1024x1024",language_learning|cross_language_vocabulary|reading_comprehension|listening_comprehension,1,v5_premium_neutral
IMG_OBJECT_YESTERDAY,object_yesterday,Yesterday,object_scene,universal,img__object_yesterday__v1.webp,1024x1024,digital_art_premium_v5_neutral,neutral light-gray gradient,"A clear visual for ""Yesterday"", premium digital art illustration, clean sharp vector-inspired edges, crisp soft directional lighting, subtle depth, centered single subject, neutral light-gray gradient background, minimal clutter, professional learning-app quality, non-cartoon look, no text, no letters, no numerals, no logos, no watermark, no border, 1024x1024",language_learning|cross_language_vocabulary|reading_comprehension|listening_comprehension,1,v5_premium_neutral
IMG_OBJECT_YOU,object_you,You,object_scene,universal,img__object_you__v1.webp,1024x1024,digital_art_premium_v5_neutral,neutral light-gray gradient,"A clear visual for ""You"", premium digital art illustration, clean sharp vector-inspired edges, crisp soft directional lighting, subtle depth, centered single subject, neutral light-gray gradient background, minimal clutter, professional learning-app quality, non-cartoon look, no text, no letters, no numerals, no logos, no watermark, no border, 1024x1024",language_learning|cross_language_vocabulary|reading_comprehension|listening_comprehension,1,v5_premium_neutral
IMG_OBJECT_YOUNGER_BROTHER,object_younger_brother,Younger Brother,object_scene,universal,img__object_younger_brother__v1.webp,1024x1024,digital_art_premium_v5_neutral,neutral light-gray gradient,"A clear visual for ""Younger Brother"", premium digital art illustration, clean sharp vector-inspired edges, crisp soft directional lighting, subtle depth, centered single subject, neutral light-gray gradient background, minimal clutter, professional learning-app quality, non-cartoon look, no text, no letters, no numerals, no logos, no watermark, no border, 1024x1024",language_learning|cross_language_vocabulary|reading_comprehension|listening_comprehension,1,v5_premium_neutral
IMG_OBJECT_YOUNGER_SISTER,object_younger_sister,Younger Sister,object_scene,universal,img__object_younger_sister__v1.webp,1024x1024,digital_art_premium_v5_neutral,neutral light-gray gradient,"A clear visual for ""Younger Sister"", premium digital art illustration, clean sharp vector-inspired edges, crisp soft directional lighting, subtle depth, centered single subject, neutral light-gray gradient background, minimal clutter, professional learning-app quality, non-cartoon look, no text, no letters, no numerals, no logos, no watermark, no border, 1024x1024",language_learning|cross_language_vocabulary|reading_comprehension|listening_comprehension,1,v5_premium_neutral
IMG_OBJECT_YOUNG_LADY,object_young_lady,Young Lady,object_scene,universal,img__object_young_lady__v1.webp,1024x1024,digital_art_premium_v5_neutral,neutral light-gray gradient,"A clear visual for ""Young Lady"", premium digital art illustration, clean sharp vector-inspired edges, crisp soft directional lighting, subtle depth, centered single subject, neutral light-gray gradient background, minimal clutter, professional learning-app quality, non-cartoon look, no text, no letters, no numerals, no logos, no watermark, no border, 1024x1024",language_learning|cross_language_vocabulary|reading_comprehension|listening_comprehension,1,v5_premium_neutral
IMG_OBJECT_YOU_PLURAL,object_you_plural,You (Plural),object_scene,universal,img__object_you_plural__v1.webp,1024x1024,digital_art_premium_v5_neutral,neutral light-gray gradient,"A clear visual for ""You (Plural)"", premium digital art illustration, clean sharp vector-inspired edges, crisp soft directional lighting, subtle depth, centered single subject, neutral light-gray gradient background, minimal clutter, professional learning-app quality, non-cartoon look, no text, no letters, no numerals, no logos, no watermark, no border, 1024x1024",language_learning|cross_language_vocabulary|reading_comprehension|listening_comprehension,1,v5_premium_neutral
IMG_OBJECT_YOU_POLITE_FORM,object_you_polite_form,You (Polite Form),object_scene,universal,img__object_you_polite_form__v1.webp,1024x1024,digital_art_premium_v5_neutral,neutral light-gray gradient,"A clear visual for ""You (Polite Form)"", premium digital art illustration, clean sharp vector-inspired edges, crisp soft directional lighting, subtle depth, centered single subject, neutral light-gray gradient background, minimal clutter, professional learning-app quality, non-cartoon look, no text, no letters, no numerals, no logos, no watermark, no border, 1024x1024",language_learning|cross_language_vocabulary|reading_comprehension|listening_comprehension,1,v5_premium_neutral
IMG_OBJECT_YOU_RE_WELCOME,object_you_re_welcome,You'Re Welcome,object_scene,universal,img__object_you_re_welcome__v1.webp,1024x1024,digital_art_premium_v5_neutral,neutral light-gray gradient,"A clear visual for ""You'Re Welcome"", premium digital art illustration, clean sharp vector-inspired edges, crisp soft directional lighting, subtle depth, centered single subject, neutral light-gray gradient background, minimal clutter, professional learning-app quality, non-cartoon look, no text, no letters, no numerals, no logos, no watermark, no border, 1024x1024",language_learning|cross_language_vocabulary|reading_comprehension|listening_comprehension,1,v5_premium_neutral
