image_id,concept_key,name_en,category,cultural_context,filename,image_size,style,background_style,prompt_en,reusable_for,linked_sense_count,prompt_template_version
IMG_ABSTRACT_ANGRY,abstract_angry,Angry,symbol_abstract,universal,img__abstract_angry__v1.webp,1024x1024,digital_art_flat_v3,soft neutral gradient,"Abstract symbolic representation of angry, dark storm cloud symbol with a single lightning bolt, modern flat digital art, vector-inspired clean shapes, soft gradients, centered composition, soft neutral gradient background, minimal and uncluttered, universally recognizable symbol, no text, no letters, no numerals, no logos, no watermark, no border",language_learning|cross_language_vocabulary|reading_comprehension|listening_comprehension,1,prompt_templates_v2
IMG_ABSTRACT_HAPPY,abstract_happy,Happy,symbol_abstract,universal,img__abstract_happy__v1.webp,1024x1024,digital_art_flat_v3,soft neutral gradient,"Abstract symbolic representation of happy, warm yellow sun symbol with soft radiating beams, modern flat digital art, vector-inspired clean shapes, soft gradients, centered composition, soft neutral gradient background, minimal and uncluttered, universally recognizable symbol, no text, no letters, no numerals, no logos, no watermark, no border",language_learning|cross_language_vocabulary|reading_comprehension|listening_comprehension,1,prompt_templates_v2
IMG_ABSTRACT_LOVE,abstract_love,Love,symbol_abstract,universal,img__abstract_love__v1.webp,1024x1024,digital_art_flat_v3,soft neutral gradient,"Abstract symbolic representation of love, glowing red heart with soft radiating light rays, modern flat digital art, vector-inspired clean shapes, soft gradients, centered composition, soft neutral gradient background, minimal and uncluttered, universally recognizable symbol, no text, no letters, no numerals, no logos, no watermark, no border",language_learning|cross_language_vocabulary|reading_comprehension|listening_comprehension,1,prompt_templates_v2
IMG_ABSTRACT_THANK_YOU,abstract_thank_you,Thank You,symbol_abstract,universal,img__abstract_thank_you__v1.webp,1024x1024,digital_art_flat_v3,minimal room corner pastel,"Abstract symbolic representation of thank you, open hand with a small heart-glow symbol above it, modern flat digital art, vector-inspired clean shapes, soft gradients, centered composition, minimal room corner pastel background, minimal and uncluttered, universally recognizable symbol, no text, no letters, no numerals, no logos, no watermark, no border",language_learning|cross_language_vocabulary|reading_comprehension|listening_comprehension,1,prompt_templates_v2
IMG_ACTION_BE_ABLE_TO,action_be_able_to,Be Able To,action_scene,universal,img__action_be_able_to__v1.webp,1024x1024,digital_art_flat_v3,simple indoor scene minimal props,"A simplified person performing the action ""be able to"" in side view, modern flat digital art, vector-inspired clean shapes, soft gradients, clear gesture and body language, centered composition, simple indoor scene minimal props background, minimal and uncluttered, no facial features, no text, no letters, no numerals, no logos, no watermark, no border",language_learning|cross_language_vocabulary|reading_comprehension|listening_comprehension,1,prompt_templates_v2
IMG_ACTION_MAKE_A_PHONE_CALL,action_make_a_phone_call,Make A Phone Call,action_scene,universal,img__action_make_a_phone_call__v1.webp,1024x1024,digital_art_flat_v3,soft outdoor neutral scene,"A simplified person performing the action ""make a phone call"" in side view, modern flat digital art, vector-inspired clean shapes, soft gradients, clear gesture and body language, centered composition, soft outdoor neutral scene background, minimal and uncluttered, no facial features, no text, no letters, no numerals, no logos, no watermark, no border",language_learning|cross_language_vocabulary|reading_comprehension|listening_comprehension,1,prompt_templates_v2
IMG_ACTION_TO_ARRIVE,action_to_arrive,To Arrive,action_scene,universal,img__action_to_arrive__v1.webp,1024x1024,digital_art_flat_v3,soft outdoor neutral scene,"A simplified person performing the action ""arrive"" in side view, modern flat digital art, vector-inspired clean shapes, soft gradients, clear gesture and body language, centered composition, soft outdoor neutral scene background, minimal and uncluttered, no facial features, no text, no letters, no numerals, no logos, no watermark, no border",language_learning|cross_language_vocabulary|reading_comprehension|listening_comprehension,2,prompt_templates_v2
IMG_ACTION_TO_ASK,action_to_ask,To Ask,action_scene,universal,img__action_to_ask__v1.webp,1024x1024,digital_art_flat_v3,simple indoor scene minimal props,"A simplified person performing the action ""ask"" in side view, modern flat digital art, vector-inspired clean shapes, soft gradients, clear gesture and body language, centered composition, simple indoor scene minimal props background, minimal and uncluttered, no facial features, no text, no letters, no numerals, no logos, no watermark, no border",language_learning|cross_language_vocabulary|reading_comprehension|listening_comprehension,1,prompt_templates_v2
IMG_ACTION_TO_BE,action_to_be,To Be,action_scene,universal,img__action_to_be__v1.webp,1024x1024,digital_art_flat_v3,minimal office-like scene,"A simplified person performing the action ""be"" in side view, modern flat digital art, vector-inspired clean shapes, soft gradients, clear gesture and body language, centered composition, minimal office-like scene background, minimal and uncluttered, no facial features, no text, no letters, no numerals, no logos, no watermark, no border",language_learning|cross_language_vocabulary|reading_comprehension|listening_comprehension,1,prompt_templates_v2
IMG_ACTION_TO_BE_CALLED,action_to_be_called,To Be Called,action_scene,universal,img__action_to_be_called__v1.webp,1024x1024,digital_art_flat_v3,clean studio with floor shadow,"A simplified person performing the action ""be called"" in side view, modern flat digital art, vector-inspired clean shapes, soft gradients, clear gesture and body language, centered composition, clean studio with floor shadow background, minimal and uncluttered, no facial features, no text, no letters, no numerals, no logos, no watermark, no border",language_learning|cross_language_vocabulary|reading_comprehension|listening_comprehension,1,prompt_templates_v2
IMG_ACTION_TO_BE_ILL,action_to_be_ill,To Be Ill,action_scene,universal,img__action_to_be_ill__v1.webp,1024x1024,digital_art_flat_v3,soft outdoor neutral scene,"A simplified person performing the action ""be ill"" in side view, modern flat digital art, vector-inspired clean shapes, soft gradients, clear gesture and body language, centered composition, soft outdoor neutral scene background, minimal and uncluttered, no facial features, no text, no letters, no numerals, no logos, no watermark, no border",language_learning|cross_language_vocabulary|reading_comprehension|listening_comprehension,1,prompt_templates_v2
IMG_ACTION_TO_BUY,action_to_buy,To Buy,action_scene,universal,img__action_to_buy__v1.webp,1024x1024,digital_art_flat_v3,clean studio with floor shadow,"A simplified person performing the action ""buy"" in side view, modern flat digital art, vector-inspired clean shapes, soft gradients, clear gesture and body language, centered composition, clean studio with floor shadow background, minimal and uncluttered, no facial features, no text, no letters, no numerals, no logos, no watermark, no border",language_learning|cross_language_vocabulary|reading_comprehension|listening_comprehension,1,prompt_templates_v2
IMG_ACTION_TO_CALL,action_to_call,To Call,action_scene,universal,img__action_to_call__v1.webp,1024x1024,digital_art_flat_v3,simple indoor scene minimal props,"A simplified person performing the action ""call"" in side view, modern flat digital art, vector-inspired clean shapes, soft gradients, clear gesture and body language, centered composition, simple indoor scene minimal props background, minimal and uncluttered, no facial features, no text, no letters, no numerals, no logos, no watermark, no border",language_learning|cross_language_vocabulary|reading_comprehension|listening_comprehension,1,prompt_templates_v2
IMG_ACTION_TO_CLOSE,action_to_close,To Close,action_scene,universal,img__action_to_close__v1.webp,1024x1024,digital_art_flat_v3,soft outdoor neutral scene,"A simplified person performing the action ""close"" in side view, modern flat digital art, vector-inspired clean shapes, soft gradients, clear gesture and body language, centered composition, soft outdoor neutral scene background, minimal and uncluttered, no facial features, no text, no letters, no numerals, no logos, no watermark, no border",language_learning|cross_language_vocabulary|reading_comprehension|listening_comprehension,1,prompt_templates_v2
IMG_ACTION_TO_COME,action_to_come,To Come,action_scene,universal,img__action_to_come__v1.webp,1024x1024,digital_art_flat_v3,minimal office-like scene,"A simplified person performing the action ""come"" in side view, modern flat digital art, vector-inspired clean shapes, soft gradients, clear gesture and body language, centered composition, minimal office-like scene background, minimal and uncluttered, no facial features, no text, no letters, no numerals, no logos, no watermark, no border",language_learning|cross_language_vocabulary|reading_comprehension|listening_comprehension,1,prompt_templates_v2
IMG_ACTION_TO_COMPARE,action_to_compare,To Compare,action_scene,universal,img__action_to_compare__v1.webp,1024x1024,digital_art_flat_v3,soft outdoor neutral scene,"A simplified person performing the action ""compare"" in side view, modern flat digital art, vector-inspired clean shapes, soft gradients, clear gesture and body language, centered composition, soft outdoor neutral scene background, minimal and uncluttered, no facial features, no text, no letters, no numerals, no logos, no watermark, no border",language_learning|cross_language_vocabulary|reading_comprehension|listening_comprehension,1,prompt_templates_v2
IMG_ACTION_TO_DO,action_to_do,To Do,action_scene,universal,img__action_to_do__v1.webp,1024x1024,digital_art_flat_v3,simple indoor scene minimal props,"A simplified person performing the action ""do"" in side view, modern flat digital art, vector-inspired clean shapes, soft gradients, clear gesture and body language, centered composition, simple indoor scene minimal props background, minimal and uncluttered, no facial features, no text, no letters, no numerals, no logos, no watermark, no border",language_learning|cross_language_vocabulary|reading_comprehension|listening_comprehension,2,prompt_templates_v2
IMG_ACTION_TO_DRINK,action_to_drink,To Drink,action_scene,universal,img__action_to_drink__v1.webp,1024x1024,digital_art_flat_v3,soft neutral gradient,"A simplified person performing the action ""drink"" in side view, modern flat digital art, vector-inspired clean shapes, soft gradients, clear gesture and body language, centered composition, soft neutral gradient background, minimal and uncluttered, no facial features, no text, no letters, no numerals, no logos, no watermark, no border",language_learning|cross_language_vocabulary|reading_comprehension|listening_comprehension,1,prompt_templates_v2
IMG_ACTION_TO_DRIVE,action_to_drive,To Drive,action_scene,universal,img__action_to_drive__v1.webp,1024x1024,digital_art_flat_v3,simple indoor scene minimal props,"A simplified person performing the action ""drive"" in side view, modern flat digital art, vector-inspired clean shapes, soft gradients, clear gesture and body language, centered composition, simple indoor scene minimal props background, minimal and uncluttered, no facial features, no text, no letters, no numerals, no logos, no watermark, no border",language_learning|cross_language_vocabulary|reading_comprehension|listening_comprehension,1,prompt_templates_v2
IMG_ACTION_TO_DRIVE_A_CAR,action_to_drive_a_car,To Drive A Car,action_scene,universal,img__action_to_drive_a_car__v1.webp,1024x1024,digital_art_flat_v3,simple indoor scene minimal props,"A simplified person performing the action ""drive a car"" in side view, modern flat digital art, vector-inspired clean shapes, soft gradients, clear gesture and body language, centered composition, simple indoor scene minimal props background, minimal and uncluttered, no facial features, no text, no letters, no numerals, no logos, no watermark, no border",language_learning|cross_language_vocabulary|reading_comprehension|listening_comprehension,1,prompt_templates_v2
IMG_ACTION_TO_EAT,action_to_eat,To Eat,action_scene,universal,img__action_to_eat__v1.webp,1024x1024,digital_art_flat_v3,soft neutral gradient,"A simplified person performing the action ""eat"" in side view, modern flat digital art, vector-inspired clean shapes, soft gradients, clear gesture and body language, centered composition, soft neutral gradient background, minimal and uncluttered, no facial features, no text, no letters, no numerals, no logos, no watermark, no border",language_learning|cross_language_vocabulary|reading_comprehension|listening_comprehension,1,prompt_templates_v2
IMG_ACTION_TO_ENTER,action_to_enter,To Enter,action_scene,universal,img__action_to_enter__v1.webp,1024x1024,digital_art_flat_v3,simple indoor scene minimal props,"A simplified person performing the action ""enter"" in side view, modern flat digital art, vector-inspired clean shapes, soft gradients, clear gesture and body language, centered composition, simple indoor scene minimal props background, minimal and uncluttered, no facial features, no text, no letters, no numerals, no logos, no watermark, no border",language_learning|cross_language_vocabulary|reading_comprehension|listening_comprehension,1,prompt_templates_v2
IMG_ACTION_TO_FEEL,action_to_feel,To Feel,action_scene,universal,img__action_to_feel__v1.webp,1024x1024,digital_art_flat_v3,minimal office-like scene,"A simplified person performing the action ""feel"" in side view, modern flat digital art, vector-inspired clean shapes, soft gradients, clear gesture and body language, centered composition, minimal office-like scene background, minimal and uncluttered, no facial features, no text, no letters, no numerals, no logos, no watermark, no border",language_learning|cross_language_vocabulary|reading_comprehension|listening_comprehension,1,prompt_templates_v2
IMG_ACTION_TO_FIND,action_to_find,To Find,action_scene,universal,img__action_to_find__v1.webp,1024x1024,digital_art_flat_v3,simple indoor scene minimal props,"A simplified person performing the action ""find"" in side view, modern flat digital art, vector-inspired clean shapes, soft gradients, clear gesture and body language, centered composition, simple indoor scene minimal props background, minimal and uncluttered, no facial features, no text, no letters, no numerals, no logos, no watermark, no border",language_learning|cross_language_vocabulary|reading_comprehension|listening_comprehension,1,prompt_templates_v2
IMG_ACTION_TO_FLY,action_to_fly,To Fly,action_scene,universal,img__action_to_fly__v1.webp,1024x1024,digital_art_flat_v3,simple indoor scene minimal props,"A simplified person performing the action ""fly"" in side view, modern flat digital art, vector-inspired clean shapes, soft gradients, clear gesture and body language, centered composition, simple indoor scene minimal props background, minimal and uncluttered, no facial features, no text, no letters, no numerals, no logos, no watermark, no border",language_learning|cross_language_vocabulary|reading_comprehension|listening_comprehension,1,prompt_templates_v2
IMG_ACTION_TO_FOLLOW,action_to_follow,To Follow,action_scene,universal,img__action_to_follow__v1.webp,1024x1024,digital_art_flat_v3,simple indoor scene minimal props,"A simplified person performing the action ""follow"" in side view, modern flat digital art, vector-inspired clean shapes, soft gradients, clear gesture and body language, centered composition, simple indoor scene minimal props background, minimal and uncluttered, no facial features, no text, no letters, no numerals, no logos, no watermark, no border",language_learning|cross_language_vocabulary|reading_comprehension|listening_comprehension,1,prompt_templates_v2
IMG_ACTION_TO_FORGET,action_to_forget,To Forget,action_scene,universal,img__action_to_forget__v1.webp,1024x1024,digital_art_flat_v3,soft outdoor neutral scene,"A simplified person performing the action ""forget"" in side view, modern flat digital art, vector-inspired clean shapes, soft gradients, clear gesture and body language, centered composition, soft outdoor neutral scene background, minimal and uncluttered, no facial features, no text, no letters, no numerals, no logos, no watermark, no border",language_learning|cross_language_vocabulary|reading_comprehension|listening_comprehension,2,prompt_templates_v2
IMG_ACTION_TO_GIVE,action_to_give,To Give,action_scene,universal,img__action_to_give__v1.webp,1024x1024,digital_art_flat_v3,minimal office-like scene,"A simplified person performing the action ""give"" in side view, modern flat digital art, vector-inspired clean shapes, soft gradients, clear gesture and body language, centered composition, minimal office-like scene background, minimal and uncluttered, no facial features, no text, no letters, no numerals, no logos, no watermark, no border",language_learning|cross_language_vocabulary|reading_comprehension|listening_comprehension,1,prompt_templates_v2
IMG_ACTION_TO_GIVE_AS_A_GIFT,action_to_give_as_a_gift,To Give As A Gift,action_scene,universal,img__action_to_give_as_a_gift__v1.webp,1024x1024,digital_art_flat_v3,soft outdoor neutral scene,"A simplified person performing the action ""give as a gift"" in side view, modern flat digital art, vector-inspired clean shapes, soft gradients, clear gesture and body language, centered composition, soft outdoor neutral scene background, minimal and uncluttered, no facial features, no text, no letters, no numerals, no logos, no watermark, no border",language_learning|cross_language_vocabulary|reading_comprehension|listening_comprehension,1,prompt_templates_v2
IMG_ACTION_TO_GO,action_to_go,To Go,action_scene,universal,img__action_to_go__v1.webp,1024x1024,digital_art_flat_v3,clean studio with floor shadow,"A simplified person performing the action ""go"" in side view, modern flat digital art, vector-inspired clean shapes, soft gradients, clear gesture and body language, centered composition, clean studio with floor shadow background, minimal and uncluttered, no facial features, no text, no letters, no numerals, no logos, no watermark, no border",language_learning|cross_language_vocabulary|reading_comprehension|listening_comprehension,1,prompt_templates_v2
IMG_ACTION_TO_GO_BACK,action_to_go_back,To Go Back,action_scene,universal,img__action_to_go_back__v1.webp,1024x1024,digital_art_flat_v3,simple indoor scene minimal props,"A simplified person performing the action ""go back"" in side view, modern flat digital art, vector-inspired clean shapes, soft gradients, clear gesture and body language, centered composition, simple indoor scene minimal props background, minimal and uncluttered, no facial features, no text, no letters, no numerals, no logos, no watermark, no border",language_learning|cross_language_vocabulary|reading_comprehension|listening_comprehension,1,prompt_templates_v2
IMG_ACTION_TO_GO_IN,action_to_go_in,To Go In,action_scene,universal,img__action_to_go_in__v1.webp,1024x1024,digital_art_flat_v3,clean studio with floor shadow,"A simplified person performing the action ""go in"" in side view, modern flat digital art, vector-inspired clean shapes, soft gradients, clear gesture and body language, centered composition, clean studio with floor shadow background, minimal and uncluttered, no facial features, no text, no letters, no numerals, no logos, no watermark, no border",language_learning|cross_language_vocabulary|reading_comprehension|listening_comprehension,1,prompt_templates_v2
IMG_ACTION_TO_GO_OUT,action_to_go_out,To Go Out,action_scene,universal,img__action_to_go_out__v1.webp,1024x1024,digital_art_flat_v3,simple indoor scene minimal props,"A simplified person performing the action ""go out"" in side view, modern flat digital art, vector-inspired clean shapes, soft gradients, clear gesture and body language, centered composition, simple indoor scene minimal props background, minimal and uncluttered, no facial features, no text, no letters, no numerals, no logos, no watermark, no border",language_learning|cross_language_vocabulary|reading_comprehension|listening_comprehension,1,prompt_templates_v2
IMG_ACTION_TO_HAVE,action_to_have,To Have,action_scene,universal,img__action_to_have__v1.webp,1024x1024,digital_art_flat_v3,minimal office-like scene,"A simplified person performing the action ""have"" in side view, modern flat digital art, vector-inspired clean shapes, soft gradients, clear gesture and body language, centered composition, minimal office-like scene background, minimal and uncluttered, no facial features, no text, no letters, no numerals, no logos, no watermark, no border",language_learning|cross_language_vocabulary|reading_comprehension|listening_comprehension,1,prompt_templates_v2
IMG_ACTION_TO_HEAR,action_to_hear,To Hear,action_scene,universal,img__action_to_hear__v1.webp,1024x1024,digital_art_flat_v3,minimal office-like scene,"A simplified person performing the action ""hear"" in side view, modern flat digital art, vector-inspired clean shapes, soft gradients, clear gesture and body language, centered composition, minimal office-like scene background, minimal and uncluttered, no facial features, no text, no letters, no numerals, no logos, no watermark, no border",language_learning|cross_language_vocabulary|reading_comprehension|listening_comprehension,3,prompt_templates_v2
IMG_ACTION_TO_HELP,action_to_help,To Help,action_scene,universal,img__action_to_help__v1.webp,1024x1024,digital_art_flat_v3,soft outdoor neutral scene,"A simplified person performing the action ""help"" in side view, modern flat digital art, vector-inspired clean shapes, soft gradients, clear gesture and body language, centered composition, soft outdoor neutral scene background, minimal and uncluttered, no facial features, no text, no letters, no numerals, no logos, no watermark, no border",language_learning|cross_language_vocabulary|reading_comprehension|listening_comprehension,2,prompt_templates_v2
IMG_ACTION_TO_HIT_OR_STRIKE,action_to_hit_or_strike,To Hit Or Strike,action_scene,universal,img__action_to_hit_or_strike__v1.webp,1024x1024,digital_art_flat_v3,soft outdoor neutral scene,"A simplified person performing the action ""hit or strike"" in side view, modern flat digital art, vector-inspired clean shapes, soft gradients, clear gesture and body language, centered composition, soft outdoor neutral scene background, minimal and uncluttered, no facial features, no text, no letters, no numerals, no logos, no watermark, no border",language_learning|cross_language_vocabulary|reading_comprehension|listening_comprehension,1,prompt_templates_v2
IMG_ACTION_TO_HOLD,action_to_hold,To Hold,action_scene,universal,img__action_to_hold__v1.webp,1024x1024,digital_art_flat_v3,simple indoor scene minimal props,"A simplified person performing the action ""hold"" in side view, modern flat digital art, vector-inspired clean shapes, soft gradients, clear gesture and body language, centered composition, simple indoor scene minimal props background, minimal and uncluttered, no facial features, no text, no letters, no numerals, no logos, no watermark, no border",language_learning|cross_language_vocabulary|reading_comprehension|listening_comprehension,1,prompt_templates_v2
IMG_ACTION_TO_JOKE,action_to_joke,To Joke,action_scene,universal,img__action_to_joke__v1.webp,1024x1024,digital_art_flat_v3,minimal office-like scene,"A simplified person performing the action ""joke"" in side view, modern flat digital art, vector-inspired clean shapes, soft gradients, clear gesture and body language, centered composition, minimal office-like scene background, minimal and uncluttered, no facial features, no text, no letters, no numerals, no logos, no watermark, no border",language_learning|cross_language_vocabulary|reading_comprehension|listening_comprehension,1,prompt_templates_v2
IMG_ACTION_TO_KNOW,action_to_know,To Know,action_scene,universal,img__action_to_know__v1.webp,1024x1024,digital_art_flat_v3,clean studio with floor shadow,"A simplified person performing the action ""know"" in side view, modern flat digital art, vector-inspired clean shapes, soft gradients, clear gesture and body language, centered composition, clean studio with floor shadow background, minimal and uncluttered, no facial features, no text, no letters, no numerals, no logos, no watermark, no border",language_learning|cross_language_vocabulary|reading_comprehension|listening_comprehension,2,prompt_templates_v2
IMG_ACTION_TO_LAUGH,action_to_laugh,To Laugh,action_scene,universal,img__action_to_laugh__v1.webp,1024x1024,digital_art_flat_v3,clean studio with floor shadow,"A simplified person performing the action ""laugh"" in side view, modern flat digital art, vector-inspired clean shapes, soft gradients, clear gesture and body language, centered composition, clean studio with floor shadow background, minimal and uncluttered, no facial features, no text, no letters, no numerals, no logos, no watermark, no border",language_learning|cross_language_vocabulary|reading_comprehension|listening_comprehension,1,prompt_templates_v2
IMG_ACTION_TO_LEARN,action_to_learn,To Learn,action_scene,universal,img__action_to_learn__v1.webp,1024x1024,digital_art_flat_v3,minimal office-like scene,"A simplified person performing the action ""learn"" in side view, modern flat digital art, vector-inspired clean shapes, soft gradients, clear gesture and body language, centered composition, minimal office-like scene background, minimal and uncluttered, no facial features, no text, no letters, no numerals, no logos, no watermark, no border",language_learning|cross_language_vocabulary|reading_comprehension|listening_comprehension,1,prompt_templates_v2
IMG_ACTION_TO_LIKE,action_to_like,To Like,action_scene,universal,img__action_to_like__v1.webp,1024x1024,digital_art_flat_v3,minimal office-like scene,"A simplified person performing the action ""like"" in side view, modern flat digital art, vector-inspired clean shapes, soft gradients, clear gesture and body language, centered composition, minimal office-like scene background, minimal and uncluttered, no facial features, no text, no letters, no numerals, no logos, no watermark, no border",language_learning|cross_language_vocabulary|reading_comprehension|listening_comprehension,1,prompt_templates_v2
IMG_ACTION_TO_LISTEN,action_to_listen,To Listen,action_scene,universal,img__action_to_listen__v1.webp,1024x1024,digital_art_flat_v3,minimal office-like scene,"A simplified person performing the action ""listen"" in side view, modern flat digital art, vector-inspired clean shapes, soft gradients, clear gesture and body language, centered composition, minimal office-like scene background, minimal and uncluttered, no facial features, no text, no letters, no numerals, no logos, no watermark, no border",language_learning|cross_language_vocabulary|reading_comprehension|listening_comprehension,1,prompt_templates_v2
IMG_ACTION_TO_LIVE,action_to_live,To Live,action_scene,universal,img__action_to_live__v1.webp,1024x1024,digital_art_flat_v3,clean studio with floor shadow,"A simplified person performing the action ""live"" in side view, modern flat digital art, vector-inspired clean shapes, soft gradients, clear gesture and body language, centered composition, clean studio with floor shadow background, minimal and uncluttered, no facial features, no text, no letters, no numerals, no logos, no watermark, no border",language_learning|cross_language_vocabulary|reading_comprehension|listening_comprehension,1,prompt_templates_v2
IMG_ACTION_TO_LOOK,action_to_look,To Look,action_scene,universal,img__action_to_look__v1.webp,1024x1024,digital_art_flat_v3,soft outdoor neutral scene,"A simplified person performing the action ""look"" in side view, modern flat digital art, vector-inspired clean shapes, soft gradients, clear gesture and body language, centered composition, soft outdoor neutral scene background, minimal and uncluttered, no facial features, no text, no letters, no numerals, no logos, no watermark, no border",language_learning|cross_language_vocabulary|reading_comprehension|listening_comprehension,1,prompt_templates_v2
IMG_ACTION_TO_LOOK_FOR,action_to_look_for,To Look For,action_scene,universal,img__action_to_look_for__v1.webp,1024x1024,digital_art_flat_v3,soft outdoor neutral scene,"A simplified person performing the action ""look for"" in side view, modern flat digital art, vector-inspired clean shapes, soft gradients, clear gesture and body language, centered composition, soft outdoor neutral scene background, minimal and uncluttered, no facial features, no text, no letters, no numerals, no logos, no watermark, no border",language_learning|cross_language_vocabulary|reading_comprehension|listening_comprehension,1,prompt_templates_v2
IMG_ACTION_TO_MAKE,action_to_make,To Make,action_scene,universal,img__action_to_make__v1.webp,1024x1024,digital_art_flat_v3,soft outdoor neutral scene,"A simplified person performing the action ""make"" in side view, modern flat digital art, vector-inspired clean shapes, soft gradients, clear gesture and body language, centered composition, soft outdoor neutral scene background, minimal and uncluttered, no facial features, no text, no letters, no numerals, no logos, no watermark, no border",language_learning|cross_language_vocabulary|reading_comprehension|listening_comprehension,1,prompt_templates_v2
IMG_ACTION_TO_MOVE,action_to_move,To Move,action_scene,universal,img__action_to_move__v1.webp,1024x1024,digital_art_flat_v3,clean studio with floor shadow,"A simplified person performing the action ""move"" in side view, modern flat digital art, vector-inspired clean shapes, soft gradients, clear gesture and body language, centered composition, clean studio with floor shadow background, minimal and uncluttered, no facial features, no text, no letters, no numerals, no logos, no watermark, no border",language_learning|cross_language_vocabulary|reading_comprehension|listening_comprehension,1,prompt_templates_v2
IMG_ACTION_TO_OBTAIN,action_to_obtain,To Obtain,action_scene,universal,img__action_to_obtain__v1.webp,1024x1024,digital_art_flat_v3,clean studio with floor shadow,"A simplified person performing the action ""obtain"" in side view, modern flat digital art, vector-inspired clean shapes, soft gradients, clear gesture and body language, centered composition, clean studio with floor shadow background, minimal and uncluttered, no facial features, no text, no letters, no numerals, no logos, no watermark, no border",language_learning|cross_language_vocabulary|reading_comprehension|listening_comprehension,1,prompt_templates_v2
IMG_ACTION_TO_OPEN,action_to_open,To Open,action_scene,universal,img__action_to_open__v1.webp,1024x1024,digital_art_flat_v3,clean studio with floor shadow,"A simplified person performing the action ""open"" in side view, modern flat digital art, vector-inspired clean shapes, soft gradients, clear gesture and body language, centered composition, clean studio with floor shadow background, minimal and uncluttered, no facial features, no text, no letters, no numerals, no logos, no watermark, no border",language_learning|cross_language_vocabulary|reading_comprehension|listening_comprehension,1,prompt_templates_v2
IMG_ACTION_TO_PASS,action_to_pass,To Pass,action_scene,universal,img__action_to_pass__v1.webp,1024x1024,digital_art_flat_v3,simple indoor scene minimal props,"A simplified person performing the action ""pass"" in side view, modern flat digital art, vector-inspired clean shapes, soft gradients, clear gesture and body language, centered composition, simple indoor scene minimal props background, minimal and uncluttered, no facial features, no text, no letters, no numerals, no logos, no watermark, no border",language_learning|cross_language_vocabulary|reading_comprehension|listening_comprehension,1,prompt_templates_v2
IMG_ACTION_TO_PLACE,action_to_place,To Place,action_scene,universal,img__action_to_place__v1.webp,1024x1024,digital_art_flat_v3,simple indoor scene minimal props,"A simplified person performing the action ""place"" in side view, modern flat digital art, vector-inspired clean shapes, soft gradients, clear gesture and body language, centered composition, simple indoor scene minimal props background, minimal and uncluttered, no facial features, no text, no letters, no numerals, no logos, no watermark, no border",language_learning|cross_language_vocabulary|reading_comprehension|listening_comprehension,1,prompt_templates_v2
IMG_ACTION_TO_PLAY,action_to_play,To Play,action_scene,universal,img__action_to_play__v1.webp,1024x1024,digital_art_flat_v3,simple indoor scene minimal props,"A simplified person performing the action ""play"" in side view, modern flat digital art, vector-inspired clean shapes, soft gradients, clear gesture and body language, centered composition, simple indoor scene minimal props background, minimal and uncluttered, no facial features, no text, no letters, no numerals, no logos, no watermark, no border",language_learning|cross_language_vocabulary|reading_comprehension|listening_comprehension,1,prompt_templates_v2
IMG_ACTION_TO_PUT_DOWN,action_to_put_down,To Put Down,action_scene,universal,img__action_to_put_down__v1.webp,1024x1024,digital_art_flat_v3,clean studio with floor shadow,"A simplified person performing the action ""put down"" in side view, modern flat digital art, vector-inspired clean shapes, soft gradients, clear gesture and body language, centered composition, clean studio with floor shadow background, minimal and uncluttered, no facial features, no text, no letters, no numerals, no logos, no watermark, no border",language_learning|cross_language_vocabulary|reading_comprehension|listening_comprehension,1,prompt_templates_v2
IMG_ACTION_TO_RAIN,action_to_rain,To Rain,action_scene,universal,img__action_to_rain__v1.webp,1024x1024,digital_art_flat_v3,clean studio with floor shadow,"A simplified person performing the action ""rain"" in side view, modern flat digital art, vector-inspired clean shapes, soft gradients, clear gesture and body language, centered composition, clean studio with floor shadow background, minimal and uncluttered, no facial features, no text, no letters, no numerals, no logos, no watermark, no border",language_learning|cross_language_vocabulary|reading_comprehension|listening_comprehension,1,prompt_templates_v2
IMG_ACTION_TO_READ,action_to_read,To Read,action_scene,universal,img__action_to_read__v1.webp,1024x1024,digital_art_flat_v3,clean studio with floor shadow,"A simplified person performing the action ""read"" in side view, modern flat digital art, vector-inspired clean shapes, soft gradients, clear gesture and body language, centered composition, clean studio with floor shadow background, minimal and uncluttered, no facial features, no text, no letters, no numerals, no logos, no watermark, no border",language_learning|cross_language_vocabulary|reading_comprehension|listening_comprehension,1,prompt_templates_v2
IMG_ACTION_TO_RECOGNIZE,action_to_recognize,To Recognize,action_scene,universal,img__action_to_recognize__v1.webp,1024x1024,digital_art_flat_v3,simple indoor scene minimal props,"A simplified person performing the action ""recognize"" in side view, modern flat digital art, vector-inspired clean shapes, soft gradients, clear gesture and body language, centered composition, simple indoor scene minimal props background, minimal and uncluttered, no facial features, no text, no letters, no numerals, no logos, no watermark, no border",language_learning|cross_language_vocabulary|reading_comprehension|listening_comprehension,1,prompt_templates_v2
IMG_ACTION_TO_REMEMBER,action_to_remember,To Remember,action_scene,universal,img__action_to_remember__v1.webp,1024x1024,digital_art_flat_v3,minimal office-like scene,"A simplified person performing the action ""remember"" in side view, modern flat digital art, vector-inspired clean shapes, soft gradients, clear gesture and body language, centered composition, minimal office-like scene background, minimal and uncluttered, no facial features, no text, no letters, no numerals, no logos, no watermark, no border",language_learning|cross_language_vocabulary|reading_comprehension|listening_comprehension,3,prompt_templates_v2
IMG_ACTION_TO_RETURN,action_to_return,To Return,action_scene,universal,img__action_to_return__v1.webp,1024x1024,digital_art_flat_v3,clean studio with floor shadow,"A simplified person performing the action ""return"" in side view, modern flat digital art, vector-inspired clean shapes, soft gradients, clear gesture and body language, centered composition, clean studio with floor shadow background, minimal and uncluttered, no facial features, no text, no letters, no numerals, no logos, no watermark, no border",language_learning|cross_language_vocabulary|reading_comprehension|listening_comprehension,2,prompt_templates_v2
IMG_ACTION_TO_RISE,action_to_rise,To Rise,action_scene,universal,img__action_to_rise__v1.webp,1024x1024,digital_art_flat_v3,minimal office-like scene,"A simplified person performing the action ""rise"" in side view, modern flat digital art, vector-inspired clean shapes, soft gradients, clear gesture and body language, centered composition, minimal office-like scene background, minimal and uncluttered, no facial features, no text, no letters, no numerals, no logos, no watermark, no border",language_learning|cross_language_vocabulary|reading_comprehension|listening_comprehension,2,prompt_templates_v2
IMG_ACTION_TO_RISE_UP,action_to_rise_up,To Rise Up,action_scene,universal,img__action_to_rise_up__v1.webp,1024x1024,digital_art_flat_v3,simple indoor scene minimal props,"A simplified person performing the action ""rise up"" in side view, modern flat digital art, vector-inspired clean shapes, soft gradients, clear gesture and body language, centered composition, simple indoor scene minimal props background, minimal and uncluttered, no facial features, no text, no letters, no numerals, no logos, no watermark, no border",language_learning|cross_language_vocabulary|reading_comprehension|listening_comprehension,1,prompt_templates_v2
IMG_ACTION_TO_RUN,action_to_run,To Run,action_scene,universal,img__action_to_run__v1.webp,1024x1024,digital_art_flat_v3,soft outdoor neutral scene,"A simplified person performing the action ""run"" in side view, modern flat digital art, vector-inspired clean shapes, soft gradients, clear gesture and body language, centered composition, soft outdoor neutral scene background, minimal and uncluttered, no facial features, no text, no letters, no numerals, no logos, no watermark, no border",language_learning|cross_language_vocabulary|reading_comprehension|listening_comprehension,1,prompt_templates_v2
IMG_ACTION_TO_SEE,action_to_see,To See,action_scene,universal,img__action_to_see__v1.webp,1024x1024,digital_art_flat_v3,simple indoor scene minimal props,"A simplified person performing the action ""see"" in side view, modern flat digital art, vector-inspired clean shapes, soft gradients, clear gesture and body language, centered composition, simple indoor scene minimal props background, minimal and uncluttered, no facial features, no text, no letters, no numerals, no logos, no watermark, no border",language_learning|cross_language_vocabulary|reading_comprehension|listening_comprehension,4,prompt_templates_v2
IMG_ACTION_TO_SING,action_to_sing,To Sing,action_scene,universal,img__action_to_sing__v1.webp,1024x1024,digital_art_flat_v3,soft outdoor neutral scene,"A simplified person performing the action ""sing"" in side view, modern flat digital art, vector-inspired clean shapes, soft gradients, clear gesture and body language, centered composition, soft outdoor neutral scene background, minimal and uncluttered, no facial features, no text, no letters, no numerals, no logos, no watermark, no border",language_learning|cross_language_vocabulary|reading_comprehension|listening_comprehension,1,prompt_templates_v2
IMG_ACTION_TO_SIT,action_to_sit,To Sit,action_scene,universal,img__action_to_sit__v1.webp,1024x1024,digital_art_flat_v3,minimal office-like scene,"A simplified person performing the action ""sit"" in side view, modern flat digital art, vector-inspired clean shapes, soft gradients, clear gesture and body language, centered composition, minimal office-like scene background, minimal and uncluttered, no facial features, no text, no letters, no numerals, no logos, no watermark, no border",language_learning|cross_language_vocabulary|reading_comprehension|listening_comprehension,1,prompt_templates_v2
IMG_ACTION_TO_SLEEP,action_to_sleep,To Sleep,action_scene,universal,img__action_to_sleep__v1.webp,1024x1024,digital_art_flat_v3,soft neutral gradient,"A simplified person performing the action ""sleep"" in side view, modern flat digital art, vector-inspired clean shapes, soft gradients, clear gesture and body language, centered composition, soft neutral gradient background, minimal and uncluttered, no facial features, no text, no letters, no numerals, no logos, no watermark, no border",language_learning|cross_language_vocabulary|reading_comprehension|listening_comprehension,2,prompt_templates_v2
IMG_ACTION_TO_SPEAK,action_to_speak,To Speak,action_scene,universal,img__action_to_speak__v1.webp,1024x1024,digital_art_flat_v3,clean studio with floor shadow,"A simplified person performing the action ""speak"" in side view, modern flat digital art, vector-inspired clean shapes, soft gradients, clear gesture and body language, centered composition, clean studio with floor shadow background, minimal and uncluttered, no facial features, no text, no letters, no numerals, no logos, no watermark, no border",language_learning|cross_language_vocabulary|reading_comprehension|listening_comprehension,2,prompt_templates_v2
IMG_ACTION_TO_SPEND,action_to_spend,To Spend,action_scene,universal,img__action_to_spend__v1.webp,1024x1024,digital_art_flat_v3,simple indoor scene minimal props,"A simplified person performing the action ""spend"" in side view, modern flat digital art, vector-inspired clean shapes, soft gradients, clear gesture and body language, centered composition, simple indoor scene minimal props background, minimal and uncluttered, no facial features, no text, no letters, no numerals, no logos, no watermark, no border",language_learning|cross_language_vocabulary|reading_comprehension|listening_comprehension,1,prompt_templates_v2
IMG_ACTION_TO_STAND,action_to_stand,To Stand,action_scene,universal,img__action_to_stand__v1.webp,1024x1024,digital_art_flat_v3,clean studio with floor shadow,"A simplified person performing the action ""stand"" in side view, modern flat digital art, vector-inspired clean shapes, soft gradients, clear gesture and body language, centered composition, clean studio with floor shadow background, minimal and uncluttered, no facial features, no text, no letters, no numerals, no logos, no watermark, no border",language_learning|cross_language_vocabulary|reading_comprehension|listening_comprehension,1,prompt_templates_v2
IMG_ACTION_TO_STAY,action_to_stay,To Stay,action_scene,universal,img__action_to_stay__v1.webp,1024x1024,digital_art_flat_v3,simple indoor scene minimal props,"A simplified person performing the action ""stay"" in side view, modern flat digital art, vector-inspired clean shapes, soft gradients, clear gesture and body language, centered composition, simple indoor scene minimal props background, minimal and uncluttered, no facial features, no text, no letters, no numerals, no logos, no watermark, no border",language_learning|cross_language_vocabulary|reading_comprehension|listening_comprehension,1,prompt_templates_v2
IMG_ACTION_TO_STUDY_OR_LEARN,action_to_study_or_learn,To Study Or Learn,action_scene,universal,img__action_to_study_or_learn__v1.webp,1024x1024,digital_art_flat_v3,simple indoor scene minimal props,"A simplified person performing the action ""study or learn"" in side view, modern flat digital art, vector-inspired clean shapes, soft gradients, clear gesture and body language, centered composition, simple indoor scene minimal props background, minimal and uncluttered, no facial features, no text, no letters, no numerals, no logos, no watermark, no border",language_learning|cross_language_vocabulary|reading_comprehension|listening_comprehension,1,prompt_templates_v2
IMG_ACTION_TO_TAKE,action_to_take,To Take,action_scene,universal,img__action_to_take__v1.webp,1024x1024,digital_art_flat_v3,clean studio with floor shadow,"A simplified person performing the action ""take"" in side view, modern flat digital art, vector-inspired clean shapes, soft gradients, clear gesture and body language, centered composition, clean studio with floor shadow background, minimal and uncluttered, no facial features, no text, no letters, no numerals, no logos, no watermark, no border",language_learning|cross_language_vocabulary|reading_comprehension|listening_comprehension,1,prompt_templates_v2
IMG_ACTION_TO_TAKE_A_VEHICLE,action_to_take_a_vehicle,To Take (A Vehicle),action_scene,universal,img__action_to_take_a_vehicle__v1.webp,1024x1024,digital_art_flat_v3,clean studio with floor shadow,"A simplified person performing the action ""take (a vehicle)"" in side view, modern flat digital art, vector-inspired clean shapes, soft gradients, clear gesture and body language, centered composition, clean studio with floor shadow background, minimal and uncluttered, no facial features, no text, no letters, no numerals, no logos, no watermark, no border",language_learning|cross_language_vocabulary|reading_comprehension|listening_comprehension,1,prompt_templates_v2
IMG_ACTION_TO_TALK,action_to_talk,To Talk,action_scene,universal,img__action_to_talk__v1.webp,1024x1024,digital_art_flat_v3,simple indoor scene minimal props,"A simplified person performing the action ""talk"" in side view, modern flat digital art, vector-inspired clean shapes, soft gradients, clear gesture and body language, centered composition, simple indoor scene minimal props background, minimal and uncluttered, no facial features, no text, no letters, no numerals, no logos, no watermark, no border",language_learning|cross_language_vocabulary|reading_comprehension|listening_comprehension,1,prompt_templates_v2
IMG_ACTION_TO_TEACH,action_to_teach,To Teach,action_scene,universal,img__action_to_teach__v1.webp,1024x1024,digital_art_flat_v3,simple indoor scene minimal props,"A simplified person performing the action ""teach"" in side view, modern flat digital art, vector-inspired clean shapes, soft gradients, clear gesture and body language, centered composition, simple indoor scene minimal props background, minimal and uncluttered, no facial features, no text, no letters, no numerals, no logos, no watermark, no border",language_learning|cross_language_vocabulary|reading_comprehension|listening_comprehension,1,prompt_templates_v2
IMG_ACTION_TO_TELL,action_to_tell,To Tell,action_scene,universal,img__action_to_tell__v1.webp,1024x1024,digital_art_flat_v3,simple indoor scene minimal props,"A simplified person performing the action ""tell"" in side view, modern flat digital art, vector-inspired clean shapes, soft gradients, clear gesture and body language, centered composition, simple indoor scene minimal props background, minimal and uncluttered, no facial features, no text, no letters, no numerals, no logos, no watermark, no border",language_learning|cross_language_vocabulary|reading_comprehension|listening_comprehension,1,prompt_templates_v2
IMG_ACTION_TO_THINK,action_to_think,To Think,action_scene,universal,img__action_to_think__v1.webp,1024x1024,digital_art_flat_v3,clean studio with floor shadow,"A simplified person performing the action ""think"" in side view, modern flat digital art, vector-inspired clean shapes, soft gradients, clear gesture and body language, centered composition, clean studio with floor shadow background, minimal and uncluttered, no facial features, no text, no letters, no numerals, no logos, no watermark, no border",language_learning|cross_language_vocabulary|reading_comprehension|listening_comprehension,1,prompt_templates_v2
IMG_ACTION_TO_TRY_OR_TEST,action_to_try_or_test,To Try Or Test,action_scene,universal,img__action_to_try_or_test__v1.webp,1024x1024,digital_art_flat_v3,minimal office-like scene,"A simplified person performing the action ""try or test"" in side view, modern flat digital art, vector-inspired clean shapes, soft gradients, clear gesture and body language, centered composition, minimal office-like scene background, minimal and uncluttered, no facial features, no text, no letters, no numerals, no logos, no watermark, no border",language_learning|cross_language_vocabulary|reading_comprehension|listening_comprehension,1,prompt_templates_v2
IMG_ACTION_TO_TURN_OFF,action_to_turn_off,To Turn Off,action_scene,universal,img__action_to_turn_off__v1.webp,1024x1024,digital_art_flat_v3,minimal office-like scene,"A simplified person performing the action ""turn off"" in side view, modern flat digital art, vector-inspired clean shapes, soft gradients, clear gesture and body language, centered composition, minimal office-like scene background, minimal and uncluttered, no facial features, no text, no letters, no numerals, no logos, no watermark, no border",language_learning|cross_language_vocabulary|reading_comprehension|listening_comprehension,1,prompt_templates_v2
IMG_ACTION_TO_UNDERSTAND,action_to_understand,To Understand,action_scene,universal,img__action_to_understand__v1.webp,1024x1024,digital_art_flat_v3,soft outdoor neutral scene,"A simplified person performing the action ""understand"" in side view, modern flat digital art, vector-inspired clean shapes, soft gradients, clear gesture and body language, centered composition, soft outdoor neutral scene background, minimal and uncluttered, no facial features, no text, no letters, no numerals, no logos, no watermark, no border",language_learning|cross_language_vocabulary|reading_comprehension|listening_comprehension,1,prompt_templates_v2
IMG_ACTION_TO_USE,action_to_use,To Use,action_scene,universal,img__action_to_use__v1.webp,1024x1024,digital_art_flat_v3,simple indoor scene minimal props,"A simplified person performing the action ""use"" in side view, modern flat digital art, vector-inspired clean shapes, soft gradients, clear gesture and body language, centered composition, simple indoor scene minimal props background, minimal and uncluttered, no facial features, no text, no letters, no numerals, no logos, no watermark, no border",language_learning|cross_language_vocabulary|reading_comprehension|listening_comprehension,1,prompt_templates_v2
IMG_ACTION_TO_WAIT,action_to_wait,To Wait,action_scene,universal,img__action_to_wait__v1.webp,1024x1024,digital_art_flat_v3,minimal office-like scene,"A simplified person performing the action ""wait"" in side view, modern flat digital art, vector-inspired clean shapes, soft gradients, clear gesture and body language, centered composition, minimal office-like scene background, minimal and uncluttered, no facial features, no text, no letters, no numerals, no logos, no watermark, no border",language_learning|cross_language_vocabulary|reading_comprehension|listening_comprehension,1,prompt_templates_v2
IMG_ACTION_TO_WALK,action_to_walk,To Walk,action_scene,universal,img__action_to_walk__v1.webp,1024x1024,digital_art_flat_v3,clean studio with floor shadow,"A simplified person performing the action ""walk"" in side view, modern flat digital art, vector-inspired clean shapes, soft gradients, clear gesture and body language, centered composition, clean studio with floor shadow background, minimal and uncluttered, no facial features, no text, no letters, no numerals, no logos, no watermark, no border",language_learning|cross_language_vocabulary|reading_comprehension|listening_comprehension,1,prompt_templates_v2
IMG_ACTION_TO_WALK_OR_MOVE,action_to_walk_or_move,To Walk Or Move,action_scene,universal,img__action_to_walk_or_move__v1.webp,1024x1024,digital_art_flat_v3,simple indoor scene minimal props,"A simplified person performing the action ""walk or move"" in side view, modern flat digital art, vector-inspired clean shapes, soft gradients, clear gesture and body language, centered composition, simple indoor scene minimal props background, minimal and uncluttered, no facial features, no text, no letters, no numerals, no logos, no watermark, no border",language_learning|cross_language_vocabulary|reading_comprehension|listening_comprehension,1,prompt_templates_v2
IMG_ACTION_TO_WANT,action_to_want,To Want,action_scene,universal,img__action_to_want__v1.webp,1024x1024,digital_art_flat_v3,minimal office-like scene,"A simplified person performing the action ""want"" in side view, modern flat digital art, vector-inspired clean shapes, soft gradients, clear gesture and body language, centered composition, minimal office-like scene background, minimal and uncluttered, no facial features, no text, no letters, no numerals, no logos, no watermark, no border",language_learning|cross_language_vocabulary|reading_comprehension|listening_comprehension,2,prompt_templates_v2
IMG_ACTION_TO_WASH,action_to_wash,To Wash,action_scene,universal,img__action_to_wash__v1.webp,1024x1024,digital_art_flat_v3,soft outdoor neutral scene,"A simplified person performing the action ""wash"" in side view, modern flat digital art, vector-inspired clean shapes, soft gradients, clear gesture and body language, centered composition, soft outdoor neutral scene background, minimal and uncluttered, no facial features, no text, no letters, no numerals, no logos, no watermark, no border",language_learning|cross_language_vocabulary|reading_comprehension|listening_comprehension,1,prompt_templates_v2
IMG_ACTION_TO_WATCH,action_to_watch,To Watch,action_scene,universal,img__action_to_watch__v1.webp,1024x1024,digital_art_flat_v3,clean studio with floor shadow,"A simplified person performing the action ""watch"" in side view, modern flat digital art, vector-inspired clean shapes, soft gradients, clear gesture and body language, centered composition, clean studio with floor shadow background, minimal and uncluttered, no facial features, no text, no letters, no numerals, no logos, no watermark, no border",language_learning|cross_language_vocabulary|reading_comprehension|listening_comprehension,1,prompt_templates_v2
IMG_ACTION_TO_WEAR,action_to_wear,To Wear,action_scene,universal,img__action_to_wear__v1.webp,1024x1024,digital_art_flat_v3,soft outdoor neutral scene,"A simplified person performing the action ""wear"" in side view, modern flat digital art, vector-inspired clean shapes, soft gradients, clear gesture and body language, centered composition, soft outdoor neutral scene background, minimal and uncluttered, no facial features, no text, no letters, no numerals, no logos, no watermark, no border",language_learning|cross_language_vocabulary|reading_comprehension|listening_comprehension,1,prompt_templates_v2
IMG_ACTION_TO_WRAP_OR_CONTAIN,action_to_wrap_or_contain,To Wrap Or Contain,action_scene,universal,img__action_to_wrap_or_contain__v1.webp,1024x1024,digital_art_flat_v3,minimal office-like scene,"A simplified person performing the action ""wrap or contain"" in side view, modern flat digital art, vector-inspired clean shapes, soft gradients, clear gesture and body language, centered composition, minimal office-like scene background, minimal and uncluttered, no facial features, no text, no letters, no numerals, no logos, no watermark, no border",language_learning|cross_language_vocabulary|reading_comprehension|listening_comprehension,1,prompt_templates_v2
IMG_ACTION_TO_WRITE,action_to_write,To Write,action_scene,universal,img__action_to_write__v1.webp,1024x1024,digital_art_flat_v3,soft outdoor neutral scene,"A simplified person performing the action ""write"" in side view, modern flat digital art, vector-inspired clean shapes, soft gradients, clear gesture and body language, centered composition, soft outdoor neutral scene background, minimal and uncluttered, no facial features, no text, no letters, no numerals, no logos, no watermark, no border",language_learning|cross_language_vocabulary|reading_comprehension|listening_comprehension,1,prompt_templates_v2
IMG_CULTURE_YUAN,culture_yuan,Yuan,cultural_specific,language_specific,img__culture_yuan__v1.webp,1024x1024,digital_art_flat_v3,minimal room corner pastel,"Yuan with authentic cultural details, modern flat digital art, vector-inspired clean shapes, soft gradients, centered composition, minimal room corner pastel background, recognizable traditional elements, minimal clutter, no text, no letters, no numerals, no logos, no watermark, no border",language_learning|cross_language_vocabulary|reading_comprehension|listening_comprehension,1,prompt_templates_v2
IMG_GRAMMAR_A_GENERAL_MEASURE_WORD,grammar_a_general_measure_word,A General Measure Word,icon_grammar,universal,img__grammar_a_general_measure_word__v1.webp,1024x1024,digital_art_flat_v3,soft neutral paper texture,"Minimalist geometric icon representing the grammar function ""a general measure word"", modern flat design, simple clean lines, single accent color with subtle gradient, centered on soft neutral paper texture background, abstract and symbolic, no text, no letters, no numerals, no logos, no watermark, no border",language_learning|cross_language_vocabulary|reading_comprehension|listening_comprehension,1,prompt_templates_v2
IMG_GRAMMAR_A_PARTICLE_INDICATING_SUGGESTION_OR_REQUEST,grammar_a_particle_indicating_suggestion_or_request,A Particle Indicating Suggestion Or Request,icon_grammar,universal,img__grammar_a_particle_indicating_suggestion_or_request__v1.webp,1024x1024,digital_art_flat_v3,very light abstract geometric backdrop,"Minimalist geometric icon representing the grammar function ""a particle indicating suggestion or request"", modern flat design, simple clean lines, single accent color with subtle gradient, centered on very light abstract geometric backdrop background, abstract and symbolic, no text, no letters, no numerals, no logos, no watermark, no border",language_learning|cross_language_vocabulary|reading_comprehension|listening_comprehension,1,prompt_templates_v2
IMG_GRAMMAR_ALL,grammar_all,All,icon_grammar,universal,img__grammar_all__v1.webp,1024x1024,digital_art_flat_v3,very light abstract geometric backdrop,"Minimalist geometric icon representing the grammar function ""all"", modern flat design, simple clean lines, single accent color with subtle gradient, centered on very light abstract geometric backdrop background, abstract and symbolic, no text, no letters, no numerals, no logos, no watermark, no border",language_learning|cross_language_vocabulary|reading_comprehension|listening_comprehension,1,prompt_templates_v2
IMG_GRAMMAR_BOTH,grammar_both,Both,icon_grammar,universal,img__grammar_both__v1.webp,1024x1024,digital_art_flat_v3,soft neutral paper texture,"Minimalist geometric icon representing the grammar function ""both"", modern flat design, simple clean lines, single accent color with subtle gradient, centered on soft neutral paper texture background, abstract and symbolic, no text, no letters, no numerals, no logos, no watermark, no border",language_learning|cross_language_vocabulary|reading_comprehension|listening_comprehension,1,prompt_templates_v2
IMG_GRAMMAR_HOW_MANY,grammar_how_many,How Many,icon_grammar,universal,img__grammar_how_many__v1.webp,1024x1024,digital_art_flat_v3,soft neutral paper texture,"Minimalist geometric icon representing the grammar function ""how many"", modern flat design, simple clean lines, single accent color with subtle gradient, centered on soft neutral paper texture background, abstract and symbolic, no text, no letters, no numerals, no logos, no watermark, no border",language_learning|cross_language_vocabulary|reading_comprehension|listening_comprehension,2,prompt_templates_v2
IMG_GRAMMAR_HOW_MUCH,grammar_how_much,How Much,icon_grammar,universal,img__grammar_how_much__v1.webp,1024x1024,digital_art_flat_v3,very light abstract geometric backdrop,"Minimalist geometric icon representing the grammar function ""how much"", modern flat design, simple clean lines, single accent color with subtle gradient, centered on very light abstract geometric backdrop background, abstract and symbolic, no text, no letters, no numerals, no logos, no watermark, no border",language_learning|cross_language_vocabulary|reading_comprehension|listening_comprehension,1,prompt_templates_v2
IMG_GRAMMAR_MEASURE_WORD,grammar_measure_word,Measure Word,icon_grammar,universal,img__grammar_measure_word__v1.webp,1024x1024,digital_art_flat_v3,soft neutral paper texture,"Minimalist geometric icon representing the grammar function ""measure word"", modern flat design, simple clean lines, single accent color with subtle gradient, centered on soft neutral paper texture background, abstract and symbolic, no text, no letters, no numerals, no logos, no watermark, no border",language_learning|cross_language_vocabulary|reading_comprehension|listening_comprehension,1,prompt_templates_v2
IMG_GRAMMAR_MEASURE_WORD_FOR_BOOKS,grammar_measure_word_for_books,Measure Word For Books,icon_grammar,universal,img__grammar_measure_word_for_books__v1.webp,1024x1024,digital_art_flat_v3,very light abstract geometric backdrop,"Minimalist geometric icon representing the grammar function ""measure word for books"", modern flat design, simple clean lines, single accent color with subtle gradient, centered on very light abstract geometric backdrop background, abstract and symbolic, no text, no letters, no numerals, no logos, no watermark, no border",language_learning|cross_language_vocabulary|reading_comprehension|listening_comprehension,1,prompt_templates_v2
IMG_GRAMMAR_NO,grammar_no,No,icon_grammar,universal,img__grammar_no__v1.webp,1024x1024,digital_art_flat_v3,very light abstract geometric backdrop,"Minimalist geometric icon representing the grammar function ""no"", modern flat design, simple clean lines, single accent color with subtle gradient, centered on very light abstract geometric backdrop background, abstract and symbolic, no text, no letters, no numerals, no logos, no watermark, no border",language_learning|cross_language_vocabulary|reading_comprehension|listening_comprehension,1,prompt_templates_v2
IMG_GRAMMAR_NOT,grammar_not,Not,icon_grammar,universal,img__grammar_not__v1.webp,1024x1024,digital_art_flat_v3,soft neutral paper texture,"Minimalist geometric icon representing the grammar function ""not"", modern flat design, simple clean lines, single accent color with subtle gradient, centered on soft neutral paper texture background, abstract and symbolic, no text, no letters, no numerals, no logos, no watermark, no border",language_learning|cross_language_vocabulary|reading_comprehension|listening_comprehension,2,prompt_templates_v2
IMG_GRAMMAR_PLURAL_MARKER_FOR_PRONOUNS,grammar_plural_marker_for_pronouns,Plural Marker For Pronouns,icon_grammar,universal,img__grammar_plural_marker_for_pronouns__v1.webp,1024x1024,digital_art_flat_v3,soft neutral gradient,"Minimalist geometric icon representing the grammar function ""plural marker for pronouns"", modern flat design, simple clean lines, single accent color with subtle gradient, centered on soft neutral gradient background, abstract and symbolic, no text, no letters, no numerals, no logos, no watermark, no border",language_learning|cross_language_vocabulary|reading_comprehension|listening_comprehension,1,prompt_templates_v2
IMG_GRAMMAR_POSSESSIVE_PARTICLE,grammar_possessive_particle,Possessive Particle,icon_grammar,universal,img__grammar_possessive_particle__v1.webp,1024x1024,digital_art_flat_v3,soft neutral paper texture,"Minimalist geometric icon representing the grammar function ""possessive particle"", modern flat design, simple clean lines, single accent color with subtle gradient, centered on soft neutral paper texture background, abstract and symbolic, no text, no letters, no numerals, no logos, no watermark, no border",language_learning|cross_language_vocabulary|reading_comprehension|listening_comprehension,1,prompt_templates_v2
IMG_GRAMMAR_QUESTION_PARTICLE,grammar_question_particle,Question Particle,icon_grammar,universal,img__grammar_question_particle__v1.webp,1024x1024,digital_art_flat_v3,soft neutral paper texture,"Minimalist geometric icon representing the grammar function ""question particle"", modern flat design, simple clean lines, single accent color with subtle gradient, centered on soft neutral paper texture background, abstract and symbolic, no text, no letters, no numerals, no logos, no watermark, no border",language_learning|cross_language_vocabulary|reading_comprehension|listening_comprehension,2,prompt_templates_v2
IMG_GRAMMAR_STRUCTURAL_PARTICLE_BEFORE_ADVERBIAL,grammar_structural_particle_before_adverbial,Structural Particle (Before Adverbial),icon_grammar,universal,img__grammar_structural_particle_before_adverbial__v1.webp,1024x1024,digital_art_flat_v3,very light abstract geometric backdrop,"Minimalist geometric icon representing the grammar function ""structural particle (before adverbial)"", modern flat design, simple clean lines, single accent color with subtle gradient, centered on very light abstract geometric backdrop background, abstract and symbolic, no text, no letters, no numerals, no logos, no watermark, no border",language_learning|cross_language_vocabulary|reading_comprehension|listening_comprehension,1,prompt_templates_v2
IMG_GRAMMAR_THAT,grammar_that,That,icon_grammar,universal,img__grammar_that__v1.webp,1024x1024,digital_art_flat_v3,soft neutral paper texture,"Minimalist geometric icon representing the grammar function ""that"", modern flat design, simple clean lines, single accent color with subtle gradient, centered on soft neutral paper texture background, abstract and symbolic, no text, no letters, no numerals, no logos, no watermark, no border",language_learning|cross_language_vocabulary|reading_comprehension|listening_comprehension,1,prompt_templates_v2
IMG_GRAMMAR_THESE,grammar_these,These,icon_grammar,universal,img__grammar_these__v1.webp,1024x1024,digital_art_flat_v3,very light abstract geometric backdrop,"Minimalist geometric icon representing the grammar function ""these"", modern flat design, simple clean lines, single accent color with subtle gradient, centered on very light abstract geometric backdrop background, abstract and symbolic, no text, no letters, no numerals, no logos, no watermark, no border",language_learning|cross_language_vocabulary|reading_comprehension|listening_comprehension,1,prompt_templates_v2
IMG_GRAMMAR_THIS,grammar_this,This,icon_grammar,universal,img__grammar_this__v1.webp,1024x1024,digital_art_flat_v3,soft neutral paper texture,"Minimalist geometric icon representing the grammar function ""this"", modern flat design, simple clean lines, single accent color with subtle gradient, centered on soft neutral paper texture background, abstract and symbolic, no text, no letters, no numerals, no logos, no watermark, no border",language_learning|cross_language_vocabulary|reading_comprehension|listening_comprehension,1,prompt_templates_v2
IMG_GRAMMAR_THOSE,grammar_those,Those,icon_grammar,universal,img__grammar_those__v1.webp,1024x1024,digital_art_flat_v3,soft neutral paper texture,"Minimalist geometric icon representing the grammar function ""those"", modern flat design, simple clean lines, single accent color with subtle gradient, centered on soft neutral paper texture background, abstract and symbolic, no text, no letters, no numerals, no logos, no watermark, no border",language_learning|cross_language_vocabulary|reading_comprehension|listening_comprehension,1,prompt_templates_v2
IMG_LOCATION_ABROAD,location_abroad,Abroad,location,universal,img__location_abroad__v1.webp,1024x1024,digital_art_flat_v3,minimal room corner pastel,"A abroad scene with key recognizable architectural elements, modern flat digital art, vector-inspired clean shapes, soft gradients, centered composition, minimal room corner pastel background, simplified architectural elements, minimal and uncluttered, no text, no signs, no letters, no numerals, no logos, no watermark, no border",language_learning|cross_language_vocabulary|reading_comprehension|listening_comprehension,1,prompt_templates_v2
IMG_LOCATION_AFTER_SCHOOL,location_after_school,After School,location,universal,img__location_after_school__v1.webp,1024x1024,digital_art_flat_v3,clean studio light gray,"A after school scene with key recognizable architectural elements, modern flat digital art, vector-inspired clean shapes, soft gradients, centered composition, clean studio light gray background, simplified architectural elements, minimal and uncluttered, no text, no signs, no letters, no numerals, no logos, no watermark, no border",language_learning|cross_language_vocabulary|reading_comprehension|listening_comprehension,1,prompt_templates_v2
IMG_LOCATION_AIRPORT,location_airport,Airport,location,universal,img__location_airport__v1.webp,1024x1024,digital_art_flat_v3,soft neutral gradient,"An airport scene with terminal windows, seating area, and directional structure, modern flat digital art, vector-inspired clean shapes, soft gradients, centered composition, soft neutral gradient background, simplified architectural elements, minimal and uncluttered, no text, no signs, no letters, no numerals, no logos, no watermark, no border",language_learning|cross_language_vocabulary|reading_comprehension|listening_comprehension,1,prompt_templates_v2
IMG_LOCATION_AT_HOME,location_at_home,At Home,location,universal,img__location_at_home__v1.webp,1024x1024,digital_art_flat_v3,soft neutral gradient,"A at home scene with key recognizable architectural elements, modern flat digital art, vector-inspired clean shapes, soft gradients, centered composition, soft neutral gradient background, simplified architectural elements, minimal and uncluttered, no text, no signs, no letters, no numerals, no logos, no watermark, no border",language_learning|cross_language_vocabulary|reading_comprehension|listening_comprehension,2,prompt_templates_v2
IMG_LOCATION_BEIJING,location_beijing,Beijing,location,universal,img__location_beijing__v1.webp,1024x1024,digital_art_flat_v3,light desk surface with blur,"A beijing scene with key recognizable architectural elements, modern flat digital art, vector-inspired clean shapes, soft gradients, centered composition, light desk surface with blur background, simplified architectural elements, minimal and uncluttered, no text, no signs, no letters, no numerals, no logos, no watermark, no border",language_learning|cross_language_vocabulary|reading_comprehension|listening_comprehension,1,prompt_templates_v2
IMG_LOCATION_BOOKSTORE,location_bookstore,Bookstore,location,universal,img__location_bookstore__v1.webp,1024x1024,digital_art_flat_v3,soft neutral gradient,"A bookstore scene with shopfront and book-display silhouettes, modern flat digital art, vector-inspired clean shapes, soft gradients, centered composition, soft neutral gradient background, simplified architectural elements, minimal and uncluttered, no text, no signs, no letters, no numerals, no logos, no watermark, no border",language_learning|cross_language_vocabulary|reading_comprehension|listening_comprehension,1,prompt_templates_v2
IMG_LOCATION_COUNTRY,location_country,Country,location,universal,img__location_country__v1.webp,1024x1024,digital_art_flat_v3,clean studio light gray,"A country scene with key recognizable architectural elements, modern flat digital art, vector-inspired clean shapes, soft gradients, centered composition, clean studio light gray background, simplified architectural elements, minimal and uncluttered, no text, no signs, no letters, no numerals, no logos, no watermark, no border",language_learning|cross_language_vocabulary|reading_comprehension|listening_comprehension,2,prompt_templates_v2
IMG_LOCATION_ELECTRICITY,location_electricity,Electricity,location,universal,img__location_electricity__v1.webp,1024x1024,digital_art_flat_v3,minimal room corner pastel,"A electricity scene with key recognizable architectural elements, modern flat digital art, vector-inspired clean shapes, soft gradients, centered composition, minimal room corner pastel background, simplified architectural elements, minimal and uncluttered, no text, no signs, no letters, no numerals, no logos, no watermark, no border",language_learning|cross_language_vocabulary|reading_comprehension|listening_comprehension,1,prompt_templates_v2
IMG_LOCATION_ELEMENTARY_SCHOOL_STUDENT,location_elementary_school_student,Elementary School Student,location,universal,img__location_elementary_school_student__v1.webp,1024x1024,digital_art_flat_v3,soft neutral gradient,"An elementary school student scene with key recognizable architectural elements, modern flat digital art, vector-inspired clean shapes, soft gradients, centered composition, soft neutral gradient background, simplified architectural elements, minimal and uncluttered, no text, no signs, no letters, no numerals, no logos, no watermark, no border",language_learning|cross_language_vocabulary|reading_comprehension|listening_comprehension,1,prompt_templates_v2
IMG_LOCATION_FOREIGN_COUNTRY,location_foreign_country,Foreign Country,location,universal,img__location_foreign_country__v1.webp,1024x1024,digital_art_flat_v3,minimal room corner pastel,"A foreign country scene with key recognizable architectural elements, modern flat digital art, vector-inspired clean shapes, soft gradients, centered composition, minimal room corner pastel background, simplified architectural elements, minimal and uncluttered, no text, no signs, no letters, no numerals, no logos, no watermark, no border",language_learning|cross_language_vocabulary|reading_comprehension|listening_comprehension,1,prompt_templates_v2
IMG_LOCATION_GO_HOME,location_go_home,Go Home,location,universal,img__location_go_home__v1.webp,1024x1024,digital_art_flat_v3,light desk surface with blur,"A go home scene with key recognizable architectural elements, modern flat digital art, vector-inspired clean shapes, soft gradients, centered composition, light desk surface with blur background, simplified architectural elements, minimal and uncluttered, no text, no signs, no letters, no numerals, no logos, no watermark, no border",language_learning|cross_language_vocabulary|reading_comprehension|listening_comprehension,1,prompt_templates_v2
IMG_LOCATION_GOING_TO_SCHOOL,location_going_to_school,Going To School,location,universal,img__location_going_to_school__v1.webp,1024x1024,digital_art_flat_v3,minimal room corner pastel,"A going to school scene with key recognizable architectural elements, modern flat digital art, vector-inspired clean shapes, soft gradients, centered composition, minimal room corner pastel background, simplified architectural elements, minimal and uncluttered, no text, no signs, no letters, no numerals, no logos, no watermark, no border",language_learning|cross_language_vocabulary|reading_comprehension|listening_comprehension,1,prompt_templates_v2
IMG_LOCATION_HOME,location_home,Home,location,universal,img__location_home__v1.webp,1024x1024,digital_art_flat_v3,minimal room corner pastel,"A home scene with house silhouette with door and window, modern flat digital art, vector-inspired clean shapes, soft gradients, centered composition, minimal room corner pastel background, simplified architectural elements, minimal and uncluttered, no text, no signs, no letters, no numerals, no logos, no watermark, no border",language_learning|cross_language_vocabulary|reading_comprehension|listening_comprehension,1,prompt_templates_v2
IMG_LOCATION_HOSPITAL,location_hospital,Hospital,location,universal,img__location_hospital__v1.webp,1024x1024,digital_art_flat_v3,soft neutral gradient,"A hospital scene with medical cross symbol, entrance, and clean facade, modern flat digital art, vector-inspired clean shapes, soft gradients, centered composition, soft neutral gradient background, simplified architectural elements, minimal and uncluttered, no text, no signs, no letters, no numerals, no logos, no watermark, no border",language_learning|cross_language_vocabulary|reading_comprehension|listening_comprehension,1,prompt_templates_v2
IMG_LOCATION_HOUSE,location_house,House,location,universal,img__location_house__v1.webp,1024x1024,digital_art_flat_v3,light desk surface with blur,"A house scene with house silhouette with roof, door, and window, modern flat digital art, vector-inspired clean shapes, soft gradients, centered composition, light desk surface with blur background, simplified architectural elements, minimal and uncluttered, no text, no signs, no letters, no numerals, no logos, no watermark, no border",language_learning|cross_language_vocabulary|reading_comprehension|listening_comprehension,1,prompt_templates_v2
IMG_LOCATION_MIDDLE_SCHOOL,location_middle_school,Middle School,location,universal,img__location_middle_school__v1.webp,1024x1024,digital_art_flat_v3,clean studio light gray,"A middle school scene with key recognizable architectural elements, modern flat digital art, vector-inspired clean shapes, soft gradients, centered composition, clean studio light gray background, simplified architectural elements, minimal and uncluttered, no text, no signs, no letters, no numerals, no logos, no watermark, no border",language_learning|cross_language_vocabulary|reading_comprehension|listening_comprehension,1,prompt_templates_v2
IMG_LOCATION_MIDDLE_SCHOOL_STUDENT,location_middle_school_student,Middle School Student,location,universal,img__location_middle_school_student__v1.webp,1024x1024,digital_art_flat_v3,soft neutral gradient,"A middle school student scene with key recognizable architectural elements, modern flat digital art, vector-inspired clean shapes, soft gradients, centered composition, soft neutral gradient background, simplified architectural elements, minimal and uncluttered, no text, no signs, no letters, no numerals, no logos, no watermark, no border",language_learning|cross_language_vocabulary|reading_comprehension|listening_comprehension,1,prompt_templates_v2
IMG_LOCATION_ON_THE_ROAD,location_on_the_road,On The Road,location,universal,img__location_on_the_road__v1.webp,1024x1024,digital_art_flat_v3,minimal room corner pastel,"A on the road scene with key recognizable architectural elements, modern flat digital art, vector-inspired clean shapes, soft gradients, centered composition, minimal room corner pastel background, simplified architectural elements, minimal and uncluttered, no text, no signs, no letters, no numerals, no logos, no watermark, no border",language_learning|cross_language_vocabulary|reading_comprehension|listening_comprehension,1,prompt_templates_v2
IMG_LOCATION_PRIMARY_SCHOOL,location_primary_school,Primary School,location,universal,img__location_primary_school__v1.webp,1024x1024,digital_art_flat_v3,clean studio light gray,"A primary school scene with key recognizable architectural elements, modern flat digital art, vector-inspired clean shapes, soft gradients, centered composition, clean studio light gray background, simplified architectural elements, minimal and uncluttered, no text, no signs, no letters, no numerals, no logos, no watermark, no border",language_learning|cross_language_vocabulary|reading_comprehension|listening_comprehension,1,prompt_templates_v2
IMG_LOCATION_RESTAURANT,location_restaurant,Restaurant,location,universal,img__location_restaurant__v1.webp,1024x1024,digital_art_flat_v3,clean studio light gray,"A restaurant scene with tables, chairs, and serving counter, modern flat digital art, vector-inspired clean shapes, soft gradients, centered composition, clean studio light gray background, simplified architectural elements, minimal and uncluttered, no text, no signs, no letters, no numerals, no logos, no watermark, no border",language_learning|cross_language_vocabulary|reading_comprehension|listening_comprehension,1,prompt_templates_v2
IMG_LOCATION_RESTROOM,location_restroom,Restroom,location,universal,img__location_restroom__v1.webp,1024x1024,digital_art_flat_v3,clean studio light gray,"A restroom scene with key recognizable architectural elements, modern flat digital art, vector-inspired clean shapes, soft gradients, centered composition, clean studio light gray background, simplified architectural elements, minimal and uncluttered, no text, no signs, no letters, no numerals, no logos, no watermark, no border",language_learning|cross_language_vocabulary|reading_comprehension|listening_comprehension,1,prompt_templates_v2
IMG_LOCATION_ROAD,location_road,Road,location,universal,img__location_road__v1.webp,1024x1024,digital_art_flat_v3,light desk surface with blur,"A road scene with lane markings, roadside elements, and horizon line, modern flat digital art, vector-inspired clean shapes, soft gradients, centered composition, light desk surface with blur background, simplified architectural elements, minimal and uncluttered, no text, no signs, no letters, no numerals, no logos, no watermark, no border",language_learning|cross_language_vocabulary|reading_comprehension|listening_comprehension,2,prompt_templates_v2
IMG_LOCATION_ROOM,location_room,Room,location,universal,img__location_room__v1.webp,1024x1024,digital_art_flat_v3,light desk surface with blur,"A room scene with key recognizable architectural elements, modern flat digital art, vector-inspired clean shapes, soft gradients, centered composition, light desk surface with blur background, simplified architectural elements, minimal and uncluttered, no text, no signs, no letters, no numerals, no logos, no watermark, no border",language_learning|cross_language_vocabulary|reading_comprehension|listening_comprehension,1,prompt_templates_v2
IMG_LOCATION_SCHOOL,location_school,School,location,universal,img__location_school__v1.webp,1024x1024,digital_art_flat_v3,soft neutral gradient,"A school scene with building facade, doorway, and simple courtyard, modern flat digital art, vector-inspired clean shapes, soft gradients, centered composition, soft neutral gradient background, simplified architectural elements, minimal and uncluttered, no text, no signs, no letters, no numerals, no logos, no watermark, no border",language_learning|cross_language_vocabulary|reading_comprehension|listening_comprehension,1,prompt_templates_v2
IMG_LOCATION_SCHOOL_BAG,location_school_bag,School Bag,location,universal,img__location_school_bag__v1.webp,1024x1024,digital_art_flat_v3,clean studio light gray,"A school bag scene with key recognizable architectural elements, modern flat digital art, vector-inspired clean shapes, soft gradients, centered composition, clean studio light gray background, simplified architectural elements, minimal and uncluttered, no text, no signs, no letters, no numerals, no logos, no watermark, no border",language_learning|cross_language_vocabulary|reading_comprehension|listening_comprehension,1,prompt_templates_v2
IMG_LOCATION_SHOP,location_shop,Shop,location,universal,img__location_shop__v1.webp,1024x1024,digital_art_flat_v3,minimal room corner pastel,"A shop scene with key recognizable architectural elements, modern flat digital art, vector-inspired clean shapes, soft gradients, centered composition, minimal room corner pastel background, simplified architectural elements, minimal and uncluttered, no text, no signs, no letters, no numerals, no logos, no watermark, no border",language_learning|cross_language_vocabulary|reading_comprehension|listening_comprehension,1,prompt_templates_v2
IMG_LOCATION_SHOPPING_MALL,location_shopping_mall,Shopping Mall,location,universal,img__location_shopping_mall__v1.webp,1024x1024,digital_art_flat_v3,light desk surface with blur,"A shopping mall scene with key recognizable architectural elements, modern flat digital art, vector-inspired clean shapes, soft gradients, centered composition, light desk surface with blur background, simplified architectural elements, minimal and uncluttered, no text, no signs, no letters, no numerals, no logos, no watermark, no border",language_learning|cross_language_vocabulary|reading_comprehension|listening_comprehension,1,prompt_templates_v2
IMG_LOCATION_STATION,location_station,Station,location,universal,img__location_station__v1.webp,1024x1024,digital_art_flat_v3,soft neutral gradient,"A station scene with platform edge, signage shape, and waiting area, modern flat digital art, vector-inspired clean shapes, soft gradients, centered composition, soft neutral gradient background, simplified architectural elements, minimal and uncluttered, no text, no signs, no letters, no numerals, no logos, no watermark, no border",language_learning|cross_language_vocabulary|reading_comprehension|listening_comprehension,1,prompt_templates_v2
IMG_LOCATION_STORE,location_store,Store,location,universal,img__location_store__v1.webp,1024x1024,digital_art_flat_v3,soft neutral gradient,"A store scene with shopfront shape with window display blocks, modern flat digital art, vector-inspired clean shapes, soft gradients, centered composition, soft neutral gradient background, simplified architectural elements, minimal and uncluttered, no text, no signs, no letters, no numerals, no logos, no watermark, no border",language_learning|cross_language_vocabulary|reading_comprehension|listening_comprehension,1,prompt_templates_v2
IMG_LOCATION_STREET,location_street,Street,location,universal,img__location_street__v1.webp,1024x1024,digital_art_flat_v3,soft neutral gradient,"A street scene with road lane, sidewalks, and building outlines, modern flat digital art, vector-inspired clean shapes, soft gradients, centered composition, soft neutral gradient background, simplified architectural elements, minimal and uncluttered, no text, no signs, no letters, no numerals, no logos, no watermark, no border",language_learning|cross_language_vocabulary|reading_comprehension|listening_comprehension,1,prompt_templates_v2
IMG_LOCATION_TRAIN_STATION,location_train_station,Train Station,location,universal,img__location_train_station__v1.webp,1024x1024,digital_art_flat_v3,soft neutral gradient,"A train station scene with platform, rails, and waiting area silhouette, modern flat digital art, vector-inspired clean shapes, soft gradients, centered composition, soft neutral gradient background, simplified architectural elements, minimal and uncluttered, no text, no signs, no letters, no numerals, no logos, no watermark, no border",language_learning|cross_language_vocabulary|reading_comprehension|listening_comprehension,1,prompt_templates_v2
IMG_NUMBER_EIGHT,number_eight,Eight,count_visual,universal,img__number_eight__v1.webp,1024x1024,digital_art_flat_v3,light desk surface with blur,"eight colorful dots in two rows of four, modern flat digital art, vector-inspired clean shapes, soft gradients, centered composition, light desk surface with blur background, clear counting visualization, minimal and uncluttered, no numerals, no text, no letters, no logos, no watermark, no border",language_learning|cross_language_vocabulary|reading_comprehension|listening_comprehension,1,prompt_templates_v2
IMG_NUMBER_FIVE,number_five,Five,count_visual,universal,img__number_five__v1.webp,1024x1024,digital_art_flat_v3,light desk surface with blur,"five colorful circles in a gentle arc, modern flat digital art, vector-inspired clean shapes, soft gradients, centered composition, light desk surface with blur background, clear counting visualization, minimal and uncluttered, no numerals, no text, no letters, no logos, no watermark, no border",language_learning|cross_language_vocabulary|reading_comprehension|listening_comprehension,1,prompt_templates_v2
IMG_NUMBER_FOUR,number_four,Four,count_visual,universal,img__number_four__v1.webp,1024x1024,digital_art_flat_v3,light desk surface with blur,"four colorful circles in a 2x2 grid, modern flat digital art, vector-inspired clean shapes, soft gradients, centered composition, light desk surface with blur background, clear counting visualization, minimal and uncluttered, no numerals, no text, no letters, no logos, no watermark, no border",language_learning|cross_language_vocabulary|reading_comprehension|listening_comprehension,1,prompt_templates_v2
IMG_NUMBER_HALF,number_half,Half,count_visual,universal,img__number_half__v1.webp,1024x1024,digital_art_flat_v3,soft neutral gradient,"one circle split into two equal halves, modern flat digital art, vector-inspired clean shapes, soft gradients, centered composition, soft neutral gradient background, clear counting visualization, minimal and uncluttered, no numerals, no text, no letters, no logos, no watermark, no border",language_learning|cross_language_vocabulary|reading_comprehension|listening_comprehension,2,prompt_templates_v2
IMG_NUMBER_HUNDRED,number_hundred,Hundred,count_visual,universal,img__number_hundred__v1.webp,1024x1024,digital_art_flat_v3,soft neutral gradient,"a dense but clear dot grid suggesting one hundred, modern flat digital art, vector-inspired clean shapes, soft gradients, centered composition, soft neutral gradient background, clear counting visualization, minimal and uncluttered, no numerals, no text, no letters, no logos, no watermark, no border",language_learning|cross_language_vocabulary|reading_comprehension|listening_comprehension,1,prompt_templates_v2
IMG_NUMBER_NINE,number_nine,Nine,count_visual,universal,img__number_nine__v1.webp,1024x1024,digital_art_flat_v3,minimal room corner pastel,"nine colorful dots in a 3x3 grid, modern flat digital art, vector-inspired clean shapes, soft gradients, centered composition, minimal room corner pastel background, clear counting visualization, minimal and uncluttered, no numerals, no text, no letters, no logos, no watermark, no border",language_learning|cross_language_vocabulary|reading_comprehension|listening_comprehension,1,prompt_templates_v2
IMG_NUMBER_ONE,number_one,One,count_visual,universal,img__number_one__v1.webp,1024x1024,digital_art_flat_v3,clean studio light gray,"one colorful circle centered, modern flat digital art, vector-inspired clean shapes, soft gradients, centered composition, clean studio light gray background, clear counting visualization, minimal and uncluttered, no numerals, no text, no letters, no logos, no watermark, no border",language_learning|cross_language_vocabulary|reading_comprehension|listening_comprehension,1,prompt_templates_v2
IMG_NUMBER_SEVEN,number_seven,Seven,count_visual,universal,img__number_seven__v1.webp,1024x1024,digital_art_flat_v3,light desk surface with blur,"seven colorful circles in a balanced cluster, modern flat digital art, vector-inspired clean shapes, soft gradients, centered composition, light desk surface with blur background, clear counting visualization, minimal and uncluttered, no numerals, no text, no letters, no logos, no watermark, no border",language_learning|cross_language_vocabulary|reading_comprehension|listening_comprehension,1,prompt_templates_v2
IMG_NUMBER_SIX,number_six,Six,count_visual,universal,img__number_six__v1.webp,1024x1024,digital_art_flat_v3,minimal room corner pastel,"six colorful circles in two rows of three, modern flat digital art, vector-inspired clean shapes, soft gradients, centered composition, minimal room corner pastel background, clear counting visualization, minimal and uncluttered, no numerals, no text, no letters, no logos, no watermark, no border",language_learning|cross_language_vocabulary|reading_comprehension|listening_comprehension,1,prompt_templates_v2
IMG_NUMBER_TEN,number_ten,Ten,count_visual,universal,img__number_ten__v1.webp,1024x1024,digital_art_flat_v3,clean studio light gray,"ten colorful dots in two columns of five, modern flat digital art, vector-inspired clean shapes, soft gradients, centered composition, clean studio light gray background, clear counting visualization, minimal and uncluttered, no numerals, no text, no letters, no logos, no watermark, no border",language_learning|cross_language_vocabulary|reading_comprehension|listening_comprehension,1,prompt_templates_v2
IMG_NUMBER_THREE,number_three,Three,count_visual,universal,img__number_three__v1.webp,1024x1024,digital_art_flat_v3,light desk surface with blur,"three colorful circles in a horizontal row, modern flat digital art, vector-inspired clean shapes, soft gradients, centered composition, light desk surface with blur background, clear counting visualization, minimal and uncluttered, no numerals, no text, no letters, no logos, no watermark, no border",language_learning|cross_language_vocabulary|reading_comprehension|listening_comprehension,1,prompt_templates_v2
IMG_NUMBER_TWO,number_two,Two,count_visual,universal,img__number_two__v1.webp,1024x1024,digital_art_flat_v3,minimal room corner pastel,"two colorful circles side by side, modern flat digital art, vector-inspired clean shapes, soft gradients, centered composition, minimal room corner pastel background, clear counting visualization, minimal and uncluttered, no numerals, no text, no letters, no logos, no watermark, no border",language_learning|cross_language_vocabulary|reading_comprehension|listening_comprehension,2,prompt_templates_v2
IMG_NUMBER_ZERO,number_zero,Zero,count_visual,universal,img__number_zero__v1.webp,1024x1024,digital_art_flat_v3,soft neutral gradient,"zero-count symbol shown as a single empty circle with soft glow, modern flat digital art, vector-inspired clean shapes, soft gradients, centered composition, soft neutral gradient background, clear counting visualization, minimal and uncluttered, no numerals, no text, no letters, no logos, no watermark, no border",language_learning|cross_language_vocabulary|reading_comprehension|listening_comprehension,1,prompt_templates_v2
IMG_OBJECT_A_FEW,object_a_few,A Few,object_scene,universal,img__object_a_few__v1.webp,1024x1024,digital_art_flat_v3,soft neutral gradient,"A simple a few in three-quarter view, modern flat digital art, vector-inspired clean shapes, soft gradients, centered composition, soft neutral gradient background, minimal and uncluttered, recognizable silhouette, no text, no letters, no numerals, no logos, no watermark, no border",language_learning|cross_language_vocabulary|reading_comprehension|listening_comprehension,1,prompt_templates_v2
IMG_OBJECT_A_LITTLE_BIT,object_a_little_bit,A Little Bit,object_scene,universal,img__object_a_little_bit__v1.webp,1024x1024,digital_art_flat_v3,light desk surface with blur,"A simple a little bit in three-quarter view, modern flat digital art, vector-inspired clean shapes, soft gradients, centered composition, light desk surface with blur background, minimal and uncluttered, recognizable silhouette, no text, no letters, no numerals, no logos, no watermark, no border",language_learning|cross_language_vocabulary|reading_comprehension|listening_comprehension,1,prompt_templates_v2
IMG_OBJECT_A_LITTLE_WHILE,object_a_little_while,A Little While,object_scene,universal,img__object_a_little_while__v1.webp,1024x1024,digital_art_flat_v3,light desk surface with blur,"A simple a little while in three-quarter view, modern flat digital art, vector-inspired clean shapes, soft gradients, centered composition, light desk surface with blur background, minimal and uncluttered, recognizable silhouette, no text, no letters, no numerals, no logos, no watermark, no border",language_learning|cross_language_vocabulary|reading_comprehension|listening_comprehension,1,prompt_templates_v2
IMG_OBJECT_A_MOMENT,object_a_moment,A Moment,object_scene,universal,img__object_a_moment__v1.webp,1024x1024,digital_art_flat_v3,soft neutral gradient,"A simple a moment in three-quarter view, modern flat digital art, vector-inspired clean shapes, soft gradients, centered composition, soft neutral gradient background, minimal and uncluttered, recognizable silhouette, no text, no letters, no numerals, no logos, no watermark, no border",language_learning|cross_language_vocabulary|reading_comprehension|listening_comprehension,2,prompt_templates_v2
IMG_OBJECT_ABOVE,object_above,Above,object_scene,universal,img__object_above__v1.webp,1024x1024,digital_art_flat_v3,minimal room corner pastel,"A simple above in three-quarter view, modern flat digital art, vector-inspired clean shapes, soft gradients, centered composition, minimal room corner pastel background, minimal and uncluttered, recognizable silhouette, no text, no letters, no numerals, no logos, no watermark, no border",language_learning|cross_language_vocabulary|reading_comprehension|listening_comprehension,2,prompt_templates_v2
IMG_OBJECT_ACTION,object_action,Action,object_scene,universal,img__object_action__v1.webp,1024x1024,digital_art_flat_v3,soft neutral gradient,"A simple action in three-quarter view, modern flat digital art, vector-inspired clean shapes, soft gradients, centered composition, soft neutral gradient background, minimal and uncluttered, recognizable silhouette, no text, no letters, no numerals, no logos, no watermark, no border",language_learning|cross_language_vocabulary|reading_comprehension|listening_comprehension,1,prompt_templates_v2
IMG_OBJECT_ADMISSION_TICKET,object_admission_ticket,Admission Ticket,object_scene,universal,img__object_admission_ticket__v1.webp,1024x1024,digital_art_flat_v3,clean studio light gray,"A simple admission ticket in three-quarter view, modern flat digital art, vector-inspired clean shapes, soft gradients, centered composition, clean studio light gray background, minimal and uncluttered, recognizable silhouette, no text, no letters, no numerals, no logos, no watermark, no border",language_learning|cross_language_vocabulary|reading_comprehension|listening_comprehension,1,prompt_templates_v2
IMG_OBJECT_AFTERNOON,object_afternoon,Afternoon,object_scene,universal,img__object_afternoon__v1.webp,1024x1024,digital_art_flat_v3,minimal room corner pastel,"A simple afternoon in three-quarter view, modern flat digital art, vector-inspired clean shapes, soft gradients, centered composition, minimal room corner pastel background, minimal and uncluttered, recognizable silhouette, no text, no letters, no numerals, no logos, no watermark, no border",language_learning|cross_language_vocabulary|reading_comprehension|listening_comprehension,1,prompt_templates_v2
IMG_OBJECT_AGAIN,object_again,Again,object_scene,universal,img__object_again__v1.webp,1024x1024,digital_art_flat_v3,clean studio light gray,"A simple again in three-quarter view, modern flat digital art, vector-inspired clean shapes, soft gradients, centered composition, clean studio light gray background, minimal and uncluttered, recognizable silhouette, no text, no letters, no numerals, no logos, no watermark, no border",language_learning|cross_language_vocabulary|reading_comprehension|listening_comprehension,1,prompt_templates_v2
IMG_OBJECT_AIRPLANE,object_airplane,Airplane,object_scene,universal,img__object_airplane__v1.webp,1024x1024,digital_art_flat_v3,soft neutral gradient,"A simple airplane in three-quarter view, modern flat digital art, vector-inspired clean shapes, soft gradients, centered composition, soft neutral gradient background, minimal and uncluttered, recognizable silhouette, no text, no letters, no numerals, no logos, no watermark, no border",language_learning|cross_language_vocabulary|reading_comprehension|listening_comprehension,1,prompt_templates_v2
IMG_OBJECT_ALSO,object_also,Also,object_scene,universal,img__object_also__v1.webp,1024x1024,digital_art_flat_v3,clean studio light gray,"A simple also in three-quarter view, modern flat digital art, vector-inspired clean shapes, soft gradients, centered composition, clean studio light gray background, minimal and uncluttered, recognizable silhouette, no text, no letters, no numerals, no logos, no watermark, no border",language_learning|cross_language_vocabulary|reading_comprehension|listening_comprehension,1,prompt_templates_v2
IMG_OBJECT_AND_TOGETHER_WITH,object_and_together_with,"And, Together With",object_scene,universal,img__object_and_together_with__v1.webp,1024x1024,digital_art_flat_v3,light desk surface with blur,"A simple and, together with in three-quarter view, modern flat digital art, vector-inspired clean shapes, soft gradients, centered composition, light desk surface with blur background, minimal and uncluttered, recognizable silhouette, no text, no letters, no numerals, no logos, no watermark, no border",language_learning|cross_language_vocabulary|reading_comprehension|listening_comprehension,1,prompt_templates_v2
IMG_OBJECT_ANSWER,object_answer,Answer,object_scene,universal,img__object_answer__v1.webp,1024x1024,digital_art_flat_v3,light desk surface with blur,"A simple answer in three-quarter view, modern flat digital art, vector-inspired clean shapes, soft gradients, centered composition, light desk surface with blur background, minimal and uncluttered, recognizable silhouette, no text, no letters, no numerals, no logos, no watermark, no border",language_learning|cross_language_vocabulary|reading_comprehension|listening_comprehension,1,prompt_templates_v2
IMG_OBJECT_AT_IN_ON,object_at_in_on,"At, In, On",object_scene,universal,img__object_at_in_on__v1.webp,1024x1024,digital_art_flat_v3,clean studio light gray,"A simple at, in, on in three-quarter view, modern flat digital art, vector-inspired clean shapes, soft gradients, centered composition, clean studio light gray background, minimal and uncluttered, recognizable silhouette, no text, no letters, no numerals, no logos, no watermark, no border",language_learning|cross_language_vocabulary|reading_comprehension|listening_comprehension,1,prompt_templates_v2
IMG_OBJECT_ATTEND_CLASS,object_attend_class,Attend Class,object_scene,universal,img__object_attend_class__v1.webp,1024x1024,digital_art_flat_v3,light desk surface with blur,"A simple attend class in three-quarter view, modern flat digital art, vector-inspired clean shapes, soft gradients, centered composition, light desk surface with blur background, minimal and uncluttered, recognizable silhouette, no text, no letters, no numerals, no logos, no watermark, no border",language_learning|cross_language_vocabulary|reading_comprehension|listening_comprehension,1,prompt_templates_v2
IMG_OBJECT_BACK_SIDE,object_back_side,Back Side,object_scene,universal,img__object_back_side__v1.webp,1024x1024,digital_art_flat_v3,light desk surface with blur,"A simple back side in three-quarter view, modern flat digital art, vector-inspired clean shapes, soft gradients, centered composition, light desk surface with blur background, minimal and uncluttered, recognizable silhouette, no text, no letters, no numerals, no logos, no watermark, no border",language_learning|cross_language_vocabulary|reading_comprehension|listening_comprehension,1,prompt_templates_v2
IMG_OBJECT_BAD,object_bad,Bad,object_scene,universal,img__object_bad__v1.webp,1024x1024,digital_art_flat_v3,light desk surface with blur,"A simple bad in three-quarter view, modern flat digital art, vector-inspired clean shapes, soft gradients, centered composition, light desk surface with blur background, minimal and uncluttered, recognizable silhouette, no text, no letters, no numerals, no logos, no watermark, no border",language_learning|cross_language_vocabulary|reading_comprehension|listening_comprehension,1,prompt_templates_v2
IMG_OBJECT_BALL,object_ball,Ball,object_scene,universal,img__object_ball__v1.webp,1024x1024,digital_art_flat_v3,minimal room corner pastel,"A simple ball in three-quarter view, modern flat digital art, vector-inspired clean shapes, soft gradients, centered composition, minimal room corner pastel background, minimal and uncluttered, recognizable silhouette, no text, no letters, no numerals, no logos, no watermark, no border",language_learning|cross_language_vocabulary|reading_comprehension|listening_comprehension,1,prompt_templates_v2
IMG_OBJECT_BED,object_bed,Bed,object_scene,universal,img__object_bed__v1.webp,1024x1024,digital_art_flat_v3,soft neutral gradient,"A simple bed in three-quarter view, modern flat digital art, vector-inspired clean shapes, soft gradients, centered composition, soft neutral gradient background, minimal and uncluttered, recognizable silhouette, no text, no letters, no numerals, no logos, no watermark, no border",language_learning|cross_language_vocabulary|reading_comprehension|listening_comprehension,1,prompt_templates_v2
IMG_OBJECT_BEFORE,object_before,Before,object_scene,universal,img__object_before__v1.webp,1024x1024,digital_art_flat_v3,soft neutral gradient,"A simple before in three-quarter view, modern flat digital art, vector-inspired clean shapes, soft gradients, centered composition, soft neutral gradient background, minimal and uncluttered, recognizable silhouette, no text, no letters, no numerals, no logos, no watermark, no border",language_learning|cross_language_vocabulary|reading_comprehension|listening_comprehension,1,prompt_templates_v2
IMG_OBJECT_BEHIND,object_behind,Behind,object_scene,universal,img__object_behind__v1.webp,1024x1024,digital_art_flat_v3,soft neutral gradient,"A simple behind in three-quarter view, modern flat digital art, vector-inspired clean shapes, soft gradients, centered composition, soft neutral gradient background, minimal and uncluttered, recognizable silhouette, no text, no letters, no numerals, no logos, no watermark, no border",language_learning|cross_language_vocabulary|reading_comprehension|listening_comprehension,1,prompt_templates_v2
IMG_OBJECT_BELOW,object_below,Below,object_scene,universal,img__object_below__v1.webp,1024x1024,digital_art_flat_v3,light desk surface with blur,"A simple below in three-quarter view, modern flat digital art, vector-inspired clean shapes, soft gradients, centered composition, light desk surface with blur background, minimal and uncluttered, recognizable silhouette, no text, no letters, no numerals, no logos, no watermark, no border",language_learning|cross_language_vocabulary|reading_comprehension|listening_comprehension,2,prompt_templates_v2
IMG_OBJECT_BESIDE,object_beside,Beside,object_scene,universal,img__object_beside__v1.webp,1024x1024,digital_art_flat_v3,minimal room corner pastel,"A simple beside in three-quarter view, modern flat digital art, vector-inspired clean shapes, soft gradients, centered composition, minimal room corner pastel background, minimal and uncluttered, recognizable silhouette, no text, no letters, no numerals, no logos, no watermark, no border",language_learning|cross_language_vocabulary|reading_comprehension|listening_comprehension,1,prompt_templates_v2
IMG_OBJECT_BEST,object_best,Best,object_scene,universal,img__object_best__v1.webp,1024x1024,digital_art_flat_v3,soft neutral gradient,"A simple best in three-quarter view, modern flat digital art, vector-inspired clean shapes, soft gradients, centered composition, soft neutral gradient background, minimal and uncluttered, recognizable silhouette, no text, no letters, no numerals, no logos, no watermark, no border",language_learning|cross_language_vocabulary|reading_comprehension|listening_comprehension,1,prompt_templates_v2
IMG_OBJECT_BETWEEN,object_between,Between,object_scene,universal,img__object_between__v1.webp,1024x1024,digital_art_flat_v3,minimal room corner pastel,"A simple between in three-quarter view, modern flat digital art, vector-inspired clean shapes, soft gradients, centered composition, minimal room corner pastel background, minimal and uncluttered, recognizable silhouette, no text, no letters, no numerals, no logos, no watermark, no border",language_learning|cross_language_vocabulary|reading_comprehension|listening_comprehension,1,prompt_templates_v2
IMG_OBJECT_BIG,object_big,Big,object_scene,universal,img__object_big__v1.webp,1024x1024,digital_art_flat_v3,minimal room corner pastel,"A simple big in three-quarter view, modern flat digital art, vector-inspired clean shapes, soft gradients, centered composition, minimal room corner pastel background, minimal and uncluttered, recognizable silhouette, no text, no letters, no numerals, no logos, no watermark, no border",language_learning|cross_language_vocabulary|reading_comprehension|listening_comprehension,1,prompt_templates_v2
IMG_OBJECT_BIRTHDAY,object_birthday,Birthday,object_scene,universal,img__object_birthday__v1.webp,1024x1024,digital_art_flat_v3,minimal room corner pastel,"A simple birthday in three-quarter view, modern flat digital art, vector-inspired clean shapes, soft gradients, centered composition, minimal room corner pastel background, minimal and uncluttered, recognizable silhouette, no text, no letters, no numerals, no logos, no watermark, no border",language_learning|cross_language_vocabulary|reading_comprehension|listening_comprehension,1,prompt_templates_v2
IMG_OBJECT_BODY,object_body,Body,object_scene,universal,img__object_body__v1.webp,1024x1024,digital_art_flat_v3,soft neutral gradient,"A simple body in three-quarter view, modern flat digital art, vector-inspired clean shapes, soft gradients, centered composition, soft neutral gradient background, minimal and uncluttered, recognizable silhouette, no text, no letters, no numerals, no logos, no watermark, no border",language_learning|cross_language_vocabulary|reading_comprehension|listening_comprehension,1,prompt_templates_v2
IMG_OBJECT_BOOK,object_book,Book,object_scene,universal,img__object_book__v1.webp,1024x1024,digital_art_flat_v3,soft neutral gradient,"A simple book in three-quarter view, modern flat digital art, vector-inspired clean shapes, soft gradients, centered composition, soft neutral gradient background, minimal and uncluttered, recognizable silhouette, no text, no letters, no numerals, no logos, no watermark, no border",language_learning|cross_language_vocabulary|reading_comprehension|listening_comprehension,1,prompt_templates_v2
IMG_OBJECT_BOY,object_boy,Boy,object_scene,universal,img__object_boy__v1.webp,1024x1024,digital_art_flat_v3,clean studio light gray,"A simple boy in three-quarter view, modern flat digital art, vector-inspired clean shapes, soft gradients, centered composition, clean studio light gray background, minimal and uncluttered, recognizable silhouette, no text, no letters, no numerals, no logos, no watermark, no border",language_learning|cross_language_vocabulary|reading_comprehension|listening_comprehension,2,prompt_templates_v2
IMG_OBJECT_BOYFRIEND,object_boyfriend,Boyfriend,object_scene,universal,img__object_boyfriend__v1.webp,1024x1024,digital_art_flat_v3,soft neutral gradient,"A simple boyfriend in three-quarter view, modern flat digital art, vector-inspired clean shapes, soft gradients, centered composition, soft neutral gradient background, minimal and uncluttered, recognizable silhouette, no text, no letters, no numerals, no logos, no watermark, no border",language_learning|cross_language_vocabulary|reading_comprehension|listening_comprehension,1,prompt_templates_v2
IMG_OBJECT_BREAD,object_bread,Bread,object_scene,universal,img__object_bread__v1.webp,1024x1024,digital_art_flat_v3,soft neutral gradient,"A simple bread in three-quarter view, modern flat digital art, vector-inspired clean shapes, soft gradients, centered composition, soft neutral gradient background, minimal and uncluttered, recognizable silhouette, no text, no letters, no numerals, no logos, no watermark, no border",language_learning|cross_language_vocabulary|reading_comprehension|listening_comprehension,1,prompt_templates_v2
IMG_OBJECT_BREAKFAST,object_breakfast,Breakfast,object_scene,universal,img__object_breakfast__v1.webp,1024x1024,digital_art_flat_v3,clean studio light gray,"A simple breakfast in three-quarter view, modern flat digital art, vector-inspired clean shapes, soft gradients, centered composition, clean studio light gray background, minimal and uncluttered, recognizable silhouette, no text, no letters, no numerals, no logos, no watermark, no border",language_learning|cross_language_vocabulary|reading_comprehension|listening_comprehension,1,prompt_templates_v2
IMG_OBJECT_BROKEN,object_broken,Broken,object_scene,universal,img__object_broken__v1.webp,1024x1024,digital_art_flat_v3,minimal room corner pastel,"A simple broken in three-quarter view, modern flat digital art, vector-inspired clean shapes, soft gradients, centered composition, minimal room corner pastel background, minimal and uncluttered, recognizable silhouette, no text, no letters, no numerals, no logos, no watermark, no border",language_learning|cross_language_vocabulary|reading_comprehension|listening_comprehension,1,prompt_templates_v2
IMG_OBJECT_BUILDING,object_building,Building,object_scene,universal,img__object_building__v1.webp,1024x1024,digital_art_flat_v3,light desk surface with blur,"A simple building in three-quarter view, modern flat digital art, vector-inspired clean shapes, soft gradients, centered composition, light desk surface with blur background, minimal and uncluttered, recognizable silhouette, no text, no letters, no numerals, no logos, no watermark, no border",language_learning|cross_language_vocabulary|reading_comprehension|listening_comprehension,1,prompt_templates_v2
IMG_OBJECT_BUSY,object_busy,Busy,object_scene,universal,img__object_busy__v1.webp,1024x1024,digital_art_flat_v3,clean studio light gray,"A simple busy in three-quarter view, modern flat digital art, vector-inspired clean shapes, soft gradients, centered composition, clean studio light gray background, minimal and uncluttered, recognizable silhouette, no text, no letters, no numerals, no logos, no watermark, no border",language_learning|cross_language_vocabulary|reading_comprehension|listening_comprehension,1,prompt_templates_v2
IMG_OBJECT_CAN,object_can,Can,object_scene,universal,img__object_can__v1.webp,1024x1024,digital_art_flat_v3,light desk surface with blur,"A simple can in three-quarter view, modern flat digital art, vector-inspired clean shapes, soft gradients, centered composition, light desk surface with blur background, minimal and uncluttered, recognizable silhouette, no text, no letters, no numerals, no logos, no watermark, no border",language_learning|cross_language_vocabulary|reading_comprehension|listening_comprehension,2,prompt_templates_v2
IMG_OBJECT_CAR,object_car,Car,object_scene,universal,img__object_car__v1.webp,1024x1024,digital_art_flat_v3,soft neutral gradient,"A simple car in three-quarter view, modern flat digital art, vector-inspired clean shapes, soft gradients, centered composition, soft neutral gradient background, minimal and uncluttered, recognizable silhouette, no text, no letters, no numerals, no logos, no watermark, no border",language_learning|cross_language_vocabulary|reading_comprehension|listening_comprehension,2,prompt_templates_v2
IMG_OBJECT_CENT,object_cent,Cent,object_scene,universal,img__object_cent__v1.webp,1024x1024,digital_art_flat_v3,minimal room corner pastel,"A simple cent in three-quarter view, modern flat digital art, vector-inspired clean shapes, soft gradients, centered composition, minimal room corner pastel background, minimal and uncluttered, recognizable silhouette, no text, no letters, no numerals, no logos, no watermark, no border",language_learning|cross_language_vocabulary|reading_comprehension|listening_comprehension,1,prompt_templates_v2
IMG_OBJECT_CHARACTER,object_character,Character,object_scene,universal,img__object_character__v1.webp,1024x1024,digital_art_flat_v3,clean studio light gray,"A simple character in three-quarter view, modern flat digital art, vector-inspired clean shapes, soft gradients, centered composition, clean studio light gray background, minimal and uncluttered, recognizable silhouette, no text, no letters, no numerals, no logos, no watermark, no border",language_learning|cross_language_vocabulary|reading_comprehension|listening_comprehension,1,prompt_templates_v2
IMG_OBJECT_CHILD,object_child,Child,object_scene,universal,img__object_child__v1.webp,1024x1024,digital_art_flat_v3,minimal room corner pastel,"A simple child in three-quarter view, modern flat digital art, vector-inspired clean shapes, soft gradients, centered composition, minimal room corner pastel background, minimal and uncluttered, recognizable silhouette, no text, no letters, no numerals, no logos, no watermark, no border",language_learning|cross_language_vocabulary|reading_comprehension|listening_comprehension,3,prompt_templates_v2
IMG_OBJECT_CHINA,object_china,China,object_scene,universal,img__object_china__v1.webp,1024x1024,digital_art_flat_v3,light desk surface with blur,"A simple china in three-quarter view, modern flat digital art, vector-inspired clean shapes, soft gradients, centered composition, light desk surface with blur background, minimal and uncluttered, recognizable silhouette, no text, no letters, no numerals, no logos, no watermark, no border",language_learning|cross_language_vocabulary|reading_comprehension|listening_comprehension,1,prompt_templates_v2
IMG_OBJECT_CHINESE_CHARACTERS,object_chinese_characters,Chinese Characters,object_scene,universal,img__object_chinese_characters__v1.webp,1024x1024,digital_art_flat_v3,soft neutral gradient,"A simple chinese characters in three-quarter view, modern flat digital art, vector-inspired clean shapes, soft gradients, centered composition, soft neutral gradient background, minimal and uncluttered, recognizable silhouette, no text, no letters, no numerals, no logos, no watermark, no border",language_learning|cross_language_vocabulary|reading_comprehension|listening_comprehension,1,prompt_templates_v2
IMG_OBJECT_CHINESE_LANGUAGE,object_chinese_language,Chinese Language,object_scene,universal,img__object_chinese_language__v1.webp,1024x1024,digital_art_flat_v3,soft neutral gradient,"A simple chinese language in three-quarter view, modern flat digital art, vector-inspired clean shapes, soft gradients, centered composition, soft neutral gradient background, minimal and uncluttered, recognizable silhouette, no text, no letters, no numerals, no logos, no watermark, no border",language_learning|cross_language_vocabulary|reading_comprehension|listening_comprehension,2,prompt_templates_v2
IMG_OBJECT_CLASS,object_class,Class,object_scene,universal,img__object_class__v1.webp,1024x1024,digital_art_flat_v3,soft neutral gradient,"A simple class in three-quarter view, modern flat digital art, vector-inspired clean shapes, soft gradients, centered composition, soft neutral gradient background, minimal and uncluttered, recognizable silhouette, no text, no letters, no numerals, no logos, no watermark, no border",language_learning|cross_language_vocabulary|reading_comprehension|listening_comprehension,2,prompt_templates_v2
IMG_OBJECT_CLASS_DISMISSED,object_class_dismissed,Class Dismissed,object_scene,universal,img__object_class_dismissed__v1.webp,1024x1024,digital_art_flat_v3,soft neutral gradient,"A simple class dismissed in three-quarter view, modern flat digital art, vector-inspired clean shapes, soft gradients, centered composition, soft neutral gradient background, minimal and uncluttered, recognizable silhouette, no text, no letters, no numerals, no logos, no watermark, no border",language_learning|cross_language_vocabulary|reading_comprehension|listening_comprehension,1,prompt_templates_v2
IMG_OBJECT_CLASSMATE,object_classmate,Classmate,object_scene,universal,img__object_classmate__v1.webp,1024x1024,digital_art_flat_v3,soft neutral gradient,"A simple classmate in three-quarter view, modern flat digital art, vector-inspired clean shapes, soft gradients, centered composition, soft neutral gradient background, minimal and uncluttered, recognizable silhouette, no text, no letters, no numerals, no logos, no watermark, no border",language_learning|cross_language_vocabulary|reading_comprehension|listening_comprehension,1,prompt_templates_v2
IMG_OBJECT_CLEAN,object_clean,Clean,object_scene,universal,img__object_clean__v1.webp,1024x1024,digital_art_flat_v3,clean studio light gray,"A simple clean in three-quarter view, modern flat digital art, vector-inspired clean shapes, soft gradients, centered composition, clean studio light gray background, minimal and uncluttered, recognizable silhouette, no text, no letters, no numerals, no logos, no watermark, no border",language_learning|cross_language_vocabulary|reading_comprehension|listening_comprehension,1,prompt_templates_v2
IMG_OBJECT_CLEAR,object_clear,Clear,object_scene,universal,img__object_clear__v1.webp,1024x1024,digital_art_flat_v3,minimal room corner pastel,"A simple clear in three-quarter view, modern flat digital art, vector-inspired clean shapes, soft gradients, centered composition, minimal room corner pastel background, minimal and uncluttered, recognizable silhouette, no text, no letters, no numerals, no logos, no watermark, no border",language_learning|cross_language_vocabulary|reading_comprehension|listening_comprehension,1,prompt_templates_v2
IMG_OBJECT_CLOSE_IT,object_close_it,Close It,object_scene,universal,img__object_close_it__v1.webp,1024x1024,digital_art_flat_v3,soft neutral gradient,"A simple close it in three-quarter view, modern flat digital art, vector-inspired clean shapes, soft gradients, centered composition, soft neutral gradient background, minimal and uncluttered, recognizable silhouette, no text, no letters, no numerals, no logos, no watermark, no border",language_learning|cross_language_vocabulary|reading_comprehension|listening_comprehension,1,prompt_templates_v2
IMG_OBJECT_CLOTHES,object_clothes,Clothes,object_scene,universal,img__object_clothes__v1.webp,1024x1024,digital_art_flat_v3,soft neutral gradient,"A simple clothes in three-quarter view, modern flat digital art, vector-inspired clean shapes, soft gradients, centered composition, soft neutral gradient background, minimal and uncluttered, recognizable silhouette, no text, no letters, no numerals, no logos, no watermark, no border",language_learning|cross_language_vocabulary|reading_comprehension|listening_comprehension,1,prompt_templates_v2
IMG_OBJECT_COLD,object_cold,Cold,object_scene,universal,img__object_cold__v1.webp,1024x1024,digital_art_flat_v3,light desk surface with blur,"A simple cold in three-quarter view, modern flat digital art, vector-inspired clean shapes, soft gradients, centered composition, light desk surface with blur background, minimal and uncluttered, recognizable silhouette, no text, no letters, no numerals, no logos, no watermark, no border",language_learning|cross_language_vocabulary|reading_comprehension|listening_comprehension,1,prompt_templates_v2
IMG_OBJECT_COLLEGE_OR_ACADEMY,object_college_or_academy,College Or Academy,object_scene,universal,img__object_college_or_academy__v1.webp,1024x1024,digital_art_flat_v3,light desk surface with blur,"A simple college or academy in three-quarter view, modern flat digital art, vector-inspired clean shapes, soft gradients, centered composition, light desk surface with blur background, minimal and uncluttered, recognizable silhouette, no text, no letters, no numerals, no logos, no watermark, no border",language_learning|cross_language_vocabulary|reading_comprehension|listening_comprehension,1,prompt_templates_v2
IMG_OBJECT_COME_BACK,object_come_back,Come Back,object_scene,universal,img__object_come_back__v1.webp,1024x1024,digital_art_flat_v3,minimal room corner pastel,"A simple come back in three-quarter view, modern flat digital art, vector-inspired clean shapes, soft gradients, centered composition, minimal room corner pastel background, minimal and uncluttered, recognizable silhouette, no text, no letters, no numerals, no logos, no watermark, no border",language_learning|cross_language_vocabulary|reading_comprehension|listening_comprehension,1,prompt_templates_v2
IMG_OBJECT_COME_IN,object_come_in,Come In,object_scene,universal,img__object_come_in__v1.webp,1024x1024,digital_art_flat_v3,minimal room corner pastel,"A simple come in in three-quarter view, modern flat digital art, vector-inspired clean shapes, soft gradients, centered composition, minimal room corner pastel background, minimal and uncluttered, recognizable silhouette, no text, no letters, no numerals, no logos, no watermark, no border",language_learning|cross_language_vocabulary|reading_comprehension|listening_comprehension,1,prompt_templates_v2
IMG_OBJECT_COME_OUT,object_come_out,Come Out,object_scene,universal,img__object_come_out__v1.webp,1024x1024,digital_art_flat_v3,minimal room corner pastel,"A simple come out in three-quarter view, modern flat digital art, vector-inspired clean shapes, soft gradients, centered composition, minimal room corner pastel background, minimal and uncluttered, recognizable silhouette, no text, no letters, no numerals, no logos, no watermark, no border",language_learning|cross_language_vocabulary|reading_comprehension|listening_comprehension,1,prompt_templates_v2
IMG_OBJECT_COMMON,object_common,Common,object_scene,universal,img__object_common__v1.webp,1024x1024,digital_art_flat_v3,clean studio light gray,"A simple common in three-quarter view, modern flat digital art, vector-inspired clean shapes, soft gradients, centered composition, clean studio light gray background, minimal and uncluttered, recognizable silhouette, no text, no letters, no numerals, no logos, no watermark, no border",language_learning|cross_language_vocabulary|reading_comprehension|listening_comprehension,1,prompt_templates_v2
IMG_OBJECT_COMPLETED_ACTION_MARKER,object_completed_action_marker,Completed Action Marker,object_scene,universal,img__object_completed_action_marker__v1.webp,1024x1024,digital_art_flat_v3,soft neutral gradient,"A simple completed action marker in three-quarter view, modern flat digital art, vector-inspired clean shapes, soft gradients, centered composition, soft neutral gradient background, minimal and uncluttered, recognizable silhouette, no text, no letters, no numerals, no logos, no watermark, no border",language_learning|cross_language_vocabulary|reading_comprehension|listening_comprehension,1,prompt_templates_v2
IMG_OBJECT_COMPUTER,object_computer,Computer,object_scene,universal,img__object_computer__v1.webp,1024x1024,digital_art_flat_v3,soft neutral gradient,"A simple computer in three-quarter view, modern flat digital art, vector-inspired clean shapes, soft gradients, centered composition, soft neutral gradient background, minimal and uncluttered, recognizable silhouette, no text, no letters, no numerals, no logos, no watermark, no border",language_learning|cross_language_vocabulary|reading_comprehension|listening_comprehension,1,prompt_templates_v2
IMG_OBJECT_COOKED_RICE,object_cooked_rice,Cooked Rice,object_scene,universal,img__object_cooked_rice__v1.webp,1024x1024,digital_art_flat_v3,light desk surface with blur,"A simple cooked rice in three-quarter view, modern flat digital art, vector-inspired clean shapes, soft gradients, centered composition, light desk surface with blur background, minimal and uncluttered, recognizable silhouette, no text, no letters, no numerals, no logos, no watermark, no border",language_learning|cross_language_vocabulary|reading_comprehension|listening_comprehension,2,prompt_templates_v2
IMG_OBJECT_CORRECT,object_correct,Correct,object_scene,universal,img__object_correct__v1.webp,1024x1024,digital_art_flat_v3,soft neutral gradient,"A simple correct in three-quarter view, modern flat digital art, vector-inspired clean shapes, soft gradients, centered composition, soft neutral gradient background, minimal and uncluttered, recognizable silhouette, no text, no letters, no numerals, no logos, no watermark, no border",language_learning|cross_language_vocabulary|reading_comprehension|listening_comprehension,2,prompt_templates_v2
IMG_OBJECT_CUP,object_cup,Cup,object_scene,universal,img__object_cup__v1.webp,1024x1024,digital_art_flat_v3,clean studio light gray,"A simple cup in three-quarter view, modern flat digital art, vector-inspired clean shapes, soft gradients, centered composition, clean studio light gray background, minimal and uncluttered, recognizable silhouette, no text, no letters, no numerals, no logos, no watermark, no border",language_learning|cross_language_vocabulary|reading_comprehension|listening_comprehension,2,prompt_templates_v2
IMG_OBJECT_DAD,object_dad,Dad,object_scene,universal,img__object_dad__v1.webp,1024x1024,digital_art_flat_v3,minimal room corner pastel,"A simple dad in three-quarter view, modern flat digital art, vector-inspired clean shapes, soft gradients, centered composition, minimal room corner pastel background, minimal and uncluttered, recognizable silhouette, no text, no letters, no numerals, no logos, no watermark, no border",language_learning|cross_language_vocabulary|reading_comprehension|listening_comprehension,2,prompt_templates_v2
IMG_OBJECT_DATE,object_date,Date,object_scene,universal,img__object_date__v1.webp,1024x1024,digital_art_flat_v3,minimal room corner pastel,"A simple date in three-quarter view, modern flat digital art, vector-inspired clean shapes, soft gradients, centered composition, minimal room corner pastel background, minimal and uncluttered, recognizable silhouette, no text, no letters, no numerals, no logos, no watermark, no border",language_learning|cross_language_vocabulary|reading_comprehension|listening_comprehension,1,prompt_templates_v2
IMG_OBJECT_DAUGHTER,object_daughter,Daughter,object_scene,universal,img__object_daughter__v1.webp,1024x1024,digital_art_flat_v3,clean studio light gray,"A simple daughter in three-quarter view, modern flat digital art, vector-inspired clean shapes, soft gradients, centered composition, clean studio light gray background, minimal and uncluttered, recognizable silhouette, no text, no letters, no numerals, no logos, no watermark, no border",language_learning|cross_language_vocabulary|reading_comprehension|listening_comprehension,1,prompt_templates_v2
IMG_OBJECT_DAY_DATE,object_day_date,Day; Date,object_scene,universal,img__object_day_date__v1.webp,1024x1024,digital_art_flat_v3,minimal room corner pastel,"A simple day; date in three-quarter view, modern flat digital art, vector-inspired clean shapes, soft gradients, centered composition, minimal room corner pastel background, minimal and uncluttered, recognizable silhouette, no text, no letters, no numerals, no logos, no watermark, no border",language_learning|cross_language_vocabulary|reading_comprehension|listening_comprehension,1,prompt_templates_v2
IMG_OBJECT_DAY_OF_MONTH,object_day_of_month,Day Of Month,object_scene,universal,img__object_day_of_month__v1.webp,1024x1024,digital_art_flat_v3,clean studio light gray,"A simple day of month in three-quarter view, modern flat digital art, vector-inspired clean shapes, soft gradients, centered composition, clean studio light gray background, minimal and uncluttered, recognizable silhouette, no text, no letters, no numerals, no logos, no watermark, no border",language_learning|cross_language_vocabulary|reading_comprehension|listening_comprehension,1,prompt_templates_v2
IMG_OBJECT_DAYTIME,object_daytime,Daytime,object_scene,universal,img__object_daytime__v1.webp,1024x1024,digital_art_flat_v3,light desk surface with blur,"A simple daytime in three-quarter view, modern flat digital art, vector-inspired clean shapes, soft gradients, centered composition, light desk surface with blur background, minimal and uncluttered, recognizable silhouette, no text, no letters, no numerals, no logos, no watermark, no border",language_learning|cross_language_vocabulary|reading_comprehension|listening_comprehension,1,prompt_templates_v2
IMG_OBJECT_DELICIOUS,object_delicious,Delicious,object_scene,universal,img__object_delicious__v1.webp,1024x1024,digital_art_flat_v3,clean studio light gray,"A simple delicious in three-quarter view, modern flat digital art, vector-inspired clean shapes, soft gradients, centered composition, clean studio light gray background, minimal and uncluttered, recognizable silhouette, no text, no letters, no numerals, no logos, no watermark, no border",language_learning|cross_language_vocabulary|reading_comprehension|listening_comprehension,1,prompt_templates_v2
IMG_OBJECT_DESK,object_desk,Desk,object_scene,universal,img__object_desk__v1.webp,1024x1024,digital_art_flat_v3,minimal room corner pastel,"A simple desk in three-quarter view, modern flat digital art, vector-inspired clean shapes, soft gradients, centered composition, minimal room corner pastel background, minimal and uncluttered, recognizable silhouette, no text, no letters, no numerals, no logos, no watermark, no border",language_learning|cross_language_vocabulary|reading_comprehension|listening_comprehension,1,prompt_templates_v2
IMG_OBJECT_DICTATION,object_dictation,Dictation,object_scene,universal,img__object_dictation__v1.webp,1024x1024,digital_art_flat_v3,soft neutral gradient,"A simple dictation in three-quarter view, modern flat digital art, vector-inspired clean shapes, soft gradients, centered composition, soft neutral gradient background, minimal and uncluttered, recognizable silhouette, no text, no letters, no numerals, no logos, no watermark, no border",language_learning|cross_language_vocabulary|reading_comprehension|listening_comprehension,1,prompt_templates_v2
IMG_OBJECT_DIFFERENCE,object_difference,Difference,object_scene,universal,img__object_difference__v1.webp,1024x1024,digital_art_flat_v3,soft neutral gradient,"A simple difference in three-quarter view, modern flat digital art, vector-inspired clean shapes, soft gradients, centered composition, soft neutral gradient background, minimal and uncluttered, recognizable silhouette, no text, no letters, no numerals, no logos, no watermark, no border",language_learning|cross_language_vocabulary|reading_comprehension|listening_comprehension,1,prompt_templates_v2
IMG_OBJECT_DIFFICULT,object_difficult,Difficult,object_scene,universal,img__object_difficult__v1.webp,1024x1024,digital_art_flat_v3,clean studio light gray,"A simple difficult in three-quarter view, modern flat digital art, vector-inspired clean shapes, soft gradients, centered composition, clean studio light gray background, minimal and uncluttered, recognizable silhouette, no text, no letters, no numerals, no logos, no watermark, no border",language_learning|cross_language_vocabulary|reading_comprehension|listening_comprehension,1,prompt_templates_v2
IMG_OBJECT_DINNER,object_dinner,Dinner,object_scene,universal,img__object_dinner__v1.webp,1024x1024,digital_art_flat_v3,minimal room corner pastel,"A simple dinner in three-quarter view, modern flat digital art, vector-inspired clean shapes, soft gradients, centered composition, minimal room corner pastel background, minimal and uncluttered, recognizable silhouette, no text, no letters, no numerals, no logos, no watermark, no border",language_learning|cross_language_vocabulary|reading_comprehension|listening_comprehension,1,prompt_templates_v2
IMG_OBJECT_DISH_OR_VEGETABLE,object_dish_or_vegetable,Dish Or Vegetable,object_scene,universal,img__object_dish_or_vegetable__v1.webp,1024x1024,digital_art_flat_v3,minimal room corner pastel,"A simple dish or vegetable in three-quarter view, modern flat digital art, vector-inspired clean shapes, soft gradients, centered composition, minimal room corner pastel background, minimal and uncluttered, recognizable silhouette, no text, no letters, no numerals, no logos, no watermark, no border",language_learning|cross_language_vocabulary|reading_comprehension|listening_comprehension,1,prompt_templates_v2
IMG_OBJECT_DO_NOT,object_do_not,Do Not,object_scene,universal,img__object_do_not__v1.webp,1024x1024,digital_art_flat_v3,minimal room corner pastel,"A simple do not in three-quarter view, modern flat digital art, vector-inspired clean shapes, soft gradients, centered composition, minimal room corner pastel background, minimal and uncluttered, recognizable silhouette, no text, no letters, no numerals, no logos, no watermark, no border",language_learning|cross_language_vocabulary|reading_comprehension|listening_comprehension,1,prompt_templates_v2
IMG_OBJECT_DOCTOR,object_doctor,Doctor,object_scene,universal,img__object_doctor__v1.webp,1024x1024,digital_art_flat_v3,light desk surface with blur,"A simple doctor in three-quarter view, modern flat digital art, vector-inspired clean shapes, soft gradients, centered composition, light desk surface with blur background, minimal and uncluttered, recognizable silhouette, no text, no letters, no numerals, no logos, no watermark, no border",language_learning|cross_language_vocabulary|reading_comprehension|listening_comprehension,1,prompt_templates_v2
IMG_OBJECT_DOOR,object_door,Door,object_scene,universal,img__object_door__v1.webp,1024x1024,digital_art_flat_v3,light desk surface with blur,"A simple door in three-quarter view, modern flat digital art, vector-inspired clean shapes, soft gradients, centered composition, light desk surface with blur background, minimal and uncluttered, recognizable silhouette, no text, no letters, no numerals, no logos, no watermark, no border",language_learning|cross_language_vocabulary|reading_comprehension|listening_comprehension,1,prompt_templates_v2
IMG_OBJECT_DOORWAY,object_doorway,Doorway,object_scene,universal,img__object_doorway__v1.webp,1024x1024,digital_art_flat_v3,minimal room corner pastel,"A simple doorway in three-quarter view, modern flat digital art, vector-inspired clean shapes, soft gradients, centered composition, minimal room corner pastel background, minimal and uncluttered, recognizable silhouette, no text, no letters, no numerals, no logos, no watermark, no border",language_learning|cross_language_vocabulary|reading_comprehension|listening_comprehension,1,prompt_templates_v2
IMG_OBJECT_DOWN,object_down,Down,object_scene,universal,img__object_down__v1.webp,1024x1024,digital_art_flat_v3,clean studio light gray,"A simple down in three-quarter view, modern flat digital art, vector-inspired clean shapes, soft gradients, centered composition, clean studio light gray background, minimal and uncluttered, recognizable silhouette, no text, no letters, no numerals, no logos, no watermark, no border",language_learning|cross_language_vocabulary|reading_comprehension|listening_comprehension,1,prompt_templates_v2
IMG_OBJECT_DOWNSTAIRS,object_downstairs,Downstairs,object_scene,universal,img__object_downstairs__v1.webp,1024x1024,digital_art_flat_v3,soft neutral gradient,"A simple downstairs in three-quarter view, modern flat digital art, vector-inspired clean shapes, soft gradients, centered composition, soft neutral gradient background, minimal and uncluttered, recognizable silhouette, no text, no letters, no numerals, no logos, no watermark, no border",language_learning|cross_language_vocabulary|reading_comprehension|listening_comprehension,1,prompt_templates_v2
IMG_OBJECT_EARLY,object_early,Early,object_scene,universal,img__object_early__v1.webp,1024x1024,digital_art_flat_v3,minimal room corner pastel,"A simple early in three-quarter view, modern flat digital art, vector-inspired clean shapes, soft gradients, centered composition, minimal room corner pastel background, minimal and uncluttered, recognizable silhouette, no text, no letters, no numerals, no logos, no watermark, no border",language_learning|cross_language_vocabulary|reading_comprehension|listening_comprehension,1,prompt_templates_v2
IMG_OBJECT_EARNEST,object_earnest,Earnest,object_scene,universal,img__object_earnest__v1.webp,1024x1024,digital_art_flat_v3,soft neutral gradient,"A simple earnest in three-quarter view, modern flat digital art, vector-inspired clean shapes, soft gradients, centered composition, soft neutral gradient background, minimal and uncluttered, recognizable silhouette, no text, no letters, no numerals, no logos, no watermark, no border",language_learning|cross_language_vocabulary|reading_comprehension|listening_comprehension,1,prompt_templates_v2
IMG_OBJECT_EAST,object_east,East,object_scene,universal,img__object_east__v1.webp,1024x1024,digital_art_flat_v3,light desk surface with blur,"A simple east in three-quarter view, modern flat digital art, vector-inspired clean shapes, soft gradients, centered composition, light desk surface with blur background, minimal and uncluttered, recognizable silhouette, no text, no letters, no numerals, no logos, no watermark, no border",language_learning|cross_language_vocabulary|reading_comprehension|listening_comprehension,1,prompt_templates_v2
IMG_OBJECT_EAST_SIDE,object_east_side,East Side,object_scene,universal,img__object_east_side__v1.webp,1024x1024,digital_art_flat_v3,minimal room corner pastel,"A simple east side in three-quarter view, modern flat digital art, vector-inspired clean shapes, soft gradients, centered composition, minimal room corner pastel background, minimal and uncluttered, recognizable silhouette, no text, no letters, no numerals, no logos, no watermark, no border",language_learning|cross_language_vocabulary|reading_comprehension|listening_comprehension,1,prompt_templates_v2
IMG_OBJECT_EGG,object_egg,Egg,object_scene,universal,img__object_egg__v1.webp,1024x1024,digital_art_flat_v3,light desk surface with blur,"A simple egg in three-quarter view, modern flat digital art, vector-inspired clean shapes, soft gradients, centered composition, light desk surface with blur background, minimal and uncluttered, recognizable silhouette, no text, no letters, no numerals, no logos, no watermark, no border",language_learning|cross_language_vocabulary|reading_comprehension|listening_comprehension,1,prompt_templates_v2
IMG_OBJECT_ELDERLY_PERSON,object_elderly_person,Elderly Person,object_scene,universal,img__object_elderly_person__v1.webp,1024x1024,digital_art_flat_v3,soft neutral gradient,"A simple elderly person in three-quarter view, modern flat digital art, vector-inspired clean shapes, soft gradients, centered composition, soft neutral gradient background, minimal and uncluttered, recognizable silhouette, no text, no letters, no numerals, no logos, no watermark, no border",language_learning|cross_language_vocabulary|reading_comprehension|listening_comprehension,1,prompt_templates_v2
IMG_OBJECT_EVENING,object_evening,Evening,object_scene,universal,img__object_evening__v1.webp,1024x1024,digital_art_flat_v3,clean studio light gray,"A simple evening in three-quarter view, modern flat digital art, vector-inspired clean shapes, soft gradients, centered composition, clean studio light gray background, minimal and uncluttered, recognizable silhouette, no text, no letters, no numerals, no logos, no watermark, no border",language_learning|cross_language_vocabulary|reading_comprehension|listening_comprehension,2,prompt_templates_v2
IMG_OBJECT_EXAM,object_exam,Exam,object_scene,universal,img__object_exam__v1.webp,1024x1024,digital_art_flat_v3,clean studio light gray,"A simple exam in three-quarter view, modern flat digital art, vector-inspired clean shapes, soft gradients, centered composition, clean studio light gray background, minimal and uncluttered, recognizable silhouette, no text, no letters, no numerals, no logos, no watermark, no border",language_learning|cross_language_vocabulary|reading_comprehension|listening_comprehension,2,prompt_templates_v2
IMG_OBJECT_EXCESSIVELY,object_excessively,Excessively,object_scene,universal,img__object_excessively__v1.webp,1024x1024,digital_art_flat_v3,soft neutral gradient,"A simple excessively in three-quarter view, modern flat digital art, vector-inspired clean shapes, soft gradients, centered composition, soft neutral gradient background, minimal and uncluttered, recognizable silhouette, no text, no letters, no numerals, no logos, no watermark, no border",language_learning|cross_language_vocabulary|reading_comprehension|listening_comprehension,1,prompt_templates_v2
IMG_OBJECT_EXPENSIVE,object_expensive,Expensive,object_scene,universal,img__object_expensive__v1.webp,1024x1024,digital_art_flat_v3,clean studio light gray,"A simple expensive in three-quarter view, modern flat digital art, vector-inspired clean shapes, soft gradients, centered composition, clean studio light gray background, minimal and uncluttered, recognizable silhouette, no text, no letters, no numerals, no logos, no watermark, no border",language_learning|cross_language_vocabulary|reading_comprehension|listening_comprehension,1,prompt_templates_v2
IMG_OBJECT_FAMILY,object_family,Family,object_scene,universal,img__object_family__v1.webp,1024x1024,digital_art_flat_v3,light desk surface with blur,"A simple family in three-quarter view, modern flat digital art, vector-inspired clean shapes, soft gradients, centered composition, light desk surface with blur background, minimal and uncluttered, recognizable silhouette, no text, no letters, no numerals, no logos, no watermark, no border",language_learning|cross_language_vocabulary|reading_comprehension|listening_comprehension,1,prompt_templates_v2
IMG_OBJECT_FAMILY_MEMBERS,object_family_members,Family Members,object_scene,universal,img__object_family_members__v1.webp,1024x1024,digital_art_flat_v3,light desk surface with blur,"A simple family members in three-quarter view, modern flat digital art, vector-inspired clean shapes, soft gradients, centered composition, light desk surface with blur background, minimal and uncluttered, recognizable silhouette, no text, no letters, no numerals, no logos, no watermark, no border",language_learning|cross_language_vocabulary|reading_comprehension|listening_comprehension,1,prompt_templates_v2
IMG_OBJECT_FAMOUS,object_famous,Famous,object_scene,universal,img__object_famous__v1.webp,1024x1024,digital_art_flat_v3,light desk surface with blur,"A simple famous in three-quarter view, modern flat digital art, vector-inspired clean shapes, soft gradients, centered composition, light desk surface with blur background, minimal and uncluttered, recognizable silhouette, no text, no letters, no numerals, no logos, no watermark, no border",language_learning|cross_language_vocabulary|reading_comprehension|listening_comprehension,1,prompt_templates_v2
IMG_OBJECT_FAR,object_far,Far,object_scene,universal,img__object_far__v1.webp,1024x1024,digital_art_flat_v3,minimal room corner pastel,"A simple far in three-quarter view, modern flat digital art, vector-inspired clean shapes, soft gradients, centered composition, minimal room corner pastel background, minimal and uncluttered, recognizable silhouette, no text, no letters, no numerals, no logos, no watermark, no border",language_learning|cross_language_vocabulary|reading_comprehension|listening_comprehension,1,prompt_templates_v2
IMG_OBJECT_FAST,object_fast,Fast,object_scene,universal,img__object_fast__v1.webp,1024x1024,digital_art_flat_v3,light desk surface with blur,"A simple fast in three-quarter view, modern flat digital art, vector-inspired clean shapes, soft gradients, centered composition, light desk surface with blur background, minimal and uncluttered, recognizable silhouette, no text, no letters, no numerals, no logos, no watermark, no border",language_learning|cross_language_vocabulary|reading_comprehension|listening_comprehension,1,prompt_templates_v2
IMG_OBJECT_FEMALE,object_female,Female,object_scene,universal,img__object_female__v1.webp,1024x1024,digital_art_flat_v3,light desk surface with blur,"A simple female in three-quarter view, modern flat digital art, vector-inspired clean shapes, soft gradients, centered composition, light desk surface with blur background, minimal and uncluttered, recognizable silhouette, no text, no letters, no numerals, no logos, no watermark, no border",language_learning|cross_language_vocabulary|reading_comprehension|listening_comprehension,1,prompt_templates_v2
IMG_OBJECT_FEMALE_STUDENT,object_female_student,Female Student,object_scene,universal,img__object_female_student__v1.webp,1024x1024,digital_art_flat_v3,soft neutral gradient,"A simple female student in three-quarter view, modern flat digital art, vector-inspired clean shapes, soft gradients, centered composition, soft neutral gradient background, minimal and uncluttered, recognizable silhouette, no text, no letters, no numerals, no logos, no watermark, no border",language_learning|cross_language_vocabulary|reading_comprehension|listening_comprehension,1,prompt_templates_v2
IMG_OBJECT_FEW_OR_LITTLE,object_few_or_little,Few Or Little,object_scene,universal,img__object_few_or_little__v1.webp,1024x1024,digital_art_flat_v3,clean studio light gray,"A simple few or little in three-quarter view, modern flat digital art, vector-inspired clean shapes, soft gradients, centered composition, clean studio light gray background, minimal and uncluttered, recognizable silhouette, no text, no letters, no numerals, no logos, no watermark, no border",language_learning|cross_language_vocabulary|reading_comprehension|listening_comprehension,1,prompt_templates_v2
IMG_OBJECT_FINALLY,object_finally,Finally,object_scene,universal,img__object_finally__v1.webp,1024x1024,digital_art_flat_v3,light desk surface with blur,"A simple finally in three-quarter view, modern flat digital art, vector-inspired clean shapes, soft gradients, centered composition, light desk surface with blur background, minimal and uncluttered, recognizable silhouette, no text, no letters, no numerals, no logos, no watermark, no border",language_learning|cross_language_vocabulary|reading_comprehension|listening_comprehension,1,prompt_templates_v2
IMG_OBJECT_FIRST,object_first,First,object_scene,universal,img__object_first__v1.webp,1024x1024,digital_art_flat_v3,light desk surface with blur,"A simple first in three-quarter view, modern flat digital art, vector-inspired clean shapes, soft gradients, centered composition, light desk surface with blur background, minimal and uncluttered, recognizable silhouette, no text, no letters, no numerals, no logos, no watermark, no border",language_learning|cross_language_vocabulary|reading_comprehension|listening_comprehension,1,prompt_templates_v2
IMG_OBJECT_FLOOR,object_floor,Floor,object_scene,universal,img__object_floor__v1.webp,1024x1024,digital_art_flat_v3,minimal room corner pastel,"A simple floor in three-quarter view, modern flat digital art, vector-inspired clean shapes, soft gradients, centered composition, minimal room corner pastel background, minimal and uncluttered, recognizable silhouette, no text, no letters, no numerals, no logos, no watermark, no border",language_learning|cross_language_vocabulary|reading_comprehension|listening_comprehension,1,prompt_templates_v2
IMG_OBJECT_FLOWER,object_flower,Flower,object_scene,universal,img__object_flower__v1.webp,1024x1024,digital_art_flat_v3,clean studio light gray,"A simple flower in three-quarter view, modern flat digital art, vector-inspired clean shapes, soft gradients, centered composition, clean studio light gray background, minimal and uncluttered, recognizable silhouette, no text, no letters, no numerals, no logos, no watermark, no border",language_learning|cross_language_vocabulary|reading_comprehension|listening_comprehension,1,prompt_templates_v2
IMG_OBJECT_FOREIGN_LANGUAGE,object_foreign_language,Foreign Language,object_scene,universal,img__object_foreign_language__v1.webp,1024x1024,digital_art_flat_v3,clean studio light gray,"A simple foreign language in three-quarter view, modern flat digital art, vector-inspired clean shapes, soft gradients, centered composition, clean studio light gray background, minimal and uncluttered, recognizable silhouette, no text, no letters, no numerals, no logos, no watermark, no border",language_learning|cross_language_vocabulary|reading_comprehension|listening_comprehension,1,prompt_templates_v2
IMG_OBJECT_FRIEND,object_friend,Friend,object_scene,universal,img__object_friend__v1.webp,1024x1024,digital_art_flat_v3,soft neutral gradient,"A simple friend in three-quarter view, modern flat digital art, vector-inspired clean shapes, soft gradients, centered composition, soft neutral gradient background, minimal and uncluttered, recognizable silhouette, no text, no letters, no numerals, no logos, no watermark, no border",language_learning|cross_language_vocabulary|reading_comprehension|listening_comprehension,1,prompt_templates_v2
IMG_OBJECT_FROM,object_from,From,object_scene,universal,img__object_from__v1.webp,1024x1024,digital_art_flat_v3,clean studio light gray,"A simple from in three-quarter view, modern flat digital art, vector-inspired clean shapes, soft gradients, centered composition, clean studio light gray background, minimal and uncluttered, recognizable silhouette, no text, no letters, no numerals, no logos, no watermark, no border",language_learning|cross_language_vocabulary|reading_comprehension|listening_comprehension,1,prompt_templates_v2
IMG_OBJECT_FRONT,object_front,Front,object_scene,universal,img__object_front__v1.webp,1024x1024,digital_art_flat_v3,clean studio light gray,"A simple front in three-quarter view, modern flat digital art, vector-inspired clean shapes, soft gradients, centered composition, clean studio light gray background, minimal and uncluttered, recognizable silhouette, no text, no letters, no numerals, no logos, no watermark, no border",language_learning|cross_language_vocabulary|reading_comprehension|listening_comprehension,1,prompt_templates_v2
IMG_OBJECT_FRUIT,object_fruit,Fruit,object_scene,universal,img__object_fruit__v1.webp,1024x1024,digital_art_flat_v3,minimal room corner pastel,"A simple fruit in three-quarter view, modern flat digital art, vector-inspired clean shapes, soft gradients, centered composition, minimal room corner pastel background, minimal and uncluttered, recognizable silhouette, no text, no letters, no numerals, no logos, no watermark, no border",language_learning|cross_language_vocabulary|reading_comprehension|listening_comprehension,1,prompt_templates_v2
IMG_OBJECT_FUN,object_fun,Fun,object_scene,universal,img__object_fun__v1.webp,1024x1024,digital_art_flat_v3,clean studio light gray,"A simple fun in three-quarter view, modern flat digital art, vector-inspired clean shapes, soft gradients, centered composition, clean studio light gray background, minimal and uncluttered, recognizable silhouette, no text, no letters, no numerals, no logos, no watermark, no border",language_learning|cross_language_vocabulary|reading_comprehension|listening_comprehension,1,prompt_templates_v2
IMG_OBJECT_GET_OFF_THE_VEHICLE,object_get_off_the_vehicle,Get Off The Vehicle,object_scene,universal,img__object_get_off_the_vehicle__v1.webp,1024x1024,digital_art_flat_v3,minimal room corner pastel,"A simple get off the vehicle in three-quarter view, modern flat digital art, vector-inspired clean shapes, soft gradients, centered composition, minimal room corner pastel background, minimal and uncluttered, recognizable silhouette, no text, no letters, no numerals, no logos, no watermark, no border",language_learning|cross_language_vocabulary|reading_comprehension|listening_comprehension,1,prompt_templates_v2
IMG_OBJECT_GET_ON_THE_BUS,object_get_on_the_bus,Get On The Bus,object_scene,universal,img__object_get_on_the_bus__v1.webp,1024x1024,digital_art_flat_v3,clean studio light gray,"A simple get on the bus in three-quarter view, modern flat digital art, vector-inspired clean shapes, soft gradients, centered composition, clean studio light gray background, minimal and uncluttered, recognizable silhouette, no text, no letters, no numerals, no logos, no watermark, no border",language_learning|cross_language_vocabulary|reading_comprehension|listening_comprehension,1,prompt_templates_v2
IMG_OBJECT_GET_UP_FROM_BED,object_get_up_from_bed,Get Up From Bed,object_scene,universal,img__object_get_up_from_bed__v1.webp,1024x1024,digital_art_flat_v3,soft neutral gradient,"A simple get up from bed in three-quarter view, modern flat digital art, vector-inspired clean shapes, soft gradients, centered composition, soft neutral gradient background, minimal and uncluttered, recognizable silhouette, no text, no letters, no numerals, no logos, no watermark, no border",language_learning|cross_language_vocabulary|reading_comprehension|listening_comprehension,1,prompt_templates_v2
IMG_OBJECT_GIRL,object_girl,Girl,object_scene,universal,img__object_girl__v1.webp,1024x1024,digital_art_flat_v3,light desk surface with blur,"A simple girl in three-quarter view, modern flat digital art, vector-inspired clean shapes, soft gradients, centered composition, light desk surface with blur background, minimal and uncluttered, recognizable silhouette, no text, no letters, no numerals, no logos, no watermark, no border",language_learning|cross_language_vocabulary|reading_comprehension|listening_comprehension,1,prompt_templates_v2
IMG_OBJECT_GIRLFRIEND,object_girlfriend,Girlfriend,object_scene,universal,img__object_girlfriend__v1.webp,1024x1024,digital_art_flat_v3,minimal room corner pastel,"A simple girlfriend in three-quarter view, modern flat digital art, vector-inspired clean shapes, soft gradients, centered composition, minimal room corner pastel background, minimal and uncluttered, recognizable silhouette, no text, no letters, no numerals, no logos, no watermark, no border",language_learning|cross_language_vocabulary|reading_comprehension|listening_comprehension,1,prompt_templates_v2
IMG_OBJECT_GLAD,object_glad,Glad,object_scene,universal,img__object_glad__v1.webp,1024x1024,digital_art_flat_v3,soft neutral gradient,"A simple glad in three-quarter view, modern flat digital art, vector-inspired clean shapes, soft gradients, centered composition, soft neutral gradient background, minimal and uncluttered, recognizable silhouette, no text, no letters, no numerals, no logos, no watermark, no border",language_learning|cross_language_vocabulary|reading_comprehension|listening_comprehension,1,prompt_templates_v2
IMG_OBJECT_GLASS,object_glass,Glass,object_scene,universal,img__object_glass__v1.webp,1024x1024,digital_art_flat_v3,soft neutral gradient,"A simple glass in three-quarter view, modern flat digital art, vector-inspired clean shapes, soft gradients, centered composition, soft neutral gradient background, minimal and uncluttered, recognizable silhouette, no text, no letters, no numerals, no logos, no watermark, no border",language_learning|cross_language_vocabulary|reading_comprehension|listening_comprehension,1,prompt_templates_v2
IMG_OBJECT_GO_BACK,object_go_back,Go Back,object_scene,universal,img__object_go_back__v1.webp,1024x1024,digital_art_flat_v3,clean studio light gray,"A simple go back in three-quarter view, modern flat digital art, vector-inspired clean shapes, soft gradients, centered composition, clean studio light gray background, minimal and uncluttered, recognizable silhouette, no text, no letters, no numerals, no logos, no watermark, no border",language_learning|cross_language_vocabulary|reading_comprehension|listening_comprehension,1,prompt_templates_v2
IMG_OBJECT_GO_ONLINE,object_go_online,Go Online,object_scene,universal,img__object_go_online__v1.webp,1024x1024,digital_art_flat_v3,light desk surface with blur,"A simple go online in three-quarter view, modern flat digital art, vector-inspired clean shapes, soft gradients, centered composition, light desk surface with blur background, minimal and uncluttered, recognizable silhouette, no text, no letters, no numerals, no logos, no watermark, no border",language_learning|cross_language_vocabulary|reading_comprehension|listening_comprehension,1,prompt_templates_v2
IMG_OBJECT_GO_OUT,object_go_out,Go Out,object_scene,universal,img__object_go_out__v1.webp,1024x1024,digital_art_flat_v3,clean studio light gray,"A simple go out in three-quarter view, modern flat digital art, vector-inspired clean shapes, soft gradients, centered composition, clean studio light gray background, minimal and uncluttered, recognizable silhouette, no text, no letters, no numerals, no logos, no watermark, no border",language_learning|cross_language_vocabulary|reading_comprehension|listening_comprehension,1,prompt_templates_v2
IMG_OBJECT_GOING_TO_WORK,object_going_to_work,Going To Work,object_scene,universal,img__object_going_to_work__v1.webp,1024x1024,digital_art_flat_v3,clean studio light gray,"A simple going to work in three-quarter view, modern flat digital art, vector-inspired clean shapes, soft gradients, centered composition, clean studio light gray background, minimal and uncluttered, recognizable silhouette, no text, no letters, no numerals, no logos, no watermark, no border",language_learning|cross_language_vocabulary|reading_comprehension|listening_comprehension,1,prompt_templates_v2
IMG_OBJECT_GOOD,object_good,Good,object_scene,universal,img__object_good__v1.webp,1024x1024,digital_art_flat_v3,light desk surface with blur,"A simple good in three-quarter view, modern flat digital art, vector-inspired clean shapes, soft gradients, centered composition, light desk surface with blur background, minimal and uncluttered, recognizable silhouette, no text, no letters, no numerals, no logos, no watermark, no border",language_learning|cross_language_vocabulary|reading_comprehension|listening_comprehension,1,prompt_templates_v2
IMG_OBJECT_GOOD_LOOKING,object_good_looking,Good-Looking,object_scene,universal,img__object_good_looking__v1.webp,1024x1024,digital_art_flat_v3,light desk surface with blur,"A simple good-looking in three-quarter view, modern flat digital art, vector-inspired clean shapes, soft gradients, centered composition, light desk surface with blur background, minimal and uncluttered, recognizable silhouette, no text, no letters, no numerals, no logos, no watermark, no border",language_learning|cross_language_vocabulary|reading_comprehension|listening_comprehension,1,prompt_templates_v2
IMG_OBJECT_GOODBYE,object_goodbye,Goodbye,object_scene,universal,img__object_goodbye__v1.webp,1024x1024,digital_art_flat_v3,light desk surface with blur,"A simple goodbye in three-quarter view, modern flat digital art, vector-inspired clean shapes, soft gradients, centered composition, light desk surface with blur background, minimal and uncluttered, recognizable silhouette, no text, no letters, no numerals, no logos, no watermark, no border",language_learning|cross_language_vocabulary|reading_comprehension|listening_comprehension,1,prompt_templates_v2
IMG_OBJECT_GRANDFATHER,object_grandfather,Grandfather,object_scene,universal,img__object_grandfather__v1.webp,1024x1024,digital_art_flat_v3,minimal room corner pastel,"A simple grandfather in three-quarter view, modern flat digital art, vector-inspired clean shapes, soft gradients, centered composition, minimal room corner pastel background, minimal and uncluttered, recognizable silhouette, no text, no letters, no numerals, no logos, no watermark, no border",language_learning|cross_language_vocabulary|reading_comprehension|listening_comprehension,1,prompt_templates_v2
IMG_OBJECT_HAIR_OR_FUR,object_hair_or_fur,Hair Or Fur,object_scene,universal,img__object_hair_or_fur__v1.webp,1024x1024,digital_art_flat_v3,clean studio light gray,"A simple hair or fur in three-quarter view, modern flat digital art, vector-inspired clean shapes, soft gradients, centered composition, clean studio light gray background, minimal and uncluttered, recognizable silhouette, no text, no letters, no numerals, no logos, no watermark, no border",language_learning|cross_language_vocabulary|reading_comprehension|listening_comprehension,1,prompt_templates_v2
IMG_OBJECT_HALF_A_DAY,object_half_a_day,Half A Day,object_scene,universal,img__object_half_a_day__v1.webp,1024x1024,digital_art_flat_v3,clean studio light gray,"A simple half a day in three-quarter view, modern flat digital art, vector-inspired clean shapes, soft gradients, centered composition, clean studio light gray background, minimal and uncluttered, recognizable silhouette, no text, no letters, no numerals, no logos, no watermark, no border",language_learning|cross_language_vocabulary|reading_comprehension|listening_comprehension,1,prompt_templates_v2
IMG_OBJECT_HALF_A_YEAR,object_half_a_year,Half A Year,object_scene,universal,img__object_half_a_year__v1.webp,1024x1024,digital_art_flat_v3,minimal room corner pastel,"A simple half a year in three-quarter view, modern flat digital art, vector-inspired clean shapes, soft gradients, centered composition, minimal room corner pastel background, minimal and uncluttered, recognizable silhouette, no text, no letters, no numerals, no logos, no watermark, no border",language_learning|cross_language_vocabulary|reading_comprehension|listening_comprehension,1,prompt_templates_v2
IMG_OBJECT_HAND,object_hand,Hand,object_scene,universal,img__object_hand__v1.webp,1024x1024,digital_art_flat_v3,minimal room corner pastel,"A simple hand in three-quarter view, modern flat digital art, vector-inspired clean shapes, soft gradients, centered composition, minimal room corner pastel background, minimal and uncluttered, recognizable silhouette, no text, no letters, no numerals, no logos, no watermark, no border",language_learning|cross_language_vocabulary|reading_comprehension|listening_comprehension,1,prompt_templates_v2
IMG_OBJECT_HAVING_A_MEAL,object_having_a_meal,Having A Meal,object_scene,universal,img__object_having_a_meal__v1.webp,1024x1024,digital_art_flat_v3,light desk surface with blur,"A simple having a meal in three-quarter view, modern flat digital art, vector-inspired clean shapes, soft gradients, centered composition, light desk surface with blur background, minimal and uncluttered, recognizable silhouette, no text, no letters, no numerals, no logos, no watermark, no border",language_learning|cross_language_vocabulary|reading_comprehension|listening_comprehension,1,prompt_templates_v2
IMG_OBJECT_HE,object_he,He,object_scene,universal,img__object_he__v1.webp,1024x1024,digital_art_flat_v3,clean studio light gray,"A simple he in three-quarter view, modern flat digital art, vector-inspired clean shapes, soft gradients, centered composition, clean studio light gray background, minimal and uncluttered, recognizable silhouette, no text, no letters, no numerals, no logos, no watermark, no border",language_learning|cross_language_vocabulary|reading_comprehension|listening_comprehension,1,prompt_templates_v2
IMG_OBJECT_HEAVY,object_heavy,Heavy,object_scene,universal,img__object_heavy__v1.webp,1024x1024,digital_art_flat_v3,clean studio light gray,"A simple heavy in three-quarter view, modern flat digital art, vector-inspired clean shapes, soft gradients, centered composition, clean studio light gray background, minimal and uncluttered, recognizable silhouette, no text, no letters, no numerals, no logos, no watermark, no border",language_learning|cross_language_vocabulary|reading_comprehension|listening_comprehension,1,prompt_templates_v2
IMG_OBJECT_HER,object_her,Her,object_scene,universal,img__object_her__v1.webp,1024x1024,digital_art_flat_v3,minimal room corner pastel,"A simple her in three-quarter view, modern flat digital art, vector-inspired clean shapes, soft gradients, centered composition, minimal room corner pastel background, minimal and uncluttered, recognizable silhouette, no text, no letters, no numerals, no logos, no watermark, no border",language_learning|cross_language_vocabulary|reading_comprehension|listening_comprehension,1,prompt_templates_v2
IMG_OBJECT_HERE,object_here,Here,object_scene,universal,img__object_here__v1.webp,1024x1024,digital_art_flat_v3,minimal room corner pastel,"A simple here in three-quarter view, modern flat digital art, vector-inspired clean shapes, soft gradients, centered composition, minimal room corner pastel background, minimal and uncluttered, recognizable silhouette, no text, no letters, no numerals, no logos, no watermark, no border",language_learning|cross_language_vocabulary|reading_comprehension|listening_comprehension,2,prompt_templates_v2
IMG_OBJECT_HIM,object_him,Him,object_scene,universal,img__object_him__v1.webp,1024x1024,digital_art_flat_v3,soft neutral gradient,"A simple him in three-quarter view, modern flat digital art, vector-inspired clean shapes, soft gradients, centered composition, soft neutral gradient background, minimal and uncluttered, recognizable silhouette, no text, no letters, no numerals, no logos, no watermark, no border",language_learning|cross_language_vocabulary|reading_comprehension|listening_comprehension,1,prompt_templates_v2
IMG_OBJECT_HOBBY,object_hobby,Hobby,object_scene,universal,img__object_hobby__v1.webp,1024x1024,digital_art_flat_v3,minimal room corner pastel,"A simple hobby in three-quarter view, modern flat digital art, vector-inspired clean shapes, soft gradients, centered composition, minimal room corner pastel background, minimal and uncluttered, recognizable silhouette, no text, no letters, no numerals, no logos, no watermark, no border",language_learning|cross_language_vocabulary|reading_comprehension|listening_comprehension,1,prompt_templates_v2
IMG_OBJECT_HOLD_A_MEETING,object_hold_a_meeting,Hold A Meeting,object_scene,universal,img__object_hold_a_meeting__v1.webp,1024x1024,digital_art_flat_v3,light desk surface with blur,"A simple hold a meeting in three-quarter view, modern flat digital art, vector-inspired clean shapes, soft gradients, centered composition, light desk surface with blur background, minimal and uncluttered, recognizable silhouette, no text, no letters, no numerals, no logos, no watermark, no border",language_learning|cross_language_vocabulary|reading_comprehension|listening_comprehension,1,prompt_templates_v2
IMG_OBJECT_HOT,object_hot,Hot,object_scene,universal,img__object_hot__v1.webp,1024x1024,digital_art_flat_v3,soft neutral gradient,"A simple hot in three-quarter view, modern flat digital art, vector-inspired clean shapes, soft gradients, centered composition, soft neutral gradient background, minimal and uncluttered, recognizable silhouette, no text, no letters, no numerals, no logos, no watermark, no border",language_learning|cross_language_vocabulary|reading_comprehension|listening_comprehension,1,prompt_templates_v2
IMG_OBJECT_HOUR,object_hour,Hour,object_scene,universal,img__object_hour__v1.webp,1024x1024,digital_art_flat_v3,minimal room corner pastel,"A simple hour in three-quarter view, modern flat digital art, vector-inspired clean shapes, soft gradients, centered composition, minimal room corner pastel background, minimal and uncluttered, recognizable silhouette, no text, no letters, no numerals, no logos, no watermark, no border",language_learning|cross_language_vocabulary|reading_comprehension|listening_comprehension,1,prompt_templates_v2
IMG_OBJECT_HOW,object_how,How,object_scene,universal,img__object_how__v1.webp,1024x1024,digital_art_flat_v3,soft neutral gradient,"A simple how in three-quarter view, modern flat digital art, vector-inspired clean shapes, soft gradients, centered composition, soft neutral gradient background, minimal and uncluttered, recognizable silhouette, no text, no letters, no numerals, no logos, no watermark, no border",language_learning|cross_language_vocabulary|reading_comprehension|listening_comprehension,2,prompt_templates_v2
IMG_OBJECT_HUNGRY,object_hungry,Hungry,object_scene,universal,img__object_hungry__v1.webp,1024x1024,digital_art_flat_v3,minimal room corner pastel,"A simple hungry in three-quarter view, modern flat digital art, vector-inspired clean shapes, soft gradients, centered composition, minimal room corner pastel background, minimal and uncluttered, recognizable silhouette, no text, no letters, no numerals, no logos, no watermark, no border",language_learning|cross_language_vocabulary|reading_comprehension|listening_comprehension,1,prompt_templates_v2
IMG_OBJECT_HUSBAND,object_husband,Husband,object_scene,universal,img__object_husband__v1.webp,1024x1024,digital_art_flat_v3,light desk surface with blur,"A simple husband in three-quarter view, modern flat digital art, vector-inspired clean shapes, soft gradients, centered composition, light desk surface with blur background, minimal and uncluttered, recognizable silhouette, no text, no letters, no numerals, no logos, no watermark, no border",language_learning|cross_language_vocabulary|reading_comprehension|listening_comprehension,1,prompt_templates_v2
IMG_OBJECT_I,object_i,I,object_scene,universal,img__object_i__v1.webp,1024x1024,digital_art_flat_v3,light desk surface with blur,"A simple i in three-quarter view, modern flat digital art, vector-inspired clean shapes, soft gradients, centered composition, light desk surface with blur background, minimal and uncluttered, recognizable silhouette, no text, no letters, no numerals, no logos, no watermark, no border",language_learning|cross_language_vocabulary|reading_comprehension|listening_comprehension,1,prompt_templates_v2
IMG_OBJECT_I_M_SORRY,object_i_m_sorry,I'M Sorry,object_scene,universal,img__object_i_m_sorry__v1.webp,1024x1024,digital_art_flat_v3,soft neutral gradient,"A simple i'm sorry in three-quarter view, modern flat digital art, vector-inspired clean shapes, soft gradients, centered composition, soft neutral gradient background, minimal and uncluttered, recognizable silhouette, no text, no letters, no numerals, no logos, no watermark, no border",language_learning|cross_language_vocabulary|reading_comprehension|listening_comprehension,1,prompt_templates_v2
IMG_OBJECT_ILLNESS,object_illness,Illness,object_scene,universal,img__object_illness__v1.webp,1024x1024,digital_art_flat_v3,minimal room corner pastel,"A simple illness in three-quarter view, modern flat digital art, vector-inspired clean shapes, soft gradients, centered composition, minimal room corner pastel background, minimal and uncluttered, recognizable silhouette, no text, no letters, no numerals, no logos, no watermark, no border",language_learning|cross_language_vocabulary|reading_comprehension|listening_comprehension,1,prompt_templates_v2
IMG_OBJECT_IMMEDIATELY,object_immediately,Immediately,object_scene,universal,img__object_immediately__v1.webp,1024x1024,digital_art_flat_v3,clean studio light gray,"A simple immediately in three-quarter view, modern flat digital art, vector-inspired clean shapes, soft gradients, centered composition, clean studio light gray background, minimal and uncluttered, recognizable silhouette, no text, no letters, no numerals, no logos, no watermark, no border",language_learning|cross_language_vocabulary|reading_comprehension|listening_comprehension,1,prompt_templates_v2
IMG_OBJECT_IMPORTANT,object_important,Important,object_scene,universal,img__object_important__v1.webp,1024x1024,digital_art_flat_v3,clean studio light gray,"A simple important in three-quarter view, modern flat digital art, vector-inspired clean shapes, soft gradients, centered composition, clean studio light gray background, minimal and uncluttered, recognizable silhouette, no text, no letters, no numerals, no logos, no watermark, no border",language_learning|cross_language_vocabulary|reading_comprehension|listening_comprehension,1,prompt_templates_v2
IMG_OBJECT_IN,object_in,In,object_scene,universal,img__object_in__v1.webp,1024x1024,digital_art_flat_v3,light desk surface with blur,"A simple in in three-quarter view, modern flat digital art, vector-inspired clean shapes, soft gradients, centered composition, light desk surface with blur background, minimal and uncluttered, recognizable silhouette, no text, no letters, no numerals, no logos, no watermark, no border",language_learning|cross_language_vocabulary|reading_comprehension|listening_comprehension,1,prompt_templates_v2
IMG_OBJECT_IN_FRONT,object_in_front,In Front,object_scene,universal,img__object_in_front__v1.webp,1024x1024,digital_art_flat_v3,soft neutral gradient,"A simple in front in three-quarter view, modern flat digital art, vector-inspired clean shapes, soft gradients, centered composition, soft neutral gradient background, minimal and uncluttered, recognizable silhouette, no text, no letters, no numerals, no logos, no watermark, no border",language_learning|cross_language_vocabulary|reading_comprehension|listening_comprehension,1,prompt_templates_v2
IMG_OBJECT_IN_THE_PROCESS_OF,object_in_the_process_of,In The Process Of,object_scene,universal,img__object_in_the_process_of__v1.webp,1024x1024,digital_art_flat_v3,soft neutral gradient,"A simple in the process of in three-quarter view, modern flat digital art, vector-inspired clean shapes, soft gradients, centered composition, soft neutral gradient background, minimal and uncluttered, recognizable silhouette, no text, no letters, no numerals, no logos, no watermark, no border",language_learning|cross_language_vocabulary|reading_comprehension|listening_comprehension,1,prompt_templates_v2
IMG_OBJECT_INDICATES_ONGOING_ACTION,object_indicates_ongoing_action,Indicates Ongoing Action,object_scene,universal,img__object_indicates_ongoing_action__v1.webp,1024x1024,digital_art_flat_v3,minimal room corner pastel,"A simple indicates ongoing action in three-quarter view, modern flat digital art, vector-inspired clean shapes, soft gradients, centered composition, minimal room corner pastel background, minimal and uncluttered, recognizable silhouette, no text, no letters, no numerals, no logos, no watermark, no border",language_learning|cross_language_vocabulary|reading_comprehension|listening_comprehension,1,prompt_templates_v2
IMG_OBJECT_INSIDE,object_inside,Inside,object_scene,universal,img__object_inside__v1.webp,1024x1024,digital_art_flat_v3,minimal room corner pastel,"A simple inside in three-quarter view, modern flat digital art, vector-inspired clean shapes, soft gradients, centered composition, minimal room corner pastel background, minimal and uncluttered, recognizable silhouette, no text, no letters, no numerals, no logos, no watermark, no border",language_learning|cross_language_vocabulary|reading_comprehension|listening_comprehension,2,prompt_templates_v2
IMG_OBJECT_INTERSECTION,object_intersection,Intersection,object_scene,universal,img__object_intersection__v1.webp,1024x1024,digital_art_flat_v3,light desk surface with blur,"A simple intersection in three-quarter view, modern flat digital art, vector-inspired clean shapes, soft gradients, centered composition, light desk surface with blur background, minimal and uncluttered, recognizable silhouette, no text, no letters, no numerals, no logos, no watermark, no border",language_learning|cross_language_vocabulary|reading_comprehension|listening_comprehension,1,prompt_templates_v2
IMG_OBJECT_INTRODUCTION,object_introduction,Introduction,object_scene,universal,img__object_introduction__v1.webp,1024x1024,digital_art_flat_v3,clean studio light gray,"A simple introduction in three-quarter view, modern flat digital art, vector-inspired clean shapes, soft gradients, centered composition, clean studio light gray background, minimal and uncluttered, recognizable silhouette, no text, no letters, no numerals, no logos, no watermark, no border",language_learning|cross_language_vocabulary|reading_comprehension|listening_comprehension,1,prompt_templates_v2
IMG_OBJECT_INVITE,object_invite,Invite,object_scene,universal,img__object_invite__v1.webp,1024x1024,digital_art_flat_v3,minimal room corner pastel,"A simple invite in three-quarter view, modern flat digital art, vector-inspired clean shapes, soft gradients, centered composition, minimal room corner pastel background, minimal and uncluttered, recognizable silhouette, no text, no letters, no numerals, no logos, no watermark, no border",language_learning|cross_language_vocabulary|reading_comprehension|listening_comprehension,1,prompt_templates_v2
IMG_OBJECT_IS_IT_OR_NOT,object_is_it_or_not,Is It Or Not,object_scene,universal,img__object_is_it_or_not__v1.webp,1024x1024,digital_art_flat_v3,light desk surface with blur,"A simple is it or not in three-quarter view, modern flat digital art, vector-inspired clean shapes, soft gradients, centered composition, light desk surface with blur background, minimal and uncluttered, recognizable silhouette, no text, no letters, no numerals, no logos, no watermark, no border",language_learning|cross_language_vocabulary|reading_comprehension|listening_comprehension,1,prompt_templates_v2
IMG_OBJECT_IT_S_NOTHING,object_it_s_nothing,It'S Nothing,object_scene,universal,img__object_it_s_nothing__v1.webp,1024x1024,digital_art_flat_v3,soft neutral gradient,"A simple it's nothing in three-quarter view, modern flat digital art, vector-inspired clean shapes, soft gradients, centered composition, soft neutral gradient background, minimal and uncluttered, recognizable silhouette, no text, no letters, no numerals, no logos, no watermark, no border",language_learning|cross_language_vocabulary|reading_comprehension|listening_comprehension,1,prompt_templates_v2
IMG_OBJECT_IT_S_OKAY,object_it_s_okay,It'S Okay,object_scene,universal,img__object_it_s_okay__v1.webp,1024x1024,digital_art_flat_v3,soft neutral gradient,"A simple it's okay in three-quarter view, modern flat digital art, vector-inspired clean shapes, soft gradients, centered composition, soft neutral gradient background, minimal and uncluttered, recognizable silhouette, no text, no letters, no numerals, no logos, no watermark, no border",language_learning|cross_language_vocabulary|reading_comprehension|listening_comprehension,1,prompt_templates_v2
IMG_OBJECT_JOB,object_job,Job,object_scene,universal,img__object_job__v1.webp,1024x1024,digital_art_flat_v3,clean studio light gray,"A simple job in three-quarter view, modern flat digital art, vector-inspired clean shapes, soft gradients, centered composition, clean studio light gray background, minimal and uncluttered, recognizable silhouette, no text, no letters, no numerals, no logos, no watermark, no border",language_learning|cross_language_vocabulary|reading_comprehension|listening_comprehension,1,prompt_templates_v2
IMG_OBJECT_JUST,object_just,Just,object_scene,universal,img__object_just__v1.webp,1024x1024,digital_art_flat_v3,light desk surface with blur,"A simple just in three-quarter view, modern flat digital art, vector-inspired clean shapes, soft gradients, centered composition, light desk surface with blur background, minimal and uncluttered, recognizable silhouette, no text, no letters, no numerals, no logos, no watermark, no border",language_learning|cross_language_vocabulary|reading_comprehension|listening_comprehension,1,prompt_templates_v2
IMG_OBJECT_KNOWLEDGE,object_knowledge,Knowledge,object_scene,universal,img__object_knowledge__v1.webp,1024x1024,digital_art_flat_v3,minimal room corner pastel,"A simple knowledge in three-quarter view, modern flat digital art, vector-inspired clean shapes, soft gradients, centered composition, minimal room corner pastel background, minimal and uncluttered, recognizable silhouette, no text, no letters, no numerals, no logos, no watermark, no border",language_learning|cross_language_vocabulary|reading_comprehension|listening_comprehension,1,prompt_templates_v2
IMG_OBJECT_LACK,object_lack,Lack,object_scene,universal,img__object_lack__v1.webp,1024x1024,digital_art_flat_v3,light desk surface with blur,"A simple lack in three-quarter view, modern flat digital art, vector-inspired clean shapes, soft gradients, centered composition, light desk surface with blur background, minimal and uncluttered, recognizable silhouette, no text, no letters, no numerals, no logos, no watermark, no border",language_learning|cross_language_vocabulary|reading_comprehension|listening_comprehension,1,prompt_templates_v2
IMG_OBJECT_LAST,object_last,Last,object_scene,universal,img__object_last__v1.webp,1024x1024,digital_art_flat_v3,soft neutral gradient,"A simple last in three-quarter view, modern flat digital art, vector-inspired clean shapes, soft gradients, centered composition, soft neutral gradient background, minimal and uncluttered, recognizable silhouette, no text, no letters, no numerals, no logos, no watermark, no border",language_learning|cross_language_vocabulary|reading_comprehension|listening_comprehension,1,prompt_templates_v2
IMG_OBJECT_LAST_TIME,object_last_time,Last Time,object_scene,universal,img__object_last_time__v1.webp,1024x1024,digital_art_flat_v3,soft neutral gradient,"A simple last time in three-quarter view, modern flat digital art, vector-inspired clean shapes, soft gradients, centered composition, soft neutral gradient background, minimal and uncluttered, recognizable silhouette, no text, no letters, no numerals, no logos, no watermark, no border",language_learning|cross_language_vocabulary|reading_comprehension|listening_comprehension,1,prompt_templates_v2
IMG_OBJECT_LAST_YEAR,object_last_year,Last Year,object_scene,universal,img__object_last_year__v1.webp,1024x1024,digital_art_flat_v3,light desk surface with blur,"A simple last year in three-quarter view, modern flat digital art, vector-inspired clean shapes, soft gradients, centered composition, light desk surface with blur background, minimal and uncluttered, recognizable silhouette, no text, no letters, no numerals, no logos, no watermark, no border",language_learning|cross_language_vocabulary|reading_comprehension|listening_comprehension,1,prompt_templates_v2
IMG_OBJECT_LEFT,object_left,Left,object_scene,universal,img__object_left__v1.webp,1024x1024,digital_art_flat_v3,clean studio light gray,"A simple left in three-quarter view, modern flat digital art, vector-inspired clean shapes, soft gradients, centered composition, clean studio light gray background, minimal and uncluttered, recognizable silhouette, no text, no letters, no numerals, no logos, no watermark, no border",language_learning|cross_language_vocabulary|reading_comprehension|listening_comprehension,1,prompt_templates_v2
IMG_OBJECT_LEFT_SIDE,object_left_side,Left Side,object_scene,universal,img__object_left_side__v1.webp,1024x1024,digital_art_flat_v3,light desk surface with blur,"A simple left side in three-quarter view, modern flat digital art, vector-inspired clean shapes, soft gradients, centered composition, light desk surface with blur background, minimal and uncluttered, recognizable silhouette, no text, no letters, no numerals, no logos, no watermark, no border",language_learning|cross_language_vocabulary|reading_comprehension|listening_comprehension,1,prompt_templates_v2
IMG_OBJECT_LIBRARY,object_library,Library,object_scene,universal,img__object_library__v1.webp,1024x1024,digital_art_flat_v3,soft neutral gradient,"A simple library in three-quarter view, modern flat digital art, vector-inspired clean shapes, soft gradients, centered composition, soft neutral gradient background, minimal and uncluttered, recognizable silhouette, no text, no letters, no numerals, no logos, no watermark, no border",language_learning|cross_language_vocabulary|reading_comprehension|listening_comprehension,1,prompt_templates_v2
IMG_OBJECT_LITTLE,object_little,Little,object_scene,universal,img__object_little__v1.webp,1024x1024,digital_art_flat_v3,soft neutral gradient,"A simple little in three-quarter view, modern flat digital art, vector-inspired clean shapes, soft gradients, centered composition, soft neutral gradient background, minimal and uncluttered, recognizable silhouette, no text, no letters, no numerals, no logos, no watermark, no border",language_learning|cross_language_vocabulary|reading_comprehension|listening_comprehension,2,prompt_templates_v2
IMG_OBJECT_LITTLE_FRIEND,object_little_friend,Little Friend,object_scene,universal,img__object_little_friend__v1.webp,1024x1024,digital_art_flat_v3,minimal room corner pastel,"A simple little friend in three-quarter view, modern flat digital art, vector-inspired clean shapes, soft gradients, centered composition, minimal room corner pastel background, minimal and uncluttered, recognizable silhouette, no text, no letters, no numerals, no logos, no watermark, no border",language_learning|cross_language_vocabulary|reading_comprehension|listening_comprehension,1,prompt_templates_v2
IMG_OBJECT_LOCATION,object_location,Location,object_scene,universal,img__object_location__v1.webp,1024x1024,digital_art_flat_v3,clean studio light gray,"A simple location in three-quarter view, modern flat digital art, vector-inspired clean shapes, soft gradients, centered composition, clean studio light gray background, minimal and uncluttered, recognizable silhouette, no text, no letters, no numerals, no logos, no watermark, no border",language_learning|cross_language_vocabulary|reading_comprehension|listening_comprehension,1,prompt_templates_v2
IMG_OBJECT_LUNCH,object_lunch,Lunch,object_scene,universal,img__object_lunch__v1.webp,1024x1024,digital_art_flat_v3,minimal room corner pastel,"A simple lunch in three-quarter view, modern flat digital art, vector-inspired clean shapes, soft gradients, centered composition, minimal room corner pastel background, minimal and uncluttered, recognizable silhouette, no text, no letters, no numerals, no logos, no watermark, no border",language_learning|cross_language_vocabulary|reading_comprehension|listening_comprehension,1,prompt_templates_v2
IMG_OBJECT_MALE,object_male,Male,object_scene,universal,img__object_male__v1.webp,1024x1024,digital_art_flat_v3,minimal room corner pastel,"A simple male in three-quarter view, modern flat digital art, vector-inspired clean shapes, soft gradients, centered composition, minimal room corner pastel background, minimal and uncluttered, recognizable silhouette, no text, no letters, no numerals, no logos, no watermark, no border",language_learning|cross_language_vocabulary|reading_comprehension|listening_comprehension,1,prompt_templates_v2
IMG_OBJECT_MAN,object_man,Man,object_scene,universal,img__object_man__v1.webp,1024x1024,digital_art_flat_v3,light desk surface with blur,"A simple man in three-quarter view, modern flat digital art, vector-inspired clean shapes, soft gradients, centered composition, light desk surface with blur background, minimal and uncluttered, recognizable silhouette, no text, no letters, no numerals, no logos, no watermark, no border",language_learning|cross_language_vocabulary|reading_comprehension|listening_comprehension,1,prompt_templates_v2
IMG_OBJECT_MANY,object_many,Many,object_scene,universal,img__object_many__v1.webp,1024x1024,digital_art_flat_v3,light desk surface with blur,"A simple many in three-quarter view, modern flat digital art, vector-inspired clean shapes, soft gradients, centered composition, light desk surface with blur background, minimal and uncluttered, recognizable silhouette, no text, no letters, no numerals, no logos, no watermark, no border",language_learning|cross_language_vocabulary|reading_comprehension|listening_comprehension,1,prompt_templates_v2
IMG_OBJECT_MAP,object_map,Map,object_scene,universal,img__object_map__v1.webp,1024x1024,digital_art_flat_v3,soft neutral gradient,"A simple map in three-quarter view, modern flat digital art, vector-inspired clean shapes, soft gradients, centered composition, soft neutral gradient background, minimal and uncluttered, recognizable silhouette, no text, no letters, no numerals, no logos, no watermark, no border",language_learning|cross_language_vocabulary|reading_comprehension|listening_comprehension,1,prompt_templates_v2
IMG_OBJECT_MATTER_OR_AFFAIR,object_matter_or_affair,Matter Or Affair,object_scene,universal,img__object_matter_or_affair__v1.webp,1024x1024,digital_art_flat_v3,soft neutral gradient,"A simple matter or affair in three-quarter view, modern flat digital art, vector-inspired clean shapes, soft gradients, centered composition, soft neutral gradient background, minimal and uncluttered, recognizable silhouette, no text, no letters, no numerals, no logos, no watermark, no border",language_learning|cross_language_vocabulary|reading_comprehension|listening_comprehension,1,prompt_templates_v2
IMG_OBJECT_MAY_I_ASK,object_may_i_ask,May I Ask,object_scene,universal,img__object_may_i_ask__v1.webp,1024x1024,digital_art_flat_v3,soft neutral gradient,"A simple may i ask in three-quarter view, modern flat digital art, vector-inspired clean shapes, soft gradients, centered composition, soft neutral gradient background, minimal and uncluttered, recognizable silhouette, no text, no letters, no numerals, no logos, no watermark, no border",language_learning|cross_language_vocabulary|reading_comprehension|listening_comprehension,1,prompt_templates_v2
IMG_OBJECT_ME,object_me,Me,object_scene,universal,img__object_me__v1.webp,1024x1024,digital_art_flat_v3,minimal room corner pastel,"A simple me in three-quarter view, modern flat digital art, vector-inspired clean shapes, soft gradients, centered composition, minimal room corner pastel background, minimal and uncluttered, recognizable silhouette, no text, no letters, no numerals, no logos, no watermark, no border",language_learning|cross_language_vocabulary|reading_comprehension|listening_comprehension,1,prompt_templates_v2
IMG_OBJECT_MEAL,object_meal,Meal,object_scene,universal,img__object_meal__v1.webp,1024x1024,digital_art_flat_v3,light desk surface with blur,"A simple meal in three-quarter view, modern flat digital art, vector-inspired clean shapes, soft gradients, centered composition, light desk surface with blur background, minimal and uncluttered, recognizable silhouette, no text, no letters, no numerals, no logos, no watermark, no border",language_learning|cross_language_vocabulary|reading_comprehension|listening_comprehension,1,prompt_templates_v2
IMG_OBJECT_MEAT,object_meat,Meat,object_scene,universal,img__object_meat__v1.webp,1024x1024,digital_art_flat_v3,clean studio light gray,"A simple meat in three-quarter view, modern flat digital art, vector-inspired clean shapes, soft gradients, centered composition, clean studio light gray background, minimal and uncluttered, recognizable silhouette, no text, no letters, no numerals, no logos, no watermark, no border",language_learning|cross_language_vocabulary|reading_comprehension|listening_comprehension,1,prompt_templates_v2
IMG_OBJECT_MEET_EACH_OTHER,object_meet_each_other,Meet Each Other,object_scene,universal,img__object_meet_each_other__v1.webp,1024x1024,digital_art_flat_v3,clean studio light gray,"A simple meet each other in three-quarter view, modern flat digital art, vector-inspired clean shapes, soft gradients, centered composition, clean studio light gray background, minimal and uncluttered, recognizable silhouette, no text, no letters, no numerals, no logos, no watermark, no border",language_learning|cross_language_vocabulary|reading_comprehension|listening_comprehension,1,prompt_templates_v2
IMG_OBJECT_MIDDLE,object_middle,Middle,object_scene,universal,img__object_middle__v1.webp,1024x1024,digital_art_flat_v3,light desk surface with blur,"A simple middle in three-quarter view, modern flat digital art, vector-inspired clean shapes, soft gradients, centered composition, light desk surface with blur background, minimal and uncluttered, recognizable silhouette, no text, no letters, no numerals, no logos, no watermark, no border",language_learning|cross_language_vocabulary|reading_comprehension|listening_comprehension,2,prompt_templates_v2
IMG_OBJECT_MILK,object_milk,Milk,object_scene,universal,img__object_milk__v1.webp,1024x1024,digital_art_flat_v3,soft neutral gradient,"A simple milk in three-quarter view, modern flat digital art, vector-inspired clean shapes, soft gradients, centered composition, soft neutral gradient background, minimal and uncluttered, recognizable silhouette, no text, no letters, no numerals, no logos, no watermark, no border",language_learning|cross_language_vocabulary|reading_comprehension|listening_comprehension,2,prompt_templates_v2
IMG_OBJECT_MINUTE,object_minute,Minute,object_scene,universal,img__object_minute__v1.webp,1024x1024,digital_art_flat_v3,light desk surface with blur,"A simple minute in three-quarter view, modern flat digital art, vector-inspired clean shapes, soft gradients, centered composition, light desk surface with blur background, minimal and uncluttered, recognizable silhouette, no text, no letters, no numerals, no logos, no watermark, no border",language_learning|cross_language_vocabulary|reading_comprehension|listening_comprehension,1,prompt_templates_v2
IMG_OBJECT_MISS,object_miss,Miss,object_scene,universal,img__object_miss__v1.webp,1024x1024,digital_art_flat_v3,clean studio light gray,"A simple miss in three-quarter view, modern flat digital art, vector-inspired clean shapes, soft gradients, centered composition, clean studio light gray background, minimal and uncluttered, recognizable silhouette, no text, no letters, no numerals, no logos, no watermark, no border",language_learning|cross_language_vocabulary|reading_comprehension|listening_comprehension,1,prompt_templates_v2
IMG_OBJECT_MOBILE_PHONE,object_mobile_phone,Mobile Phone,object_scene,universal,img__object_mobile_phone__v1.webp,1024x1024,digital_art_flat_v3,soft neutral gradient,"A simple mobile phone in three-quarter view, modern flat digital art, vector-inspired clean shapes, soft gradients, centered composition, soft neutral gradient background, minimal and uncluttered, recognizable silhouette, no text, no letters, no numerals, no logos, no watermark, no border",language_learning|cross_language_vocabulary|reading_comprehension|listening_comprehension,1,prompt_templates_v2
IMG_OBJECT_MOMENT,object_moment,Moment,object_scene,universal,img__object_moment__v1.webp,1024x1024,digital_art_flat_v3,light desk surface with blur,"A simple moment in three-quarter view, modern flat digital art, vector-inspired clean shapes, soft gradients, centered composition, light desk surface with blur background, minimal and uncluttered, recognizable silhouette, no text, no letters, no numerals, no logos, no watermark, no border",language_learning|cross_language_vocabulary|reading_comprehension|listening_comprehension,1,prompt_templates_v2
IMG_OBJECT_MONEY,object_money,Money,object_scene,universal,img__object_money__v1.webp,1024x1024,digital_art_flat_v3,minimal room corner pastel,"A simple money in three-quarter view, modern flat digital art, vector-inspired clean shapes, soft gradients, centered composition, minimal room corner pastel background, minimal and uncluttered, recognizable silhouette, no text, no letters, no numerals, no logos, no watermark, no border",language_learning|cross_language_vocabulary|reading_comprehension|listening_comprehension,1,prompt_templates_v2
IMG_OBJECT_MONTH,object_month,Month,object_scene,universal,img__object_month__v1.webp,1024x1024,digital_art_flat_v3,clean studio light gray,"A simple month in three-quarter view, modern flat digital art, vector-inspired clean shapes, soft gradients, centered composition, clean studio light gray background, minimal and uncluttered, recognizable silhouette, no text, no letters, no numerals, no logos, no watermark, no border",language_learning|cross_language_vocabulary|reading_comprehension|listening_comprehension,1,prompt_templates_v2
IMG_OBJECT_MOON,object_moon,Moon,object_scene,universal,img__object_moon__v1.webp,1024x1024,digital_art_flat_v3,minimal room corner pastel,"A simple moon in three-quarter view, modern flat digital art, vector-inspired clean shapes, soft gradients, centered composition, minimal room corner pastel background, minimal and uncluttered, recognizable silhouette, no text, no letters, no numerals, no logos, no watermark, no border",language_learning|cross_language_vocabulary|reading_comprehension|listening_comprehension,1,prompt_templates_v2
IMG_OBJECT_MORNING,object_morning,Morning,object_scene,universal,img__object_morning__v1.webp,1024x1024,digital_art_flat_v3,minimal room corner pastel,"A simple morning in three-quarter view, modern flat digital art, vector-inspired clean shapes, soft gradients, centered composition, minimal room corner pastel background, minimal and uncluttered, recognizable silhouette, no text, no letters, no numerals, no logos, no watermark, no border",language_learning|cross_language_vocabulary|reading_comprehension|listening_comprehension,2,prompt_templates_v2
IMG_OBJECT_MOST,object_most,Most,object_scene,universal,img__object_most__v1.webp,1024x1024,digital_art_flat_v3,soft neutral gradient,"A simple most in three-quarter view, modern flat digital art, vector-inspired clean shapes, soft gradients, centered composition, soft neutral gradient background, minimal and uncluttered, recognizable silhouette, no text, no letters, no numerals, no logos, no watermark, no border",language_learning|cross_language_vocabulary|reading_comprehension|listening_comprehension,1,prompt_templates_v2
IMG_OBJECT_MOTHER,object_mother,Mother,object_scene,universal,img__object_mother__v1.webp,1024x1024,digital_art_flat_v3,soft neutral gradient,"A simple mother in three-quarter view, modern flat digital art, vector-inspired clean shapes, soft gradients, centered composition, soft neutral gradient background, minimal and uncluttered, recognizable silhouette, no text, no letters, no numerals, no logos, no watermark, no border",language_learning|cross_language_vocabulary|reading_comprehension|listening_comprehension,2,prompt_templates_v2
IMG_OBJECT_MOUNTAIN,object_mountain,Mountain,object_scene,universal,img__object_mountain__v1.webp,1024x1024,digital_art_flat_v3,soft neutral gradient,"A simple mountain in three-quarter view, modern flat digital art, vector-inspired clean shapes, soft gradients, centered composition, soft neutral gradient background, minimal and uncluttered, recognizable silhouette, no text, no letters, no numerals, no logos, no watermark, no border",language_learning|cross_language_vocabulary|reading_comprehension|listening_comprehension,1,prompt_templates_v2
IMG_OBJECT_MOUTH,object_mouth,Mouth,object_scene,universal,img__object_mouth__v1.webp,1024x1024,digital_art_flat_v3,minimal room corner pastel,"A simple mouth in three-quarter view, modern flat digital art, vector-inspired clean shapes, soft gradients, centered composition, minimal room corner pastel background, minimal and uncluttered, recognizable silhouette, no text, no letters, no numerals, no logos, no watermark, no border",language_learning|cross_language_vocabulary|reading_comprehension|listening_comprehension,1,prompt_templates_v2
IMG_OBJECT_MOVIE,object_movie,Movie,object_scene,universal,img__object_movie__v1.webp,1024x1024,digital_art_flat_v3,minimal room corner pastel,"A simple movie in three-quarter view, modern flat digital art, vector-inspired clean shapes, soft gradients, centered composition, minimal room corner pastel background, minimal and uncluttered, recognizable silhouette, no text, no letters, no numerals, no logos, no watermark, no border",language_learning|cross_language_vocabulary|reading_comprehension|listening_comprehension,1,prompt_templates_v2
IMG_OBJECT_MOVIE_THEATER,object_movie_theater,Movie Theater,object_scene,universal,img__object_movie_theater__v1.webp,1024x1024,digital_art_flat_v3,light desk surface with blur,"A simple movie theater in three-quarter view, modern flat digital art, vector-inspired clean shapes, soft gradients, centered composition, light desk surface with blur background, minimal and uncluttered, recognizable silhouette, no text, no letters, no numerals, no logos, no watermark, no border",language_learning|cross_language_vocabulary|reading_comprehension|listening_comprehension,1,prompt_templates_v2
IMG_OBJECT_MR,object_mr,Mr,object_scene,universal,img__object_mr__v1.webp,1024x1024,digital_art_flat_v3,soft neutral gradient,"A simple mr in three-quarter view, modern flat digital art, vector-inspired clean shapes, soft gradients, centered composition, soft neutral gradient background, minimal and uncluttered, recognizable silhouette, no text, no letters, no numerals, no logos, no watermark, no border",language_learning|cross_language_vocabulary|reading_comprehension|listening_comprehension,1,prompt_templates_v2
IMG_OBJECT_MUCH,object_much,Much,object_scene,universal,img__object_much__v1.webp,1024x1024,digital_art_flat_v3,minimal room corner pastel,"A simple much in three-quarter view, modern flat digital art, vector-inspired clean shapes, soft gradients, centered composition, minimal room corner pastel background, minimal and uncluttered, recognizable silhouette, no text, no letters, no numerals, no logos, no watermark, no border",language_learning|cross_language_vocabulary|reading_comprehension|listening_comprehension,1,prompt_templates_v2
IMG_OBJECT_NAME,object_name,Name,object_scene,universal,img__object_name__v1.webp,1024x1024,digital_art_flat_v3,clean studio light gray,"A simple name in three-quarter view, modern flat digital art, vector-inspired clean shapes, soft gradients, centered composition, clean studio light gray background, minimal and uncluttered, recognizable silhouette, no text, no letters, no numerals, no logos, no watermark, no border",language_learning|cross_language_vocabulary|reading_comprehension|listening_comprehension,1,prompt_templates_v2
IMG_OBJECT_NATION,object_nation,Nation,object_scene,universal,img__object_nation__v1.webp,1024x1024,digital_art_flat_v3,soft neutral gradient,"A simple nation in three-quarter view, modern flat digital art, vector-inspired clean shapes, soft gradients, centered composition, soft neutral gradient background, minimal and uncluttered, recognizable silhouette, no text, no letters, no numerals, no logos, no watermark, no border",language_learning|cross_language_vocabulary|reading_comprehension|listening_comprehension,1,prompt_templates_v2
IMG_OBJECT_NEW,object_new,New,object_scene,universal,img__object_new__v1.webp,1024x1024,digital_art_flat_v3,soft neutral gradient,"A simple new in three-quarter view, modern flat digital art, vector-inspired clean shapes, soft gradients, centered composition, soft neutral gradient background, minimal and uncluttered, recognizable silhouette, no text, no letters, no numerals, no logos, no watermark, no border",language_learning|cross_language_vocabulary|reading_comprehension|listening_comprehension,1,prompt_templates_v2
IMG_OBJECT_NEW_YEAR,object_new_year,New Year,object_scene,universal,img__object_new_year__v1.webp,1024x1024,digital_art_flat_v3,light desk surface with blur,"A simple new year in three-quarter view, modern flat digital art, vector-inspired clean shapes, soft gradients, centered composition, light desk surface with blur background, minimal and uncluttered, recognizable silhouette, no text, no letters, no numerals, no logos, no watermark, no border",language_learning|cross_language_vocabulary|reading_comprehension|listening_comprehension,1,prompt_templates_v2
IMG_OBJECT_NEXT_TIME,object_next_time,Next Time,object_scene,universal,img__object_next_time__v1.webp,1024x1024,digital_art_flat_v3,clean studio light gray,"A simple next time in three-quarter view, modern flat digital art, vector-inspired clean shapes, soft gradients, centered composition, clean studio light gray background, minimal and uncluttered, recognizable silhouette, no text, no letters, no numerals, no logos, no watermark, no border",language_learning|cross_language_vocabulary|reading_comprehension|listening_comprehension,1,prompt_templates_v2
IMG_OBJECT_NEXT_YEAR,object_next_year,Next Year,object_scene,universal,img__object_next_year__v1.webp,1024x1024,digital_art_flat_v3,minimal room corner pastel,"A simple next year in three-quarter view, modern flat digital art, vector-inspired clean shapes, soft gradients, centered composition, minimal room corner pastel background, minimal and uncluttered, recognizable silhouette, no text, no letters, no numerals, no logos, no watermark, no border",language_learning|cross_language_vocabulary|reading_comprehension|listening_comprehension,1,prompt_templates_v2
IMG_OBJECT_NO_NEED,object_no_need,No Need,object_scene,universal,img__object_no_need__v1.webp,1024x1024,digital_art_flat_v3,minimal room corner pastel,"A simple no need in three-quarter view, modern flat digital art, vector-inspired clean shapes, soft gradients, centered composition, minimal room corner pastel background, minimal and uncluttered, recognizable silhouette, no text, no letters, no numerals, no logos, no watermark, no border",language_learning|cross_language_vocabulary|reading_comprehension|listening_comprehension,1,prompt_templates_v2
IMG_OBJECT_NO_PROBLEM,object_no_problem,No Problem,object_scene,universal,img__object_no_problem__v1.webp,1024x1024,digital_art_flat_v3,light desk surface with blur,"A simple no problem in three-quarter view, modern flat digital art, vector-inspired clean shapes, soft gradients, centered composition, light desk surface with blur background, minimal and uncluttered, recognizable silhouette, no text, no letters, no numerals, no logos, no watermark, no border",language_learning|cross_language_vocabulary|reading_comprehension|listening_comprehension,1,prompt_templates_v2
IMG_OBJECT_NOODLES,object_noodles,Noodles,object_scene,universal,img__object_noodles__v1.webp,1024x1024,digital_art_flat_v3,light desk surface with blur,"A simple noodles in three-quarter view, modern flat digital art, vector-inspired clean shapes, soft gradients, centered composition, light desk surface with blur background, minimal and uncluttered, recognizable silhouette, no text, no letters, no numerals, no logos, no watermark, no border",language_learning|cross_language_vocabulary|reading_comprehension|listening_comprehension,1,prompt_templates_v2
IMG_OBJECT_NOON,object_noon,Noon,object_scene,universal,img__object_noon__v1.webp,1024x1024,digital_art_flat_v3,minimal room corner pastel,"A simple noon in three-quarter view, modern flat digital art, vector-inspired clean shapes, soft gradients, centered composition, minimal room corner pastel background, minimal and uncluttered, recognizable silhouette, no text, no letters, no numerals, no logos, no watermark, no border",language_learning|cross_language_vocabulary|reading_comprehension|listening_comprehension,1,prompt_templates_v2
IMG_OBJECT_NORTH,object_north,North,object_scene,universal,img__object_north__v1.webp,1024x1024,digital_art_flat_v3,minimal room corner pastel,"A simple north in three-quarter view, modern flat digital art, vector-inspired clean shapes, soft gradients, centered composition, minimal room corner pastel background, minimal and uncluttered, recognizable silhouette, no text, no letters, no numerals, no logos, no watermark, no border",language_learning|cross_language_vocabulary|reading_comprehension|listening_comprehension,1,prompt_templates_v2
IMG_OBJECT_NORTH_SIDE,object_north_side,North Side,object_scene,universal,img__object_north_side__v1.webp,1024x1024,digital_art_flat_v3,clean studio light gray,"A simple north side in three-quarter view, modern flat digital art, vector-inspired clean shapes, soft gradients, centered composition, clean studio light gray background, minimal and uncluttered, recognizable silhouette, no text, no letters, no numerals, no logos, no watermark, no border",language_learning|cross_language_vocabulary|reading_comprehension|listening_comprehension,1,prompt_templates_v2
IMG_OBJECT_NOT_BIG,object_not_big,Not Big,object_scene,universal,img__object_not_big__v1.webp,1024x1024,digital_art_flat_v3,soft neutral gradient,"A simple not big in three-quarter view, modern flat digital art, vector-inspired clean shapes, soft gradients, centered composition, soft neutral gradient background, minimal and uncluttered, recognizable silhouette, no text, no letters, no numerals, no logos, no watermark, no border",language_learning|cross_language_vocabulary|reading_comprehension|listening_comprehension,1,prompt_templates_v2
IMG_OBJECT_NOT_CORRECT,object_not_correct,Not Correct,object_scene,universal,img__object_not_correct__v1.webp,1024x1024,digital_art_flat_v3,light desk surface with blur,"A simple not correct in three-quarter view, modern flat digital art, vector-inspired clean shapes, soft gradients, centered composition, light desk surface with blur background, minimal and uncluttered, recognizable silhouette, no text, no letters, no numerals, no logos, no watermark, no border",language_learning|cross_language_vocabulary|reading_comprehension|listening_comprehension,1,prompt_templates_v2
IMG_OBJECT_NOT_HAVE,object_not_have,Not Have,object_scene,universal,img__object_not_have__v1.webp,1024x1024,digital_art_flat_v3,clean studio light gray,"A simple not have in three-quarter view, modern flat digital art, vector-inspired clean shapes, soft gradients, centered composition, clean studio light gray background, minimal and uncluttered, recognizable silhouette, no text, no letters, no numerals, no logos, no watermark, no border",language_learning|cross_language_vocabulary|reading_comprehension|listening_comprehension,1,prompt_templates_v2
IMG_OBJECT_NOTEBOOK,object_notebook,Notebook,object_scene,universal,img__object_notebook__v1.webp,1024x1024,digital_art_flat_v3,soft neutral gradient,"A simple notebook in three-quarter view, modern flat digital art, vector-inspired clean shapes, soft gradients, centered composition, soft neutral gradient background, minimal and uncluttered, recognizable silhouette, no text, no letters, no numerals, no logos, no watermark, no border",language_learning|cross_language_vocabulary|reading_comprehension|listening_comprehension,1,prompt_templates_v2
IMG_OBJECT_NOW,object_now,Now,object_scene,universal,img__object_now__v1.webp,1024x1024,digital_art_flat_v3,minimal room corner pastel,"A simple now in three-quarter view, modern flat digital art, vector-inspired clean shapes, soft gradients, centered composition, minimal room corner pastel background, minimal and uncluttered, recognizable silhouette, no text, no letters, no numerals, no logos, no watermark, no border",language_learning|cross_language_vocabulary|reading_comprehension|listening_comprehension,1,prompt_templates_v2
IMG_OBJECT_NUMBER,object_number,Number,object_scene,universal,img__object_number__v1.webp,1024x1024,digital_art_flat_v3,soft neutral gradient,"A simple number in three-quarter view, modern flat digital art, vector-inspired clean shapes, soft gradients, centered composition, soft neutral gradient background, minimal and uncluttered, recognizable silhouette, no text, no letters, no numerals, no logos, no watermark, no border",language_learning|cross_language_vocabulary|reading_comprehension|listening_comprehension,1,prompt_templates_v2
IMG_OBJECT_O_CLOCK,object_o_clock,O'Clock,object_scene,universal,img__object_o_clock__v1.webp,1024x1024,digital_art_flat_v3,soft neutral gradient,"A simple o'clock in three-quarter view, modern flat digital art, vector-inspired clean shapes, soft gradients, centered composition, soft neutral gradient background, minimal and uncluttered, recognizable silhouette, no text, no letters, no numerals, no logos, no watermark, no border",language_learning|cross_language_vocabulary|reading_comprehension|listening_comprehension,1,prompt_templates_v2
IMG_OBJECT_OFF_WORK,object_off_work,Off Work,object_scene,universal,img__object_off_work__v1.webp,1024x1024,digital_art_flat_v3,soft neutral gradient,"A simple off work in three-quarter view, modern flat digital art, vector-inspired clean shapes, soft gradients, centered composition, soft neutral gradient background, minimal and uncluttered, recognizable silhouette, no text, no letters, no numerals, no logos, no watermark, no border",language_learning|cross_language_vocabulary|reading_comprehension|listening_comprehension,1,prompt_templates_v2
IMG_OBJECT_OFTEN,object_often,Often,object_scene,universal,img__object_often__v1.webp,1024x1024,digital_art_flat_v3,soft neutral gradient,"A simple often in three-quarter view, modern flat digital art, vector-inspired clean shapes, soft gradients, centered composition, soft neutral gradient background, minimal and uncluttered, recognizable silhouette, no text, no letters, no numerals, no logos, no watermark, no border",language_learning|cross_language_vocabulary|reading_comprehension|listening_comprehension,1,prompt_templates_v2
IMG_OBJECT_OLD,object_old,Old,object_scene,universal,img__object_old__v1.webp,1024x1024,digital_art_flat_v3,soft neutral gradient,"A simple old in three-quarter view, modern flat digital art, vector-inspired clean shapes, soft gradients, centered composition, soft neutral gradient background, minimal and uncluttered, recognizable silhouette, no text, no letters, no numerals, no logos, no watermark, no border",language_learning|cross_language_vocabulary|reading_comprehension|listening_comprehension,1,prompt_templates_v2
IMG_OBJECT_OLDER_BROTHER,object_older_brother,Older Brother,object_scene,universal,img__object_older_brother__v1.webp,1024x1024,digital_art_flat_v3,light desk surface with blur,"A simple older brother in three-quarter view, modern flat digital art, vector-inspired clean shapes, soft gradients, centered composition, light desk surface with blur background, minimal and uncluttered, recognizable silhouette, no text, no letters, no numerals, no logos, no watermark, no border",language_learning|cross_language_vocabulary|reading_comprehension|listening_comprehension,1,prompt_templates_v2
IMG_OBJECT_OLDER_SISTER,object_older_sister,Older Sister,object_scene,universal,img__object_older_sister__v1.webp,1024x1024,digital_art_flat_v3,minimal room corner pastel,"A simple older sister in three-quarter view, modern flat digital art, vector-inspired clean shapes, soft gradients, centered composition, minimal room corner pastel background, minimal and uncluttered, recognizable silhouette, no text, no letters, no numerals, no logos, no watermark, no border",language_learning|cross_language_vocabulary|reading_comprehension|listening_comprehension,1,prompt_templates_v2
IMG_OBJECT_ON,object_on,On,object_scene,universal,img__object_on__v1.webp,1024x1024,digital_art_flat_v3,soft neutral gradient,"A simple on in three-quarter view, modern flat digital art, vector-inspired clean shapes, soft gradients, centered composition, soft neutral gradient background, minimal and uncluttered, recognizable silhouette, no text, no letters, no numerals, no logos, no watermark, no border",language_learning|cross_language_vocabulary|reading_comprehension|listening_comprehension,2,prompt_templates_v2
IMG_OBJECT_ON_THE_BODY,object_on_the_body,On The Body,object_scene,universal,img__object_on_the_body__v1.webp,1024x1024,digital_art_flat_v3,clean studio light gray,"A simple on the body in three-quarter view, modern flat digital art, vector-inspired clean shapes, soft gradients, centered composition, clean studio light gray background, minimal and uncluttered, recognizable silhouette, no text, no letters, no numerals, no logos, no watermark, no border",language_learning|cross_language_vocabulary|reading_comprehension|listening_comprehension,1,prompt_templates_v2
IMG_OBJECT_ON_THE_GROUND,object_on_the_ground,On The Ground,object_scene,universal,img__object_on_the_ground__v1.webp,1024x1024,digital_art_flat_v3,soft neutral gradient,"A simple on the ground in three-quarter view, modern flat digital art, vector-inspired clean shapes, soft gradients, centered composition, soft neutral gradient background, minimal and uncluttered, recognizable silhouette, no text, no letters, no numerals, no logos, no watermark, no border",language_learning|cross_language_vocabulary|reading_comprehension|listening_comprehension,1,prompt_templates_v2
IMG_OBJECT_ON_THE_VEHICLE,object_on_the_vehicle,On The Vehicle,object_scene,universal,img__object_on_the_vehicle__v1.webp,1024x1024,digital_art_flat_v3,clean studio light gray,"A simple on the vehicle in three-quarter view, modern flat digital art, vector-inspired clean shapes, soft gradients, centered composition, clean studio light gray background, minimal and uncluttered, recognizable silhouette, no text, no letters, no numerals, no logos, no watermark, no border",language_learning|cross_language_vocabulary|reading_comprehension|listening_comprehension,1,prompt_templates_v2
IMG_OBJECT_ONE_SIDE,object_one_side,One Side,object_scene,universal,img__object_one_side__v1.webp,1024x1024,digital_art_flat_v3,soft neutral gradient,"A simple one side in three-quarter view, modern flat digital art, vector-inspired clean shapes, soft gradients, centered composition, soft neutral gradient background, minimal and uncluttered, recognizable silhouette, no text, no letters, no numerals, no logos, no watermark, no border",language_learning|cross_language_vocabulary|reading_comprehension|listening_comprehension,1,prompt_templates_v2
IMG_OBJECT_ONLINE,object_online,Online,object_scene,universal,img__object_online__v1.webp,1024x1024,digital_art_flat_v3,clean studio light gray,"A simple online in three-quarter view, modern flat digital art, vector-inspired clean shapes, soft gradients, centered composition, clean studio light gray background, minimal and uncluttered, recognizable silhouette, no text, no letters, no numerals, no logos, no watermark, no border",language_learning|cross_language_vocabulary|reading_comprehension|listening_comprehension,1,prompt_templates_v2
IMG_OBJECT_ONLINE_FRIEND,object_online_friend,Online Friend,object_scene,universal,img__object_online_friend__v1.webp,1024x1024,digital_art_flat_v3,soft neutral gradient,"A simple online friend in three-quarter view, modern flat digital art, vector-inspired clean shapes, soft gradients, centered composition, soft neutral gradient background, minimal and uncluttered, recognizable silhouette, no text, no letters, no numerals, no logos, no watermark, no border",language_learning|cross_language_vocabulary|reading_comprehension|listening_comprehension,1,prompt_templates_v2
IMG_OBJECT_OPEN,object_open,Open,object_scene,universal,img__object_open__v1.webp,1024x1024,digital_art_flat_v3,clean studio light gray,"A simple open in three-quarter view, modern flat digital art, vector-inspired clean shapes, soft gradients, centered composition, clean studio light gray background, minimal and uncluttered, recognizable silhouette, no text, no letters, no numerals, no logos, no watermark, no border",language_learning|cross_language_vocabulary|reading_comprehension|listening_comprehension,1,prompt_templates_v2
IMG_OBJECT_OR,object_or,Or,object_scene,universal,img__object_or__v1.webp,1024x1024,digital_art_flat_v3,minimal room corner pastel,"A simple or in three-quarter view, modern flat digital art, vector-inspired clean shapes, soft gradients, centered composition, minimal room corner pastel background, minimal and uncluttered, recognizable silhouette, no text, no letters, no numerals, no logos, no watermark, no border",language_learning|cross_language_vocabulary|reading_comprehension|listening_comprehension,1,prompt_templates_v2
IMG_OBJECT_ORDINAL_PREFIX,object_ordinal_prefix,Ordinal Prefix,object_scene,universal,img__object_ordinal_prefix__v1.webp,1024x1024,digital_art_flat_v3,light desk surface with blur,"A simple ordinal prefix in three-quarter view, modern flat digital art, vector-inspired clean shapes, soft gradients, centered composition, light desk surface with blur background, minimal and uncluttered, recognizable silhouette, no text, no letters, no numerals, no logos, no watermark, no border",language_learning|cross_language_vocabulary|reading_comprehension|listening_comprehension,1,prompt_templates_v2
IMG_OBJECT_OTHER,object_other,Other,object_scene,universal,img__object_other__v1.webp,1024x1024,digital_art_flat_v3,light desk surface with blur,"A simple other in three-quarter view, modern flat digital art, vector-inspired clean shapes, soft gradients, centered composition, light desk surface with blur background, minimal and uncluttered, recognizable silhouette, no text, no letters, no numerals, no logos, no watermark, no border",language_learning|cross_language_vocabulary|reading_comprehension|listening_comprehension,1,prompt_templates_v2
IMG_OBJECT_OTHER_PEOPLE,object_other_people,Other People,object_scene,universal,img__object_other_people__v1.webp,1024x1024,digital_art_flat_v3,clean studio light gray,"A simple other people in three-quarter view, modern flat digital art, vector-inspired clean shapes, soft gradients, centered composition, clean studio light gray background, minimal and uncluttered, recognizable silhouette, no text, no letters, no numerals, no logos, no watermark, no border",language_learning|cross_language_vocabulary|reading_comprehension|listening_comprehension,1,prompt_templates_v2
IMG_OBJECT_OUTSIDE,object_outside,Outside,object_scene,universal,img__object_outside__v1.webp,1024x1024,digital_art_flat_v3,minimal room corner pastel,"A simple outside in three-quarter view, modern flat digital art, vector-inspired clean shapes, soft gradients, centered composition, minimal room corner pastel background, minimal and uncluttered, recognizable silhouette, no text, no letters, no numerals, no logos, no watermark, no border",language_learning|cross_language_vocabulary|reading_comprehension|listening_comprehension,2,prompt_templates_v2
IMG_OBJECT_OVER_THERE,object_over_there,Over There,object_scene,universal,img__object_over_there__v1.webp,1024x1024,digital_art_flat_v3,minimal room corner pastel,"A simple over there in three-quarter view, modern flat digital art, vector-inspired clean shapes, soft gradients, centered composition, minimal room corner pastel background, minimal and uncluttered, recognizable silhouette, no text, no letters, no numerals, no logos, no watermark, no border",language_learning|cross_language_vocabulary|reading_comprehension|listening_comprehension,1,prompt_templates_v2
IMG_OBJECT_PAGE,object_page,Page,object_scene,universal,img__object_page__v1.webp,1024x1024,digital_art_flat_v3,light desk surface with blur,"A simple page in three-quarter view, modern flat digital art, vector-inspired clean shapes, soft gradients, centered composition, light desk surface with blur background, minimal and uncluttered, recognizable silhouette, no text, no letters, no numerals, no logos, no watermark, no border",language_learning|cross_language_vocabulary|reading_comprehension|listening_comprehension,1,prompt_templates_v2
IMG_OBJECT_PATERNAL_GRANDMOTHER,object_paternal_grandmother,Paternal Grandmother,object_scene,universal,img__object_paternal_grandmother__v1.webp,1024x1024,digital_art_flat_v3,light desk surface with blur,"A simple paternal grandmother in three-quarter view, modern flat digital art, vector-inspired clean shapes, soft gradients, centered composition, light desk surface with blur background, minimal and uncluttered, recognizable silhouette, no text, no letters, no numerals, no logos, no watermark, no border",language_learning|cross_language_vocabulary|reading_comprehension|listening_comprehension,1,prompt_templates_v2
IMG_OBJECT_PATIENT,object_patient,Patient,object_scene,universal,img__object_patient__v1.webp,1024x1024,digital_art_flat_v3,clean studio light gray,"A simple patient in three-quarter view, modern flat digital art, vector-inspired clean shapes, soft gradients, centered composition, clean studio light gray background, minimal and uncluttered, recognizable silhouette, no text, no letters, no numerals, no logos, no watermark, no border",language_learning|cross_language_vocabulary|reading_comprehension|listening_comprehension,1,prompt_templates_v2
IMG_OBJECT_PEOPLE,object_people,People,object_scene,universal,img__object_people__v1.webp,1024x1024,digital_art_flat_v3,minimal room corner pastel,"A simple people in three-quarter view, modern flat digital art, vector-inspired clean shapes, soft gradients, centered composition, minimal room corner pastel background, minimal and uncluttered, recognizable silhouette, no text, no letters, no numerals, no logos, no watermark, no border",language_learning|cross_language_vocabulary|reading_comprehension|listening_comprehension,1,prompt_templates_v2
IMG_OBJECT_PERSON,object_person,Person,object_scene,universal,img__object_person__v1.webp,1024x1024,digital_art_flat_v3,light desk surface with blur,"A simple person in three-quarter view, modern flat digital art, vector-inspired clean shapes, soft gradients, centered composition, light desk surface with blur background, minimal and uncluttered, recognizable silhouette, no text, no letters, no numerals, no logos, no watermark, no border",language_learning|cross_language_vocabulary|reading_comprehension|listening_comprehension,1,prompt_templates_v2
IMG_OBJECT_PIECE,object_piece,Piece,object_scene,universal,img__object_piece__v1.webp,1024x1024,digital_art_flat_v3,light desk surface with blur,"A simple piece in three-quarter view, modern flat digital art, vector-inspired clean shapes, soft gradients, centered composition, light desk surface with blur background, minimal and uncluttered, recognizable silhouette, no text, no letters, no numerals, no logos, no watermark, no border",language_learning|cross_language_vocabulary|reading_comprehension|listening_comprehension,1,prompt_templates_v2
IMG_OBJECT_PLACE,object_place,Place,object_scene,universal,img__object_place__v1.webp,1024x1024,digital_art_flat_v3,clean studio light gray,"A simple place in three-quarter view, modern flat digital art, vector-inspired clean shapes, soft gradients, centered composition, clean studio light gray background, minimal and uncluttered, recognizable silhouette, no text, no letters, no numerals, no logos, no watermark, no border",language_learning|cross_language_vocabulary|reading_comprehension|listening_comprehension,1,prompt_templates_v2
IMG_OBJECT_PLANE_TICKET,object_plane_ticket,Plane Ticket,object_scene,universal,img__object_plane_ticket__v1.webp,1024x1024,digital_art_flat_v3,light desk surface with blur,"A simple plane ticket in three-quarter view, modern flat digital art, vector-inspired clean shapes, soft gradients, centered composition, light desk surface with blur background, minimal and uncluttered, recognizable silhouette, no text, no letters, no numerals, no logos, no watermark, no border",language_learning|cross_language_vocabulary|reading_comprehension|listening_comprehension,1,prompt_templates_v2
IMG_OBJECT_PLAYING_BALL,object_playing_ball,Playing Ball,object_scene,universal,img__object_playing_ball__v1.webp,1024x1024,digital_art_flat_v3,soft neutral gradient,"A simple playing ball in three-quarter view, modern flat digital art, vector-inspired clean shapes, soft gradients, centered composition, soft neutral gradient background, minimal and uncluttered, recognizable silhouette, no text, no letters, no numerals, no logos, no watermark, no border",language_learning|cross_language_vocabulary|reading_comprehension|listening_comprehension,1,prompt_templates_v2
IMG_OBJECT_PLEASANT_TO_HEAR,object_pleasant_to_hear,Pleasant To Hear,object_scene,universal,img__object_pleasant_to_hear__v1.webp,1024x1024,digital_art_flat_v3,minimal room corner pastel,"A simple pleasant to hear in three-quarter view, modern flat digital art, vector-inspired clean shapes, soft gradients, centered composition, minimal room corner pastel background, minimal and uncluttered, recognizable silhouette, no text, no letters, no numerals, no logos, no watermark, no border",language_learning|cross_language_vocabulary|reading_comprehension|listening_comprehension,1,prompt_templates_v2
IMG_OBJECT_PLEASE,object_please,Please,object_scene,universal,img__object_please__v1.webp,1024x1024,digital_art_flat_v3,light desk surface with blur,"A simple please in three-quarter view, modern flat digital art, vector-inspired clean shapes, soft gradients, centered composition, light desk surface with blur background, minimal and uncluttered, recognizable silhouette, no text, no letters, no numerals, no logos, no watermark, no border",language_learning|cross_language_vocabulary|reading_comprehension|listening_comprehension,1,prompt_templates_v2
IMG_OBJECT_PLEASE_COME_IN,object_please_come_in,Please Come In,object_scene,universal,img__object_please_come_in__v1.webp,1024x1024,digital_art_flat_v3,clean studio light gray,"A simple please come in in three-quarter view, modern flat digital art, vector-inspired clean shapes, soft gradients, centered composition, clean studio light gray background, minimal and uncluttered, recognizable silhouette, no text, no letters, no numerals, no logos, no watermark, no border",language_learning|cross_language_vocabulary|reading_comprehension|listening_comprehension,1,prompt_templates_v2
IMG_OBJECT_PLEASE_SIT,object_please_sit,Please Sit,object_scene,universal,img__object_please_sit__v1.webp,1024x1024,digital_art_flat_v3,light desk surface with blur,"A simple please sit in three-quarter view, modern flat digital art, vector-inspired clean shapes, soft gradients, centered composition, light desk surface with blur background, minimal and uncluttered, recognizable silhouette, no text, no letters, no numerals, no logos, no watermark, no border",language_learning|cross_language_vocabulary|reading_comprehension|listening_comprehension,1,prompt_templates_v2
IMG_OBJECT_POSITIVE,object_positive,Positive,object_scene,universal,img__object_positive__v1.webp,1024x1024,digital_art_flat_v3,light desk surface with blur,"A simple positive in three-quarter view, modern flat digital art, vector-inspired clean shapes, soft gradients, centered composition, light desk surface with blur background, minimal and uncluttered, recognizable silhouette, no text, no letters, no numerals, no logos, no watermark, no border",language_learning|cross_language_vocabulary|reading_comprehension|listening_comprehension,1,prompt_templates_v2
IMG_OBJECT_PREPARE,object_prepare,Prepare,object_scene,universal,img__object_prepare__v1.webp,1024x1024,digital_art_flat_v3,minimal room corner pastel,"A simple prepare in three-quarter view, modern flat digital art, vector-inspired clean shapes, soft gradients, centered composition, minimal room corner pastel background, minimal and uncluttered, recognizable silhouette, no text, no letters, no numerals, no logos, no watermark, no border",language_learning|cross_language_vocabulary|reading_comprehension|listening_comprehension,1,prompt_templates_v2
IMG_OBJECT_RAIN,object_rain,Rain,object_scene,universal,img__object_rain__v1.webp,1024x1024,digital_art_flat_v3,soft neutral gradient,"A simple rain in three-quarter view, modern flat digital art, vector-inspired clean shapes, soft gradients, centered composition, soft neutral gradient background, minimal and uncluttered, recognizable silhouette, no text, no letters, no numerals, no logos, no watermark, no border",language_learning|cross_language_vocabulary|reading_comprehension|listening_comprehension,1,prompt_templates_v2
IMG_OBJECT_READING_BOOKS,object_reading_books,Reading Books,object_scene,universal,img__object_reading_books__v1.webp,1024x1024,digital_art_flat_v3,soft neutral gradient,"A simple reading books in three-quarter view, modern flat digital art, vector-inspired clean shapes, soft gradients, centered composition, soft neutral gradient background, minimal and uncluttered, recognizable silhouette, no text, no letters, no numerals, no logos, no watermark, no border",language_learning|cross_language_vocabulary|reading_comprehension|listening_comprehension,1,prompt_templates_v2
IMG_OBJECT_REALLY,object_really,Really,object_scene,universal,img__object_really__v1.webp,1024x1024,digital_art_flat_v3,light desk surface with blur,"A simple really in three-quarter view, modern flat digital art, vector-inspired clean shapes, soft gradients, centered composition, light desk surface with blur background, minimal and uncluttered, recognizable silhouette, no text, no letters, no numerals, no logos, no watermark, no border",language_learning|cross_language_vocabulary|reading_comprehension|listening_comprehension,1,prompt_templates_v2
IMG_OBJECT_REQUEST_FOR_LEAVE,object_request_for_leave,Request For Leave,object_scene,universal,img__object_request_for_leave__v1.webp,1024x1024,digital_art_flat_v3,minimal room corner pastel,"A simple request for leave in three-quarter view, modern flat digital art, vector-inspired clean shapes, soft gradients, centered composition, minimal room corner pastel background, minimal and uncluttered, recognizable silhouette, no text, no letters, no numerals, no logos, no watermark, no border",language_learning|cross_language_vocabulary|reading_comprehension|listening_comprehension,1,prompt_templates_v2
IMG_OBJECT_REST,object_rest,Rest,object_scene,universal,img__object_rest__v1.webp,1024x1024,digital_art_flat_v3,light desk surface with blur,"A simple rest in three-quarter view, modern flat digital art, vector-inspired clean shapes, soft gradients, centered composition, light desk surface with blur background, minimal and uncluttered, recognizable silhouette, no text, no letters, no numerals, no logos, no watermark, no border",language_learning|cross_language_vocabulary|reading_comprehension|listening_comprehension,1,prompt_templates_v2
IMG_OBJECT_RETURN_TO,object_return_to,Return To,object_scene,universal,img__object_return_to__v1.webp,1024x1024,digital_art_flat_v3,soft neutral gradient,"A simple return to in three-quarter view, modern flat digital art, vector-inspired clean shapes, soft gradients, centered composition, soft neutral gradient background, minimal and uncluttered, recognizable silhouette, no text, no letters, no numerals, no logos, no watermark, no border",language_learning|cross_language_vocabulary|reading_comprehension|listening_comprehension,1,prompt_templates_v2
IMG_OBJECT_RIGHT,object_right,Right,object_scene,universal,img__object_right__v1.webp,1024x1024,digital_art_flat_v3,clean studio light gray,"A simple right in three-quarter view, modern flat digital art, vector-inspired clean shapes, soft gradients, centered composition, clean studio light gray background, minimal and uncluttered, recognizable silhouette, no text, no letters, no numerals, no logos, no watermark, no border",language_learning|cross_language_vocabulary|reading_comprehension|listening_comprehension,1,prompt_templates_v2
IMG_OBJECT_RIGHT_SIDE,object_right_side,Right Side,object_scene,universal,img__object_right_side__v1.webp,1024x1024,digital_art_flat_v3,light desk surface with blur,"A simple right side in three-quarter view, modern flat digital art, vector-inspired clean shapes, soft gradients, centered composition, light desk surface with blur background, minimal and uncluttered, recognizable silhouette, no text, no letters, no numerals, no logos, no watermark, no border",language_learning|cross_language_vocabulary|reading_comprehension|listening_comprehension,1,prompt_templates_v2
IMG_OBJECT_SEE_A_DOCTOR,object_see_a_doctor,See A Doctor,object_scene,universal,img__object_see_a_doctor__v1.webp,1024x1024,digital_art_flat_v3,minimal room corner pastel,"A simple see a doctor in three-quarter view, modern flat digital art, vector-inspired clean shapes, soft gradients, centered composition, minimal room corner pastel background, minimal and uncluttered, recognizable silhouette, no text, no letters, no numerals, no logos, no watermark, no border",language_learning|cross_language_vocabulary|reading_comprehension|listening_comprehension,1,prompt_templates_v2
IMG_OBJECT_SERIOUS,object_serious,Serious,object_scene,universal,img__object_serious__v1.webp,1024x1024,digital_art_flat_v3,clean studio light gray,"A simple serious in three-quarter view, modern flat digital art, vector-inspired clean shapes, soft gradients, centered composition, clean studio light gray background, minimal and uncluttered, recognizable silhouette, no text, no letters, no numerals, no logos, no watermark, no border",language_learning|cross_language_vocabulary|reading_comprehension|listening_comprehension,1,prompt_templates_v2
IMG_OBJECT_SHE,object_she,She,object_scene,universal,img__object_she__v1.webp,1024x1024,digital_art_flat_v3,light desk surface with blur,"A simple she in three-quarter view, modern flat digital art, vector-inspired clean shapes, soft gradients, centered composition, light desk surface with blur background, minimal and uncluttered, recognizable silhouette, no text, no letters, no numerals, no logos, no watermark, no border",language_learning|cross_language_vocabulary|reading_comprehension|listening_comprehension,1,prompt_templates_v2
IMG_OBJECT_SIMULTANEOUSLY,object_simultaneously,Simultaneously,object_scene,universal,img__object_simultaneously__v1.webp,1024x1024,digital_art_flat_v3,clean studio light gray,"A simple simultaneously in three-quarter view, modern flat digital art, vector-inspired clean shapes, soft gradients, centered composition, clean studio light gray background, minimal and uncluttered, recognizable silhouette, no text, no letters, no numerals, no logos, no watermark, no border",language_learning|cross_language_vocabulary|reading_comprehension|listening_comprehension,1,prompt_templates_v2
IMG_OBJECT_SINGING,object_singing,Singing,object_scene,universal,img__object_singing__v1.webp,1024x1024,digital_art_flat_v3,clean studio light gray,"A simple singing in three-quarter view, modern flat digital art, vector-inspired clean shapes, soft gradients, centered composition, clean studio light gray background, minimal and uncluttered, recognizable silhouette, no text, no letters, no numerals, no logos, no watermark, no border",language_learning|cross_language_vocabulary|reading_comprehension|listening_comprehension,1,prompt_templates_v2
IMG_OBJECT_SIT_DOWN,object_sit_down,Sit Down,object_scene,universal,img__object_sit_down__v1.webp,1024x1024,digital_art_flat_v3,soft neutral gradient,"A simple sit down in three-quarter view, modern flat digital art, vector-inspired clean shapes, soft gradients, centered composition, soft neutral gradient background, minimal and uncluttered, recognizable silhouette, no text, no letters, no numerals, no logos, no watermark, no border",language_learning|cross_language_vocabulary|reading_comprehension|listening_comprehension,1,prompt_templates_v2
IMG_OBJECT_SKY,object_sky,Sky,object_scene,universal,img__object_sky__v1.webp,1024x1024,digital_art_flat_v3,light desk surface with blur,"A simple sky in three-quarter view, modern flat digital art, vector-inspired clean shapes, soft gradients, centered composition, light desk surface with blur background, minimal and uncluttered, recognizable silhouette, no text, no letters, no numerals, no logos, no watermark, no border",language_learning|cross_language_vocabulary|reading_comprehension|listening_comprehension,1,prompt_templates_v2
IMG_OBJECT_SLOW,object_slow,Slow,object_scene,universal,img__object_slow__v1.webp,1024x1024,digital_art_flat_v3,minimal room corner pastel,"A simple slow in three-quarter view, modern flat digital art, vector-inspired clean shapes, soft gradients, centered composition, minimal room corner pastel background, minimal and uncluttered, recognizable silhouette, no text, no letters, no numerals, no logos, no watermark, no border",language_learning|cross_language_vocabulary|reading_comprehension|listening_comprehension,1,prompt_templates_v2
IMG_OBJECT_SMALL,object_small,Small,object_scene,universal,img__object_small__v1.webp,1024x1024,digital_art_flat_v3,light desk surface with blur,"A simple small in three-quarter view, modern flat digital art, vector-inspired clean shapes, soft gradients, centered composition, light desk surface with blur background, minimal and uncluttered, recognizable silhouette, no text, no letters, no numerals, no logos, no watermark, no border",language_learning|cross_language_vocabulary|reading_comprehension|listening_comprehension,1,prompt_templates_v2
IMG_OBJECT_SOME,object_some,Some,object_scene,universal,img__object_some__v1.webp,1024x1024,digital_art_flat_v3,minimal room corner pastel,"A simple some in three-quarter view, modern flat digital art, vector-inspired clean shapes, soft gradients, centered composition, minimal room corner pastel background, minimal and uncluttered, recognizable silhouette, no text, no letters, no numerals, no logos, no watermark, no border",language_learning|cross_language_vocabulary|reading_comprehension|listening_comprehension,3,prompt_templates_v2
IMG_OBJECT_SOMETIMES,object_sometimes,Sometimes,object_scene,universal,img__object_sometimes__v1.webp,1024x1024,digital_art_flat_v3,soft neutral gradient,"A simple sometimes in three-quarter view, modern flat digital art, vector-inspired clean shapes, soft gradients, centered composition, soft neutral gradient background, minimal and uncluttered, recognizable silhouette, no text, no letters, no numerals, no logos, no watermark, no border",language_learning|cross_language_vocabulary|reading_comprehension|listening_comprehension,1,prompt_templates_v2
IMG_OBJECT_SON,object_son,Son,object_scene,universal,img__object_son__v1.webp,1024x1024,digital_art_flat_v3,light desk surface with blur,"A simple son in three-quarter view, modern flat digital art, vector-inspired clean shapes, soft gradients, centered composition, light desk surface with blur background, minimal and uncluttered, recognizable silhouette, no text, no letters, no numerals, no logos, no watermark, no border",language_learning|cross_language_vocabulary|reading_comprehension|listening_comprehension,1,prompt_templates_v2
IMG_OBJECT_SONG,object_song,Song,object_scene,universal,img__object_song__v1.webp,1024x1024,digital_art_flat_v3,clean studio light gray,"A simple song in three-quarter view, modern flat digital art, vector-inspired clean shapes, soft gradients, centered composition, clean studio light gray background, minimal and uncluttered, recognizable silhouette, no text, no letters, no numerals, no logos, no watermark, no border",language_learning|cross_language_vocabulary|reading_comprehension|listening_comprehension,1,prompt_templates_v2
IMG_OBJECT_SOUTH,object_south,South,object_scene,universal,img__object_south__v1.webp,1024x1024,digital_art_flat_v3,minimal room corner pastel,"A simple south in three-quarter view, modern flat digital art, vector-inspired clean shapes, soft gradients, centered composition, minimal room corner pastel background, minimal and uncluttered, recognizable silhouette, no text, no letters, no numerals, no logos, no watermark, no border",language_learning|cross_language_vocabulary|reading_comprehension|listening_comprehension,1,prompt_templates_v2
IMG_OBJECT_SOUTH_SIDE,object_south_side,South Side,object_scene,universal,img__object_south_side__v1.webp,1024x1024,digital_art_flat_v3,clean studio light gray,"A simple south side in three-quarter view, modern flat digital art, vector-inspired clean shapes, soft gradients, centered composition, clean studio light gray background, minimal and uncluttered, recognizable silhouette, no text, no letters, no numerals, no logos, no watermark, no border",language_learning|cross_language_vocabulary|reading_comprehension|listening_comprehension,1,prompt_templates_v2
IMG_OBJECT_SPEECH,object_speech,Speech,object_scene,universal,img__object_speech__v1.webp,1024x1024,digital_art_flat_v3,clean studio light gray,"A simple speech in three-quarter view, modern flat digital art, vector-inspired clean shapes, soft gradients, centered composition, clean studio light gray background, minimal and uncluttered, recognizable silhouette, no text, no letters, no numerals, no logos, no watermark, no border",language_learning|cross_language_vocabulary|reading_comprehension|listening_comprehension,1,prompt_templates_v2
IMG_OBJECT_STEAMED_BUN,object_steamed_bun,Steamed Bun,object_scene,universal,img__object_steamed_bun__v1.webp,1024x1024,digital_art_flat_v3,minimal room corner pastel,"A simple steamed bun in three-quarter view, modern flat digital art, vector-inspired clean shapes, soft gradients, centered composition, minimal room corner pastel background, minimal and uncluttered, recognizable silhouette, no text, no letters, no numerals, no logos, no watermark, no border",language_learning|cross_language_vocabulary|reading_comprehension|listening_comprehension,1,prompt_templates_v2
IMG_OBJECT_STILL,object_still,Still,object_scene,universal,img__object_still__v1.webp,1024x1024,digital_art_flat_v3,light desk surface with blur,"A simple still in three-quarter view, modern flat digital art, vector-inspired clean shapes, soft gradients, centered composition, light desk surface with blur background, minimal and uncluttered, recognizable silhouette, no text, no letters, no numerals, no logos, no watermark, no border",language_learning|cross_language_vocabulary|reading_comprehension|listening_comprehension,3,prompt_templates_v2
IMG_OBJECT_STRAIGHT,object_straight,Straight,object_scene,universal,img__object_straight__v1.webp,1024x1024,digital_art_flat_v3,clean studio light gray,"A simple straight in three-quarter view, modern flat digital art, vector-inspired clean shapes, soft gradients, centered composition, clean studio light gray background, minimal and uncluttered, recognizable silhouette, no text, no letters, no numerals, no logos, no watermark, no border",language_learning|cross_language_vocabulary|reading_comprehension|listening_comprehension,1,prompt_templates_v2
IMG_OBJECT_STUDENT,object_student,Student,object_scene,universal,img__object_student__v1.webp,1024x1024,digital_art_flat_v3,soft neutral gradient,"A simple student in three-quarter view, modern flat digital art, vector-inspired clean shapes, soft gradients, centered composition, soft neutral gradient background, minimal and uncluttered, recognizable silhouette, no text, no letters, no numerals, no logos, no watermark, no border",language_learning|cross_language_vocabulary|reading_comprehension|listening_comprehension,1,prompt_templates_v2
IMG_OBJECT_STUDY,object_study,Study,object_scene,universal,img__object_study__v1.webp,1024x1024,digital_art_flat_v3,light desk surface with blur,"A simple study in three-quarter view, modern flat digital art, vector-inspired clean shapes, soft gradients, centered composition, light desk surface with blur background, minimal and uncluttered, recognizable silhouette, no text, no letters, no numerals, no logos, no watermark, no border",language_learning|cross_language_vocabulary|reading_comprehension|listening_comprehension,1,prompt_templates_v2
IMG_OBJECT_STUFF,object_stuff,Stuff,object_scene,universal,img__object_stuff__v1.webp,1024x1024,digital_art_flat_v3,soft neutral gradient,"A simple stuff in three-quarter view, modern flat digital art, vector-inspired clean shapes, soft gradients, centered composition, soft neutral gradient background, minimal and uncluttered, recognizable silhouette, no text, no letters, no numerals, no logos, no watermark, no border",language_learning|cross_language_vocabulary|reading_comprehension|listening_comprehension,1,prompt_templates_v2
IMG_OBJECT_SUNDAY,object_sunday,Sunday,object_scene,universal,img__object_sunday__v1.webp,1024x1024,digital_art_flat_v3,minimal room corner pastel,"A simple sunday in three-quarter view, modern flat digital art, vector-inspired clean shapes, soft gradients, centered composition, minimal room corner pastel background, minimal and uncluttered, recognizable silhouette, no text, no letters, no numerals, no logos, no watermark, no border",language_learning|cross_language_vocabulary|reading_comprehension|listening_comprehension,2,prompt_templates_v2
IMG_OBJECT_TABLE,object_table,Table,object_scene,universal,img__object_table__v1.webp,1024x1024,digital_art_flat_v3,light desk surface with blur,"A simple table in three-quarter view, modern flat digital art, vector-inspired clean shapes, soft gradients, centered composition, light desk surface with blur background, minimal and uncluttered, recognizable silhouette, no text, no letters, no numerals, no logos, no watermark, no border",language_learning|cross_language_vocabulary|reading_comprehension|listening_comprehension,1,prompt_templates_v2
IMG_OBJECT_TAKE_A_HOLIDAY,object_take_a_holiday,Take A Holiday,object_scene,universal,img__object_take_a_holiday__v1.webp,1024x1024,digital_art_flat_v3,minimal room corner pastel,"A simple take a holiday in three-quarter view, modern flat digital art, vector-inspired clean shapes, soft gradients, centered composition, minimal room corner pastel background, minimal and uncluttered, recognizable silhouette, no text, no letters, no numerals, no logos, no watermark, no border",language_learning|cross_language_vocabulary|reading_comprehension|listening_comprehension,1,prompt_templates_v2
IMG_OBJECT_TAKE_A_TAXI,object_take_a_taxi,Take A Taxi,object_scene,universal,img__object_take_a_taxi__v1.webp,1024x1024,digital_art_flat_v3,minimal room corner pastel,"A simple take a taxi in three-quarter view, modern flat digital art, vector-inspired clean shapes, soft gradients, centered composition, minimal room corner pastel background, minimal and uncluttered, recognizable silhouette, no text, no letters, no numerals, no logos, no watermark, no border",language_learning|cross_language_vocabulary|reading_comprehension|listening_comprehension,1,prompt_templates_v2
IMG_OBJECT_TALL_HIGH,object_tall_high,Tall High,object_scene,universal,img__object_tall_high__v1.webp,1024x1024,digital_art_flat_v3,clean studio light gray,"A simple tall high in three-quarter view, modern flat digital art, vector-inspired clean shapes, soft gradients, centered composition, clean studio light gray background, minimal and uncluttered, recognizable silhouette, no text, no letters, no numerals, no logos, no watermark, no border",language_learning|cross_language_vocabulary|reading_comprehension|listening_comprehension,1,prompt_templates_v2
IMG_OBJECT_TEA,object_tea,Tea,object_scene,universal,img__object_tea__v1.webp,1024x1024,digital_art_flat_v3,soft neutral gradient,"A simple tea in three-quarter view, modern flat digital art, vector-inspired clean shapes, soft gradients, centered composition, soft neutral gradient background, minimal and uncluttered, recognizable silhouette, no text, no letters, no numerals, no logos, no watermark, no border",language_learning|cross_language_vocabulary|reading_comprehension|listening_comprehension,1,prompt_templates_v2
IMG_OBJECT_TEACHER,object_teacher,Teacher,object_scene,universal,img__object_teacher__v1.webp,1024x1024,digital_art_flat_v3,clean studio light gray,"A simple teacher in three-quarter view, modern flat digital art, vector-inspired clean shapes, soft gradients, centered composition, clean studio light gray background, minimal and uncluttered, recognizable silhouette, no text, no letters, no numerals, no logos, no watermark, no border",language_learning|cross_language_vocabulary|reading_comprehension|listening_comprehension,1,prompt_templates_v2
IMG_OBJECT_TEACHING_BUILDING,object_teaching_building,Teaching Building,object_scene,universal,img__object_teaching_building__v1.webp,1024x1024,digital_art_flat_v3,soft neutral gradient,"A simple teaching building in three-quarter view, modern flat digital art, vector-inspired clean shapes, soft gradients, centered composition, soft neutral gradient background, minimal and uncluttered, recognizable silhouette, no text, no letters, no numerals, no logos, no watermark, no border",language_learning|cross_language_vocabulary|reading_comprehension|listening_comprehension,1,prompt_templates_v2
IMG_OBJECT_TELEPHONE,object_telephone,Telephone,object_scene,universal,img__object_telephone__v1.webp,1024x1024,digital_art_flat_v3,clean studio light gray,"A simple telephone in three-quarter view, modern flat digital art, vector-inspired clean shapes, soft gradients, centered composition, clean studio light gray background, minimal and uncluttered, recognizable silhouette, no text, no letters, no numerals, no logos, no watermark, no border",language_learning|cross_language_vocabulary|reading_comprehension|listening_comprehension,1,prompt_templates_v2
IMG_OBJECT_TELEVISION,object_television,Television,object_scene,universal,img__object_television__v1.webp,1024x1024,digital_art_flat_v3,light desk surface with blur,"A simple television in three-quarter view, modern flat digital art, vector-inspired clean shapes, soft gradients, centered composition, light desk surface with blur background, minimal and uncluttered, recognizable silhouette, no text, no letters, no numerals, no logos, no watermark, no border",language_learning|cross_language_vocabulary|reading_comprehension|listening_comprehension,2,prompt_templates_v2
IMG_OBJECT_TEXT_OF_A_LESSON,object_text_of_a_lesson,Text Of A Lesson,object_scene,universal,img__object_text_of_a_lesson__v1.webp,1024x1024,digital_art_flat_v3,minimal room corner pastel,"A simple text of a lesson in three-quarter view, modern flat digital art, vector-inspired clean shapes, soft gradients, centered composition, minimal room corner pastel background, minimal and uncluttered, recognizable silhouette, no text, no letters, no numerals, no logos, no watermark, no border",language_learning|cross_language_vocabulary|reading_comprehension|listening_comprehension,1,prompt_templates_v2
IMG_OBJECT_TEXTBOOK,object_textbook,Textbook,object_scene,universal,img__object_textbook__v1.webp,1024x1024,digital_art_flat_v3,light desk surface with blur,"A simple textbook in three-quarter view, modern flat digital art, vector-inspired clean shapes, soft gradients, centered composition, light desk surface with blur background, minimal and uncluttered, recognizable silhouette, no text, no letters, no numerals, no logos, no watermark, no border",language_learning|cross_language_vocabulary|reading_comprehension|listening_comprehension,1,prompt_templates_v2
IMG_OBJECT_THE_DAY_AFTER_TOMORROW,object_the_day_after_tomorrow,The Day After Tomorrow,object_scene,universal,img__object_the_day_after_tomorrow__v1.webp,1024x1024,digital_art_flat_v3,minimal room corner pastel,"A simple the day after tomorrow in three-quarter view, modern flat digital art, vector-inspired clean shapes, soft gradients, centered composition, minimal room corner pastel background, minimal and uncluttered, recognizable silhouette, no text, no letters, no numerals, no logos, no watermark, no border",language_learning|cross_language_vocabulary|reading_comprehension|listening_comprehension,1,prompt_templates_v2
IMG_OBJECT_THE_DAY_BEFORE_YESTERDAY,object_the_day_before_yesterday,The Day Before Yesterday,object_scene,universal,img__object_the_day_before_yesterday__v1.webp,1024x1024,digital_art_flat_v3,light desk surface with blur,"A simple the day before yesterday in three-quarter view, modern flat digital art, vector-inspired clean shapes, soft gradients, centered composition, light desk surface with blur background, minimal and uncluttered, recognizable silhouette, no text, no letters, no numerals, no logos, no watermark, no border",language_learning|cross_language_vocabulary|reading_comprehension|listening_comprehension,1,prompt_templates_v2
IMG_OBJECT_THE_SAME,object_the_same,The Same,object_scene,universal,img__object_the_same__v1.webp,1024x1024,digital_art_flat_v3,clean studio light gray,"A simple the same in three-quarter view, modern flat digital art, vector-inspired clean shapes, soft gradients, centered composition, clean studio light gray background, minimal and uncluttered, recognizable silhouette, no text, no letters, no numerals, no logos, no watermark, no border",language_learning|cross_language_vocabulary|reading_comprehension|listening_comprehension,1,prompt_templates_v2
IMG_OBJECT_THERE,object_there,There,object_scene,universal,img__object_there__v1.webp,1024x1024,digital_art_flat_v3,clean studio light gray,"A simple there in three-quarter view, modern flat digital art, vector-inspired clean shapes, soft gradients, centered composition, clean studio light gray background, minimal and uncluttered, recognizable silhouette, no text, no letters, no numerals, no logos, no watermark, no border",language_learning|cross_language_vocabulary|reading_comprehension|listening_comprehension,2,prompt_templates_v2
IMG_OBJECT_THERE_IS,object_there_is,There Is,object_scene,universal,img__object_there_is__v1.webp,1024x1024,digital_art_flat_v3,soft neutral gradient,"A simple there is in three-quarter view, modern flat digital art, vector-inspired clean shapes, soft gradients, centered composition, soft neutral gradient background, minimal and uncluttered, recognizable silhouette, no text, no letters, no numerals, no logos, no watermark, no border",language_learning|cross_language_vocabulary|reading_comprehension|listening_comprehension,1,prompt_templates_v2
IMG_OBJECT_THERE_IS_ALSO,object_there_is_also,There Is Also,object_scene,universal,img__object_there_is_also__v1.webp,1024x1024,digital_art_flat_v3,clean studio light gray,"A simple there is also in three-quarter view, modern flat digital art, vector-inspired clean shapes, soft gradients, centered composition, clean studio light gray background, minimal and uncluttered, recognizable silhouette, no text, no letters, no numerals, no logos, no watermark, no border",language_learning|cross_language_vocabulary|reading_comprehension|listening_comprehension,1,prompt_templates_v2
IMG_OBJECT_THERE_IS_NOT,object_there_is_not,There Is Not,object_scene,universal,img__object_there_is_not__v1.webp,1024x1024,digital_art_flat_v3,clean studio light gray,"A simple there is not in three-quarter view, modern flat digital art, vector-inspired clean shapes, soft gradients, centered composition, clean studio light gray background, minimal and uncluttered, recognizable silhouette, no text, no letters, no numerals, no logos, no watermark, no border",language_learning|cross_language_vocabulary|reading_comprehension|listening_comprehension,1,prompt_templates_v2
IMG_OBJECT_THEY,object_they,They,object_scene,universal,img__object_they__v1.webp,1024x1024,digital_art_flat_v3,clean studio light gray,"A simple they in three-quarter view, modern flat digital art, vector-inspired clean shapes, soft gradients, centered composition, clean studio light gray background, minimal and uncluttered, recognizable silhouette, no text, no letters, no numerals, no logos, no watermark, no border",language_learning|cross_language_vocabulary|reading_comprehension|listening_comprehension,1,prompt_templates_v2
IMG_OBJECT_THEY_FEMALE,object_they_female,They (Female),object_scene,universal,img__object_they_female__v1.webp,1024x1024,digital_art_flat_v3,soft neutral gradient,"A simple they (female) in three-quarter view, modern flat digital art, vector-inspired clean shapes, soft gradients, centered composition, soft neutral gradient background, minimal and uncluttered, recognizable silhouette, no text, no letters, no numerals, no logos, no watermark, no border",language_learning|cross_language_vocabulary|reading_comprehension|listening_comprehension,1,prompt_templates_v2
IMG_OBJECT_THING,object_thing,Thing,object_scene,universal,img__object_thing__v1.webp,1024x1024,digital_art_flat_v3,clean studio light gray,"A simple thing in three-quarter view, modern flat digital art, vector-inspired clean shapes, soft gradients, centered composition, clean studio light gray background, minimal and uncluttered, recognizable silhouette, no text, no letters, no numerals, no logos, no watermark, no border",language_learning|cross_language_vocabulary|reading_comprehension|listening_comprehension,1,prompt_templates_v2
IMG_OBJECT_THIRSTY,object_thirsty,Thirsty,object_scene,universal,img__object_thirsty__v1.webp,1024x1024,digital_art_flat_v3,light desk surface with blur,"A simple thirsty in three-quarter view, modern flat digital art, vector-inspired clean shapes, soft gradients, centered composition, light desk surface with blur background, minimal and uncluttered, recognizable silhouette, no text, no letters, no numerals, no logos, no watermark, no border",language_learning|cross_language_vocabulary|reading_comprehension|listening_comprehension,1,prompt_templates_v2
IMG_OBJECT_THIS_SIDE,object_this_side,This Side,object_scene,universal,img__object_this_side__v1.webp,1024x1024,digital_art_flat_v3,light desk surface with blur,"A simple this side in three-quarter view, modern flat digital art, vector-inspired clean shapes, soft gradients, centered composition, light desk surface with blur background, minimal and uncluttered, recognizable silhouette, no text, no letters, no numerals, no logos, no watermark, no border",language_learning|cross_language_vocabulary|reading_comprehension|listening_comprehension,1,prompt_templates_v2
IMG_OBJECT_THIS_YEAR,object_this_year,This Year,object_scene,universal,img__object_this_year__v1.webp,1024x1024,digital_art_flat_v3,light desk surface with blur,"A simple this year in three-quarter view, modern flat digital art, vector-inspired clean shapes, soft gradients, centered composition, light desk surface with blur background, minimal and uncluttered, recognizable silhouette, no text, no letters, no numerals, no logos, no watermark, no border",language_learning|cross_language_vocabulary|reading_comprehension|listening_comprehension,1,prompt_templates_v2
IMG_OBJECT_TICKET,object_ticket,Ticket,object_scene,universal,img__object_ticket__v1.webp,1024x1024,digital_art_flat_v3,clean studio light gray,"A simple ticket in three-quarter view, modern flat digital art, vector-inspired clean shapes, soft gradients, centered composition, clean studio light gray background, minimal and uncluttered, recognizable silhouette, no text, no letters, no numerals, no logos, no watermark, no border",language_learning|cross_language_vocabulary|reading_comprehension|listening_comprehension,1,prompt_templates_v2
IMG_OBJECT_TIME,object_time,Time,object_scene,universal,img__object_time__v1.webp,1024x1024,digital_art_flat_v3,soft neutral gradient,"A simple time in three-quarter view, modern flat digital art, vector-inspired clean shapes, soft gradients, centered composition, soft neutral gradient background, minimal and uncluttered, recognizable silhouette, no text, no letters, no numerals, no logos, no watermark, no border",language_learning|cross_language_vocabulary|reading_comprehension|listening_comprehension,2,prompt_templates_v2
IMG_OBJECT_TIME_OCCURRENCE,object_time_occurrence,Time (Occurrence),object_scene,universal,img__object_time_occurrence__v1.webp,1024x1024,digital_art_flat_v3,minimal room corner pastel,"A simple time (occurrence) in three-quarter view, modern flat digital art, vector-inspired clean shapes, soft gradients, centered composition, minimal room corner pastel background, minimal and uncluttered, recognizable silhouette, no text, no letters, no numerals, no logos, no watermark, no border",language_learning|cross_language_vocabulary|reading_comprehension|listening_comprehension,1,prompt_templates_v2
IMG_OBJECT_TIRED,object_tired,Tired,object_scene,universal,img__object_tired__v1.webp,1024x1024,digital_art_flat_v3,minimal room corner pastel,"A simple tired in three-quarter view, modern flat digital art, vector-inspired clean shapes, soft gradients, centered composition, minimal room corner pastel background, minimal and uncluttered, recognizable silhouette, no text, no letters, no numerals, no logos, no watermark, no border",language_learning|cross_language_vocabulary|reading_comprehension|listening_comprehension,1,prompt_templates_v2
IMG_OBJECT_TODAY,object_today,Today,object_scene,universal,img__object_today__v1.webp,1024x1024,digital_art_flat_v3,light desk surface with blur,"A simple today in three-quarter view, modern flat digital art, vector-inspired clean shapes, soft gradients, centered composition, light desk surface with blur background, minimal and uncluttered, recognizable silhouette, no text, no letters, no numerals, no logos, no watermark, no border",language_learning|cross_language_vocabulary|reading_comprehension|listening_comprehension,1,prompt_templates_v2
IMG_OBJECT_TOGETHER,object_together,Together,object_scene,universal,img__object_together__v1.webp,1024x1024,digital_art_flat_v3,soft neutral gradient,"A simple together in three-quarter view, modern flat digital art, vector-inspired clean shapes, soft gradients, centered composition, soft neutral gradient background, minimal and uncluttered, recognizable silhouette, no text, no letters, no numerals, no logos, no watermark, no border",language_learning|cross_language_vocabulary|reading_comprehension|listening_comprehension,2,prompt_templates_v2
IMG_OBJECT_TOILET,object_toilet,Toilet,object_scene,universal,img__object_toilet__v1.webp,1024x1024,digital_art_flat_v3,soft neutral gradient,"A simple toilet in three-quarter view, modern flat digital art, vector-inspired clean shapes, soft gradients, centered composition, soft neutral gradient background, minimal and uncluttered, recognizable silhouette, no text, no letters, no numerals, no logos, no watermark, no border",language_learning|cross_language_vocabulary|reading_comprehension|listening_comprehension,1,prompt_templates_v2
IMG_OBJECT_TOMORROW,object_tomorrow,Tomorrow,object_scene,universal,img__object_tomorrow__v1.webp,1024x1024,digital_art_flat_v3,minimal room corner pastel,"A simple tomorrow in three-quarter view, modern flat digital art, vector-inspired clean shapes, soft gradients, centered composition, minimal room corner pastel background, minimal and uncluttered, recognizable silhouette, no text, no letters, no numerals, no logos, no watermark, no border",language_learning|cross_language_vocabulary|reading_comprehension|listening_comprehension,1,prompt_templates_v2
IMG_OBJECT_TOO,object_too,Too,object_scene,universal,img__object_too__v1.webp,1024x1024,digital_art_flat_v3,clean studio light gray,"A simple too in three-quarter view, modern flat digital art, vector-inspired clean shapes, soft gradients, centered composition, clean studio light gray background, minimal and uncluttered, recognizable silhouette, no text, no letters, no numerals, no logos, no watermark, no border",language_learning|cross_language_vocabulary|reading_comprehension|listening_comprehension,1,prompt_templates_v2
IMG_OBJECT_TRAIN,object_train,Train,object_scene,universal,img__object_train__v1.webp,1024x1024,digital_art_flat_v3,soft neutral gradient,"A simple train in three-quarter view, modern flat digital art, vector-inspired clean shapes, soft gradients, centered composition, soft neutral gradient background, minimal and uncluttered, recognizable silhouette, no text, no letters, no numerals, no logos, no watermark, no border",language_learning|cross_language_vocabulary|reading_comprehension|listening_comprehension,1,prompt_templates_v2
IMG_OBJECT_TRAIN_TICKET,object_train_ticket,Train Ticket,object_scene,universal,img__object_train_ticket__v1.webp,1024x1024,digital_art_flat_v3,minimal room corner pastel,"A simple train ticket in three-quarter view, modern flat digital art, vector-inspired clean shapes, soft gradients, centered composition, minimal room corner pastel background, minimal and uncluttered, recognizable silhouette, no text, no letters, no numerals, no logos, no watermark, no border",language_learning|cross_language_vocabulary|reading_comprehension|listening_comprehension,1,prompt_templates_v2
IMG_OBJECT_TREE,object_tree,Tree,object_scene,universal,img__object_tree__v1.webp,1024x1024,digital_art_flat_v3,clean studio light gray,"A simple tree in three-quarter view, modern flat digital art, vector-inspired clean shapes, soft gradients, centered composition, clean studio light gray background, minimal and uncluttered, recognizable silhouette, no text, no letters, no numerals, no logos, no watermark, no border",language_learning|cross_language_vocabulary|reading_comprehension|listening_comprehension,1,prompt_templates_v2
IMG_OBJECT_TRUE,object_true,True,object_scene,universal,img__object_true__v1.webp,1024x1024,digital_art_flat_v3,clean studio light gray,"A simple true in three-quarter view, modern flat digital art, vector-inspired clean shapes, soft gradients, centered composition, clean studio light gray background, minimal and uncluttered, recognizable silhouette, no text, no letters, no numerals, no logos, no watermark, no border",language_learning|cross_language_vocabulary|reading_comprehension|listening_comprehension,1,prompt_templates_v2
IMG_OBJECT_UNDER,object_under,Under,object_scene,universal,img__object_under__v1.webp,1024x1024,digital_art_flat_v3,light desk surface with blur,"A simple under in three-quarter view, modern flat digital art, vector-inspired clean shapes, soft gradients, centered composition, light desk surface with blur background, minimal and uncluttered, recognizable silhouette, no text, no letters, no numerals, no logos, no watermark, no border",language_learning|cross_language_vocabulary|reading_comprehension|listening_comprehension,1,prompt_templates_v2
IMG_OBJECT_UNIVERSITY,object_university,University,object_scene,universal,img__object_university__v1.webp,1024x1024,digital_art_flat_v3,light desk surface with blur,"A simple university in three-quarter view, modern flat digital art, vector-inspired clean shapes, soft gradients, centered composition, light desk surface with blur background, minimal and uncluttered, recognizable silhouette, no text, no letters, no numerals, no logos, no watermark, no border",language_learning|cross_language_vocabulary|reading_comprehension|listening_comprehension,1,prompt_templates_v2
IMG_OBJECT_UNIVERSITY_STUDENT,object_university_student,University Student,object_scene,universal,img__object_university_student__v1.webp,1024x1024,digital_art_flat_v3,minimal room corner pastel,"A simple university student in three-quarter view, modern flat digital art, vector-inspired clean shapes, soft gradients, centered composition, minimal room corner pastel background, minimal and uncluttered, recognizable silhouette, no text, no letters, no numerals, no logos, no watermark, no border",language_learning|cross_language_vocabulary|reading_comprehension|listening_comprehension,1,prompt_templates_v2
IMG_OBJECT_UP,object_up,Up,object_scene,universal,img__object_up__v1.webp,1024x1024,digital_art_flat_v3,clean studio light gray,"A simple up in three-quarter view, modern flat digital art, vector-inspired clean shapes, soft gradients, centered composition, clean studio light gray background, minimal and uncluttered, recognizable silhouette, no text, no letters, no numerals, no logos, no watermark, no border",language_learning|cross_language_vocabulary|reading_comprehension|listening_comprehension,1,prompt_templates_v2
IMG_OBJECT_UPRIGHT,object_upright,Upright,object_scene,universal,img__object_upright__v1.webp,1024x1024,digital_art_flat_v3,soft neutral gradient,"A simple upright in three-quarter view, modern flat digital art, vector-inspired clean shapes, soft gradients, centered composition, soft neutral gradient background, minimal and uncluttered, recognizable silhouette, no text, no letters, no numerals, no logos, no watermark, no border",language_learning|cross_language_vocabulary|reading_comprehension|listening_comprehension,1,prompt_templates_v2
IMG_OBJECT_UPSTAIRS,object_upstairs,Upstairs,object_scene,universal,img__object_upstairs__v1.webp,1024x1024,digital_art_flat_v3,clean studio light gray,"A simple upstairs in three-quarter view, modern flat digital art, vector-inspired clean shapes, soft gradients, centered composition, clean studio light gray background, minimal and uncluttered, recognizable silhouette, no text, no letters, no numerals, no logos, no watermark, no border",language_learning|cross_language_vocabulary|reading_comprehension|listening_comprehension,1,prompt_templates_v2
IMG_OBJECT_US,object_us,Us,object_scene,universal,img__object_us__v1.webp,1024x1024,digital_art_flat_v3,soft neutral gradient,"A simple us in three-quarter view, modern flat digital art, vector-inspired clean shapes, soft gradients, centered composition, soft neutral gradient background, minimal and uncluttered, recognizable silhouette, no text, no letters, no numerals, no logos, no watermark, no border",language_learning|cross_language_vocabulary|reading_comprehension|listening_comprehension,1,prompt_templates_v2
IMG_OBJECT_USEFUL,object_useful,Useful,object_scene,universal,img__object_useful__v1.webp,1024x1024,digital_art_flat_v3,minimal room corner pastel,"A simple useful in three-quarter view, modern flat digital art, vector-inspired clean shapes, soft gradients, centered composition, minimal room corner pastel background, minimal and uncluttered, recognizable silhouette, no text, no letters, no numerals, no logos, no watermark, no border",language_learning|cross_language_vocabulary|reading_comprehension|listening_comprehension,1,prompt_templates_v2
IMG_OBJECT_VEGETABLE,object_vegetable,Vegetable,object_scene,universal,img__object_vegetable__v1.webp,1024x1024,digital_art_flat_v3,clean studio light gray,"A simple vegetable in three-quarter view, modern flat digital art, vector-inspired clean shapes, soft gradients, centered composition, clean studio light gray background, minimal and uncluttered, recognizable silhouette, no text, no letters, no numerals, no logos, no watermark, no border",language_learning|cross_language_vocabulary|reading_comprehension|listening_comprehension,1,prompt_templates_v2
IMG_OBJECT_VERY,object_very,Very,object_scene,universal,img__object_very__v1.webp,1024x1024,digital_art_flat_v3,minimal room corner pastel,"A simple very in three-quarter view, modern flat digital art, vector-inspired clean shapes, soft gradients, centered composition, minimal room corner pastel background, minimal and uncluttered, recognizable silhouette, no text, no letters, no numerals, no logos, no watermark, no border",language_learning|cross_language_vocabulary|reading_comprehension|listening_comprehension,2,prompt_templates_v2
IMG_OBJECT_WALKING,object_walking,Walking,object_scene,universal,img__object_walking__v1.webp,1024x1024,digital_art_flat_v3,minimal room corner pastel,"A simple walking in three-quarter view, modern flat digital art, vector-inspired clean shapes, soft gradients, centered composition, minimal room corner pastel background, minimal and uncluttered, recognizable silhouette, no text, no letters, no numerals, no logos, no watermark, no border",language_learning|cross_language_vocabulary|reading_comprehension|listening_comprehension,1,prompt_templates_v2
IMG_OBJECT_WALLET,object_wallet,Wallet,object_scene,universal,img__object_wallet__v1.webp,1024x1024,digital_art_flat_v3,minimal room corner pastel,"A simple wallet in three-quarter view, modern flat digital art, vector-inspired clean shapes, soft gradients, centered composition, minimal room corner pastel background, minimal and uncluttered, recognizable silhouette, no text, no letters, no numerals, no logos, no watermark, no border",language_learning|cross_language_vocabulary|reading_comprehension|listening_comprehension,1,prompt_templates_v2
IMG_OBJECT_WATER,object_water,Water,object_scene,universal,img__object_water__v1.webp,1024x1024,digital_art_flat_v3,light desk surface with blur,"A simple water in three-quarter view, modern flat digital art, vector-inspired clean shapes, soft gradients, centered composition, light desk surface with blur background, minimal and uncluttered, recognizable silhouette, no text, no letters, no numerals, no logos, no watermark, no border",language_learning|cross_language_vocabulary|reading_comprehension|listening_comprehension,1,prompt_templates_v2
IMG_OBJECT_WE,object_we,We,object_scene,universal,img__object_we__v1.webp,1024x1024,digital_art_flat_v3,clean studio light gray,"A simple we in three-quarter view, modern flat digital art, vector-inspired clean shapes, soft gradients, centered composition, clean studio light gray background, minimal and uncluttered, recognizable silhouette, no text, no letters, no numerals, no logos, no watermark, no border",language_learning|cross_language_vocabulary|reading_comprehension|listening_comprehension,1,prompt_templates_v2
IMG_OBJECT_WEATHER,object_weather,Weather,object_scene,universal,img__object_weather__v1.webp,1024x1024,digital_art_flat_v3,light desk surface with blur,"A simple weather in three-quarter view, modern flat digital art, vector-inspired clean shapes, soft gradients, centered composition, light desk surface with blur background, minimal and uncluttered, recognizable silhouette, no text, no letters, no numerals, no logos, no watermark, no border",language_learning|cross_language_vocabulary|reading_comprehension|listening_comprehension,1,prompt_templates_v2
IMG_OBJECT_WEEK,object_week,Week,object_scene,universal,img__object_week__v1.webp,1024x1024,digital_art_flat_v3,clean studio light gray,"A simple week in three-quarter view, modern flat digital art, vector-inspired clean shapes, soft gradients, centered composition, clean studio light gray background, minimal and uncluttered, recognizable silhouette, no text, no letters, no numerals, no logos, no watermark, no border",language_learning|cross_language_vocabulary|reading_comprehension|listening_comprehension,1,prompt_templates_v2
IMG_OBJECT_WELL,object_well,Well,object_scene,universal,img__object_well__v1.webp,1024x1024,digital_art_flat_v3,minimal room corner pastel,"A simple well in three-quarter view, modern flat digital art, vector-inspired clean shapes, soft gradients, centered composition, minimal room corner pastel background, minimal and uncluttered, recognizable silhouette, no text, no letters, no numerals, no logos, no watermark, no border",language_learning|cross_language_vocabulary|reading_comprehension|listening_comprehension,1,prompt_templates_v2
IMG_OBJECT_WEST,object_west,West,object_scene,universal,img__object_west__v1.webp,1024x1024,digital_art_flat_v3,minimal room corner pastel,"A simple west in three-quarter view, modern flat digital art, vector-inspired clean shapes, soft gradients, centered composition, minimal room corner pastel background, minimal and uncluttered, recognizable silhouette, no text, no letters, no numerals, no logos, no watermark, no border",language_learning|cross_language_vocabulary|reading_comprehension|listening_comprehension,1,prompt_templates_v2
IMG_OBJECT_WEST_SIDE,object_west_side,West Side,object_scene,universal,img__object_west_side__v1.webp,1024x1024,digital_art_flat_v3,clean studio light gray,"A simple west side in three-quarter view, modern flat digital art, vector-inspired clean shapes, soft gradients, centered composition, clean studio light gray background, minimal and uncluttered, recognizable silhouette, no text, no letters, no numerals, no logos, no watermark, no border",language_learning|cross_language_vocabulary|reading_comprehension|listening_comprehension,1,prompt_templates_v2
IMG_OBJECT_WHAT,object_what,What,object_scene,universal,img__object_what__v1.webp,1024x1024,digital_art_flat_v3,minimal room corner pastel,"A simple what in three-quarter view, modern flat digital art, vector-inspired clean shapes, soft gradients, centered composition, minimal room corner pastel background, minimal and uncluttered, recognizable silhouette, no text, no letters, no numerals, no logos, no watermark, no border",language_learning|cross_language_vocabulary|reading_comprehension|listening_comprehension,1,prompt_templates_v2
IMG_OBJECT_WHAT_TO_DO,object_what_to_do,What To Do?,object_scene,universal,img__object_what_to_do__v1.webp,1024x1024,digital_art_flat_v3,minimal room corner pastel,"A simple what to do? in three-quarter view, modern flat digital art, vector-inspired clean shapes, soft gradients, centered composition, minimal room corner pastel background, minimal and uncluttered, recognizable silhouette, no text, no letters, no numerals, no logos, no watermark, no border",language_learning|cross_language_vocabulary|reading_comprehension|listening_comprehension,1,prompt_templates_v2
IMG_OBJECT_WHERE,object_where,Where,object_scene,universal,img__object_where__v1.webp,1024x1024,digital_art_flat_v3,clean studio light gray,"A simple where in three-quarter view, modern flat digital art, vector-inspired clean shapes, soft gradients, centered composition, clean studio light gray background, minimal and uncluttered, recognizable silhouette, no text, no letters, no numerals, no logos, no watermark, no border",language_learning|cross_language_vocabulary|reading_comprehension|listening_comprehension,2,prompt_templates_v2
IMG_OBJECT_WHICH,object_which,Which,object_scene,universal,img__object_which__v1.webp,1024x1024,digital_art_flat_v3,soft neutral gradient,"A simple which in three-quarter view, modern flat digital art, vector-inspired clean shapes, soft gradients, centered composition, soft neutral gradient background, minimal and uncluttered, recognizable silhouette, no text, no letters, no numerals, no logos, no watermark, no border",language_learning|cross_language_vocabulary|reading_comprehension|listening_comprehension,1,prompt_templates_v2
IMG_OBJECT_WHICH_ONES,object_which_ones,Which Ones,object_scene,universal,img__object_which_ones__v1.webp,1024x1024,digital_art_flat_v3,light desk surface with blur,"A simple which ones in three-quarter view, modern flat digital art, vector-inspired clean shapes, soft gradients, centered composition, light desk surface with blur background, minimal and uncluttered, recognizable silhouette, no text, no letters, no numerals, no logos, no watermark, no border",language_learning|cross_language_vocabulary|reading_comprehension|listening_comprehension,1,prompt_templates_v2
IMG_OBJECT_WHITE,object_white,White,object_scene,universal,img__object_white__v1.webp,1024x1024,digital_art_flat_v3,clean studio light gray,"A simple white in three-quarter view, modern flat digital art, vector-inspired clean shapes, soft gradients, centered composition, clean studio light gray background, minimal and uncluttered, recognizable silhouette, no text, no letters, no numerals, no logos, no watermark, no border",language_learning|cross_language_vocabulary|reading_comprehension|listening_comprehension,1,prompt_templates_v2
IMG_OBJECT_WHO,object_who,Who,object_scene,universal,img__object_who__v1.webp,1024x1024,digital_art_flat_v3,light desk surface with blur,"A simple who in three-quarter view, modern flat digital art, vector-inspired clean shapes, soft gradients, centered composition, light desk surface with blur background, minimal and uncluttered, recognizable silhouette, no text, no letters, no numerals, no logos, no watermark, no border",language_learning|cross_language_vocabulary|reading_comprehension|listening_comprehension,1,prompt_templates_v2
IMG_OBJECT_WILL,object_will,Will,object_scene,universal,img__object_will__v1.webp,1024x1024,digital_art_flat_v3,minimal room corner pastel,"A simple will in three-quarter view, modern flat digital art, vector-inspired clean shapes, soft gradients, centered composition, minimal room corner pastel background, minimal and uncluttered, recognizable silhouette, no text, no letters, no numerals, no logos, no watermark, no border",language_learning|cross_language_vocabulary|reading_comprehension|listening_comprehension,1,prompt_templates_v2
IMG_OBJECT_WIND,object_wind,Wind,object_scene,universal,img__object_wind__v1.webp,1024x1024,digital_art_flat_v3,light desk surface with blur,"A simple wind in three-quarter view, modern flat digital art, vector-inspired clean shapes, soft gradients, centered composition, light desk surface with blur background, minimal and uncluttered, recognizable silhouette, no text, no letters, no numerals, no logos, no watermark, no border",language_learning|cross_language_vocabulary|reading_comprehension|listening_comprehension,1,prompt_templates_v2
IMG_OBJECT_WOMAN,object_woman,Woman,object_scene,universal,img__object_woman__v1.webp,1024x1024,digital_art_flat_v3,clean studio light gray,"A simple woman in three-quarter view, modern flat digital art, vector-inspired clean shapes, soft gradients, centered composition, clean studio light gray background, minimal and uncluttered, recognizable silhouette, no text, no letters, no numerals, no logos, no watermark, no border",language_learning|cross_language_vocabulary|reading_comprehension|listening_comprehension,1,prompt_templates_v2
IMG_OBJECT_WORD,object_word,Word,object_scene,universal,img__object_word__v1.webp,1024x1024,digital_art_flat_v3,soft neutral gradient,"A simple word in three-quarter view, modern flat digital art, vector-inspired clean shapes, soft gradients, centered composition, soft neutral gradient background, minimal and uncluttered, recognizable silhouette, no text, no letters, no numerals, no logos, no watermark, no border",language_learning|cross_language_vocabulary|reading_comprehension|listening_comprehension,1,prompt_templates_v2
IMG_OBJECT_WORK,object_work,Work,object_scene,universal,img__object_work__v1.webp,1024x1024,digital_art_flat_v3,minimal room corner pastel,"A simple work in three-quarter view, modern flat digital art, vector-inspired clean shapes, soft gradients, centered composition, minimal room corner pastel background, minimal and uncluttered, recognizable silhouette, no text, no letters, no numerals, no logos, no watermark, no border",language_learning|cross_language_vocabulary|reading_comprehension|listening_comprehension,1,prompt_templates_v2
IMG_OBJECT_WORKER,object_worker,Worker,object_scene,universal,img__object_worker__v1.webp,1024x1024,digital_art_flat_v3,light desk surface with blur,"A simple worker in three-quarter view, modern flat digital art, vector-inspired clean shapes, soft gradients, centered composition, light desk surface with blur background, minimal and uncluttered, recognizable silhouette, no text, no letters, no numerals, no logos, no watermark, no border",language_learning|cross_language_vocabulary|reading_comprehension|listening_comprehension,1,prompt_templates_v2
IMG_OBJECT_WRONG,object_wrong,Wrong,object_scene,universal,img__object_wrong__v1.webp,1024x1024,digital_art_flat_v3,soft neutral gradient,"A simple wrong in three-quarter view, modern flat digital art, vector-inspired clean shapes, soft gradients, centered composition, soft neutral gradient background, minimal and uncluttered, recognizable silhouette, no text, no letters, no numerals, no logos, no watermark, no border",language_learning|cross_language_vocabulary|reading_comprehension|listening_comprehension,1,prompt_templates_v2
IMG_OBJECT_YEAR,object_year,Year,object_scene,universal,img__object_year__v1.webp,1024x1024,digital_art_flat_v3,minimal room corner pastel,"A simple year in three-quarter view, modern flat digital art, vector-inspired clean shapes, soft gradients, centered composition, minimal room corner pastel background, minimal and uncluttered, recognizable silhouette, no text, no letters, no numerals, no logos, no watermark, no border",language_learning|cross_language_vocabulary|reading_comprehension|listening_comprehension,1,prompt_templates_v2
IMG_OBJECT_YEARS_OLD,object_years_old,Years Old,object_scene,universal,img__object_years_old__v1.webp,1024x1024,digital_art_flat_v3,minimal room corner pastel,"A simple years old in three-quarter view, modern flat digital art, vector-inspired clean shapes, soft gradients, centered composition, minimal room corner pastel background, minimal and uncluttered, recognizable silhouette, no text, no letters, no numerals, no logos, no watermark, no border",language_learning|cross_language_vocabulary|reading_comprehension|listening_comprehension,1,prompt_templates_v2
IMG_OBJECT_YES,object_yes,Yes,object_scene,universal,img__object_yes__v1.webp,1024x1024,digital_art_flat_v3,clean studio light gray,"A simple yes in three-quarter view, modern flat digital art, vector-inspired clean shapes, soft gradients, centered composition, clean studio light gray background, minimal and uncluttered, recognizable silhouette, no text, no letters, no numerals, no logos, no watermark, no border",language_learning|cross_language_vocabulary|reading_comprehension|listening_comprehension,1,prompt_templates_v2
IMG_OBJECT_YESTERDAY,object_yesterday,Yesterday,object_scene,universal,img__object_yesterday__v1.webp,1024x1024,digital_art_flat_v3,light desk surface with blur,"A simple yesterday in three-quarter view, modern flat digital art, vector-inspired clean shapes, soft gradients, centered composition, light desk surface with blur background, minimal and uncluttered, recognizable silhouette, no text, no letters, no numerals, no logos, no watermark, no border",language_learning|cross_language_vocabulary|reading_comprehension|listening_comprehension,1,prompt_templates_v2
IMG_OBJECT_YOU,object_you,You,object_scene,universal,img__object_you__v1.webp,1024x1024,digital_art_flat_v3,light desk surface with blur,"A simple you in three-quarter view, modern flat digital art, vector-inspired clean shapes, soft gradients, centered composition, light desk surface with blur background, minimal and uncluttered, recognizable silhouette, no text, no letters, no numerals, no logos, no watermark, no border",language_learning|cross_language_vocabulary|reading_comprehension|listening_comprehension,1,prompt_templates_v2
IMG_OBJECT_YOU_PLURAL,object_you_plural,You (Plural),object_scene,universal,img__object_you_plural__v1.webp,1024x1024,digital_art_flat_v3,soft neutral gradient,"A simple you (plural) in three-quarter view, modern flat digital art, vector-inspired clean shapes, soft gradients, centered composition, soft neutral gradient background, minimal and uncluttered, recognizable silhouette, no text, no letters, no numerals, no logos, no watermark, no border",language_learning|cross_language_vocabulary|reading_comprehension|listening_comprehension,1,prompt_templates_v2
IMG_OBJECT_YOU_POLITE_FORM,object_you_polite_form,You (Polite Form),object_scene,universal,img__object_you_polite_form__v1.webp,1024x1024,digital_art_flat_v3,clean studio light gray,"A simple you (polite form) in three-quarter view, modern flat digital art, vector-inspired clean shapes, soft gradients, centered composition, clean studio light gray background, minimal and uncluttered, recognizable silhouette, no text, no letters, no numerals, no logos, no watermark, no border",language_learning|cross_language_vocabulary|reading_comprehension|listening_comprehension,1,prompt_templates_v2
IMG_OBJECT_YOU_RE_WELCOME,object_you_re_welcome,You'Re Welcome,object_scene,universal,img__object_you_re_welcome__v1.webp,1024x1024,digital_art_flat_v3,light desk surface with blur,"A simple you're welcome in three-quarter view, modern flat digital art, vector-inspired clean shapes, soft gradients, centered composition, light desk surface with blur background, minimal and uncluttered, recognizable silhouette, no text, no letters, no numerals, no logos, no watermark, no border",language_learning|cross_language_vocabulary|reading_comprehension|listening_comprehension,1,prompt_templates_v2
IMG_OBJECT_YOUNG_LADY,object_young_lady,Young Lady,object_scene,universal,img__object_young_lady__v1.webp,1024x1024,digital_art_flat_v3,soft neutral gradient,"A simple young lady in three-quarter view, modern flat digital art, vector-inspired clean shapes, soft gradients, centered composition, soft neutral gradient background, minimal and uncluttered, recognizable silhouette, no text, no letters, no numerals, no logos, no watermark, no border",language_learning|cross_language_vocabulary|reading_comprehension|listening_comprehension,1,prompt_templates_v2
IMG_OBJECT_YOUNGER_BROTHER,object_younger_brother,Younger Brother,object_scene,universal,img__object_younger_brother__v1.webp,1024x1024,digital_art_flat_v3,clean studio light gray,"A simple younger brother in three-quarter view, modern flat digital art, vector-inspired clean shapes, soft gradients, centered composition, clean studio light gray background, minimal and uncluttered, recognizable silhouette, no text, no letters, no numerals, no logos, no watermark, no border",language_learning|cross_language_vocabulary|reading_comprehension|listening_comprehension,1,prompt_templates_v2
IMG_OBJECT_YOUNGER_SISTER,object_younger_sister,Younger Sister,object_scene,universal,img__object_younger_sister__v1.webp,1024x1024,digital_art_flat_v3,soft neutral gradient,"A simple younger sister in three-quarter view, modern flat digital art, vector-inspired clean shapes, soft gradients, centered composition, soft neutral gradient background, minimal and uncluttered, recognizable silhouette, no text, no letters, no numerals, no logos, no watermark, no border",language_learning|cross_language_vocabulary|reading_comprehension|listening_comprehension,1,prompt_templates_v2
