semantic_filename,word_id,word_zh,meaning_en,source_target
action_daily_drink_side_001.webp,,,,/Users/mansur/universal_study_bot org/images omnis/vocab_images/assets_images/action_daily_drink_side_001.webp
action_daily_eat_side_001.webp,,,,/Users/mansur/universal_study_bot org/images omnis/vocab_images/assets_images/action_daily_eat_side_001.webp
action_daily_sleep_side_001.webp,,,,/Users/mansur/universal_study_bot org/images omnis/vocab_images/assets_images/action_daily_sleep_side_001.webp
action_motion_run_side_001.webp,,,,/Users/mansur/universal_study_bot org/images omnis/vocab_images/assets_images/action_motion_run_side_001.webp
action_sport_swim_pool_001.webp,,,,/Users/mansur/universal_study_bot org/images omnis/vocab_images/assets_images/action_sport_swim_pool_001.webp
location_indoor_hospital_scene_001.webp,,,,/Users/mansur/universal_study_bot org/images omnis/vocab_images/assets_images/location_indoor_hospital_scene_001.webp
location_indoor_school_scene_001.webp,,,,/Users/mansur/universal_study_bot org/images omnis/vocab_images/assets_images/location_indoor_school_scene_001.webp
location_indoor_shop_scene_001.webp,,,,/Users/mansur/universal_study_bot org/images omnis/vocab_images/assets_images/location_indoor_shop_scene_001.webp
location_outdoor_park_scene_001.webp,,,,/Users/mansur/universal_study_bot org/images omnis/vocab_images/assets_images/location_outdoor_park_scene_001.webp
object_electronics_computer_centered_001.webp,,,,/Users/mansur/universal_study_bot org/images omnis/vocab_images/assets_images/object_electronics_computer_centered_001.webp
object_electronics_mobile_phone_centered_001.webp,,,,/Users/mansur/universal_study_bot org/images omnis/vocab_images/assets_images/object_electronics_mobile_phone_centered_001.webp
object_electronics_telephone_centered_001.webp,,,,/Users/mansur/universal_study_bot org/images omnis/vocab_images/assets_images/object_electronics_telephone_centered_001.webp
object_food_apple_centered_001.webp,,,,/Users/mansur/universal_study_bot org/images omnis/vocab_images/assets_images/object_food_apple_centered_001.webp
object_food_bread_centered_001.webp,,,,/Users/mansur/universal_study_bot org/images omnis/vocab_images/assets_images/object_food_bread_centered_001.webp
object_food_egg_centered_001.webp,,,,/Users/mansur/universal_study_bot org/images omnis/vocab_images/assets_images/object_food_egg_centered_001.webp
object_food_tea_centered_001.webp,,,,/Users/mansur/universal_study_bot org/images omnis/vocab_images/assets_images/object_food_tea_centered_001.webp
object_food_vegetable_centered_001.webp,,,,/Users/mansur/universal_study_bot org/images omnis/vocab_images/assets_images/object_food_vegetable_centered_001.webp
object_food_water_centered_001.webp,,,,/Users/mansur/universal_study_bot org/images omnis/vocab_images/assets_images/object_food_water_centered_001.webp
object_general_action_centered_001.webp,,,,/Users/mansur/universal_study_bot org/images omnis/vocab_images/assets_images/object_general_action_centered_001.webp
object_general_admission_ticket_centered_001.webp,,,,/Users/mansur/universal_study_bot org/images omnis/vocab_images/assets_images/object_general_admission_ticket_centered_001.webp
object_general_again_centered_001.webp,,,,/Users/mansur/universal_study_bot org/images omnis/vocab_images/assets_images/object_general_again_centered_001.webp
object_general_ball_centered_001.webp,,,,/Users/mansur/universal_study_bot org/images omnis/vocab_images/assets_images/object_general_ball_centered_001.webp
object_general_bed_centered_001.webp,,,,/Users/mansur/universal_study_bot org/images omnis/vocab_images/assets_images/object_general_bed_centered_001.webp
object_general_big_centered_001.webp,,,,/Users/mansur/universal_study_bot org/images omnis/vocab_images/assets_images/object_general_big_centered_001.webp
object_general_birthday_centered_001.webp,,,,/Users/mansur/universal_study_bot org/images omnis/vocab_images/assets_images/object_general_birthday_centered_001.webp
object_general_body_centered_001.webp,,,,/Users/mansur/universal_study_bot org/images omnis/vocab_images/assets_images/object_general_body_centered_001.webp
object_general_book_centered_001.webp,,,,/Users/mansur/universal_study_bot org/images omnis/vocab_images/assets_images/object_general_book_centered_001.webp
object_general_boy_centered_001.webp,,,,/Users/mansur/universal_study_bot org/images omnis/vocab_images/assets_images/object_general_boy_centered_001.webp
object_general_breakfast_centered_001.webp,,,,/Users/mansur/universal_study_bot org/images omnis/vocab_images/assets_images/object_general_breakfast_centered_001.webp
object_general_building_centered_001.webp,,,,/Users/mansur/universal_study_bot org/images omnis/vocab_images/assets_images/object_general_building_centered_001.webp
object_general_china_centered_001.webp,,,,/Users/mansur/universal_study_bot org/images omnis/vocab_images/assets_images/object_general_china_centered_001.webp
object_general_chinese_language_centered_001.webp,,,,/Users/mansur/universal_study_bot org/images omnis/vocab_images/assets_images/object_general_chinese_language_centered_001.webp
object_general_class_centered_001.webp,,,,/Users/mansur/universal_study_bot org/images omnis/vocab_images/assets_images/object_general_class_centered_001.webp
object_general_classmate_centered_001.webp,,,,/Users/mansur/universal_study_bot org/images omnis/vocab_images/assets_images/object_general_classmate_centered_001.webp
object_general_clean_centered_001.webp,,,,/Users/mansur/universal_study_bot org/images omnis/vocab_images/assets_images/object_general_clean_centered_001.webp
object_general_clothes_centered_001.webp,,,,/Users/mansur/universal_study_bot org/images omnis/vocab_images/assets_images/object_general_clothes_centered_001.webp
object_general_cold_centered_001.webp,,,,/Users/mansur/universal_study_bot org/images omnis/vocab_images/assets_images/object_general_cold_centered_001.webp
object_general_college_or_academy_centered_001.webp,,,,/Users/mansur/universal_study_bot org/images omnis/vocab_images/assets_images/object_general_college_or_academy_centered_001.webp
object_general_cooked_rice_centered_001.webp,,,,/Users/mansur/universal_study_bot org/images omnis/vocab_images/assets_images/object_general_cooked_rice_centered_001.webp
object_general_date_centered_001.webp,,,,/Users/mansur/universal_study_bot org/images omnis/vocab_images/assets_images/object_general_date_centered_001.webp
object_general_daughter_centered_001.webp,,,,/Users/mansur/universal_study_bot org/images omnis/vocab_images/assets_images/object_general_daughter_centered_001.webp
object_general_day_of_month_centered_001.webp,,,,/Users/mansur/universal_study_bot org/images omnis/vocab_images/assets_images/object_general_day_of_month_centered_001.webp
object_general_daytime_centered_001.webp,,,,/Users/mansur/universal_study_bot org/images omnis/vocab_images/assets_images/object_general_daytime_centered_001.webp
object_general_desk_centered_001.webp,,,,/Users/mansur/universal_study_bot org/images omnis/vocab_images/assets_images/object_general_desk_centered_001.webp
object_general_difficult_centered_001.webp,,,,/Users/mansur/universal_study_bot org/images omnis/vocab_images/assets_images/object_general_difficult_centered_001.webp
object_general_dinner_centered_001.webp,,,,/Users/mansur/universal_study_bot org/images omnis/vocab_images/assets_images/object_general_dinner_centered_001.webp
object_general_door_centered_001.webp,,,,/Users/mansur/universal_study_bot org/images omnis/vocab_images/assets_images/object_general_door_centered_001.webp
object_general_doorway_centered_001.webp,,,,/Users/mansur/universal_study_bot org/images omnis/vocab_images/assets_images/object_general_doorway_centered_001.webp
object_general_elderly_person_centered_001.webp,,,,/Users/mansur/universal_study_bot org/images omnis/vocab_images/assets_images/object_general_elderly_person_centered_001.webp
object_general_expensive_centered_001.webp,,,,/Users/mansur/universal_study_bot org/images omnis/vocab_images/assets_images/object_general_expensive_centered_001.webp
object_general_family_members_centered_001.webp,,,,/Users/mansur/universal_study_bot org/images omnis/vocab_images/assets_images/object_general_family_members_centered_001.webp
object_general_famous_centered_001.webp,,,,/Users/mansur/universal_study_bot org/images omnis/vocab_images/assets_images/object_general_famous_centered_001.webp
object_general_far_centered_001.webp,,,,/Users/mansur/universal_study_bot org/images omnis/vocab_images/assets_images/object_general_far_centered_001.webp
object_general_fast_centered_001.webp,,,,/Users/mansur/universal_study_bot org/images omnis/vocab_images/assets_images/object_general_fast_centered_001.webp
object_general_female_centered_001.webp,,,,/Users/mansur/universal_study_bot org/images omnis/vocab_images/assets_images/object_general_female_centered_001.webp
object_general_female_student_centered_001.webp,,,,/Users/mansur/universal_study_bot org/images omnis/vocab_images/assets_images/object_general_female_student_centered_001.webp
object_general_flower_centered_001.webp,,,,/Users/mansur/universal_study_bot org/images omnis/vocab_images/assets_images/object_general_flower_centered_001.webp
object_general_foreign_language_centered_001.webp,,,,/Users/mansur/universal_study_bot org/images omnis/vocab_images/assets_images/object_general_foreign_language_centered_001.webp
object_general_fruit_centered_001.webp,,,,/Users/mansur/universal_study_bot org/images omnis/vocab_images/assets_images/object_general_fruit_centered_001.webp
object_general_fun_centered_001.webp,,,,/Users/mansur/universal_study_bot org/images omnis/vocab_images/assets_images/object_general_fun_centered_001.webp
object_general_get_up_from_bed_centered_001.webp,,,,/Users/mansur/universal_study_bot org/images omnis/vocab_images/assets_images/object_general_get_up_from_bed_centered_001.webp
object_general_girl_centered_001.webp,,,,/Users/mansur/universal_study_bot org/images omnis/vocab_images/assets_images/object_general_girl_centered_001.webp
object_general_glass_centered_001.webp,,,,/Users/mansur/universal_study_bot org/images omnis/vocab_images/assets_images/object_general_glass_centered_001.webp
object_general_going_to_work_centered_001.webp,,,,/Users/mansur/universal_study_bot org/images omnis/vocab_images/assets_images/object_general_going_to_work_centered_001.webp
object_general_good_centered_001.webp,,,,/Users/mansur/universal_study_bot org/images omnis/vocab_images/assets_images/object_general_good_centered_001.webp
object_general_grandfather_centered_001.webp,,,,/Users/mansur/universal_study_bot org/images omnis/vocab_images/assets_images/object_general_grandfather_centered_001.webp
object_general_hair_or_fur_centered_001.webp,,,,/Users/mansur/universal_study_bot org/images omnis/vocab_images/assets_images/object_general_hair_or_fur_centered_001.webp
object_general_hand_centered_001.webp,,,,/Users/mansur/universal_study_bot org/images omnis/vocab_images/assets_images/object_general_hand_centered_001.webp
object_general_hold_a_meeting_centered_001.webp,,,,/Users/mansur/universal_study_bot org/images omnis/vocab_images/assets_images/object_general_hold_a_meeting_centered_001.webp
object_general_hot_centered_001.webp,,,,/Users/mansur/universal_study_bot org/images omnis/vocab_images/assets_images/object_general_hot_centered_001.webp
object_general_i_m_sorry_centered_001.webp,,,,/Users/mansur/universal_study_bot org/images omnis/vocab_images/assets_images/object_general_i_m_sorry_centered_001.webp
object_general_illness_centered_001.webp,,,,/Users/mansur/universal_study_bot org/images omnis/vocab_images/assets_images/object_general_illness_centered_001.webp
object_general_inside_centered_001.webp,,,,/Users/mansur/universal_study_bot org/images omnis/vocab_images/assets_images/object_general_inside_centered_001.webp
object_general_introduction_centered_001.webp,,,,/Users/mansur/universal_study_bot org/images omnis/vocab_images/assets_images/object_general_introduction_centered_001.webp
object_general_knowledge_centered_001.webp,,,,/Users/mansur/universal_study_bot org/images omnis/vocab_images/assets_images/object_general_knowledge_centered_001.webp
object_general_last_centered_001.webp,,,,/Users/mansur/universal_study_bot org/images omnis/vocab_images/assets_images/object_general_last_centered_001.webp
object_general_library_centered_001.webp,,,,/Users/mansur/universal_study_bot org/images omnis/vocab_images/assets_images/object_general_library_centered_001.webp
object_general_location_centered_001.webp,,,,/Users/mansur/universal_study_bot org/images omnis/vocab_images/assets_images/object_general_location_centered_001.webp
object_general_lunch_centered_001.webp,,,,/Users/mansur/universal_study_bot org/images omnis/vocab_images/assets_images/object_general_lunch_centered_001.webp
object_general_male_centered_001.webp,,,,/Users/mansur/universal_study_bot org/images omnis/vocab_images/assets_images/object_general_male_centered_001.webp
object_general_man_centered_001.webp,,,,/Users/mansur/universal_study_bot org/images omnis/vocab_images/assets_images/object_general_man_centered_001.webp
object_general_many_centered_001.webp,,,,/Users/mansur/universal_study_bot org/images omnis/vocab_images/assets_images/object_general_many_centered_001.webp
object_general_map_centered_001.webp,,,,/Users/mansur/universal_study_bot org/images omnis/vocab_images/assets_images/object_general_map_centered_001.webp
object_general_meat_centered_001.webp,,,,/Users/mansur/universal_study_bot org/images omnis/vocab_images/assets_images/object_general_meat_centered_001.webp
object_general_meet_each_other_centered_001.webp,,,,/Users/mansur/universal_study_bot org/images omnis/vocab_images/assets_images/object_general_meet_each_other_centered_001.webp
object_general_middle_centered_001.webp,,,,/Users/mansur/universal_study_bot org/images omnis/vocab_images/assets_images/object_general_middle_centered_001.webp
object_general_milk_centered_001.webp,,,,/Users/mansur/universal_study_bot org/images omnis/vocab_images/assets_images/object_general_milk_centered_001.webp
object_general_money_centered_001.webp,,,,/Users/mansur/universal_study_bot org/images omnis/vocab_images/assets_images/object_general_money_centered_001.webp
object_general_moon_centered_001.webp,,,,/Users/mansur/universal_study_bot org/images omnis/vocab_images/assets_images/object_general_moon_centered_001.webp
object_general_mountain_centered_001.webp,,,,/Users/mansur/universal_study_bot org/images omnis/vocab_images/assets_images/object_general_mountain_centered_001.webp
object_general_movie_centered_001.webp,,,,/Users/mansur/universal_study_bot org/images omnis/vocab_images/assets_images/object_general_movie_centered_001.webp
object_general_movie_theater_centered_001.webp,,,,/Users/mansur/universal_study_bot org/images omnis/vocab_images/assets_images/object_general_movie_theater_centered_001.webp
object_general_new_year_centered_001.webp,,,,/Users/mansur/universal_study_bot org/images omnis/vocab_images/assets_images/object_general_new_year_centered_001.webp
object_general_noodles_centered_001.webp,,,,/Users/mansur/universal_study_bot org/images omnis/vocab_images/assets_images/object_general_noodles_centered_001.webp
object_general_notebook_centered_001.webp,,,,/Users/mansur/universal_study_bot org/images omnis/vocab_images/assets_images/object_general_notebook_centered_001.webp
object_general_o_clock_centered_001.webp,,,,/Users/mansur/universal_study_bot org/images omnis/vocab_images/assets_images/object_general_o_clock_centered_001.webp
object_general_older_brother_centered_001.webp,,,,/Users/mansur/universal_study_bot org/images omnis/vocab_images/assets_images/object_general_older_brother_centered_001.webp
object_general_older_sister_centered_001.webp,,,,/Users/mansur/universal_study_bot org/images omnis/vocab_images/assets_images/object_general_older_sister_centered_001.webp
object_general_open_centered_001.webp,,,,/Users/mansur/universal_study_bot org/images omnis/vocab_images/assets_images/object_general_open_centered_001.webp
object_general_over_there_centered_001.webp,,,,/Users/mansur/universal_study_bot org/images omnis/vocab_images/assets_images/object_general_over_there_centered_001.webp
object_general_paternal_grandmother_centered_001.webp,,,,/Users/mansur/universal_study_bot org/images omnis/vocab_images/assets_images/object_general_paternal_grandmother_centered_001.webp
object_general_patient_centered_001.webp,,,,/Users/mansur/universal_study_bot org/images omnis/vocab_images/assets_images/object_general_patient_centered_001.webp
object_general_piece_centered_001.webp,,,,/Users/mansur/universal_study_bot org/images omnis/vocab_images/assets_images/object_general_piece_centered_001.webp
object_general_playing_ball_centered_001.webp,,,,/Users/mansur/universal_study_bot org/images omnis/vocab_images/assets_images/object_general_playing_ball_centered_001.webp
object_general_rain_centered_001.webp,,,,/Users/mansur/universal_study_bot org/images omnis/vocab_images/assets_images/object_general_rain_centered_001.webp
object_general_reading_books_centered_001.webp,,,,/Users/mansur/universal_study_bot org/images omnis/vocab_images/assets_images/object_general_reading_books_centered_001.webp
object_general_singing_centered_001.webp,,,,/Users/mansur/universal_study_bot org/images omnis/vocab_images/assets_images/object_general_singing_centered_001.webp
object_general_sky_centered_001.webp,,,,/Users/mansur/universal_study_bot org/images omnis/vocab_images/assets_images/object_general_sky_centered_001.webp
object_general_slow_centered_001.webp,,,,/Users/mansur/universal_study_bot org/images omnis/vocab_images/assets_images/object_general_slow_centered_001.webp
object_general_small_centered_001.webp,,,,/Users/mansur/universal_study_bot org/images omnis/vocab_images/assets_images/object_general_small_centered_001.webp
object_general_son_centered_001.webp,,,,/Users/mansur/universal_study_bot org/images omnis/vocab_images/assets_images/object_general_son_centered_001.webp
object_general_song_centered_001.webp,,,,/Users/mansur/universal_study_bot org/images omnis/vocab_images/assets_images/object_general_song_centered_001.webp
object_general_steamed_bun_centered_001.webp,,,,/Users/mansur/universal_study_bot org/images omnis/vocab_images/assets_images/object_general_steamed_bun_centered_001.webp
object_general_study_centered_001.webp,,,,/Users/mansur/universal_study_bot org/images omnis/vocab_images/assets_images/object_general_study_centered_001.webp
object_general_take_a_taxi_centered_001.webp,,,,/Users/mansur/universal_study_bot org/images omnis/vocab_images/assets_images/object_general_take_a_taxi_centered_001.webp
object_general_tall_high_centered_001.webp,,,,/Users/mansur/universal_study_bot org/images omnis/vocab_images/assets_images/object_general_tall_high_centered_001.webp
object_general_teaching_building_centered_001.webp,,,,/Users/mansur/universal_study_bot org/images omnis/vocab_images/assets_images/object_general_teaching_building_centered_001.webp
object_general_television_centered_001.webp,,,,/Users/mansur/universal_study_bot org/images omnis/vocab_images/assets_images/object_general_television_centered_001.webp
object_general_textbook_centered_001.webp,,,,/Users/mansur/universal_study_bot org/images omnis/vocab_images/assets_images/object_general_textbook_centered_001.webp
object_general_the_same_centered_001.webp,,,,/Users/mansur/universal_study_bot org/images omnis/vocab_images/assets_images/object_general_the_same_centered_001.webp
object_general_there_centered_001.webp,,,,/Users/mansur/universal_study_bot org/images omnis/vocab_images/assets_images/object_general_there_centered_001.webp
object_general_ticket_centered_001.webp,,,,/Users/mansur/universal_study_bot org/images omnis/vocab_images/assets_images/object_general_ticket_centered_001.webp
object_general_tree_centered_001.webp,,,,/Users/mansur/universal_study_bot org/images omnis/vocab_images/assets_images/object_general_tree_centered_001.webp
object_general_university_centered_001.webp,,,,/Users/mansur/universal_study_bot org/images omnis/vocab_images/assets_images/object_general_university_centered_001.webp
object_general_university_student_centered_001.webp,,,,/Users/mansur/universal_study_bot org/images omnis/vocab_images/assets_images/object_general_university_student_centered_001.webp
object_general_wallet_centered_001.webp,,,,/Users/mansur/universal_study_bot org/images omnis/vocab_images/assets_images/object_general_wallet_centered_001.webp
object_general_weather_centered_001.webp,,,,/Users/mansur/universal_study_bot org/images omnis/vocab_images/assets_images/object_general_weather_centered_001.webp
object_general_week_centered_001.webp,,,,/Users/mansur/universal_study_bot org/images omnis/vocab_images/assets_images/object_general_week_centered_001.webp
object_general_white_centered_001.webp,,,,/Users/mansur/universal_study_bot org/images omnis/vocab_images/assets_images/object_general_white_centered_001.webp
object_general_wind_centered_001.webp,,,,/Users/mansur/universal_study_bot org/images omnis/vocab_images/assets_images/object_general_wind_centered_001.webp
object_general_woman_centered_001.webp,,,,/Users/mansur/universal_study_bot org/images omnis/vocab_images/assets_images/object_general_woman_centered_001.webp
object_general_worker_centered_001.webp,,,,/Users/mansur/universal_study_bot org/images omnis/vocab_images/assets_images/object_general_worker_centered_001.webp
object_general_wrong_centered_001.webp,,,,/Users/mansur/universal_study_bot org/images omnis/vocab_images/assets_images/object_general_wrong_centered_001.webp
object_general_younger_brother_centered_001.webp,,,,/Users/mansur/universal_study_bot org/images omnis/vocab_images/assets_images/object_general_younger_brother_centered_001.webp
object_general_younger_sister_centered_001.webp,,,,/Users/mansur/universal_study_bot org/images omnis/vocab_images/assets_images/object_general_younger_sister_centered_001.webp
object_hsk1_0001_love_centered_001.webp,,,,/Users/mansur/universal_study_bot org/images omnis/vocab_images/assets_images/object_hsk1_0001_love_centered_001.webp
object_hsk1_0002_eight_centered_001.webp,,,,/Users/mansur/universal_study_bot org/images omnis/vocab_images/assets_images/object_hsk1_0002_eight_centered_001.webp
object_hsk1_0004_cup_centered_001.webp,,,,/Users/mansur/universal_study_bot org/images omnis/vocab_images/assets_images/object_hsk1_0004_cup_centered_001.webp
object_hsk1_0005_beijing_centered_001.webp,,,,/Users/mansur/universal_study_bot org/images omnis/vocab_images/assets_images/object_hsk1_0005_beijing_centered_001.webp
object_hsk1_0006_measure_word_for_books_centered_001.webp,,,,/Users/mansur/universal_study_bot org/images omnis/vocab_images/assets_images/object_hsk1_0006_measure_word_for_books_centered_001.webp
object_hsk1_0007_not_centered_001.webp,,,,/Users/mansur/universal_study_bot org/images omnis/vocab_images/assets_images/object_hsk1_0007_not_centered_001.webp
object_hsk1_0008_youre_welcome_centered_001.webp,,,,/Users/mansur/universal_study_bot org/images omnis/vocab_images/assets_images/object_hsk1_0008_youre_welcome_centered_001.webp
object_hsk1_0012_make_a_phone_call_centered_001.webp,,,,/Users/mansur/universal_study_bot org/images omnis/vocab_images/assets_images/object_hsk1_0012_make_a_phone_call_centered_001.webp
object_hsk1_0014_possessive_particle_centered_001.webp,,,,/Users/mansur/universal_study_bot org/images omnis/vocab_images/assets_images/object_hsk1_0014_possessive_particle_centered_001.webp
object_hsk1_0019_thing_centered_001.webp,,,,/Users/mansur/universal_study_bot org/images omnis/vocab_images/assets_images/object_hsk1_0019_thing_centered_001.webp
object_hsk1_0020_all_centered_001.webp,,,,/Users/mansur/universal_study_bot org/images omnis/vocab_images/assets_images/object_hsk1_0020_all_centered_001.webp
object_hsk1_0021_to_read_centered_001.webp,,,,/Users/mansur/universal_study_bot org/images omnis/vocab_images/assets_images/object_hsk1_0021_to_read_centered_001.webp
object_hsk1_0024_how_much_centered_001.webp,,,,/Users/mansur/universal_study_bot org/images omnis/vocab_images/assets_images/object_hsk1_0024_how_much_centered_001.webp
object_hsk1_0026_two_centered_001.webp,,,,/Users/mansur/universal_study_bot org/images omnis/vocab_images/assets_images/object_hsk1_0026_two_centered_001.webp
object_hsk1_0027_restaurant_centered_001.webp,,,,/Users/mansur/universal_study_bot org/images omnis/vocab_images/assets_images/object_hsk1_0027_restaurant_centered_001.webp
object_hsk1_0030_a_general_measure_word_centered_001.webp,,,,/Users/mansur/universal_study_bot org/images omnis/vocab_images/assets_images/object_hsk1_0030_a_general_measure_word_centered_001.webp
object_hsk1_0031_work_centered_001.webp,,,,/Users/mansur/universal_study_bot org/images omnis/vocab_images/assets_images/object_hsk1_0031_work_centered_001.webp
object_hsk1_0036_and_together_with_centered_001.webp,,,,/Users/mansur/universal_study_bot org/images omnis/vocab_images/assets_images/object_hsk1_0036_and_together_with_centered_001.webp
object_hsk1_0037_very_centered_001.webp,,,,/Users/mansur/universal_study_bot org/images omnis/vocab_images/assets_images/object_hsk1_0037_very_centered_001.webp
object_hsk1_0038_to_return_centered_001.webp,,,,/Users/mansur/universal_study_bot org/images omnis/vocab_images/assets_images/object_hsk1_0038_to_return_centered_001.webp
object_hsk1_0039_can_centered_001.webp,,,,/Users/mansur/universal_study_bot org/images omnis/vocab_images/assets_images/object_hsk1_0039_can_centered_001.webp
object_hsk1_0040_how_many_centered_001.webp,,,,/Users/mansur/universal_study_bot org/images omnis/vocab_images/assets_images/object_hsk1_0040_how_many_centered_001.webp
object_hsk1_0041_home_centered_001.webp,,,,/Users/mansur/universal_study_bot org/images omnis/vocab_images/assets_images/object_hsk1_0041_home_centered_001.webp
object_hsk1_0042_to_call_centered_001.webp,,,,/Users/mansur/universal_study_bot org/images omnis/vocab_images/assets_images/object_hsk1_0042_to_call_centered_001.webp
object_hsk1_0043_today_centered_001.webp,,,,/Users/mansur/universal_study_bot org/images omnis/vocab_images/assets_images/object_hsk1_0043_today_centered_001.webp
object_hsk1_0044_nine_centered_001.webp,,,,/Users/mansur/universal_study_bot org/images omnis/vocab_images/assets_images/object_hsk1_0044_nine_centered_001.webp
object_hsk1_0045_to_open_centered_001.webp,,,,/Users/mansur/universal_study_bot org/images omnis/vocab_images/assets_images/object_hsk1_0045_to_open_centered_001.webp
object_hsk1_0046_to_look_centered_001.webp,,,,/Users/mansur/universal_study_bot org/images omnis/vocab_images/assets_images/object_hsk1_0046_to_look_centered_001.webp
object_hsk1_0047_to_see_centered_001.webp,,,,/Users/mansur/universal_study_bot org/images omnis/vocab_images/assets_images/object_hsk1_0047_to_see_centered_001.webp
object_hsk1_0049_to_come_centered_001.webp,,,,/Users/mansur/universal_study_bot org/images omnis/vocab_images/assets_images/object_hsk1_0049_to_come_centered_001.webp
object_hsk1_0051_completed_action_marker_centered_001.webp,,,,/Users/mansur/universal_study_bot org/images omnis/vocab_images/assets_images/object_hsk1_0051_completed_action_marker_centered_001.webp
object_hsk1_0054_to_buy_centered_001.webp,,,,/Users/mansur/universal_study_bot org/images omnis/vocab_images/assets_images/object_hsk1_0054_to_buy_centered_001.webp
object_hsk1_0056_question_particle_centered_001.webp,,,,/Users/mansur/universal_study_bot org/images omnis/vocab_images/assets_images/object_hsk1_0056_question_particle_centered_001.webp
object_hsk1_0057_not_centered_001.webp,,,,/Users/mansur/universal_study_bot org/images omnis/vocab_images/assets_images/object_hsk1_0057_not_centered_001.webp
object_hsk1_0058_its_okay_centered_001.webp,,,,/Users/mansur/universal_study_bot org/images omnis/vocab_images/assets_images/object_hsk1_0058_its_okay_centered_001.webp
object_hsk1_0060_tomorrow_centered_001.webp,,,,/Users/mansur/universal_study_bot org/images omnis/vocab_images/assets_images/object_hsk1_0060_tomorrow_centered_001.webp
object_hsk1_0061_name_centered_001.webp,,,,/Users/mansur/universal_study_bot org/images omnis/vocab_images/assets_images/object_hsk1_0061_name_centered_001.webp
object_hsk1_0062_which_centered_001.webp,,,,/Users/mansur/universal_study_bot org/images omnis/vocab_images/assets_images/object_hsk1_0062_which_centered_001.webp
object_hsk1_0063_that_centered_001.webp,,,,/Users/mansur/universal_study_bot org/images omnis/vocab_images/assets_images/object_hsk1_0063_that_centered_001.webp
object_hsk1_0064_question_particle_centered_001.webp,,,,/Users/mansur/universal_study_bot org/images omnis/vocab_images/assets_images/object_hsk1_0064_question_particle_centered_001.webp
object_hsk1_0065_can_centered_001.webp,,,,/Users/mansur/universal_study_bot org/images omnis/vocab_images/assets_images/object_hsk1_0065_can_centered_001.webp
object_hsk1_0066_you_centered_001.webp,,,,/Users/mansur/universal_study_bot org/images omnis/vocab_images/assets_images/object_hsk1_0066_you_centered_001.webp
object_hsk1_0067_year_centered_001.webp,,,,/Users/mansur/universal_study_bot org/images omnis/vocab_images/assets_images/object_hsk1_0067_year_centered_001.webp
object_hsk1_0070_seven_centered_001.webp,,,,/Users/mansur/universal_study_bot org/images omnis/vocab_images/assets_images/object_hsk1_0070_seven_centered_001.webp
object_hsk1_0072_front_centered_001.webp,,,,/Users/mansur/universal_study_bot org/images omnis/vocab_images/assets_images/object_hsk1_0072_front_centered_001.webp
object_hsk1_0073_please_centered_001.webp,,,,/Users/mansur/universal_study_bot org/images omnis/vocab_images/assets_images/object_hsk1_0073_please_centered_001.webp
object_hsk1_0074_to_go_centered_001.webp,,,,/Users/mansur/universal_study_bot org/images omnis/vocab_images/assets_images/object_hsk1_0074_to_go_centered_001.webp
object_hsk1_0076_person_centered_001.webp,,,,/Users/mansur/universal_study_bot org/images omnis/vocab_images/assets_images/object_hsk1_0076_person_centered_001.webp
object_hsk1_0077_to_know_centered_001.webp,,,,/Users/mansur/universal_study_bot org/images omnis/vocab_images/assets_images/object_hsk1_0077_to_know_centered_001.webp
object_hsk1_0078_three_centered_001.webp,,,,/Users/mansur/universal_study_bot org/images omnis/vocab_images/assets_images/object_hsk1_0078_three_centered_001.webp
object_hsk1_0080_up_centered_001.webp,,,,/Users/mansur/universal_study_bot org/images omnis/vocab_images/assets_images/object_hsk1_0080_up_centered_001.webp
object_hsk1_0081_morning_centered_001.webp,,,,/Users/mansur/universal_study_bot org/images omnis/vocab_images/assets_images/object_hsk1_0081_morning_centered_001.webp
object_hsk1_0082_few_or_little_centered_001.webp,,,,/Users/mansur/universal_study_bot org/images omnis/vocab_images/assets_images/object_hsk1_0082_few_or_little_centered_001.webp
object_hsk1_0083_who_centered_001.webp,,,,/Users/mansur/universal_study_bot org/images omnis/vocab_images/assets_images/object_hsk1_0083_who_centered_001.webp
object_hsk1_0084_what_centered_001.webp,,,,/Users/mansur/universal_study_bot org/images omnis/vocab_images/assets_images/object_hsk1_0084_what_centered_001.webp
object_hsk1_0085_ten_centered_001.webp,,,,/Users/mansur/universal_study_bot org/images omnis/vocab_images/assets_images/object_hsk1_0085_ten_centered_001.webp
object_hsk1_0086_time_centered_001.webp,,,,/Users/mansur/universal_study_bot org/images omnis/vocab_images/assets_images/object_hsk1_0086_time_centered_001.webp
object_hsk1_0087_to_be_centered_001.webp,,,,/Users/mansur/universal_study_bot org/images omnis/vocab_images/assets_images/object_hsk1_0087_to_be_centered_001.webp
object_hsk1_0092_to_speak_centered_001.webp,,,,/Users/mansur/universal_study_bot org/images omnis/vocab_images/assets_images/object_hsk1_0092_to_speak_centered_001.webp
object_hsk1_0093_four_centered_001.webp,,,,/Users/mansur/universal_study_bot org/images omnis/vocab_images/assets_images/object_hsk1_0093_four_centered_001.webp
object_hsk1_0094_years_old_centered_001.webp,,,,/Users/mansur/universal_study_bot org/images omnis/vocab_images/assets_images/object_hsk1_0094_years_old_centered_001.webp
object_hsk1_0095_he_centered_001.webp,,,,/Users/mansur/universal_study_bot org/images omnis/vocab_images/assets_images/object_hsk1_0095_he_centered_001.webp
object_hsk1_0096_she_centered_001.webp,,,,/Users/mansur/universal_study_bot org/images omnis/vocab_images/assets_images/object_hsk1_0096_she_centered_001.webp
object_hsk1_0097_too_centered_001.webp,,,,/Users/mansur/universal_study_bot org/images omnis/vocab_images/assets_images/object_hsk1_0097_too_centered_001.webp
object_hsk1_0099_to_listen_centered_001.webp,,,,/Users/mansur/universal_study_bot org/images omnis/vocab_images/assets_images/object_hsk1_0099_to_listen_centered_001.webp
object_hsk1_0101_i_centered_001.webp,,,,/Users/mansur/universal_study_bot org/images omnis/vocab_images/assets_images/object_hsk1_0101_i_centered_001.webp
object_hsk1_0102_we_centered_001.webp,,,,/Users/mansur/universal_study_bot org/images omnis/vocab_images/assets_images/object_hsk1_0102_we_centered_001.webp
object_hsk1_0103_five_centered_001.webp,,,,/Users/mansur/universal_study_bot org/images omnis/vocab_images/assets_images/object_hsk1_0103_five_centered_001.webp
object_hsk1_0104_to_like_centered_001.webp,,,,/Users/mansur/universal_study_bot org/images omnis/vocab_images/assets_images/object_hsk1_0104_to_like_centered_001.webp
object_hsk1_0105_down_centered_001.webp,,,,/Users/mansur/universal_study_bot org/images omnis/vocab_images/assets_images/object_hsk1_0105_down_centered_001.webp
object_hsk1_0106_afternoon_centered_001.webp,,,,/Users/mansur/universal_study_bot org/images omnis/vocab_images/assets_images/object_hsk1_0106_afternoon_centered_001.webp
object_hsk1_0107_to_rain_centered_001.webp,,,,/Users/mansur/universal_study_bot org/images omnis/vocab_images/assets_images/object_hsk1_0107_to_rain_centered_001.webp
object_hsk1_0108_mr_centered_001.webp,,,,/Users/mansur/universal_study_bot org/images omnis/vocab_images/assets_images/object_hsk1_0108_mr_centered_001.webp
object_hsk1_0109_now_centered_001.webp,,,,/Users/mansur/universal_study_bot org/images omnis/vocab_images/assets_images/object_hsk1_0109_now_centered_001.webp
object_hsk1_0110_to_think_centered_001.webp,,,,/Users/mansur/universal_study_bot org/images omnis/vocab_images/assets_images/object_hsk1_0110_to_think_centered_001.webp
object_hsk1_0112_miss_centered_001.webp,,,,/Users/mansur/universal_study_bot org/images omnis/vocab_images/assets_images/object_hsk1_0112_miss_centered_001.webp
object_hsk1_0113_to_write_centered_001.webp,,,,/Users/mansur/universal_study_bot org/images omnis/vocab_images/assets_images/object_hsk1_0113_to_write_centered_001.webp
object_hsk1_0114_thank_you_centered_001.webp,,,,/Users/mansur/universal_study_bot org/images omnis/vocab_images/assets_images/object_hsk1_0114_thank_you_centered_001.webp
object_hsk1_0116_student_centered_001.webp,,,,/Users/mansur/universal_study_bot org/images omnis/vocab_images/assets_images/object_hsk1_0116_student_centered_001.webp
object_hsk1_0119_one_centered_001.webp,,,,/Users/mansur/universal_study_bot org/images omnis/vocab_images/assets_images/object_hsk1_0119_one_centered_001.webp
object_hsk1_0123_to_have_centered_001.webp,,,,/Users/mansur/universal_study_bot org/images omnis/vocab_images/assets_images/object_hsk1_0123_to_have_centered_001.webp
object_hsk1_0124_month_centered_001.webp,,,,/Users/mansur/universal_study_bot org/images omnis/vocab_images/assets_images/object_hsk1_0124_month_centered_001.webp
object_hsk1_0125_goodbye_centered_001.webp,,,,/Users/mansur/universal_study_bot org/images omnis/vocab_images/assets_images/object_hsk1_0125_goodbye_centered_001.webp
object_hsk1_0126_at_in_on_centered_001.webp,,,,/Users/mansur/universal_study_bot org/images omnis/vocab_images/assets_images/object_hsk1_0126_at_in_on_centered_001.webp
object_hsk1_0127_how_centered_001.webp,,,,/Users/mansur/universal_study_bot org/images omnis/vocab_images/assets_images/object_hsk1_0127_how_centered_001.webp
object_hsk1_0128_this_centered_001.webp,,,,/Users/mansur/universal_study_bot org/images omnis/vocab_images/assets_images/object_hsk1_0128_this_centered_001.webp
object_hsk1_0130_noon_centered_001.webp,,,,/Users/mansur/universal_study_bot org/images omnis/vocab_images/assets_images/object_hsk1_0130_noon_centered_001.webp
object_hsk1_0131_to_live_centered_001.webp,,,,/Users/mansur/universal_study_bot org/images omnis/vocab_images/assets_images/object_hsk1_0131_to_live_centered_001.webp
object_hsk1_0133_character_centered_001.webp,,,,/Users/mansur/universal_study_bot org/images omnis/vocab_images/assets_images/object_hsk1_0133_character_centered_001.webp
object_hsk1_0134_yesterday_centered_001.webp,,,,/Users/mansur/universal_study_bot org/images omnis/vocab_images/assets_images/object_hsk1_0134_yesterday_centered_001.webp
object_hsk1_0135_to_sit_centered_001.webp,,,,/Users/mansur/universal_study_bot org/images omnis/vocab_images/assets_images/object_hsk1_0135_to_sit_centered_001.webp
object_hsk1_0136_to_do_centered_001.webp,,,,/Users/mansur/universal_study_bot org/images omnis/vocab_images/assets_images/object_hsk1_0136_to_do_centered_001.webp
object_hsk1_0137_a_particle_indicating_suggestion_or_request_centered_001.webp,,,,/Users/mansur/universal_study_bot org/images omnis/vocab_images/assets_images/object_hsk1_0137_a_particle_indicating_suggestion_or_request_centered_001.webp
object_hsk1_0139_hundred_centered_001.webp,,,,/Users/mansur/universal_study_bot org/images omnis/vocab_images/assets_images/object_hsk1_0139_hundred_centered_001.webp
object_hsk1_0140_to_compare_centered_001.webp,,,,/Users/mansur/universal_study_bot org/images omnis/vocab_images/assets_images/object_hsk1_0140_to_compare_centered_001.webp
object_hsk1_0141_do_not_centered_001.webp,,,,/Users/mansur/universal_study_bot org/images omnis/vocab_images/assets_images/object_hsk1_0141_do_not_centered_001.webp
object_hsk1_0143_to_go_out_centered_001.webp,,,,/Users/mansur/universal_study_bot org/images omnis/vocab_images/assets_images/object_hsk1_0143_to_go_out_centered_001.webp
object_hsk1_0144_to_wear_centered_001.webp,,,,/Users/mansur/universal_study_bot org/images omnis/vocab_images/assets_images/object_hsk1_0144_to_wear_centered_001.webp
object_hsk1_0145_time_occurrence_centered_001.webp,,,,/Users/mansur/universal_study_bot org/images omnis/vocab_images/assets_images/object_hsk1_0145_time_occurrence_centered_001.webp
object_hsk1_0146_from_centered_001.webp,,,,/Users/mansur/universal_study_bot org/images omnis/vocab_images/assets_images/object_hsk1_0146_from_centered_001.webp
object_hsk1_0148_to_arrive_centered_001.webp,,,,/Users/mansur/universal_study_bot org/images omnis/vocab_images/assets_images/object_hsk1_0148_to_arrive_centered_001.webp
object_hsk1_0149_to_wait_centered_001.webp,,,,/Users/mansur/universal_study_bot org/images omnis/vocab_images/assets_images/object_hsk1_0149_to_wait_centered_001.webp
object_hsk1_0151_correct_centered_001.webp,,,,/Users/mansur/universal_study_bot org/images omnis/vocab_images/assets_images/object_hsk1_0151_correct_centered_001.webp
object_hsk1_0152_room_centered_001.webp,,,,/Users/mansur/universal_study_bot org/images omnis/vocab_images/assets_images/object_hsk1_0152_room_centered_001.webp
object_hsk1_0153_very_centered_001.webp,,,,/Users/mansur/universal_study_bot org/images omnis/vocab_images/assets_images/object_hsk1_0153_very_centered_001.webp
object_hsk1_0155_to_tell_centered_001.webp,,,,/Users/mansur/universal_study_bot org/images omnis/vocab_images/assets_images/object_hsk1_0155_to_tell_centered_001.webp
object_hsk1_0157_to_give_centered_001.webp,,,,/Users/mansur/universal_study_bot org/images omnis/vocab_images/assets_images/object_hsk1_0157_to_give_centered_001.webp
object_hsk1_0159_to_pass_centered_001.webp,,,,/Users/mansur/universal_study_bot org/images omnis/vocab_images/assets_images/object_hsk1_0159_to_pass_centered_001.webp
object_hsk1_0160_still_centered_001.webp,,,,/Users/mansur/universal_study_bot org/images omnis/vocab_images/assets_images/object_hsk1_0160_still_centered_001.webp
object_hsk1_0162_delicious_centered_001.webp,,,,/Users/mansur/universal_study_bot org/images omnis/vocab_images/assets_images/object_hsk1_0162_delicious_centered_001.webp
object_hsk1_0163_airport_centered_001.webp,,,,/Users/mansur/universal_study_bot org/images omnis/vocab_images/assets_images/object_hsk1_0163_airport_centered_001.webp
object_hsk1_0167_to_enter_centered_001.webp,,,,/Users/mansur/universal_study_bot org/images omnis/vocab_images/assets_images/object_hsk1_0167_to_enter_centered_001.webp
object_hsk1_0168_just_centered_001.webp,,,,/Users/mansur/universal_study_bot org/images omnis/vocab_images/assets_images/object_hsk1_0168_just_centered_001.webp
object_hsk1_0169_to_feel_centered_001.webp,,,,/Users/mansur/universal_study_bot org/images omnis/vocab_images/assets_images/object_hsk1_0169_to_feel_centered_001.webp
object_hsk1_0170_exam_centered_001.webp,,,,/Users/mansur/universal_study_bot org/images omnis/vocab_images/assets_images/object_hsk1_0170_exam_centered_001.webp
object_hsk1_0173_tired_centered_001.webp,,,,/Users/mansur/universal_study_bot org/images omnis/vocab_images/assets_images/object_hsk1_0173_tired_centered_001.webp
object_hsk1_0174_two_centered_001.webp,,,,/Users/mansur/universal_study_bot org/images omnis/vocab_images/assets_images/object_hsk1_0174_two_centered_001.webp
object_hsk1_0175_zero_centered_001.webp,,,,/Users/mansur/universal_study_bot org/images omnis/vocab_images/assets_images/object_hsk1_0175_zero_centered_001.webp
object_hsk1_0176_road_centered_001.webp,,,,/Users/mansur/universal_study_bot org/images omnis/vocab_images/assets_images/object_hsk1_0176_road_centered_001.webp
object_hsk1_0178_busy_centered_001.webp,,,,/Users/mansur/universal_study_bot org/images omnis/vocab_images/assets_images/object_hsk1_0178_busy_centered_001.webp
object_hsk1_0182_you_polite_form_centered_001.webp,,,,/Users/mansur/universal_study_bot org/images omnis/vocab_images/assets_images/object_hsk1_0182_you_polite_form_centered_001.webp
object_hsk1_0185_beside_centered_001.webp,,,,/Users/mansur/universal_study_bot org/images omnis/vocab_images/assets_images/object_hsk1_0185_beside_centered_001.webp
object_hsk1_0188_last_year_centered_001.webp,,,,/Users/mansur/universal_study_bot org/images omnis/vocab_images/assets_images/object_hsk1_0188_last_year_centered_001.webp
object_hsk1_0189_day_date_centered_001.webp,,,,/Users/mansur/universal_study_bot org/images omnis/vocab_images/assets_images/object_hsk1_0189_day_date_centered_001.webp
object_hsk1_0192_to_be_ill_centered_001.webp,,,,/Users/mansur/universal_study_bot org/images omnis/vocab_images/assets_images/object_hsk1_0192_to_be_ill_centered_001.webp
object_hsk1_0194_time_centered_001.webp,,,,/Users/mansur/universal_study_bot org/images omnis/vocab_images/assets_images/object_hsk1_0194_time_centered_001.webp
object_hsk1_0196_to_give_as_a_gift_centered_001.webp,,,,/Users/mansur/universal_study_bot org/images omnis/vocab_images/assets_images/object_hsk1_0196_to_give_as_a_gift_centered_001.webp
object_hsk1_0197_outside_centered_001.webp,,,,/Users/mansur/universal_study_bot org/images omnis/vocab_images/assets_images/object_hsk1_0197_outside_centered_001.webp
object_hsk1_0199_to_ask_centered_001.webp,,,,/Users/mansur/universal_study_bot org/images omnis/vocab_images/assets_images/object_hsk1_0199_to_ask_centered_001.webp
object_hsk1_0200_to_wash_centered_001.webp,,,,/Users/mansur/universal_study_bot org/images omnis/vocab_images/assets_images/object_hsk1_0200_to_wash_centered_001.webp
object_hsk1_0201_hour_centered_001.webp,,,,/Users/mansur/universal_study_bot org/images omnis/vocab_images/assets_images/object_hsk1_0201_hour_centered_001.webp
object_hsk1_0202_to_laugh_centered_001.webp,,,,/Users/mansur/universal_study_bot org/images omnis/vocab_images/assets_images/object_hsk1_0202_to_laugh_centered_001.webp
object_hsk1_0203_new_centered_001.webp,,,,/Users/mansur/universal_study_bot org/images omnis/vocab_images/assets_images/object_hsk1_0203_new_centered_001.webp
object_hsk1_0204_rest_centered_001.webp,,,,/Users/mansur/universal_study_bot org/images omnis/vocab_images/assets_images/object_hsk1_0204_rest_centered_001.webp
object_hsk1_0205_to_want_centered_001.webp,,,,/Users/mansur/universal_study_bot org/images omnis/vocab_images/assets_images/object_hsk1_0205_to_want_centered_001.webp
object_hsk1_0206_also_centered_001.webp,,,,/Users/mansur/universal_study_bot org/images omnis/vocab_images/assets_images/object_hsk1_0206_also_centered_001.webp
object_hsk1_0207_together_centered_001.webp,,,,/Users/mansur/universal_study_bot org/images omnis/vocab_images/assets_images/object_hsk1_0207_together_centered_001.webp
object_hsk1_0208_right_side_centered_001.webp,,,,/Users/mansur/universal_study_bot org/images omnis/vocab_images/assets_images/object_hsk1_0208_right_side_centered_001.webp
object_hsk1_0211_morning_centered_001.webp,,,,/Users/mansur/universal_study_bot org/images omnis/vocab_images/assets_images/object_hsk1_0211_morning_centered_001.webp
object_hsk1_0212_to_look_for_centered_001.webp,,,,/Users/mansur/universal_study_bot org/images omnis/vocab_images/assets_images/object_hsk1_0212_to_look_for_centered_001.webp
object_hsk1_0213_indicates_ongoing_action_centered_001.webp,,,,/Users/mansur/universal_study_bot org/images omnis/vocab_images/assets_images/object_hsk1_0213_indicates_ongoing_action_centered_001.webp
object_hsk1_0214_true_centered_001.webp,,,,/Users/mansur/universal_study_bot org/images omnis/vocab_images/assets_images/object_hsk1_0214_true_centered_001.webp
object_hsk1_0215_in_the_process_of_centered_001.webp,,,,/Users/mansur/universal_study_bot org/images omnis/vocab_images/assets_images/object_hsk1_0215_in_the_process_of_centered_001.webp
object_hsk1_0216_to_know_centered_001.webp,,,,/Users/mansur/universal_study_bot org/images omnis/vocab_images/assets_images/object_hsk1_0216_to_know_centered_001.webp
object_hsk1_0217_prepare_centered_001.webp,,,,/Users/mansur/universal_study_bot org/images omnis/vocab_images/assets_images/object_hsk1_0217_prepare_centered_001.webp
object_hsk1_0218_to_walk_centered_001.webp,,,,/Users/mansur/universal_study_bot org/images omnis/vocab_images/assets_images/object_hsk1_0218_to_walk_centered_001.webp
object_hsk1_0219_most_centered_001.webp,,,,/Users/mansur/universal_study_bot org/images omnis/vocab_images/assets_images/object_hsk1_0219_most_centered_001.webp
object_hsk1_0220_left_side_centered_001.webp,,,,/Users/mansur/universal_study_bot org/images omnis/vocab_images/assets_images/object_hsk1_0220_left_side_centered_001.webp
object_hsk1_0221_hobby_centered_001.webp,,,,/Users/mansur/universal_study_bot org/images omnis/vocab_images/assets_images/object_hsk1_0221_hobby_centered_001.webp
object_hsk1_0223_half_centered_001.webp,,,,/Users/mansur/universal_study_bot org/images omnis/vocab_images/assets_images/object_hsk1_0223_half_centered_001.webp
object_hsk1_0224_to_help_centered_001.webp,,,,/Users/mansur/universal_study_bot org/images omnis/vocab_images/assets_images/object_hsk1_0224_to_help_centered_001.webp
object_hsk1_0225_to_wrap_or_contain_centered_001.webp,,,,/Users/mansur/universal_study_bot org/images omnis/vocab_images/assets_images/object_hsk1_0225_to_wrap_or_contain_centered_001.webp
object_hsk1_0226_other_people_centered_001.webp,,,,/Users/mansur/universal_study_bot org/images omnis/vocab_images/assets_images/object_hsk1_0226_other_people_centered_001.webp
object_hsk1_0227_difference_centered_001.webp,,,,/Users/mansur/universal_study_bot org/images omnis/vocab_images/assets_images/object_hsk1_0227_difference_centered_001.webp
object_hsk1_0228_structural_particle_before_adverbial_centered_001.webp,,,,/Users/mansur/universal_study_bot org/images omnis/vocab_images/assets_images/object_hsk1_0228_structural_particle_before_adverbial_centered_001.webp
object_hsk1_0229_place_centered_001.webp,,,,/Users/mansur/universal_study_bot org/images omnis/vocab_images/assets_images/object_hsk1_0229_place_centered_001.webp
object_hsk1_0231_east_centered_001.webp,,,,/Users/mansur/universal_study_bot org/images omnis/vocab_images/assets_images/object_hsk1_0231_east_centered_001.webp
object_hsk1_0232_hungry_centered_001.webp,,,,/Users/mansur/universal_study_bot org/images omnis/vocab_images/assets_images/object_hsk1_0232_hungry_centered_001.webp
object_hsk1_0233_to_put_down_centered_001.webp,,,,/Users/mansur/universal_study_bot org/images omnis/vocab_images/assets_images/object_hsk1_0233_to_put_down_centered_001.webp
object_hsk1_0234_minute_centered_001.webp,,,,/Users/mansur/universal_study_bot org/images omnis/vocab_images/assets_images/object_hsk1_0234_minute_centered_001.webp
object_hsk1_0236_to_follow_centered_001.webp,,,,/Users/mansur/universal_study_bot org/images omnis/vocab_images/assets_images/object_hsk1_0236_to_follow_centered_001.webp
object_hsk1_0237_to_close_centered_001.webp,,,,/Users/mansur/universal_study_bot org/images omnis/vocab_images/assets_images/object_hsk1_0237_to_close_centered_001.webp
object_hsk1_0238_country_centered_001.webp,,,,/Users/mansur/universal_study_bot org/images omnis/vocab_images/assets_images/object_hsk1_0238_country_centered_001.webp
object_hsk1_0239_or_centered_001.webp,,,,/Users/mansur/universal_study_bot org/images omnis/vocab_images/assets_images/object_hsk1_0239_or_centered_001.webp
object_hsk1_0241_bad_centered_001.webp,,,,/Users/mansur/universal_study_bot org/images omnis/vocab_images/assets_images/object_hsk1_0241_bad_centered_001.webp
object_hsk1_0242_to_return_centered_001.webp,,,,/Users/mansur/universal_study_bot org/images omnis/vocab_images/assets_images/object_hsk1_0242_to_return_centered_001.webp
object_hsk1_0243_answer_centered_001.webp,,,,/Users/mansur/universal_study_bot org/images omnis/vocab_images/assets_images/object_hsk1_0243_answer_centered_001.webp
object_hsk1_0244_to_remember_centered_001.webp,,,,/Users/mansur/universal_study_bot org/images omnis/vocab_images/assets_images/object_hsk1_0244_to_remember_centered_001.webp
object_hsk1_0246_to_teach_centered_001.webp,,,,/Users/mansur/universal_study_bot org/images omnis/vocab_images/assets_images/object_hsk1_0246_to_teach_centered_001.webp
object_hsk1_0247_thirsty_centered_001.webp,,,,/Users/mansur/universal_study_bot org/images omnis/vocab_images/assets_images/object_hsk1_0247_thirsty_centered_001.webp
object_hsk1_0248_mouth_centered_001.webp,,,,/Users/mansur/universal_study_bot org/images omnis/vocab_images/assets_images/object_hsk1_0248_mouth_centered_001.webp
object_hsk1_0249_old_centered_001.webp,,,,/Users/mansur/universal_study_bot org/images omnis/vocab_images/assets_images/object_hsk1_0249_old_centered_001.webp
object_hsk1_0251_immediately_centered_001.webp,,,,/Users/mansur/universal_study_bot org/images omnis/vocab_images/assets_images/object_hsk1_0251_immediately_centered_001.webp
object_hsk1_0253_to_understand_centered_001.webp,,,,/Users/mansur/universal_study_bot org/images omnis/vocab_images/assets_images/object_hsk1_0253_to_understand_centered_001.webp
object_hsk1_0254_to_take_centered_001.webp,,,,/Users/mansur/universal_study_bot org/images omnis/vocab_images/assets_images/object_hsk1_0254_to_take_centered_001.webp
object_hsk1_0256_south_centered_001.webp,,,,/Users/mansur/universal_study_bot org/images omnis/vocab_images/assets_images/object_hsk1_0256_south_centered_001.webp
object_hsk1_0258_to_rise_up_centered_001.webp,,,,/Users/mansur/universal_study_bot org/images omnis/vocab_images/assets_images/object_hsk1_0258_to_rise_up_centered_001.webp
object_hsk1_0259_request_for_leave_centered_001.webp,,,,/Users/mansur/universal_study_bot org/images omnis/vocab_images/assets_images/object_hsk1_0259_request_for_leave_centered_001.webp
object_hsk1_0260_serious_centered_001.webp,,,,/Users/mansur/universal_study_bot org/images omnis/vocab_images/assets_images/object_hsk1_0260_serious_centered_001.webp
object_hsk1_0261_go_online_centered_001.webp,,,,/Users/mansur/universal_study_bot org/images omnis/vocab_images/assets_images/object_hsk1_0261_go_online_centered_001.webp
object_hsk1_0263_to_try_or_test_centered_001.webp,,,,/Users/mansur/universal_study_bot org/images omnis/vocab_images/assets_images/object_hsk1_0263_to_try_or_test_centered_001.webp
object_hsk1_0266_to_forget_centered_001.webp,,,,/Users/mansur/universal_study_bot org/images omnis/vocab_images/assets_images/object_hsk1_0266_to_forget_centered_001.webp
object_hsk1_0267_west_centered_001.webp,,,,/Users/mansur/universal_study_bot org/images omnis/vocab_images/assets_images/object_hsk1_0267_west_centered_001.webp
object_hsk1_0268_restroom_centered_001.webp,,,,/Users/mansur/universal_study_bot org/images omnis/vocab_images/assets_images/object_hsk1_0268_restroom_centered_001.webp
object_hsk1_0269_first_centered_001.webp,,,,/Users/mansur/universal_study_bot org/images omnis/vocab_images/assets_images/object_hsk1_0269_first_centered_001.webp
object_hsk1_0271_one_side_centered_001.webp,,,,/Users/mansur/universal_study_bot org/images omnis/vocab_images/assets_images/object_hsk1_0271_one_side_centered_001.webp
object_hsk1_0272_a_little_while_centered_001.webp,,,,/Users/mansur/universal_study_bot org/images omnis/vocab_images/assets_images/object_hsk1_0272_a_little_while_centered_001.webp
object_hsk1_0274_to_use_centered_001.webp,,,,/Users/mansur/universal_study_bot org/images omnis/vocab_images/assets_images/object_hsk1_0274_to_use_centered_001.webp
object_hsk1_0276_yuan_centered_001.webp,,,,/Users/mansur/universal_study_bot org/images omnis/vocab_images/assets_images/object_hsk1_0276_yuan_centered_001.webp
object_hsk1_0277_to_stand_centered_001.webp,,,,/Users/mansur/universal_study_bot org/images omnis/vocab_images/assets_images/object_hsk1_0277_to_stand_centered_001.webp
object_hsk1_0280_important_centered_001.webp,,,,/Users/mansur/universal_study_bot org/images omnis/vocab_images/assets_images/object_hsk1_0280_important_centered_001.webp
object_hsk1_0285_to_do_centered_001.webp,,,,/Users/mansur/universal_study_bot org/images omnis/vocab_images/assets_images/object_hsk1_0285_to_do_centered_001.webp
object_hsk1_0286_to_joke_centered_001.webp,,,,/Users/mansur/universal_study_bot org/images omnis/vocab_images/assets_images/object_hsk1_0286_to_joke_centered_001.webp
object_hsk1_0288_to_walk_or_move_centered_001.webp,,,,/Users/mansur/universal_study_bot org/images omnis/vocab_images/assets_images/object_hsk1_0288_to_walk_or_move_centered_001.webp
object_hsk1_0289_page_centered_001.webp,,,,/Users/mansur/universal_study_bot org/images omnis/vocab_images/assets_images/object_hsk1_0289_page_centered_001.webp
object_hsk1_0291_heavy_centered_001.webp,,,,/Users/mansur/universal_study_bot org/images omnis/vocab_images/assets_images/object_hsk1_0291_heavy_centered_001.webp
object_hsk1_0292_best_centered_001.webp,,,,/Users/mansur/universal_study_bot org/images omnis/vocab_images/assets_images/object_hsk1_0292_best_centered_001.webp
object_hsk1_0295_correct_centered_001.webp,,,,/Users/mansur/universal_study_bot org/images omnis/vocab_images/assets_images/object_hsk1_0295_correct_centered_001.webp
object_hsk1_0296_not_have_centered_001.webp,,,,/Users/mansur/universal_study_bot org/images omnis/vocab_images/assets_images/object_hsk1_0296_not_have_centered_001.webp
object_hsk1_0299_half_a_year_centered_001.webp,,,,/Users/mansur/universal_study_bot org/images omnis/vocab_images/assets_images/object_hsk1_0299_half_a_year_centered_001.webp
object_hsk1_0300_half_a_day_centered_001.webp,,,,/Users/mansur/universal_study_bot org/images omnis/vocab_images/assets_images/object_hsk1_0300_half_a_day_centered_001.webp
object_hsk1_0301_to_help_centered_001.webp,,,,/Users/mansur/universal_study_bot org/images omnis/vocab_images/assets_images/object_hsk1_0301_to_help_centered_001.webp
object_hsk1_0302_cup_centered_001.webp,,,,/Users/mansur/universal_study_bot org/images omnis/vocab_images/assets_images/object_hsk1_0302_cup_centered_001.webp
object_hsk1_0303_north_centered_001.webp,,,,/Users/mansur/universal_study_bot org/images omnis/vocab_images/assets_images/object_hsk1_0303_north_centered_001.webp
object_hsk1_0304_north_side_centered_001.webp,,,,/Users/mansur/universal_study_bot org/images omnis/vocab_images/assets_images/object_hsk1_0304_north_side_centered_001.webp
object_hsk1_0306_other_centered_001.webp,,,,/Users/mansur/universal_study_bot org/images omnis/vocab_images/assets_images/object_hsk1_0306_other_centered_001.webp
object_hsk1_0309_not_big_centered_001.webp,,,,/Users/mansur/universal_study_bot org/images omnis/vocab_images/assets_images/object_hsk1_0309_not_big_centered_001.webp
object_hsk1_0310_not_correct_centered_001.webp,,,,/Users/mansur/universal_study_bot org/images omnis/vocab_images/assets_images/object_hsk1_0310_not_correct_centered_001.webp
object_hsk1_0311_no_need_centered_001.webp,,,,/Users/mansur/universal_study_bot org/images omnis/vocab_images/assets_images/object_hsk1_0311_no_need_centered_001.webp
object_hsk1_0312_common_centered_001.webp,,,,/Users/mansur/universal_study_bot org/images omnis/vocab_images/assets_images/object_hsk1_0312_common_centered_001.webp
object_hsk1_0313_often_centered_001.webp,,,,/Users/mansur/universal_study_bot org/images omnis/vocab_images/assets_images/object_hsk1_0313_often_centered_001.webp
object_hsk1_0314_to_sing_centered_001.webp,,,,/Users/mansur/universal_study_bot org/images omnis/vocab_images/assets_images/object_hsk1_0314_to_sing_centered_001.webp
object_hsk1_0317_on_the_vehicle_centered_001.webp,,,,/Users/mansur/universal_study_bot org/images omnis/vocab_images/assets_images/object_hsk1_0317_on_the_vehicle_centered_001.webp
object_hsk1_0318_train_station_centered_001.webp,,,,/Users/mansur/universal_study_bot org/images omnis/vocab_images/assets_images/object_hsk1_0318_train_station_centered_001.webp
object_hsk1_0319_having_a_meal_centered_001.webp,,,,/Users/mansur/universal_study_bot org/images omnis/vocab_images/assets_images/object_hsk1_0319_having_a_meal_centered_001.webp
object_hsk1_0320_come_out_centered_001.webp,,,,/Users/mansur/universal_study_bot org/images omnis/vocab_images/assets_images/object_hsk1_0320_come_out_centered_001.webp
object_hsk1_0321_go_out_centered_001.webp,,,,/Users/mansur/universal_study_bot org/images omnis/vocab_images/assets_images/object_hsk1_0321_go_out_centered_001.webp
object_hsk1_0323_to_hit_or_strike_centered_001.webp,,,,/Users/mansur/universal_study_bot org/images omnis/vocab_images/assets_images/object_hsk1_0323_to_hit_or_strike_centered_001.webp
object_hsk1_0329_to_obtain_centered_001.webp,,,,/Users/mansur/universal_study_bot org/images omnis/vocab_images/assets_images/object_hsk1_0329_to_obtain_centered_001.webp
object_hsk1_0330_on_the_ground_centered_001.webp,,,,/Users/mansur/universal_study_bot org/images omnis/vocab_images/assets_images/object_hsk1_0330_on_the_ground_centered_001.webp
object_hsk1_0331_ordinal_prefix_centered_001.webp,,,,/Users/mansur/universal_study_bot org/images omnis/vocab_images/assets_images/object_hsk1_0331_ordinal_prefix_centered_001.webp
object_hsk1_0332_electricity_centered_001.webp,,,,/Users/mansur/universal_study_bot org/images omnis/vocab_images/assets_images/object_hsk1_0332_electricity_centered_001.webp
object_hsk1_0336_east_side_centered_001.webp,,,,/Users/mansur/universal_study_bot org/images omnis/vocab_images/assets_images/object_hsk1_0336_east_side_centered_001.webp
object_hsk1_0337_to_move_centered_001.webp,,,,/Users/mansur/universal_study_bot org/images omnis/vocab_images/assets_images/object_hsk1_0337_to_move_centered_001.webp
object_hsk1_0339_house_centered_001.webp,,,,/Users/mansur/universal_study_bot org/images omnis/vocab_images/assets_images/object_hsk1_0339_house_centered_001.webp
object_hsk1_0340_take_a_holiday_centered_001.webp,,,,/Users/mansur/universal_study_bot org/images omnis/vocab_images/assets_images/object_hsk1_0340_take_a_holiday_centered_001.webp
object_hsk1_0341_after_school_centered_001.webp,,,,/Users/mansur/universal_study_bot org/images omnis/vocab_images/assets_images/object_hsk1_0341_after_school_centered_001.webp
object_hsk1_0342_to_fly_centered_001.webp,,,,/Users/mansur/universal_study_bot org/images omnis/vocab_images/assets_images/object_hsk1_0342_to_fly_centered_001.webp
object_hsk1_0344_what_to_do_centered_001.webp,,,,/Users/mansur/universal_study_bot org/images omnis/vocab_images/assets_images/object_hsk1_0344_what_to_do_centered_001.webp
object_hsk1_0346_close_it_centered_001.webp,,,,/Users/mansur/universal_study_bot org/images omnis/vocab_images/assets_images/object_hsk1_0346_close_it_centered_001.webp
object_hsk1_0347_country_centered_001.webp,,,,/Users/mansur/universal_study_bot org/images omnis/vocab_images/assets_images/object_hsk1_0347_country_centered_001.webp
object_hsk1_0348_abroad_centered_001.webp,,,,/Users/mansur/universal_study_bot org/images omnis/vocab_images/assets_images/object_hsk1_0348_abroad_centered_001.webp
object_hsk1_0349_there_is_also_centered_001.webp,,,,/Users/mansur/universal_study_bot org/images omnis/vocab_images/assets_images/object_hsk1_0349_there_is_also_centered_001.webp
object_hsk1_0350_chinese_characters_centered_001.webp,,,,/Users/mansur/universal_study_bot org/images omnis/vocab_images/assets_images/object_hsk1_0350_chinese_characters_centered_001.webp
object_hsk1_0351_good-looking_centered_001.webp,,,,/Users/mansur/universal_study_bot org/images omnis/vocab_images/assets_images/object_hsk1_0351_good-looking_centered_001.webp
object_hsk1_0352_pleasant_to_hear_centered_001.webp,,,,/Users/mansur/universal_study_bot org/images omnis/vocab_images/assets_images/object_hsk1_0352_pleasant_to_hear_centered_001.webp
object_hsk1_0354_behind_centered_001.webp,,,,/Users/mansur/universal_study_bot org/images omnis/vocab_images/assets_images/object_hsk1_0354_behind_centered_001.webp
object_hsk1_0355_back_side_centered_001.webp,,,,/Users/mansur/universal_study_bot org/images omnis/vocab_images/assets_images/object_hsk1_0355_back_side_centered_001.webp
object_hsk1_0356_the_day_after_tomorrow_centered_001.webp,,,,/Users/mansur/universal_study_bot org/images omnis/vocab_images/assets_images/object_hsk1_0356_the_day_after_tomorrow_centered_001.webp
object_hsk1_0357_speech_centered_001.webp,,,,/Users/mansur/universal_study_bot org/images omnis/vocab_images/assets_images/object_hsk1_0357_speech_centered_001.webp
object_hsk1_0358_return_to_centered_001.webp,,,,/Users/mansur/universal_study_bot org/images omnis/vocab_images/assets_images/object_hsk1_0358_return_to_centered_001.webp
object_hsk1_0359_go_home_centered_001.webp,,,,/Users/mansur/universal_study_bot org/images omnis/vocab_images/assets_images/object_hsk1_0359_go_home_centered_001.webp
object_hsk1_0360_come_back_centered_001.webp,,,,/Users/mansur/universal_study_bot org/images omnis/vocab_images/assets_images/object_hsk1_0360_come_back_centered_001.webp
object_hsk1_0361_go_back_centered_001.webp,,,,/Users/mansur/universal_study_bot org/images omnis/vocab_images/assets_images/object_hsk1_0361_go_back_centered_001.webp
object_hsk1_0364_to_remember_centered_001.webp,,,,/Users/mansur/universal_study_bot org/images omnis/vocab_images/assets_images/object_hsk1_0364_to_remember_centered_001.webp
object_hsk1_0365_to_remember_centered_001.webp,,,,/Users/mansur/universal_study_bot org/images omnis/vocab_images/assets_images/object_hsk1_0365_to_remember_centered_001.webp
object_hsk1_0366_at_home_centered_001.webp,,,,/Users/mansur/universal_study_bot org/images omnis/vocab_images/assets_images/object_hsk1_0366_at_home_centered_001.webp
object_hsk1_0368_between_centered_001.webp,,,,/Users/mansur/universal_study_bot org/images omnis/vocab_images/assets_images/object_hsk1_0368_between_centered_001.webp
object_hsk1_0369_to_see_centered_001.webp,,,,/Users/mansur/universal_study_bot org/images omnis/vocab_images/assets_images/object_hsk1_0369_to_see_centered_001.webp
object_hsk1_0371_this_year_centered_001.webp,,,,/Users/mansur/universal_study_bot org/images omnis/vocab_images/assets_images/object_hsk1_0371_this_year_centered_001.webp
object_hsk1_0372_come_in_centered_001.webp,,,,/Users/mansur/universal_study_bot org/images omnis/vocab_images/assets_images/object_hsk1_0372_come_in_centered_001.webp
object_hsk1_0373_to_go_in_centered_001.webp,,,,/Users/mansur/universal_study_bot org/images omnis/vocab_images/assets_images/object_hsk1_0373_to_go_in_centered_001.webp
object_hsk1_0374_to_drive_a_car_centered_001.webp,,,,/Users/mansur/universal_study_bot org/images omnis/vocab_images/assets_images/object_hsk1_0374_to_drive_a_car_centered_001.webp
object_hsk1_0376_see_a_doctor_centered_001.webp,,,,/Users/mansur/universal_study_bot org/images omnis/vocab_images/assets_images/object_hsk1_0376_see_a_doctor_centered_001.webp
object_hsk1_0377_to_see_centered_001.webp,,,,/Users/mansur/universal_study_bot org/images omnis/vocab_images/assets_images/object_hsk1_0377_to_see_centered_001.webp
object_hsk1_0378_exam_centered_001.webp,,,,/Users/mansur/universal_study_bot org/images omnis/vocab_images/assets_images/object_hsk1_0378_exam_centered_001.webp
object_hsk1_0380_text_of_a_lesson_centered_001.webp,,,,/Users/mansur/universal_study_bot org/images omnis/vocab_images/assets_images/object_hsk1_0380_text_of_a_lesson_centered_001.webp
object_hsk1_0381_to_arrive_centered_001.webp,,,,/Users/mansur/universal_study_bot org/images omnis/vocab_images/assets_images/object_hsk1_0381_to_arrive_centered_001.webp
object_hsk1_0384_six_centered_001.webp,,,,/Users/mansur/universal_study_bot org/images omnis/vocab_images/assets_images/object_hsk1_0384_six_centered_001.webp
object_hsk1_0385_upstairs_centered_001.webp,,,,/Users/mansur/universal_study_bot org/images omnis/vocab_images/assets_images/object_hsk1_0385_upstairs_centered_001.webp
object_hsk1_0386_downstairs_centered_001.webp,,,,/Users/mansur/universal_study_bot org/images omnis/vocab_images/assets_images/object_hsk1_0386_downstairs_centered_001.webp
object_hsk1_0387_intersection_centered_001.webp,,,,/Users/mansur/universal_study_bot org/images omnis/vocab_images/assets_images/object_hsk1_0387_intersection_centered_001.webp
object_hsk1_0388_on_the_road_centered_001.webp,,,,/Users/mansur/universal_study_bot org/images omnis/vocab_images/assets_images/object_hsk1_0388_on_the_road_centered_001.webp
object_hsk1_0390_its_nothing_centered_001.webp,,,,/Users/mansur/universal_study_bot org/images omnis/vocab_images/assets_images/object_hsk1_0390_its_nothing_centered_001.webp
object_hsk1_0391_no_problem_centered_001.webp,,,,/Users/mansur/universal_study_bot org/images omnis/vocab_images/assets_images/object_hsk1_0391_no_problem_centered_001.webp
object_hsk1_0394_plural_marker_for_pronouns_centered_001.webp,,,,/Users/mansur/universal_study_bot org/images omnis/vocab_images/assets_images/object_hsk1_0394_plural_marker_for_pronouns_centered_001.webp
object_hsk1_0396_next_year_centered_001.webp,,,,/Users/mansur/universal_study_bot org/images omnis/vocab_images/assets_images/object_hsk1_0396_next_year_centered_001.webp
object_hsk1_0397_where_centered_001.webp,,,,/Users/mansur/universal_study_bot org/images omnis/vocab_images/assets_images/object_hsk1_0397_where_centered_001.webp
object_hsk1_0398_where_centered_001.webp,,,,/Users/mansur/universal_study_bot org/images omnis/vocab_images/assets_images/object_hsk1_0398_where_centered_001.webp
object_hsk1_0399_which_ones_centered_001.webp,,,,/Users/mansur/universal_study_bot org/images omnis/vocab_images/assets_images/object_hsk1_0399_which_ones_centered_001.webp
object_hsk1_0403_those_centered_001.webp,,,,/Users/mansur/universal_study_bot org/images omnis/vocab_images/assets_images/object_hsk1_0403_those_centered_001.webp
object_hsk1_0406_boyfriend_centered_001.webp,,,,/Users/mansur/universal_study_bot org/images omnis/vocab_images/assets_images/object_hsk1_0406_boyfriend_centered_001.webp
object_hsk1_0409_south_side_centered_001.webp,,,,/Users/mansur/universal_study_bot org/images omnis/vocab_images/assets_images/object_hsk1_0409_south_side_centered_001.webp
object_hsk1_0410_you_plural_centered_001.webp,,,,/Users/mansur/universal_study_bot org/images omnis/vocab_images/assets_images/object_hsk1_0410_you_plural_centered_001.webp
object_hsk1_0412_girlfriend_centered_001.webp,,,,/Users/mansur/universal_study_bot org/images omnis/vocab_images/assets_images/object_hsk1_0412_girlfriend_centered_001.webp
object_hsk1_0415_to_run_centered_001.webp,,,,/Users/mansur/universal_study_bot org/images omnis/vocab_images/assets_images/object_hsk1_0415_to_run_centered_001.webp
object_hsk1_0416_to_rise_centered_001.webp,,,,/Users/mansur/universal_study_bot org/images omnis/vocab_images/assets_images/object_hsk1_0416_to_rise_centered_001.webp
object_hsk1_0418_in_front_centered_001.webp,,,,/Users/mansur/universal_study_bot org/images omnis/vocab_images/assets_images/object_hsk1_0418_in_front_centered_001.webp
object_hsk1_0419_the_day_before_yesterday_centered_001.webp,,,,/Users/mansur/universal_study_bot org/images omnis/vocab_images/assets_images/object_hsk1_0419_the_day_before_yesterday_centered_001.webp
object_hsk1_0421_please_come_in_centered_001.webp,,,,/Users/mansur/universal_study_bot org/images omnis/vocab_images/assets_images/object_hsk1_0421_please_come_in_centered_001.webp
object_hsk1_0422_may_i_ask_centered_001.webp,,,,/Users/mansur/universal_study_bot org/images omnis/vocab_images/assets_images/object_hsk1_0422_may_i_ask_centered_001.webp
object_hsk1_0423_please_sit_centered_001.webp,,,,/Users/mansur/universal_study_bot org/images omnis/vocab_images/assets_images/object_hsk1_0423_please_sit_centered_001.webp
object_hsk1_0427_shopping_mall_centered_001.webp,,,,/Users/mansur/universal_study_bot org/images omnis/vocab_images/assets_images/object_hsk1_0427_shopping_mall_centered_001.webp
object_hsk1_0428_above_centered_001.webp,,,,/Users/mansur/universal_study_bot org/images omnis/vocab_images/assets_images/object_hsk1_0428_above_centered_001.webp
object_hsk1_0430_last_time_centered_001.webp,,,,/Users/mansur/universal_study_bot org/images omnis/vocab_images/assets_images/object_hsk1_0430_last_time_centered_001.webp
object_hsk1_0431_attend_class_centered_001.webp,,,,/Users/mansur/universal_study_bot org/images omnis/vocab_images/assets_images/object_hsk1_0431_attend_class_centered_001.webp
object_hsk1_0432_going_to_school_centered_001.webp,,,,/Users/mansur/universal_study_bot org/images omnis/vocab_images/assets_images/object_hsk1_0432_going_to_school_centered_001.webp
object_hsk1_0433_on_the_body_centered_001.webp,,,,/Users/mansur/universal_study_bot org/images omnis/vocab_images/assets_images/object_hsk1_0433_on_the_body_centered_001.webp
object_hsk1_0434_matter_or_affair_centered_001.webp,,,,/Users/mansur/universal_study_bot org/images omnis/vocab_images/assets_images/object_hsk1_0434_matter_or_affair_centered_001.webp
object_hsk1_0435_is_it_or_not_centered_001.webp,,,,/Users/mansur/universal_study_bot org/images omnis/vocab_images/assets_images/object_hsk1_0435_is_it_or_not_centered_001.webp
object_hsk1_0437_school_bag_centered_001.webp,,,,/Users/mansur/universal_study_bot org/images omnis/vocab_images/assets_images/object_hsk1_0437_school_bag_centered_001.webp
object_hsk1_0438_bookstore_centered_001.webp,,,,/Users/mansur/universal_study_bot org/images omnis/vocab_images/assets_images/object_hsk1_0438_bookstore_centered_001.webp
object_hsk1_0439_to_sleep_centered_001.webp,,,,/Users/mansur/universal_study_bot org/images omnis/vocab_images/assets_images/object_hsk1_0439_to_sleep_centered_001.webp
object_hsk1_0440_to_speak_centered_001.webp,,,,/Users/mansur/universal_study_bot org/images omnis/vocab_images/assets_images/object_hsk1_0440_to_speak_centered_001.webp
object_hsk1_0441_they_centered_001.webp,,,,/Users/mansur/universal_study_bot org/images omnis/vocab_images/assets_images/object_hsk1_0441_they_centered_001.webp
object_hsk1_0442_they_female_centered_001.webp,,,,/Users/mansur/universal_study_bot org/images omnis/vocab_images/assets_images/object_hsk1_0442_they_female_centered_001.webp
object_hsk1_0444_to_hear_centered_001.webp,,,,/Users/mansur/universal_study_bot org/images omnis/vocab_images/assets_images/object_hsk1_0444_to_hear_centered_001.webp
object_hsk1_0445_to_hear_centered_001.webp,,,,/Users/mansur/universal_study_bot org/images omnis/vocab_images/assets_images/object_hsk1_0445_to_hear_centered_001.webp
object_hsk1_0446_dictation_centered_001.webp,,,,/Users/mansur/universal_study_bot org/images omnis/vocab_images/assets_images/object_hsk1_0446_dictation_centered_001.webp
object_hsk1_0447_outside_centered_001.webp,,,,/Users/mansur/universal_study_bot org/images omnis/vocab_images/assets_images/object_hsk1_0447_outside_centered_001.webp
object_hsk1_0448_foreign_country_centered_001.webp,,,,/Users/mansur/universal_study_bot org/images omnis/vocab_images/assets_images/object_hsk1_0448_foreign_country_centered_001.webp
object_hsk1_0450_to_play_centered_001.webp,,,,/Users/mansur/universal_study_bot org/images omnis/vocab_images/assets_images/object_hsk1_0450_to_play_centered_001.webp
object_hsk1_0453_online_centered_001.webp,,,,/Users/mansur/universal_study_bot org/images omnis/vocab_images/assets_images/object_hsk1_0453_online_centered_001.webp
object_hsk1_0454_online_friend_centered_001.webp,,,,/Users/mansur/universal_study_bot org/images omnis/vocab_images/assets_images/object_hsk1_0454_online_friend_centered_001.webp
object_hsk1_0455_to_forget_centered_001.webp,,,,/Users/mansur/universal_study_bot org/images omnis/vocab_images/assets_images/object_hsk1_0455_to_forget_centered_001.webp
object_hsk1_0457_west_side_centered_001.webp,,,,/Users/mansur/universal_study_bot org/images omnis/vocab_images/assets_images/object_hsk1_0457_west_side_centered_001.webp
object_hsk1_0458_off_work_centered_001.webp,,,,/Users/mansur/universal_study_bot org/images omnis/vocab_images/assets_images/object_hsk1_0458_off_work_centered_001.webp
object_hsk1_0459_below_centered_001.webp,,,,/Users/mansur/universal_study_bot org/images omnis/vocab_images/assets_images/object_hsk1_0459_below_centered_001.webp
object_hsk1_0460_get_off_the_vehicle_centered_001.webp,,,,/Users/mansur/universal_study_bot org/images omnis/vocab_images/assets_images/object_hsk1_0460_get_off_the_vehicle_centered_001.webp
object_hsk1_0461_next_time_centered_001.webp,,,,/Users/mansur/universal_study_bot org/images omnis/vocab_images/assets_images/object_hsk1_0461_next_time_centered_001.webp
object_hsk1_0462_class_dismissed_centered_001.webp,,,,/Users/mansur/universal_study_bot org/images omnis/vocab_images/assets_images/object_hsk1_0462_class_dismissed_centered_001.webp
object_hsk1_0464_little_friend_centered_001.webp,,,,/Users/mansur/universal_study_bot org/images omnis/vocab_images/assets_images/object_hsk1_0464_little_friend_centered_001.webp
object_hsk1_0465_primary_school_centered_001.webp,,,,/Users/mansur/universal_study_bot org/images omnis/vocab_images/assets_images/object_hsk1_0465_primary_school_centered_001.webp
object_hsk1_0466_elementary_school_student_centered_001.webp,,,,/Users/mansur/universal_study_bot org/images omnis/vocab_images/assets_images/object_hsk1_0466_elementary_school_student_centered_001.webp
object_hsk1_0468_sunday_centered_001.webp,,,,/Users/mansur/universal_study_bot org/images omnis/vocab_images/assets_images/object_hsk1_0468_sunday_centered_001.webp
object_hsk1_0469_sunday_centered_001.webp,,,,/Users/mansur/universal_study_bot org/images omnis/vocab_images/assets_images/object_hsk1_0469_sunday_centered_001.webp
object_hsk1_0470_to_study_or_learn_centered_001.webp,,,,/Users/mansur/universal_study_bot org/images omnis/vocab_images/assets_images/object_hsk1_0470_to_study_or_learn_centered_001.webp
object_hsk1_0472_half_centered_001.webp,,,,/Users/mansur/universal_study_bot org/images omnis/vocab_images/assets_images/object_hsk1_0472_half_centered_001.webp
object_hsk1_0473_together_centered_001.webp,,,,/Users/mansur/universal_study_bot org/images omnis/vocab_images/assets_images/object_hsk1_0473_together_centered_001.webp
object_hsk1_0474_a_moment_centered_001.webp,,,,/Users/mansur/universal_study_bot org/images omnis/vocab_images/assets_images/object_hsk1_0474_a_moment_centered_001.webp
object_hsk1_0475_a_little_bit_centered_001.webp,,,,/Users/mansur/universal_study_bot org/images omnis/vocab_images/assets_images/object_hsk1_0475_a_little_bit_centered_001.webp
object_hsk1_0476_some_centered_001.webp,,,,/Users/mansur/universal_study_bot org/images omnis/vocab_images/assets_images/object_hsk1_0476_some_centered_001.webp
object_hsk1_0477_some_centered_001.webp,,,,/Users/mansur/universal_study_bot org/images omnis/vocab_images/assets_images/object_hsk1_0477_some_centered_001.webp
object_hsk1_0478_sometimes_centered_001.webp,,,,/Users/mansur/universal_study_bot org/images omnis/vocab_images/assets_images/object_hsk1_0478_sometimes_centered_001.webp
object_hsk1_0479_some_centered_001.webp,,,,/Users/mansur/universal_study_bot org/images omnis/vocab_images/assets_images/object_hsk1_0479_some_centered_001.webp
object_hsk1_0480_useful_centered_001.webp,,,,/Users/mansur/universal_study_bot org/images omnis/vocab_images/assets_images/object_hsk1_0480_useful_centered_001.webp
object_hsk1_0481_right_centered_001.webp,,,,/Users/mansur/universal_study_bot org/images omnis/vocab_images/assets_images/object_hsk1_0481_right_centered_001.webp
object_hsk1_0483_at_home_centered_001.webp,,,,/Users/mansur/universal_study_bot org/images omnis/vocab_images/assets_images/object_hsk1_0483_at_home_centered_001.webp
object_hsk1_0484_early_centered_001.webp,,,,/Users/mansur/universal_study_bot org/images omnis/vocab_images/assets_images/object_hsk1_0484_early_centered_001.webp
object_hsk1_0486_to_find_centered_001.webp,,,,/Users/mansur/universal_study_bot org/images omnis/vocab_images/assets_images/object_hsk1_0486_to_find_centered_001.webp
object_hsk1_0487_this_side_centered_001.webp,,,,/Users/mansur/universal_study_bot org/images omnis/vocab_images/assets_images/object_hsk1_0487_this_side_centered_001.webp
object_hsk1_0488_here_centered_001.webp,,,,/Users/mansur/universal_study_bot org/images omnis/vocab_images/assets_images/object_hsk1_0488_here_centered_001.webp
object_hsk1_0489_here_centered_001.webp,,,,/Users/mansur/universal_study_bot org/images omnis/vocab_images/assets_images/object_hsk1_0489_here_centered_001.webp
object_hsk1_0490_these_centered_001.webp,,,,/Users/mansur/universal_study_bot org/images omnis/vocab_images/assets_images/object_hsk1_0490_these_centered_001.webp
object_hsk1_0491_really_centered_001.webp,,,,/Users/mansur/universal_study_bot org/images omnis/vocab_images/assets_images/object_hsk1_0491_really_centered_001.webp
object_hsk1_0493_middle_school_centered_001.webp,,,,/Users/mansur/universal_study_bot org/images omnis/vocab_images/assets_images/object_hsk1_0493_middle_school_centered_001.webp
object_hsk1_0494_middle_school_student_centered_001.webp,,,,/Users/mansur/universal_study_bot org/images omnis/vocab_images/assets_images/object_hsk1_0494_middle_school_student_centered_001.webp
object_hsk1_0496_walking_centered_001.webp,,,,/Users/mansur/universal_study_bot org/images omnis/vocab_images/assets_images/object_hsk1_0496_walking_centered_001.webp
object_hsk1_0497_left_centered_001.webp,,,,/Users/mansur/universal_study_bot org/images omnis/vocab_images/assets_images/object_hsk1_0497_left_centered_001.webp
object_hsk1_0498_sit_down_centered_001.webp,,,,/Users/mansur/universal_study_bot org/images omnis/vocab_images/assets_images/object_hsk1_0498_sit_down_centered_001.webp
object_hsk1_0500_road_centered_001.webp,,,,/Users/mansur/universal_study_bot org/images omnis/vocab_images/assets_images/object_hsk1_0500_road_centered_001.webp
object_hsk2_0001_taxi_centered_001.webp,,,,/Users/mansur/universal_study_bot org/images omnis/vocab_images/assets_images/object_hsk2_0001_taxi_centered_001.webp
object_hsk2_0002_minute_centered_001.webp,,,,/Users/mansur/universal_study_bot org/images omnis/vocab_images/assets_images/object_hsk2_0002_minute_centered_001.webp
object_hsk2_0003_dog_centered_001.webp,,,,/Users/mansur/universal_study_bot org/images omnis/vocab_images/assets_images/object_hsk2_0003_dog_centered_001.webp
object_hsk2_0004_cat_centered_001.webp,,,,/Users/mansur/universal_study_bot org/images omnis/vocab_images/assets_images/object_hsk2_0004_cat_centered_001.webp
object_hsk2_0005_beautiful_centered_001.webp,,,,/Users/mansur/universal_study_bot org/images omnis/vocab_images/assets_images/object_hsk2_0005_beautiful_centered_001.webp
object_hsk2_0006_hello_when_answering_a_phone_call_centered_001.webp,,,,/Users/mansur/universal_study_bot org/images omnis/vocab_images/assets_images/object_hsk2_0006_hello_when_answering_a_phone_call_centered_001.webp
object_hsk2_0007_chair_centered_001.webp,,,,/Users/mansur/universal_study_bot org/images omnis/vocab_images/assets_images/object_hsk2_0007_chair_centered_001.webp
object_hsk2_0008_how_is_it_centered_001.webp,,,,/Users/mansur/universal_study_bot org/images omnis/vocab_images/assets_images/object_hsk2_0008_how_is_it_centered_001.webp
object_hsk2_0009_help_centered_001.webp,,,,/Users/mansur/universal_study_bot org/images omnis/vocab_images/assets_images/object_hsk2_0009_help_centered_001.webp
object_hsk2_0010_newspaper_centered_001.webp,,,,/Users/mansur/universal_study_bot org/images omnis/vocab_images/assets_images/object_hsk2_0010_newspaper_centered_001.webp
object_hsk2_0011_long_centered_001.webp,,,,/Users/mansur/universal_study_bot org/images omnis/vocab_images/assets_images/object_hsk2_0011_long_centered_001.webp
object_hsk2_0012_everyone_centered_001.webp,,,,/Users/mansur/universal_study_bot org/images omnis/vocab_images/assets_images/object_hsk2_0012_everyone_centered_001.webp
object_hsk2_0013_to_obtain_centered_001.webp,,,,/Users/mansur/universal_study_bot org/images omnis/vocab_images/assets_images/object_hsk2_0013_to_obtain_centered_001.webp
object_hsk2_0014_to_understand_centered_001.webp,,,,/Users/mansur/universal_study_bot org/images omnis/vocab_images/assets_images/object_hsk2_0014_to_understand_centered_001.webp
object_hsk2_0015_bus_centered_001.webp,,,,/Users/mansur/universal_study_bot org/images omnis/vocab_images/assets_images/object_hsk2_0015_bus_centered_001.webp
object_hsk2_0016_company_centered_001.webp,,,,/Users/mansur/universal_study_bot org/images omnis/vocab_images/assets_images/object_hsk2_0016_company_centered_001.webp
object_hsk2_0017_black_centered_001.webp,,,,/Users/mansur/universal_study_bot org/images omnis/vocab_images/assets_images/object_hsk2_0017_black_centered_001.webp
object_hsk2_0019_item_centered_001.webp,,,,/Users/mansur/universal_study_bot org/images omnis/vocab_images/assets_images/object_hsk2_0019_item_centered_001.webp
object_hsk2_0020_classroom_centered_001.webp,,,,/Users/mansur/universal_study_bot org/images omnis/vocab_images/assets_images/object_hsk2_0020_classroom_centered_001.webp
object_hsk2_0021_near_centered_001.webp,,,,/Users/mansur/universal_study_bot org/images omnis/vocab_images/assets_images/object_hsk2_0021_near_centered_001.webp
object_hsk2_0022_possible_centered_001.webp,,,,/Users/mansur/universal_study_bot org/images omnis/vocab_images/assets_images/object_hsk2_0022_possible_centered_001.webp
object_hsk2_0023_can_centered_001.webp,,,,/Users/mansur/universal_study_bot org/images omnis/vocab_images/assets_images/object_hsk2_0023_can_centered_001.webp
object_hsk2_0024_happiness_centered_001.webp,,,,/Users/mansur/universal_study_bot org/images omnis/vocab_images/assets_images/object_hsk2_0024_happiness_centered_001.webp
object_hsk2_0025_to_leave_centered_001.webp,,,,/Users/mansur/universal_study_bot org/images omnis/vocab_images/assets_images/object_hsk2_0025_to_leave_centered_001.webp
object_hsk2_0026_travel_centered_001.webp,,,,/Users/mansur/universal_study_bot org/images omnis/vocab_images/assets_images/object_hsk2_0026_travel_centered_001.webp
object_hsk2_0027_to_sell_centered_001.webp,,,,/Users/mansur/universal_study_bot org/images omnis/vocab_images/assets_images/object_hsk2_0027_to_sell_centered_001.webp
object_hsk2_0028_cheap_centered_001.webp,,,,/Users/mansur/universal_study_bot org/images omnis/vocab_images/assets_images/object_hsk2_0028_cheap_centered_001.webp
object_hsk2_0029_thousand_centered_001.webp,,,,/Users/mansur/universal_study_bot org/images omnis/vocab_images/assets_images/object_hsk2_0029_thousand_centered_001.webp
object_hsk2_0030_clear_weather_centered_001.webp,,,,/Users/mansur/universal_study_bot org/images omnis/vocab_images/assets_images/object_hsk2_0030_clear_weather_centered_001.webp
object_hsk2_0031_to_let_centered_001.webp,,,,/Users/mansur/universal_study_bot org/images omnis/vocab_images/assets_images/object_hsk2_0031_to_let_centered_001.webp
object_hsk2_0032_matter_or_affair_centered_001.webp,,,,/Users/mansur/universal_study_bot org/images omnis/vocab_images/assets_images/object_hsk2_0032_matter_or_affair_centered_001.webp
object_hsk2_0033_watch_centered_001.webp,,,,/Users/mansur/universal_study_bot org/images omnis/vocab_images/assets_images/object_hsk2_0033_watch_centered_001.webp
object_hsk2_0034_although_centered_001.webp,,,,/Users/mansur/universal_study_bot org/images omnis/vocab_images/assets_images/object_hsk2_0034_although_centered_001.webp
object_hsk2_0035_but_centered_001.webp,,,,/Users/mansur/universal_study_bot org/images omnis/vocab_images/assets_images/object_hsk2_0035_but_centered_001.webp
object_hsk2_0036_it_centered_001.webp,,,,/Users/mansur/universal_study_bot org/images omnis/vocab_images/assets_images/object_hsk2_0036_it_centered_001.webp
object_hsk2_0037_topic_or_subject_of_a_question_centered_001.webp,,,,/Users/mansur/universal_study_bot org/images omnis/vocab_images/assets_images/object_hsk2_0037_topic_or_subject_of_a_question_centered_001.webp
object_hsk2_0038_complete_centered_001.webp,,,,/Users/mansur/universal_study_bot org/images omnis/vocab_images/assets_images/object_hsk2_0038_complete_centered_001.webp
object_hsk2_0039_toward_centered_001.webp,,,,/Users/mansur/universal_study_bot org/images omnis/vocab_images/assets_images/object_hsk2_0039_toward_centered_001.webp
object_hsk2_0040_why_centered_001.webp,,,,/Users/mansur/universal_study_bot org/images omnis/vocab_images/assets_images/object_hsk2_0040_why_centered_001.webp
object_hsk2_0041_question_centered_001.webp,,,,/Users/mansur/universal_study_bot org/images omnis/vocab_images/assets_images/object_hsk2_0041_question_centered_001.webp
object_hsk2_0042_surname_centered_001.webp,,,,/Users/mansur/universal_study_bot org/images omnis/vocab_images/assets_images/object_hsk2_0042_surname_centered_001.webp
object_hsk2_0043_snow_centered_001.webp,,,,/Users/mansur/universal_study_bot org/images omnis/vocab_images/assets_images/object_hsk2_0043_snow_centered_001.webp
object_hsk2_0044_color_centered_001.webp,,,,/Users/mansur/universal_study_bot org/images omnis/vocab_images/assets_images/object_hsk2_0044_color_centered_001.webp
object_hsk2_0045_eye_centered_001.webp,,,,/Users/mansur/universal_study_bot org/images omnis/vocab_images/assets_images/object_hsk2_0045_eye_centered_001.webp
object_hsk2_0046_medicine_centered_001.webp,,,,/Users/mansur/universal_study_bot org/images omnis/vocab_images/assets_images/object_hsk2_0046_medicine_centered_001.webp
object_hsk2_0047_already_centered_001.webp,,,,/Users/mansur/universal_study_bot org/images omnis/vocab_images/assets_images/object_hsk2_0047_already_centered_001.webp
object_hsk2_0048_meaning_centered_001.webp,,,,/Users/mansur/universal_study_bot org/images omnis/vocab_images/assets_images/object_hsk2_0048_meaning_centered_001.webp
object_hsk2_0049_because_centered_001.webp,,,,/Users/mansur/universal_study_bot org/images omnis/vocab_images/assets_images/object_hsk2_0049_because_centered_001.webp
object_hsk2_0050_therefore_centered_001.webp,,,,/Users/mansur/universal_study_bot org/images omnis/vocab_images/assets_images/object_hsk2_0050_therefore_centered_001.webp
object_hsk2_0051_shadow_or_shade_centered_001.webp,,,,/Users/mansur/universal_study_bot org/images omnis/vocab_images/assets_images/object_hsk2_0051_shadow_or_shade_centered_001.webp
object_hsk2_0052_fish_centered_001.webp,,,,/Users/mansur/universal_study_bot org/images omnis/vocab_images/assets_images/object_hsk2_0052_fish_centered_001.webp
object_hsk2_0053_exercise_or_sports_centered_001.webp,,,,/Users/mansur/universal_study_bot org/images omnis/vocab_images/assets_images/object_hsk2_0053_exercise_or_sports_centered_001.webp
object_hsk2_0054_ah_centered_001.webp,,,,/Users/mansur/universal_study_bot org/images omnis/vocab_images/assets_images/object_hsk2_0054_ah_centered_001.webp
object_hsk2_0055_quiet_centered_001.webp,,,,/Users/mansur/universal_study_bot org/images omnis/vocab_images/assets_images/object_hsk2_0055_quiet_centered_001.webp
object_hsk2_0056_method_centered_001.webp,,,,/Users/mansur/universal_study_bot org/images omnis/vocab_images/assets_images/object_hsk2_0056_method_centered_001.webp
object_hsk2_0057_office_centered_001.webp,,,,/Users/mansur/universal_study_bot org/images omnis/vocab_images/assets_images/object_hsk2_0057_office_centered_001.webp
object_hsk2_0058_full_satisfied_centered_001.webp,,,,/Users/mansur/universal_study_bot org/images omnis/vocab_images/assets_images/object_hsk2_0058_full_satisfied_centered_001.webp
object_hsk2_0059_north_centered_001.webp,,,,/Users/mansur/universal_study_bot org/images omnis/vocab_images/assets_images/object_hsk2_0059_north_centered_001.webp
object_hsk2_0060_notebook_centered_001.webp,,,,/Users/mansur/universal_study_bot org/images omnis/vocab_images/assets_images/object_hsk2_0060_notebook_centered_001.webp
object_hsk2_0061_must_centered_001.webp,,,,/Users/mansur/universal_study_bot org/images omnis/vocab_images/assets_images/object_hsk2_0061_must_centered_001.webp
object_hsk2_0062_not_only_centered_001.webp,,,,/Users/mansur/universal_study_bot org/images omnis/vocab_images/assets_images/object_hsk2_0062_not_only_centered_001.webp
object_hsk2_0063_and_also_centered_001.webp,,,,/Users/mansur/universal_study_bot org/images omnis/vocab_images/assets_images/object_hsk2_0063_and_also_centered_001.webp
object_hsk2_0064_menu_centered_001.webp,,,,/Users/mansur/universal_study_bot org/images omnis/vocab_images/assets_images/object_hsk2_0064_menu_centered_001.webp
object_hsk2_0065_to_participate_centered_001.webp,,,,/Users/mansur/universal_study_bot org/images omnis/vocab_images/assets_images/object_hsk2_0065_to_participate_centered_001.webp
object_hsk2_0066_grass_centered_001.webp,,,,/Users/mansur/universal_study_bot org/images omnis/vocab_images/assets_images/object_hsk2_0066_grass_centered_001.webp
object_hsk2_0067_layer_centered_001.webp,,,,/Users/mansur/universal_study_bot org/images omnis/vocab_images/assets_images/object_hsk2_0067_layer_centered_001.webp
object_hsk2_0068_supermarket_centered_001.webp,,,,/Users/mansur/universal_study_bot org/images omnis/vocab_images/assets_images/object_hsk2_0068_supermarket_centered_001.webp
object_hsk2_0069_academic_performance_centered_001.webp,,,,/Users/mansur/universal_study_bot org/images omnis/vocab_images/assets_images/object_hsk2_0069_academic_performance_centered_001.webp
object_hsk2_0070_boat_centered_001.webp,,,,/Users/mansur/universal_study_bot org/images omnis/vocab_images/assets_images/object_hsk2_0070_boat_centered_001.webp
object_hsk2_0071_dictionary_centered_001.webp,,,,/Users/mansur/universal_study_bot org/images omnis/vocab_images/assets_images/object_hsk2_0071_dictionary_centered_001.webp
object_hsk2_0072_to_plan_centered_001.webp,,,,/Users/mansur/universal_study_bot org/images omnis/vocab_images/assets_images/object_hsk2_0072_to_plan_centered_001.webp
object_hsk2_0073_to_bring_or_carry_centered_001.webp,,,,/Users/mansur/universal_study_bot org/images omnis/vocab_images/assets_images/object_hsk2_0073_to_bring_or_carry_centered_001.webp
object_hsk2_0074_lamp_centered_001.webp,,,,/Users/mansur/universal_study_bot org/images omnis/vocab_images/assets_images/object_hsk2_0074_lamp_centered_001.webp
object_hsk2_0075_subway_centered_001.webp,,,,/Users/mansur/universal_study_bot org/images omnis/vocab_images/assets_images/object_hsk2_0075_subway_centered_001.webp
object_hsk2_0076_animal_centered_001.webp,,,,/Users/mansur/universal_study_bot org/images omnis/vocab_images/assets_images/object_hsk2_0076_animal_centered_001.webp
object_hsk2_0077_short_centered_001.webp,,,,/Users/mansur/universal_study_bot org/images omnis/vocab_images/assets_images/object_hsk2_0077_short_centered_001.webp
object_hsk2_0078_section_centered_001.webp,,,,/Users/mansur/universal_study_bot org/images omnis/vocab_images/assets_images/object_hsk2_0078_section_centered_001.webp
object_hsk2_0079_how_centered_001.webp,,,,/Users/mansur/universal_study_bot org/images omnis/vocab_images/assets_images/object_hsk2_0079_how_centered_001.webp
object_hsk2_0080_to_send_out_centered_001.webp,,,,/Users/mansur/universal_study_bot org/images omnis/vocab_images/assets_images/object_hsk2_0080_to_send_out_centered_001.webp
object_hsk2_0081_to_discover_centered_001.webp,,,,/Users/mansur/universal_study_bot org/images omnis/vocab_images/assets_images/object_hsk2_0081_to_discover_centered_001.webp
object_hsk2_0082_convenient_centered_001.webp,,,,/Users/mansur/universal_study_bot org/images omnis/vocab_images/assets_images/object_hsk2_0082_convenient_centered_001.webp
object_hsk2_0083_to_be_at_ease_centered_001.webp,,,,/Users/mansur/universal_study_bot org/images omnis/vocab_images/assets_images/object_hsk2_0083_to_be_at_ease_centered_001.webp
object_hsk2_0084_review_centered_001.webp,,,,/Users/mansur/universal_study_bot org/images omnis/vocab_images/assets_images/object_hsk2_0084_review_centered_001.webp
object_hsk2_0085_just_now_centered_001.webp,,,,/Users/mansur/universal_study_bot org/images omnis/vocab_images/assets_images/object_hsk2_0085_just_now_centered_001.webp
object_hsk2_0086_height_centered_001.webp,,,,/Users/mansur/universal_study_bot org/images omnis/vocab_images/assets_images/object_hsk2_0086_height_centered_001.webp
object_hsk2_0087_more_centered_001.webp,,,,/Users/mansur/universal_study_bot org/images omnis/vocab_images/assets_images/object_hsk2_0087_more_centered_001.webp
object_hsk2_0088_kilogram_centered_001.webp,,,,/Users/mansur/universal_study_bot org/images omnis/vocab_images/assets_images/object_hsk2_0088_kilogram_centered_001.webp
object_hsk2_0090_story_centered_001.webp,,,,/Users/mansur/universal_study_bot org/images omnis/vocab_images/assets_images/object_hsk2_0090_story_centered_001.webp
object_hsk2_0091_to_care_about_centered_001.webp,,,,/Users/mansur/universal_study_bot org/images omnis/vocab_images/assets_images/object_hsk2_0091_to_care_about_centered_001.webp
object_hsk2_0092_to_pass_centered_001.webp,,,,/Users/mansur/universal_study_bot org/images omnis/vocab_images/assets_images/object_hsk2_0092_to_pass_centered_001.webp
object_hsk2_0093_the_past_centered_001.webp,,,,/Users/mansur/universal_study_bot org/images omnis/vocab_images/assets_images/object_hsk2_0093_the_past_centered_001.webp
object_hsk2_0094_blackboard_centered_001.webp,,,,/Users/mansur/universal_study_bot org/images omnis/vocab_images/assets_images/object_hsk2_0094_blackboard_centered_001.webp
object_hsk2_0095_later_centered_001.webp,,,,/Users/mansur/universal_study_bot org/images omnis/vocab_images/assets_images/object_hsk2_0095_later_centered_001.webp
object_hsk2_0096_passport_centered_001.webp,,,,/Users/mansur/universal_study_bot org/images omnis/vocab_images/assets_images/object_hsk2_0096_passport_centered_001.webp
object_hsk2_0097_to_draw_or_paint_centered_001.webp,,,,/Users/mansur/universal_study_bot org/images omnis/vocab_images/assets_images/object_hsk2_0097_to_draw_or_paint_centered_001.webp
object_hsk2_0098_welcome_centered_001.webp,,,,/Users/mansur/universal_study_bot org/images omnis/vocab_images/assets_images/object_hsk2_0098_welcome_centered_001.webp
object_hsk2_0099_to_change_centered_001.webp,,,,/Users/mansur/universal_study_bot org/images omnis/vocab_images/assets_images/object_hsk2_0099_to_change_centered_001.webp
object_hsk2_0100_or_centered_001.webp,,,,/Users/mansur/universal_study_bot org/images omnis/vocab_images/assets_images/object_hsk2_0100_or_centered_001.webp
object_hsk2_0101_opportunity_centered_001.webp,,,,/Users/mansur/universal_study_bot org/images omnis/vocab_images/assets_images/object_hsk2_0101_opportunity_centered_001.webp
object_hsk2_0102_check_centered_001.webp,,,,/Users/mansur/universal_study_bot org/images omnis/vocab_images/assets_images/object_hsk2_0102_check_centered_001.webp
object_hsk2_0103_health_centered_001.webp,,,,/Users/mansur/universal_study_bot org/images omnis/vocab_images/assets_images/object_hsk2_0103_health_centered_001.webp
object_hsk2_0104_to_speak_or_talk_centered_001.webp,,,,/Users/mansur/universal_study_bot org/images omnis/vocab_images/assets_images/object_hsk2_0104_to_speak_or_talk_centered_001.webp
object_hsk2_0105_angle_centered_001.webp,,,,/Users/mansur/universal_study_bot org/images omnis/vocab_images/assets_images/object_hsk2_0105_angle_centered_001.webp
object_hsk2_0106_foot_centered_001.webp,,,,/Users/mansur/universal_study_bot org/images omnis/vocab_images/assets_images/object_hsk2_0106_foot_centered_001.webp
object_hsk2_0107_to_connect_or_receive_centered_001.webp,,,,/Users/mansur/universal_study_bot org/images omnis/vocab_images/assets_images/object_hsk2_0107_to_connect_or_receive_centered_001.webp
object_hsk2_0108_program_centered_001.webp,,,,/Users/mansur/universal_study_bot org/images omnis/vocab_images/assets_images/object_hsk2_0108_program_centered_001.webp
object_hsk2_0109_festival_centered_001.webp,,,,/Users/mansur/universal_study_bot org/images omnis/vocab_images/assets_images/object_hsk2_0109_festival_centered_001.webp
object_hsk2_0110_to_borrow_centered_001.webp,,,,/Users/mansur/universal_study_bot org/images omnis/vocab_images/assets_images/object_hsk2_0110_to_borrow_centered_001.webp
object_hsk2_0111_often_centered_001.webp,,,,/Users/mansur/universal_study_bot org/images omnis/vocab_images/assets_images/object_hsk2_0111_often_centered_001.webp
object_hsk2_0112_to_pass_through_centered_001.webp,,,,/Users/mansur/universal_study_bot org/images omnis/vocab_images/assets_images/object_hsk2_0112_to_pass_through_centered_001.webp
object_hsk2_0113_manager_centered_001.webp,,,,/Users/mansur/universal_study_bot org/images omnis/vocab_images/assets_images/object_hsk2_0113_manager_centered_001.webp
object_hsk2_0114_sentence_centered_001.webp,,,,/Users/mansur/universal_study_bot org/images omnis/vocab_images/assets_images/object_hsk2_0114_sentence_centered_001.webp
object_hsk2_0115_cute_centered_001.webp,,,,/Users/mansur/universal_study_bot org/images omnis/vocab_images/assets_images/object_hsk2_0115_cute_centered_001.webp
object_hsk2_0116_to_carve_or_engrave_centered_001.webp,,,,/Users/mansur/universal_study_bot org/images omnis/vocab_images/assets_images/object_hsk2_0116_to_carve_or_engrave_centered_001.webp
object_hsk2_0117_guest_centered_001.webp,,,,/Users/mansur/universal_study_bot org/images omnis/vocab_images/assets_images/object_hsk2_0117_guest_centered_001.webp
object_hsk2_0118_to_cry_centered_001.webp,,,,/Users/mansur/universal_study_bot org/images omnis/vocab_images/assets_images/object_hsk2_0118_to_cry_centered_001.webp
object_hsk2_0119_chopsticks_centered_001.webp,,,,/Users/mansur/universal_study_bot org/images omnis/vocab_images/assets_images/object_hsk2_0119_chopsticks_centered_001.webp
object_hsk2_0120_blue_centered_001.webp,,,,/Users/mansur/universal_study_bot org/images omnis/vocab_images/assets_images/object_hsk2_0120_blue_centered_001.webp
object_hsk2_0121_to_leave_centered_001.webp,,,,/Users/mansur/universal_study_bot org/images omnis/vocab_images/assets_images/object_hsk2_0121_to_leave_centered_001.webp
object_hsk2_0122_gift_centered_001.webp,,,,/Users/mansur/universal_study_bot org/images omnis/vocab_images/assets_images/object_hsk2_0122_gift_centered_001.webp
object_hsk2_0123_face_centered_001.webp,,,,/Users/mansur/universal_study_bot org/images omnis/vocab_images/assets_images/object_hsk2_0123_face_centered_001.webp
object_hsk2_0124_practice_centered_001.webp,,,,/Users/mansur/universal_study_bot org/images omnis/vocab_images/assets_images/object_hsk2_0124_practice_centered_001.webp
object_hsk2_0125_measure_word_for_vehicles_centered_001.webp,,,,/Users/mansur/universal_study_bot org/images omnis/vocab_images/assets_images/object_hsk2_0125_measure_word_for_vehicles_centered_001.webp
object_hsk2_0127_satisfied_centered_001.webp,,,,/Users/mansur/universal_study_bot org/images omnis/vocab_images/assets_images/object_hsk2_0127_satisfied_centered_001.webp
object_hsk2_0128_rice_centered_001.webp,,,,/Users/mansur/universal_study_bot org/images omnis/vocab_images/assets_images/object_hsk2_0128_rice_centered_001.webp
object_hsk2_0129_feeling_sad_centered_001.webp,,,,/Users/mansur/universal_study_bot org/images omnis/vocab_images/assets_images/object_hsk2_0129_feeling_sad_centered_001.webp
object_hsk2_0130_grade_level_centered_001.webp,,,,/Users/mansur/universal_study_bot org/images omnis/vocab_images/assets_images/object_hsk2_0130_grade_level_centered_001.webp
object_hsk2_0131_young_centered_001.webp,,,,/Users/mansur/universal_study_bot org/images omnis/vocab_images/assets_images/object_hsk2_0131_young_centered_001.webp
object_hsk2_0132_bird_centered_001.webp,,,,/Users/mansur/universal_study_bot org/images omnis/vocab_images/assets_images/object_hsk2_0132_bird_centered_001.webp
object_hsk2_0133_effort_centered_001.webp,,,,/Users/mansur/universal_study_bot org/images omnis/vocab_images/assets_images/object_hsk2_0133_effort_centered_001.webp
object_hsk2_0134_mountain_climbing_centered_001.webp,,,,/Users/mansur/universal_study_bot org/images omnis/vocab_images/assets_images/object_hsk2_0134_mountain_climbing_centered_001.webp
object_hsk2_0135_bottle_centered_001.webp,,,,/Users/mansur/universal_study_bot org/images omnis/vocab_images/assets_images/object_hsk2_0135_bottle_centered_001.webp
object_hsk2_0136_others_centered_001.webp,,,,/Users/mansur/universal_study_bot org/images omnis/vocab_images/assets_images/object_hsk2_0136_others_centered_001.webp
object_hsk2_0137_to_ride_centered_001.webp,,,,/Users/mansur/universal_study_bot org/images omnis/vocab_images/assets_images/object_hsk2_0137_to_ride_centered_001.webp
object_hsk2_0138_take_off_centered_001.webp,,,,/Users/mansur/universal_study_bot org/images omnis/vocab_images/assets_images/object_hsk2_0138_take_off_centered_001.webp
object_hsk2_0139_clear_centered_001.webp,,,,/Users/mansur/universal_study_bot org/images omnis/vocab_images/assets_images/object_hsk2_0139_clear_centered_001.webp
object_hsk2_0140_then_centered_001.webp,,,,/Users/mansur/universal_study_bot org/images omnis/vocab_images/assets_images/object_hsk2_0140_then_centered_001.webp
object_hsk2_0141_enthusiasm_centered_001.webp,,,,/Users/mansur/universal_study_bot org/images omnis/vocab_images/assets_images/object_hsk2_0141_enthusiasm_centered_001.webp
object_hsk2_0142_to_think_centered_001.webp,,,,/Users/mansur/universal_study_bot org/images omnis/vocab_images/assets_images/object_hsk2_0142_to_think_centered_001.webp
object_hsk2_0143_if_centered_001.webp,,,,/Users/mansur/universal_study_bot org/images omnis/vocab_images/assets_images/object_hsk2_0143_if_centered_001.webp
object_hsk2_0144_sound_centered_001.webp,,,,/Users/mansur/universal_study_bot org/images omnis/vocab_images/assets_images/object_hsk2_0144_sound_centered_001.webp
object_hsk2_0145_comfortable_centered_001.webp,,,,/Users/mansur/universal_study_bot org/images omnis/vocab_images/assets_images/object_hsk2_0145_comfortable_centered_001.webp
object_hsk2_0146_level_centered_001.webp,,,,/Users/mansur/universal_study_bot org/images omnis/vocab_images/assets_images/object_hsk2_0146_level_centered_001.webp
object_hsk2_0147_driver_centered_001.webp,,,,/Users/mansur/universal_study_bot org/images omnis/vocab_images/assets_images/object_hsk2_0147_driver_centered_001.webp
object_hsk2_0148_sun_centered_001.webp,,,,/Users/mansur/universal_study_bot org/images omnis/vocab_images/assets_images/object_hsk2_0148_sun_centered_001.webp
object_hsk2_0149_special_centered_001.webp,,,,/Users/mansur/universal_study_bot org/images omnis/vocab_images/assets_images/object_hsk2_0149_special_centered_001.webp
object_hsk2_0150_painful_centered_001.webp,,,,/Users/mansur/universal_study_bot org/images omnis/vocab_images/assets_images/object_hsk2_0150_painful_centered_001.webp
object_hsk2_0151_to_improve_centered_001.webp,,,,/Users/mansur/universal_study_bot org/images omnis/vocab_images/assets_images/object_hsk2_0151_to_improve_centered_001.webp
object_hsk2_0152_sports_centered_001.webp,,,,/Users/mansur/universal_study_bot org/images omnis/vocab_images/assets_images/object_hsk2_0152_sports_centered_001.webp
object_hsk2_0153_strip_or_piece_centered_001.webp,,,,/Users/mansur/universal_study_bot org/images omnis/vocab_images/assets_images/object_hsk2_0153_strip_or_piece_centered_001.webp
object_hsk2_0154_colleague_centered_001.webp,,,,/Users/mansur/universal_study_bot org/images omnis/vocab_images/assets_images/object_hsk2_0154_colleague_centered_001.webp
object_hsk2_0155_hair_centered_001.webp,,,,/Users/mansur/universal_study_bot org/images omnis/vocab_images/assets_images/object_hsk2_0155_hair_centered_001.webp
object_hsk2_0156_leg_centered_001.webp,,,,/Users/mansur/universal_study_bot org/images omnis/vocab_images/assets_images/object_hsk2_0156_leg_centered_001.webp
object_hsk2_0157_to_complete_centered_001.webp,,,,/Users/mansur/universal_study_bot org/images omnis/vocab_images/assets_images/object_hsk2_0157_to_complete_centered_001.webp
object_hsk2_0158_bowl_centered_001.webp,,,,/Users/mansur/universal_study_bot org/images omnis/vocab_images/assets_images/object_hsk2_0158_bowl_centered_001.webp
object_hsk2_0159_ten_thousand_centered_001.webp,,,,/Users/mansur/universal_study_bot org/images omnis/vocab_images/assets_images/object_hsk2_0159_ten_thousand_centered_001.webp
object_hsk2_0160_for_centered_001.webp,,,,/Users/mansur/universal_study_bot org/images omnis/vocab_images/assets_images/object_hsk2_0160_for_centered_001.webp
object_hsk2_0161_position_centered_001.webp,,,,/Users/mansur/universal_study_bot org/images omnis/vocab_images/assets_images/object_hsk2_0161_position_centered_001.webp
object_hsk2_0162_habit_centered_001.webp,,,,/Users/mansur/universal_study_bot org/images omnis/vocab_images/assets_images/object_hsk2_0162_habit_centered_001.webp
object_hsk2_0163_take_a_shower_centered_001.webp,,,,/Users/mansur/universal_study_bot org/images omnis/vocab_images/assets_images/object_hsk2_0163_take_a_shower_centered_001.webp
object_hsk2_0164_to_believe_centered_001.webp,,,,/Users/mansur/universal_study_bot org/images omnis/vocab_images/assets_images/object_hsk2_0164_to_believe_centered_001.webp
object_hsk2_0165_toward_centered_001.webp,,,,/Users/mansur/universal_study_bot org/images omnis/vocab_images/assets_images/object_hsk2_0165_toward_centered_001.webp
object_hsk2_0166_like_centered_001.webp,,,,/Users/mansur/universal_study_bot org/images omnis/vocab_images/assets_images/object_hsk2_0166_like_centered_001.webp
object_hsk2_0167_be_careful_centered_001.webp,,,,/Users/mansur/universal_study_bot org/images omnis/vocab_images/assets_images/object_hsk2_0167_be_careful_centered_001.webp
object_hsk2_0168_principal_centered_001.webp,,,,/Users/mansur/universal_study_bot org/images omnis/vocab_images/assets_images/object_hsk2_0168_principal_centered_001.webp
object_hsk2_0169_news_centered_001.webp,,,,/Users/mansur/universal_study_bot org/images omnis/vocab_images/assets_images/object_hsk2_0169_news_centered_001.webp
object_hsk2_0170_credit_card_centered_001.webp,,,,/Users/mansur/universal_study_bot org/images omnis/vocab_images/assets_images/object_hsk2_0170_credit_card_centered_001.webp
object_hsk2_0171_requirement_centered_001.webp,,,,/Users/mansur/universal_study_bot org/images omnis/vocab_images/assets_images/object_hsk2_0171_requirement_centered_001.webp
object_hsk2_0172_generally_centered_001.webp,,,,/Users/mansur/universal_study_bot org/images omnis/vocab_images/assets_images/object_hsk2_0172_generally_centered_001.webp
object_hsk2_0173_certainly_centered_001.webp,,,,/Users/mansur/universal_study_bot org/images omnis/vocab_images/assets_images/object_hsk2_0173_certainly_centered_001.webp
object_hsk2_0174_in_total_centered_001.webp,,,,/Users/mansur/universal_study_bot org/images omnis/vocab_images/assets_images/object_hsk2_0174_in_total_centered_001.webp
object_hsk2_0175_continuously_centered_001.webp,,,,/Users/mansur/universal_study_bot org/images omnis/vocab_images/assets_images/object_hsk2_0175_continuously_centered_001.webp
object_hsk2_0176_before_centered_001.webp,,,,/Users/mansur/universal_study_bot org/images omnis/vocab_images/assets_images/object_hsk2_0176_before_centered_001.webp
object_hsk2_0177_music_centered_001.webp,,,,/Users/mansur/universal_study_bot org/images omnis/vocab_images/assets_images/object_hsk2_0177_music_centered_001.webp
object_hsk2_0178_bank_centered_001.webp,,,,/Users/mansur/universal_study_bot org/images omnis/vocab_images/assets_images/object_hsk2_0178_bank_centered_001.webp
object_hsk2_0179_should_centered_001.webp,,,,/Users/mansur/universal_study_bot org/images omnis/vocab_images/assets_images/object_hsk2_0179_should_centered_001.webp
object_hsk2_0180_influence_centered_001.webp,,,,/Users/mansur/universal_study_bot org/images omnis/vocab_images/assets_images/object_hsk2_0180_influence_centered_001.webp
object_hsk2_0181_again_centered_001.webp,,,,/Users/mansur/universal_study_bot org/images omnis/vocab_images/assets_images/object_hsk2_0181_again_centered_001.webp
object_hsk2_0182_willing_centered_001.webp,,,,/Users/mansur/universal_study_bot org/images omnis/vocab_images/assets_images/object_hsk2_0182_willing_centered_001.webp
object_hsk2_0183_moon_centered_001.webp,,,,/Users/mansur/universal_study_bot org/images omnis/vocab_images/assets_images/object_hsk2_0183_moon_centered_001.webp
object_hsk2_0184_to_exceed_or_surpass_centered_001.webp,,,,/Users/mansur/universal_study_bot org/images omnis/vocab_images/assets_images/object_hsk2_0184_to_exceed_or_surpass_centered_001.webp
object_hsk2_0185_long_centered_001.webp,,,,/Users/mansur/universal_study_bot org/images omnis/vocab_images/assets_images/object_hsk2_0185_long_centered_001.webp
object_hsk2_0186_take_care_of_centered_001.webp,,,,/Users/mansur/universal_study_bot org/images omnis/vocab_images/assets_images/object_hsk2_0186_take_care_of_centered_001.webp
object_hsk2_0187_photo_centered_001.webp,,,,/Users/mansur/universal_study_bot org/images omnis/vocab_images/assets_images/object_hsk2_0187_photo_centered_001.webp
object_hsk2_0188_only_centered_001.webp,,,,/Users/mansur/universal_study_bot org/images omnis/vocab_images/assets_images/object_hsk2_0188_only_centered_001.webp
object_hsk2_0189_talent_centered_001.webp,,,,/Users/mansur/universal_study_bot org/images omnis/vocab_images/assets_images/object_hsk2_0189_talent_centered_001.webp
object_hsk2_0190_weekend_centered_001.webp,,,,/Users/mansur/universal_study_bot org/images omnis/vocab_images/assets_images/object_hsk2_0190_weekend_centered_001.webp
object_hsk2_0191_main_centered_001.webp,,,,/Users/mansur/universal_study_bot org/images omnis/vocab_images/assets_images/object_hsk2_0191_main_centered_001.webp
object_hsk2_0192_oneself_centered_001.webp,,,,/Users/mansur/universal_study_bot org/images omnis/vocab_images/assets_images/object_hsk2_0192_oneself_centered_001.webp
object_hsk2_0194_mouth_centered_001.webp,,,,/Users/mansur/universal_study_bot org/images omnis/vocab_images/assets_images/object_hsk2_0194_mouth_centered_001.webp
object_hsk2_0195_recently_centered_001.webp,,,,/Users/mansur/universal_study_bot org/images omnis/vocab_images/assets_images/object_hsk2_0195_recently_centered_001.webp
object_hsk2_0196_homework_centered_001.webp,,,,/Users/mansur/universal_study_bot org/images omnis/vocab_images/assets_images/object_hsk2_0196_homework_centered_001.webp
object_hsk2_0197_romantic_love_centered_001.webp,,,,/Users/mansur/universal_study_bot org/images omnis/vocab_images/assets_images/object_hsk2_0197_romantic_love_centered_001.webp
object_hsk2_0198_safety_centered_001.webp,,,,/Users/mansur/universal_study_bot org/images omnis/vocab_images/assets_images/object_hsk2_0198_safety_centered_001.webp
object_hsk2_0199_registration_centered_001.webp,,,,/Users/mansur/universal_study_bot org/images omnis/vocab_images/assets_images/object_hsk2_0199_registration_centered_001.webp
object_hsk2_0200_for_example_centered_001.webp,,,,/Users/mansur/universal_study_bot org/images omnis/vocab_images/assets_images/object_hsk2_0200_for_example_centered_001.webp
object_hsk2_0201_everywhere_centered_001.webp,,,,/Users/mansur/universal_study_bot org/images omnis/vocab_images/assets_images/object_hsk2_0201_everywhere_centered_001.webp
object_hsk2_0202_to_express_centered_001.webp,,,,/Users/mansur/universal_study_bot org/images omnis/vocab_images/assets_images/object_hsk2_0202_to_express_centered_001.webp
object_hsk2_0203_however_centered_001.webp,,,,/Users/mansur/universal_study_bot org/images omnis/vocab_images/assets_images/object_hsk2_0203_however_centered_001.webp
object_hsk2_0204_part_centered_001.webp,,,,/Users/mansur/universal_study_bot org/images omnis/vocab_images/assets_images/object_hsk2_0204_part_centered_001.webp
object_hsk2_0205_to_visit_centered_001.webp,,,,/Users/mansur/universal_study_bot org/images omnis/vocab_images/assets_images/object_hsk2_0205_to_visit_centered_001.webp
object_hsk2_0206_almost_the_same_centered_001.webp,,,,/Users/mansur/universal_study_bot org/images omnis/vocab_images/assets_images/object_hsk2_0206_almost_the_same_centered_001.webp
object_hsk2_0207_field_or_place_centered_001.webp,,,,/Users/mansur/universal_study_bot org/images omnis/vocab_images/assets_images/object_hsk2_0207_field_or_place_centered_001.webp
object_hsk2_0208_exceed_centered_001.webp,,,,/Users/mansur/universal_study_bot org/images omnis/vocab_images/assets_images/object_hsk2_0208_exceed_centered_001.webp
object_hsk2_0209_to_become_centered_001.webp,,,,/Users/mansur/universal_study_bot org/images omnis/vocab_images/assets_images/object_hsk2_0209_to_become_centered_001.webp
object_hsk2_0210_again_centered_001.webp,,,,/Users/mansur/universal_study_bot org/images omnis/vocab_images/assets_images/object_hsk2_0210_again_centered_001.webp
object_hsk2_0211_to_set_off_centered_001.webp,,,,/Users/mansur/universal_study_bot org/images omnis/vocab_images/assets_images/object_hsk2_0211_to_set_off_centered_001.webp
object_hsk2_0212_birth_centered_001.webp,,,,/Users/mansur/universal_study_bot org/images omnis/vocab_images/assets_images/object_hsk2_0212_birth_centered_001.webp
object_hsk2_0213_to_appear_centered_001.webp,,,,/Users/mansur/universal_study_bot org/images omnis/vocab_images/assets_images/object_hsk2_0213_to_appear_centered_001.webp
object_hsk2_0214_word_or_phrase_centered_001.webp,,,,/Users/mansur/universal_study_bot org/images omnis/vocab_images/assets_images/object_hsk2_0214_word_or_phrase_centered_001.webp
object_hsk2_0215_print_centered_001.webp,,,,/Users/mansur/universal_study_bot org/images omnis/vocab_images/assets_images/object_hsk2_0215_print_centered_001.webp
object_hsk2_0216_to_be_centered_001.webp,,,,/Users/mansur/universal_study_bot org/images omnis/vocab_images/assets_images/object_hsk2_0216_to_be_centered_001.webp
object_hsk2_0217_at_that_time_centered_001.webp,,,,/Users/mansur/universal_study_bot org/images omnis/vocab_images/assets_images/object_hsk2_0217_at_that_time_centered_001.webp
object_hsk2_0218_everywhere_centered_001.webp,,,,/Users/mansur/universal_study_bot org/images omnis/vocab_images/assets_images/object_hsk2_0218_everywhere_centered_001.webp
object_hsk2_0219_to_fall_centered_001.webp,,,,/Users/mansur/universal_study_bot org/images omnis/vocab_images/assets_images/object_hsk2_0219_to_fall_centered_001.webp
object_hsk2_0220_structural_particle_centered_001.webp,,,,/Users/mansur/universal_study_bot org/images omnis/vocab_images/assets_images/object_hsk2_0220_structural_particle_centered_001.webp
object_hsk2_0221_low_centered_001.webp,,,,/Users/mansur/universal_study_bot org/images omnis/vocab_images/assets_images/object_hsk2_0221_low_centered_001.webp
object_hsk2_0222_earth_centered_001.webp,,,,/Users/mansur/universal_study_bot org/images omnis/vocab_images/assets_images/object_hsk2_0222_earth_centered_001.webp
object_hsk2_0223_to_fall_centered_001.webp,,,,/Users/mansur/universal_study_bot org/images omnis/vocab_images/assets_images/object_hsk2_0223_to_fall_centered_001.webp
object_hsk2_0224_text_message_centered_001.webp,,,,/Users/mansur/universal_study_bot org/images omnis/vocab_images/assets_images/object_hsk2_0224_text_message_centered_001.webp
object_hsk2_0225_dialogue_centered_001.webp,,,,/Users/mansur/universal_study_bot org/images omnis/vocab_images/assets_images/object_hsk2_0225_dialogue_centered_001.webp
object_hsk2_0226_opposite_side_centered_001.webp,,,,/Users/mansur/universal_study_bot org/images omnis/vocab_images/assets_images/object_hsk2_0226_opposite_side_centered_001.webp
object_hsk2_0227_method_centered_001.webp,,,,/Users/mansur/universal_study_bot org/images omnis/vocab_images/assets_images/object_hsk2_0227_method_centered_001.webp
object_hsk2_0228_aspect_centered_001.webp,,,,/Users/mansur/universal_study_bot org/images omnis/vocab_images/assets_images/object_hsk2_0228_aspect_centered_001.webp
object_hsk2_0229_direction_centered_001.webp,,,,/Users/mansur/universal_study_bot org/images omnis/vocab_images/assets_images/object_hsk2_0229_direction_centered_001.webp
object_hsk2_0230_part_centered_001.webp,,,,/Users/mansur/universal_study_bot org/images omnis/vocab_images/assets_images/object_hsk2_0230_part_centered_001.webp
object_hsk2_0231_change_centered_001.webp,,,,/Users/mansur/universal_study_bot org/images omnis/vocab_images/assets_images/object_hsk2_0231_change_centered_001.webp
object_hsk2_0232_cheers_centered_001.webp,,,,/Users/mansur/universal_study_bot org/images omnis/vocab_images/assets_images/object_hsk2_0232_cheers_centered_001.webp
object_hsk2_0233_moved_emotionally_centered_001.webp,,,,/Users/mansur/universal_study_bot org/images omnis/vocab_images/assets_images/object_hsk2_0233_moved_emotionally_centered_001.webp
object_hsk2_0234_feeling_centered_001.webp,,,,/Users/mansur/universal_study_bot org/images omnis/vocab_images/assets_images/object_hsk2_0234_feeling_centered_001.webp
object_hsk2_0235_thank_you_centered_001.webp,,,,/Users/mansur/universal_study_bot org/images omnis/vocab_images/assets_images/object_hsk2_0235_thank_you_centered_001.webp
object_hsk2_0236_just_centered_001.webp,,,,/Users/mansur/universal_study_bot org/images omnis/vocab_images/assets_images/object_hsk2_0236_just_centered_001.webp
object_hsk2_0237_kilometer_centered_001.webp,,,,/Users/mansur/universal_study_bot org/images omnis/vocab_images/assets_images/object_hsk2_0237_kilometer_centered_001.webp
object_hsk2_0238_enough_centered_001.webp,,,,/Users/mansur/universal_study_bot org/images omnis/vocab_images/assets_images/object_hsk2_0238_enough_centered_001.webp
object_hsk2_0239_intentional_centered_001.webp,,,,/Users/mansur/universal_study_bot org/images omnis/vocab_images/assets_images/object_hsk2_0239_intentional_centered_001.webp
object_hsk2_0240_customer_centered_001.webp,,,,/Users/mansur/universal_study_bot org/images omnis/vocab_images/assets_images/object_hsk2_0240_customer_centered_001.webp
object_hsk2_0241_advertisement_centered_001.webp,,,,/Users/mansur/universal_study_bot org/images omnis/vocab_images/assets_images/object_hsk2_0241_advertisement_centered_001.webp
object_hsk2_0242_international_centered_001.webp,,,,/Users/mansur/universal_study_bot org/images omnis/vocab_images/assets_images/object_hsk2_0242_international_centered_001.webp
object_hsk2_0243_benefit_centered_001.webp,,,,/Users/mansur/universal_study_bot org/images omnis/vocab_images/assets_images/object_hsk2_0243_benefit_centered_001.webp
object_hsk2_0244_seems_like_centered_001.webp,,,,/Users/mansur/universal_study_bot org/images omnis/vocab_images/assets_images/object_hsk2_0244_seems_like_centered_001.webp
object_hsk2_0245_suitable_centered_001.webp,,,,/Users/mansur/universal_study_bot org/images omnis/vocab_images/assets_images/object_hsk2_0245_suitable_centered_001.webp
object_hsk2_0246_activity_centered_001.webp,,,,/Users/mansur/universal_study_bot org/images omnis/vocab_images/assets_images/object_hsk2_0246_activity_centered_001.webp
object_hsk2_0247_plan_centered_001.webp,,,,/Users/mansur/universal_study_bot org/images omnis/vocab_images/assets_images/object_hsk2_0247_plan_centered_001.webp
object_hsk2_0248_false_centered_001.webp,,,,/Users/mansur/universal_study_bot org/images omnis/vocab_images/assets_images/object_hsk2_0248_false_centered_001.webp
object_hsk2_0249_to_hand_over_centered_001.webp,,,,/Users/mansur/universal_study_bot org/images omnis/vocab_images/assets_images/object_hsk2_0249_to_hand_over_centered_001.webp
object_hsk2_0250_traffic_centered_001.webp,,,,/Users/mansur/universal_study_bot org/images omnis/vocab_images/assets_images/object_hsk2_0250_traffic_centered_001.webp
object_hsk2_0251_dumplings_centered_001.webp,,,,/Users/mansur/universal_study_bot org/images omnis/vocab_images/assets_images/object_hsk2_0251_dumplings_centered_001.webp
object_hsk2_0252_education_centered_001.webp,,,,/Users/mansur/universal_study_bot org/images omnis/vocab_images/assets_images/object_hsk2_0252_education_centered_001.webp
object_hsk2_0253_to_accept_centered_001.webp,,,,/Users/mansur/universal_study_bot org/images omnis/vocab_images/assets_images/object_hsk2_0253_to_accept_centered_001.webp
object_hsk2_0254_then_centered_001.webp,,,,/Users/mansur/universal_study_bot org/images omnis/vocab_images/assets_images/object_hsk2_0254_then_centered_001.webp
object_hsk2_0255_festival_or_holiday_centered_001.webp,,,,/Users/mansur/universal_study_bot org/images omnis/vocab_images/assets_images/object_hsk2_0255_festival_or_holiday_centered_001.webp
object_hsk2_0256_result_centered_001.webp,,,,/Users/mansur/universal_study_bot org/images omnis/vocab_images/assets_images/object_hsk2_0256_result_centered_001.webp
object_hsk2_0257_to_carry_out_centered_001.webp,,,,/Users/mansur/universal_study_bot org/images omnis/vocab_images/assets_images/object_hsk2_0257_to_carry_out_centered_001.webp
object_hsk2_0258_to_raise_centered_001.webp,,,,/Users/mansur/universal_study_bot org/images omnis/vocab_images/assets_images/object_hsk2_0258_to_raise_centered_001.webp
object_hsk2_0259_to_hold_or_conduct_centered_001.webp,,,,/Users/mansur/universal_study_bot org/images omnis/vocab_images/assets_images/object_hsk2_0259_to_hold_or_conduct_centered_001.webp
object_hsk2_0260_happy_centered_001.webp,,,,/Users/mansur/universal_study_bot org/images omnis/vocab_images/assets_images/object_hsk2_0260_happy_centered_001.webp
object_hsk2_0261_view_or_opinion_centered_001.webp,,,,/Users/mansur/universal_study_bot org/images omnis/vocab_images/assets_images/object_hsk2_0261_view_or_opinion_centered_001.webp
object_hsk2_0262_science_centered_001.webp,,,,/Users/mansur/universal_study_bot org/images omnis/vocab_images/assets_images/object_hsk2_0262_science_centered_001.webp
object_hsk2_0263_but_centered_001.webp,,,,/Users/mansur/universal_study_bot org/images omnis/vocab_images/assets_images/object_hsk2_0263_but_centered_001.webp
object_hsk2_0264_air_centered_001.webp,,,,/Users/mansur/universal_study_bot org/images omnis/vocab_images/assets_images/object_hsk2_0264_air_centered_001.webp
object_hsk2_0265_to_pull_centered_001.webp,,,,/Users/mansur/universal_study_bot org/images omnis/vocab_images/assets_images/object_hsk2_0265_to_pull_centered_001.webp
object_hsk2_0266_come_from_centered_001.webp,,,,/Users/mansur/universal_study_bot org/images omnis/vocab_images/assets_images/object_hsk2_0266_come_from_centered_001.webp
object_hsk2_0267_ideal_centered_001.webp,,,,/Users/mansur/universal_study_bot org/images omnis/vocab_images/assets_images/object_hsk2_0267_ideal_centered_001.webp
object_hsk2_0268_for_example_centered_001.webp,,,,/Users/mansur/universal_study_bot org/images omnis/vocab_images/assets_images/object_hsk2_0268_for_example_centered_001.webp
object_hsk2_0269_cool_and_pleasant_centered_001.webp,,,,/Users/mansur/universal_study_bot org/images omnis/vocab_images/assets_images/object_hsk2_0269_cool_and_pleasant_centered_001.webp
object_hsk2_0270_to_stay_centered_001.webp,,,,/Users/mansur/universal_study_bot org/images omnis/vocab_images/assets_images/object_hsk2_0270_to_stay_centered_001.webp
object_hsk2_0271_fluent_centered_001.webp,,,,/Users/mansur/universal_study_bot org/images omnis/vocab_images/assets_images/object_hsk2_0271_fluent_centered_001.webp
object_hsk2_0272_popular_centered_001.webp,,,,/Users/mansur/universal_study_bot org/images omnis/vocab_images/assets_images/object_hsk2_0272_popular_centered_001.webp
object_hsk2_0273_travel_centered_001.webp,,,,/Users/mansur/universal_study_bot org/images omnis/vocab_images/assets_images/object_hsk2_0273_travel_centered_001.webp
object_hsk2_0274_full_centered_001.webp,,,,/Users/mansur/universal_study_bot org/images omnis/vocab_images/assets_images/object_hsk2_0274_full_centered_001.webp
object_hsk2_0275_purpose_centered_001.webp,,,,/Users/mansur/universal_study_bot org/images omnis/vocab_images/assets_images/object_hsk2_0275_purpose_centered_001.webp
object_hsk2_0276_hard_to_bear_centered_001.webp,,,,/Users/mansur/universal_study_bot org/images omnis/vocab_images/assets_images/object_hsk2_0276_hard_to_bear_centered_001.webp
object_hsk2_0277_to_play_with_centered_001.webp,,,,/Users/mansur/universal_study_bot org/images omnis/vocab_images/assets_images/object_hsk2_0277_to_play_with_centered_001.webp
object_hsk2_0278_to_queue_centered_001.webp,,,,/Users/mansur/universal_study_bot org/images omnis/vocab_images/assets_images/object_hsk2_0278_to_queue_centered_001.webp
object_hsk2_0279_piece_of_writing_centered_001.webp,,,,/Users/mansur/universal_study_bot org/images omnis/vocab_images/assets_images/object_hsk2_0279_piece_of_writing_centered_001.webp
object_hsk2_0280_usually_centered_001.webp,,,,/Users/mansur/universal_study_bot org/images omnis/vocab_images/assets_images/object_hsk2_0280_usually_centered_001.webp
object_hsk2_0281_mandarin_chinese_centered_001.webp,,,,/Users/mansur/universal_study_bot org/images omnis/vocab_images/assets_images/object_hsk2_0281_mandarin_chinese_centered_001.webp
object_hsk2_0282_among_them_centered_001.webp,,,,/Users/mansur/universal_study_bot org/images omnis/vocab_images/assets_images/object_hsk2_0282_among_them_centered_001.webp
object_hsk2_0283_light_centered_001.webp,,,,/Users/mansur/universal_study_bot org/images omnis/vocab_images/assets_images/object_hsk2_0283_light_centered_001.webp
object_hsk2_0284_to_take_centered_001.webp,,,,/Users/mansur/universal_study_bot org/images omnis/vocab_images/assets_images/object_hsk2_0284_to_take_centered_001.webp
object_hsk2_0285_all_centered_001.webp,,,,/Users/mansur/universal_study_bot org/images omnis/vocab_images/assets_images/object_hsk2_0285_all_centered_001.webp
object_hsk2_0286_entrance_centered_001.webp,,,,/Users/mansur/universal_study_bot org/images omnis/vocab_images/assets_images/object_hsk2_0286_entrance_centered_001.webp
object_hsk2_0287_discuss_centered_001.webp,,,,/Users/mansur/universal_study_bot org/images omnis/vocab_images/assets_images/object_hsk2_0287_discuss_centered_001.webp
object_hsk2_0288_life_centered_001.webp,,,,/Users/mansur/universal_study_bot org/images omnis/vocab_images/assets_images/object_hsk2_0288_life_centered_001.webp
object_hsk2_0289_province_centered_001.webp,,,,/Users/mansur/universal_study_bot org/images omnis/vocab_images/assets_images/object_hsk2_0289_province_centered_001.webp
object_hsk2_0290_very_centered_001.webp,,,,/Users/mansur/universal_study_bot org/images omnis/vocab_images/assets_images/object_hsk2_0290_very_centered_001.webp
object_hsk2_0291_actual_centered_001.webp,,,,/Users/mansur/universal_study_bot org/images omnis/vocab_images/assets_images/object_hsk2_0291_actual_centered_001.webp
object_hsk2_0292_real_centered_001.webp,,,,/Users/mansur/universal_study_bot org/images omnis/vocab_images/assets_images/object_hsk2_0292_real_centered_001.webp
object_hsk2_0293_to_use_centered_001.webp,,,,/Users/mansur/universal_study_bot org/images omnis/vocab_images/assets_images/object_hsk2_0293_to_use_centered_001.webp
object_hsk2_0294_to_collect_centered_001.webp,,,,/Users/mansur/universal_study_bot org/images omnis/vocab_images/assets_images/object_hsk2_0294_to_collect_centered_001.webp
object_hsk2_0295_income_centered_001.webp,,,,/Users/mansur/universal_study_bot org/images omnis/vocab_images/assets_images/object_hsk2_0295_income_centered_001.webp
object_hsk2_0296_received_centered_001.webp,,,,/Users/mansur/universal_study_bot org/images omnis/vocab_images/assets_images/object_hsk2_0296_received_centered_001.webp
object_hsk2_0297_number_centered_001.webp,,,,/Users/mansur/universal_study_bot org/images omnis/vocab_images/assets_images/object_hsk2_0297_number_centered_001.webp
object_hsk2_0298_smoothly_centered_001.webp,,,,/Users/mansur/universal_study_bot org/images omnis/vocab_images/assets_images/object_hsk2_0298_smoothly_centered_001.webp
object_hsk2_0299_explanation_centered_001.webp,,,,/Users/mansur/universal_study_bot org/images omnis/vocab_images/assets_images/object_hsk2_0299_explanation_centered_001.webp
object_hsk2_0300_casual_centered_001.webp,,,,/Users/mansur/universal_study_bot org/images omnis/vocab_images/assets_images/object_hsk2_0300_casual_centered_001.webp
object_hsk2_0301_all_centered_001.webp,,,,/Users/mansur/universal_study_bot org/images omnis/vocab_images/assets_images/object_hsk2_0301_all_centered_001.webp
object_hsk2_0302_attitude_centered_001.webp,,,,/Users/mansur/universal_study_bot org/images omnis/vocab_images/assets_images/object_hsk2_0302_attitude_centered_001.webp
object_hsk2_0303_discussion_centered_001.webp,,,,/Users/mansur/universal_study_bot org/images omnis/vocab_images/assets_images/object_hsk2_0303_discussion_centered_001.webp
object_hsk2_0304_characteristic_centered_001.webp,,,,/Users/mansur/universal_study_bot org/images omnis/vocab_images/assets_images/object_hsk2_0304_characteristic_centered_001.webp
object_hsk2_0305_to_lift_centered_001.webp,,,,/Users/mansur/universal_study_bot org/images omnis/vocab_images/assets_images/object_hsk2_0305_to_lift_centered_001.webp
object_hsk2_0306_condition_centered_001.webp,,,,/Users/mansur/universal_study_bot org/images omnis/vocab_images/assets_images/object_hsk2_0306_condition_centered_001.webp
object_hsk2_0307_stop_centered_001.webp,,,,/Users/mansur/universal_study_bot org/images omnis/vocab_images/assets_images/object_hsk2_0307_stop_centered_001.webp
object_hsk2_0308_to_stand_straight_centered_001.webp,,,,/Users/mansur/universal_study_bot org/images omnis/vocab_images/assets_images/object_hsk2_0308_to_stand_straight_centered_001.webp
object_hsk2_0309_to_pass_through_centered_001.webp,,,,/Users/mansur/universal_study_bot org/images omnis/vocab_images/assets_images/object_hsk2_0309_to_pass_through_centered_001.webp
object_hsk2_0310_notification_centered_001.webp,,,,/Users/mansur/universal_study_bot org/images omnis/vocab_images/assets_images/object_hsk2_0310_notification_centered_001.webp
object_hsk2_0311_at_the_same_time_centered_001.webp,,,,/Users/mansur/universal_study_bot org/images omnis/vocab_images/assets_images/object_hsk2_0311_at_the_same_time_centered_001.webp
object_hsk2_0312_to_push_centered_001.webp,,,,/Users/mansur/universal_study_bot org/images omnis/vocab_images/assets_images/object_hsk2_0312_to_push_centered_001.webp
object_hsk2_0313_completely_centered_001.webp,,,,/Users/mansur/universal_study_bot org/images omnis/vocab_images/assets_images/object_hsk2_0313_completely_centered_001.webp
object_hsk2_0314_tennis_centered_001.webp,,,,/Users/mansur/universal_study_bot org/images omnis/vocab_images/assets_images/object_hsk2_0314_tennis_centered_001.webp
object_hsk2_0315_website_centered_001.webp,,,,/Users/mansur/universal_study_bot org/images omnis/vocab_images/assets_images/object_hsk2_0315_website_centered_001.webp
object_hsk2_0316_taste_centered_001.webp,,,,/Users/mansur/universal_study_bot org/images omnis/vocab_images/assets_images/object_hsk2_0316_taste_centered_001.webp
object_hsk2_0317_temperature_centered_001.webp,,,,/Users/mansur/universal_study_bot org/images omnis/vocab_images/assets_images/object_hsk2_0317_temperature_centered_001.webp
object_hsk2_0318_same_centered_001.webp,,,,/Users/mansur/universal_study_bot org/images omnis/vocab_images/assets_images/object_hsk2_0318_same_centered_001.webp
object_hsk2_0319_sound_centered_001.webp,,,,/Users/mansur/universal_study_bot org/images omnis/vocab_images/assets_images/object_hsk2_0319_sound_centered_001.webp
object_hsk2_0320_novel_centered_001.webp,,,,/Users/mansur/universal_study_bot org/images omnis/vocab_images/assets_images/object_hsk2_0320_novel_centered_001.webp
object_hsk2_0321_joke_centered_001.webp,,,,/Users/mansur/universal_study_bot org/images omnis/vocab_images/assets_images/object_hsk2_0321_joke_centered_001.webp
object_hsk2_0322_mood_centered_001.webp,,,,/Users/mansur/universal_study_bot org/images omnis/vocab_images/assets_images/object_hsk2_0322_mood_centered_001.webp
object_hsk2_0323_information_centered_001.webp,,,,/Users/mansur/universal_study_bot org/images omnis/vocab_images/assets_images/object_hsk2_0323_information_centered_001.webp
object_hsk2_0324_confidence_centered_001.webp,,,,/Users/mansur/universal_study_bot org/images omnis/vocab_images/assets_images/object_hsk2_0324_confidence_centered_001.webp
object_hsk2_0325_many_centered_001.webp,,,,/Users/mansur/universal_study_bot org/images omnis/vocab_images/assets_images/object_hsk2_0325_many_centered_001.webp
object_hsk2_0326_academic_term_centered_001.webp,,,,/Users/mansur/universal_study_bot org/images omnis/vocab_images/assets_images/object_hsk2_0326_academic_term_centered_001.webp
object_hsk2_0327_appearance_centered_001.webp,,,,/Users/mansur/universal_study_bot org/images omnis/vocab_images/assets_images/object_hsk2_0327_appearance_centered_001.webp
object_hsk2_0328_maybe_centered_001.webp,,,,/Users/mansur/universal_study_bot org/images omnis/vocab_images/assets_images/object_hsk2_0328_maybe_centered_001.webp
object_hsk2_0329_to_think_or_believe_centered_001.webp,,,,/Users/mansur/universal_study_bot org/images omnis/vocab_images/assets_images/object_hsk2_0329_to_think_or_believe_centered_001.webp
object_hsk2_0330_opinion_centered_001.webp,,,,/Users/mansur/universal_study_bot org/images omnis/vocab_images/assets_images/object_hsk2_0330_opinion_centered_001.webp
object_hsk2_0331_forever_centered_001.webp,,,,/Users/mansur/universal_study_bot org/images omnis/vocab_images/assets_images/object_hsk2_0331_forever_centered_001.webp
object_hsk2_0332_friendly_centered_001.webp,,,,/Users/mansur/universal_study_bot org/images omnis/vocab_images/assets_images/object_hsk2_0332_friendly_centered_001.webp
object_hsk2_0333_language_centered_001.webp,,,,/Users/mansur/universal_study_bot org/images omnis/vocab_images/assets_images/object_hsk2_0333_language_centered_001.webp
object_hsk2_0334_originally_centered_001.webp,,,,/Users/mansur/universal_study_bot org/images omnis/vocab_images/assets_images/object_hsk2_0334_originally_centered_001.webp
object_hsk2_0335_cause_centered_001.webp,,,,/Users/mansur/universal_study_bot org/images omnis/vocab_images/assets_images/object_hsk2_0335_cause_centered_001.webp
object_hsk2_0336_cloud_centered_001.webp,,,,/Users/mansur/universal_study_bot org/images omnis/vocab_images/assets_images/object_hsk2_0336_cloud_centered_001.webp
object_hsk2_0337_we_including_the_listener_centered_001.webp,,,,/Users/mansur/universal_study_bot org/images omnis/vocab_images/assets_images/object_hsk2_0337_we_including_the_listener_centered_001.webp
object_hsk2_0338_dirty_centered_001.webp,,,,/Users/mansur/universal_study_bot org/images omnis/vocab_images/assets_images/object_hsk2_0338_dirty_centered_001.webp
object_hsk2_0339_genuine_centered_001.webp,,,,/Users/mansur/universal_study_bot org/images omnis/vocab_images/assets_images/object_hsk2_0339_genuine_centered_001.webp
object_hsk2_0340_normal_centered_001.webp,,,,/Users/mansur/universal_study_bot org/images omnis/vocab_images/assets_images/object_hsk2_0340_normal_centered_001.webp
object_hsk2_0341_just_right_centered_001.webp,,,,/Users/mansur/universal_study_bot org/images omnis/vocab_images/assets_images/object_hsk2_0341_just_right_centered_001.webp
object_hsk2_0342_correct_centered_001.webp,,,,/Users/mansur/universal_study_bot org/images omnis/vocab_images/assets_images/object_hsk2_0342_correct_centered_001.webp
object_hsk2_0343_direct_centered_001.webp,,,,/Users/mansur/universal_study_bot org/images omnis/vocab_images/assets_images/object_hsk2_0343_direct_centered_001.webp
object_hsk2_0344_as_long_as_centered_001.webp,,,,/Users/mansur/universal_study_bot org/images omnis/vocab_images/assets_images/object_hsk2_0344_as_long_as_centered_001.webp
object_hsk2_0345_key_point_centered_001.webp,,,,/Users/mansur/universal_study_bot org/images omnis/vocab_images/assets_images/object_hsk2_0345_key_point_centered_001.webp
object_hsk2_0346_to_value_centered_001.webp,,,,/Users/mansur/universal_study_bot org/images omnis/vocab_images/assets_images/object_hsk2_0346_to_value_centered_001.webp
object_hsk2_0347_accurate_centered_001.webp,,,,/Users/mansur/universal_study_bot org/images omnis/vocab_images/assets_images/object_hsk2_0347_accurate_centered_001.webp
object_hsk2_0348_to_rent_centered_001.webp,,,,/Users/mansur/universal_study_bot org/images omnis/vocab_images/assets_images/object_hsk2_0348_to_rent_centered_001.webp
object_hsk2_0349_writer_centered_001.webp,,,,/Users/mansur/universal_study_bot org/images omnis/vocab_images/assets_images/object_hsk2_0349_writer_centered_001.webp
object_hsk2_0350_function_or_effect_centered_001.webp,,,,/Users/mansur/universal_study_bot org/images omnis/vocab_images/assets_images/object_hsk2_0350_function_or_effect_centered_001.webp
object_hsk2_0351_seat_centered_001.webp,,,,/Users/mansur/universal_study_bot org/images omnis/vocab_images/assets_images/object_hsk2_0351_seat_centered_001.webp
object_hsk2_0352_seat_centered_001.webp,,,,/Users/mansur/universal_study_bot org/images omnis/vocab_images/assets_images/object_hsk2_0352_seat_centered_001.webp
object_hsk2_0353_back_centered_001.webp,,,,/Users/mansur/universal_study_bot org/images omnis/vocab_images/assets_images/object_hsk2_0353_back_centered_001.webp
object_hsk2_0354_not_as_good_as_centered_001.webp,,,,/Users/mansur/universal_study_bot org/images omnis/vocab_images/assets_images/object_hsk2_0354_not_as_good_as_centered_001.webp
object_hsk2_0355_to_call_or_name_centered_001.webp,,,,/Users/mansur/universal_study_bot org/images omnis/vocab_images/assets_images/object_hsk2_0355_to_call_or_name_centered_001.webp
object_hsk2_0356_repeat_centered_001.webp,,,,/Users/mansur/universal_study_bot org/images omnis/vocab_images/assets_images/object_hsk2_0356_repeat_centered_001.webp
object_hsk2_0357_export_centered_001.webp,,,,/Users/mansur/universal_study_bot org/images omnis/vocab_images/assets_images/object_hsk2_0357_export_centered_001.webp
object_hsk2_0358_to_blow_centered_001.webp,,,,/Users/mansur/universal_study_bot org/images omnis/vocab_images/assets_images/object_hsk2_0358_to_blow_centered_001.webp
object_hsk2_0359_to_agree_or_respond_centered_001.webp,,,,/Users/mansur/universal_study_bot org/images omnis/vocab_images/assets_images/object_hsk2_0359_to_agree_or_respond_centered_001.webp
object_hsk2_0360_part-time_job_centered_001.webp,,,,/Users/mansur/universal_study_bot org/images omnis/vocab_images/assets_images/object_hsk2_0360_part-time_job_centered_001.webp
object_hsk2_0361_unit_centered_001.webp,,,,/Users/mansur/universal_study_bot org/images omnis/vocab_images/assets_images/object_hsk2_0361_unit_centered_001.webp
object_hsk2_0362_reason_or_principle_centered_001.webp,,,,/Users/mansur/universal_study_bot org/images omnis/vocab_images/assets_images/object_hsk2_0362_reason_or_principle_centered_001.webp
object_hsk2_0363_equals_centered_001.webp,,,,/Users/mansur/universal_study_bot org/images omnis/vocab_images/assets_images/object_hsk2_0363_equals_centered_001.webp
object_hsk2_0364_to_work_centered_001.webp,,,,/Users/mansur/universal_study_bot org/images omnis/vocab_images/assets_images/object_hsk2_0364_to_work_centered_001.webp
object_hsk2_0365_advanced_centered_001.webp,,,,/Users/mansur/universal_study_bot org/images omnis/vocab_images/assets_images/object_hsk2_0365_advanced_centered_001.webp
object_hsk2_0366_fairness_centered_001.webp,,,,/Users/mansur/universal_study_bot org/images omnis/vocab_images/assets_images/object_hsk2_0366_fairness_centered_001.webp
object_hsk2_0367_point_of_view_centered_001.webp,,,,/Users/mansur/universal_study_bot org/images omnis/vocab_images/assets_images/object_hsk2_0367_point_of_view_centered_001.webp
object_hsk2_0368_square_centered_001.webp,,,,/Users/mansur/universal_study_bot org/images omnis/vocab_images/assets_images/object_hsk2_0368_square_centered_001.webp
object_hsk2_0369_to_shout_centered_001.webp,,,,/Users/mansur/universal_study_bot org/images omnis/vocab_images/assets_images/object_hsk2_0369_to_shout_centered_001.webp
object_hsk2_0370_suddenly_centered_001.webp,,,,/Users/mansur/universal_study_bot org/images omnis/vocab_images/assets_images/object_hsk2_0370_suddenly_centered_001.webp
object_hsk2_0371_family_centered_001.webp,,,,/Users/mansur/universal_study_bot org/images omnis/vocab_images/assets_images/object_hsk2_0371_family_centered_001.webp
object_hsk2_0372_angle_centered_001.webp,,,,/Users/mansur/universal_study_bot org/images omnis/vocab_images/assets_images/object_hsk2_0372_angle_centered_001.webp
object_hsk2_0373_to_rely_on_centered_001.webp,,,,/Users/mansur/universal_study_bot org/images omnis/vocab_images/assets_images/object_hsk2_0373_to_rely_on_centered_001.webp
object_hsk2_0374_scary_centered_001.webp,,,,/Users/mansur/universal_study_bot org/images omnis/vocab_images/assets_images/object_hsk2_0374_scary_centered_001.webp
object_hsk2_0375_gram_centered_001.webp,,,,/Users/mansur/universal_study_bot org/images omnis/vocab_images/assets_images/object_hsk2_0375_gram_centered_001.webp
object_hsk2_0376_bright_centered_001.webp,,,,/Users/mansur/universal_study_bot org/images omnis/vocab_images/assets_images/object_hsk2_0376_bright_centered_001.webp
object_hsk2_0377_star_centered_001.webp,,,,/Users/mansur/universal_study_bot org/images omnis/vocab_images/assets_images/object_hsk2_0377_star_centered_001.webp
object_hsk2_0378_to_touch_or_bump_centered_001.webp,,,,/Users/mansur/universal_study_bot org/images omnis/vocab_images/assets_images/object_hsk2_0378_to_touch_or_bump_centered_001.webp
object_hsk2_0379_slice_centered_001.webp,,,,/Users/mansur/universal_study_bot org/images omnis/vocab_images/assets_images/object_hsk2_0379_slice_centered_001.webp
object_hsk2_0380_flat_centered_001.webp,,,,/Users/mansur/universal_study_bot org/images omnis/vocab_images/assets_images/object_hsk2_0380_flat_centered_001.webp
object_hsk2_0381_peace_and_safety_centered_001.webp,,,,/Users/mansur/universal_study_bot org/images omnis/vocab_images/assets_images/object_hsk2_0381_peace_and_safety_centered_001.webp
object_hsk2_0382_ordinary_centered_001.webp,,,,/Users/mansur/universal_study_bot org/images omnis/vocab_images/assets_images/object_hsk2_0382_ordinary_centered_001.webp
object_hsk2_0383_equality_centered_001.webp,,,,/Users/mansur/universal_study_bot org/images omnis/vocab_images/assets_images/object_hsk2_0383_equality_centered_001.webp
object_hsk2_0384_wall_centered_001.webp,,,,/Users/mansur/universal_study_bot org/images omnis/vocab_images/assets_images/object_hsk2_0384_wall_centered_001.webp
object_hsk2_0385_teenager_centered_001.webp,,,,/Users/mansur/universal_study_bot org/images omnis/vocab_images/assets_images/object_hsk2_0385_teenager_centered_001.webp
object_hsk2_0386_request_centered_001.webp,,,,/Users/mansur/universal_study_bot org/images omnis/vocab_images/assets_images/object_hsk2_0386_request_centered_001.webp
object_hsk2_0387_population_centered_001.webp,,,,/Users/mansur/universal_study_bot org/images omnis/vocab_images/assets_images/object_hsk2_0387_population_centered_001.webp
object_hsk2_0388_days_centered_001.webp,,,,/Users/mansur/universal_study_bot org/images omnis/vocab_images/assets_images/object_hsk2_0388_days_centered_001.webp
object_hsk2_0389_internship_centered_001.webp,,,,/Users/mansur/universal_study_bot org/images omnis/vocab_images/assets_images/object_hsk2_0389_internship_centered_001.webp
object_hsk2_0390_to_achieve_centered_001.webp,,,,/Users/mansur/universal_study_bot org/images omnis/vocab_images/assets_images/object_hsk2_0390_to_achieve_centered_001.webp
object_hsk2_0391_food_centered_001.webp,,,,/Users/mansur/universal_study_bot org/images omnis/vocab_images/assets_images/object_hsk2_0391_food_centered_001.webp
object_hsk2_0392_number_centered_001.webp,,,,/Users/mansur/universal_study_bot org/images omnis/vocab_images/assets_images/object_hsk2_0392_number_centered_001.webp
object_hsk2_0393_at_any_time_centered_001.webp,,,,/Users/mansur/universal_study_bot org/images omnis/vocab_images/assets_images/object_hsk2_0393_at_any_time_centered_001.webp
object_hsk2_0394_mrs_centered_001.webp,,,,/Users/mansur/universal_study_bot org/images omnis/vocab_images/assets_images/object_hsk2_0394_mrs_centered_001.webp
object_hsk2_0395_set_centered_001.webp,,,,/Users/mansur/universal_study_bot org/images omnis/vocab_images/assets_images/object_hsk2_0395_set_centered_001.webp
object_hsk2_0396_to_hear_centered_001.webp,,,,/Users/mansur/universal_study_bot org/images omnis/vocab_images/assets_images/object_hsk2_0396_to_hear_centered_001.webp
object_hsk2_0397_signal_centered_001.webp,,,,/Users/mansur/universal_study_bot org/images omnis/vocab_images/assets_images/object_hsk2_0397_signal_centered_001.webp
object_hsk2_0398_action_centered_001.webp,,,,/Users/mansur/universal_study_bot org/images omnis/vocab_images/assets_images/object_hsk2_0398_action_centered_001.webp
object_hsk2_0399_pedestrian_centered_001.webp,,,,/Users/mansur/universal_study_bot org/images omnis/vocab_images/assets_images/object_hsk2_0399_pedestrian_centered_001.webp
object_hsk2_0400_behavior_centered_001.webp,,,,/Users/mansur/universal_study_bot org/images omnis/vocab_images/assets_images/object_hsk2_0400_behavior_centered_001.webp
object_hsk2_0401_night_centered_001.webp,,,,/Users/mansur/universal_study_bot org/images omnis/vocab_images/assets_images/object_hsk2_0401_night_centered_001.webp
object_hsk2_0402_hundred_million_centered_001.webp,,,,/Users/mansur/universal_study_bot org/images omnis/vocab_images/assets_images/object_hsk2_0402_hundred_million_centered_001.webp
object_hsk2_0403_to_occupy_or_take_up_space_centered_001.webp,,,,/Users/mansur/universal_study_bot org/images omnis/vocab_images/assets_images/object_hsk2_0403_to_occupy_or_take_up_space_centered_001.webp
object_hsk2_0404_center_centered_001.webp,,,,/Users/mansur/universal_study_bot org/images omnis/vocab_images/assets_images/object_hsk2_0404_center_centered_001.webp
object_hsk2_0405_owner_centered_001.webp,,,,/Users/mansur/universal_study_bot org/images omnis/vocab_images/assets_images/object_hsk2_0405_owner_centered_001.webp
object_hsk2_0406_to_install_or_equip_centered_001.webp,,,,/Users/mansur/universal_study_bot org/images omnis/vocab_images/assets_images/object_hsk2_0406_to_install_or_equip_centered_001.webp
object_hsk2_0407_freedom_centered_001.webp,,,,/Users/mansur/universal_study_bot org/images omnis/vocab_images/assets_images/object_hsk2_0407_freedom_centered_001.webp
object_hsk2_0408_group_centered_001.webp,,,,/Users/mansur/universal_study_bot org/images omnis/vocab_images/assets_images/object_hsk2_0408_group_centered_001.webp
object_hsk2_0409_composition_centered_001.webp,,,,/Users/mansur/universal_study_bot org/images omnis/vocab_images/assets_images/object_hsk2_0409_composition_centered_001.webp
object_hsk2_0410_essay_writing_centered_001.webp,,,,/Users/mansur/universal_study_bot org/images omnis/vocab_images/assets_images/object_hsk2_0410_essay_writing_centered_001.webp
object_hsk2_0411_anniversary_centered_001.webp,,,,/Users/mansur/universal_study_bot org/images omnis/vocab_images/assets_images/object_hsk2_0411_anniversary_centered_001.webp
object_hsk2_0412_lover_or_partner_centered_001.webp,,,,/Users/mansur/universal_study_bot org/images omnis/vocab_images/assets_images/object_hsk2_0412_lover_or_partner_centered_001.webp
object_hsk2_0413_white_centered_001.webp,,,,/Users/mansur/universal_study_bot org/images omnis/vocab_images/assets_images/object_hsk2_0413_white_centered_001.webp
object_hsk2_0414_class_monitor_centered_001.webp,,,,/Users/mansur/universal_study_bot org/images omnis/vocab_images/assets_images/object_hsk2_0414_class_monitor_centered_001.webp
object_hsk2_0415_to_handle_or_manage_centered_001.webp,,,,/Users/mansur/universal_study_bot org/images omnis/vocab_images/assets_images/object_hsk2_0415_to_handle_or_manage_centered_001.webp
object_hsk2_0416_midnight_centered_001.webp,,,,/Users/mansur/universal_study_bot org/images omnis/vocab_images/assets_images/object_hsk2_0416_midnight_centered_001.webp
object_hsk2_0417_for_example_centered_001.webp,,,,/Users/mansur/universal_study_bot org/images omnis/vocab_images/assets_images/object_hsk2_0417_for_example_centered_001.webp
object_hsk2_0418_pen_centered_001.webp,,,,/Users/mansur/universal_study_bot org/images omnis/vocab_images/assets_images/object_hsk2_0418_pen_centered_001.webp
object_hsk2_0419_notes_centered_001.webp,,,,/Users/mansur/universal_study_bot org/images omnis/vocab_images/assets_images/object_hsk2_0419_notes_centered_001.webp
object_hsk2_0420_side_centered_001.webp,,,,/Users/mansur/universal_study_bot org/images omnis/vocab_images/assets_images/object_hsk2_0420_side_centered_001.webp
object_hsk2_0421_to_change_centered_001.webp,,,,/Users/mansur/universal_study_bot org/images omnis/vocab_images/assets_images/object_hsk2_0421_to_change_centered_001.webp
object_hsk2_0422_to_become_centered_001.webp,,,,/Users/mansur/universal_study_bot org/images omnis/vocab_images/assets_images/object_hsk2_0422_to_become_centered_001.webp
object_hsk2_0423_table_or_chart_centered_001.webp,,,,/Users/mansur/universal_study_bot org/images omnis/vocab_images/assets_images/object_hsk2_0423_table_or_chart_centered_001.webp
object_hsk2_0424_not_bad_centered_001.webp,,,,/Users/mansur/universal_study_bot org/images omnis/vocab_images/assets_images/object_hsk2_0424_not_bad_centered_001.webp
object_hsk2_0425_not_enough_centered_001.webp,,,,/Users/mansur/universal_study_bot org/images omnis/vocab_images/assets_images/object_hsk2_0425_not_enough_centered_001.webp
object_hsk2_0426_not_very_centered_001.webp,,,,/Users/mansur/universal_study_bot org/images omnis/vocab_images/assets_images/object_hsk2_0426_not_very_centered_001.webp
object_hsk2_0427_do_not_want_centered_001.webp,,,,/Users/mansur/universal_study_bot org/images omnis/vocab_images/assets_images/object_hsk2_0427_do_not_want_centered_001.webp
object_hsk2_0428_sorry_centered_001.webp,,,,/Users/mansur/universal_study_bot org/images omnis/vocab_images/assets_images/object_hsk2_0428_sorry_centered_001.webp
object_hsk2_0429_soon_centered_001.webp,,,,/Users/mansur/universal_study_bot org/images omnis/vocab_images/assets_images/object_hsk2_0429_soon_centered_001.webp
object_hsk2_0430_dissatisfaction_centered_001.webp,,,,/Users/mansur/universal_study_bot org/images omnis/vocab_images/assets_images/object_hsk2_0430_dissatisfaction_centered_001.webp
object_hsk2_0431_not_a_few_centered_001.webp,,,,/Users/mansur/universal_study_bot org/images omnis/vocab_images/assets_images/object_hsk2_0431_not_a_few_centered_001.webp
object_hsk2_0432_different_centered_001.webp,,,,/Users/mansur/universal_study_bot org/images omnis/vocab_images/assets_images/object_hsk2_0432_different_centered_001.webp
object_hsk2_0433_not_okay_centered_001.webp,,,,/Users/mansur/universal_study_bot org/images omnis/vocab_images/assets_images/object_hsk2_0433_not_okay_centered_001.webp
object_hsk2_0434_not_necessarily_centered_001.webp,,,,/Users/mansur/universal_study_bot org/images omnis/vocab_images/assets_images/object_hsk2_0434_not_necessarily_centered_001.webp
object_hsk2_0435_in_a_little_while_centered_001.webp,,,,/Users/mansur/universal_study_bot org/images omnis/vocab_images/assets_images/object_hsk2_0435_in_a_little_while_centered_001.webp
object_hsk2_0436_grassland_centered_001.webp,,,,/Users/mansur/universal_study_bot org/images omnis/vocab_images/assets_images/object_hsk2_0436_grassland_centered_001.webp
object_hsk2_0437_to_check_or_examine_centered_001.webp,,,,/Users/mansur/universal_study_bot org/images omnis/vocab_images/assets_images/object_hsk2_0437_to_check_or_examine_centered_001.webp
object_hsk2_0438_common_centered_001.webp,,,,/Users/mansur/universal_study_bot org/images omnis/vocab_images/assets_images/object_hsk2_0438_common_centered_001.webp
object_hsk2_0439_commonly_used_centered_001.webp,,,,/Users/mansur/universal_study_bot org/images omnis/vocab_images/assets_images/object_hsk2_0439_commonly_used_centered_001.webp
object_hsk2_0440_vehicle_centered_001.webp,,,,/Users/mansur/universal_study_bot org/images omnis/vocab_images/assets_images/object_hsk2_0440_vehicle_centered_001.webp
object_hsk2_0441_to_become_centered_001.webp,,,,/Users/mansur/universal_study_bot org/images omnis/vocab_images/assets_images/object_hsk2_0441_to_become_centered_001.webp
object_hsk2_0442_go_abroad_centered_001.webp,,,,/Users/mansur/universal_study_bot org/images omnis/vocab_images/assets_images/object_hsk2_0442_go_abroad_centered_001.webp
object_hsk2_0443_go_out_centered_001.webp,,,,/Users/mansur/universal_study_bot org/images omnis/vocab_images/assets_images/object_hsk2_0443_go_out_centered_001.webp
object_hsk2_0444_discharge_from_hospital_centered_001.webp,,,,/Users/mansur/universal_study_bot org/images omnis/vocab_images/assets_images/object_hsk2_0444_discharge_from_hospital_centered_001.webp
object_hsk2_0445_to_rent_out_centered_001.webp,,,,/Users/mansur/universal_study_bot org/images omnis/vocab_images/assets_images/object_hsk2_0445_to_rent_out_centered_001.webp
object_hsk2_0446_spring_festival_centered_001.webp,,,,/Users/mansur/universal_study_bot org/images omnis/vocab_images/assets_images/object_hsk2_0446_spring_festival_centered_001.webp
object_hsk2_0447_spring_centered_001.webp,,,,/Users/mansur/universal_study_bot org/images omnis/vocab_images/assets_images/object_hsk2_0447_spring_centered_001.webp
object_hsk2_0448_word_centered_001.webp,,,,/Users/mansur/universal_study_bot org/images omnis/vocab_images/assets_images/object_hsk2_0448_word_centered_001.webp
object_hsk2_0449_since_childhood_centered_001.webp,,,,/Users/mansur/universal_study_bot org/images omnis/vocab_images/assets_images/object_hsk2_0449_since_childhood_centered_001.webp
object_hsk2_0450_most_part_centered_001.webp,,,,/Users/mansur/universal_study_bot org/images omnis/vocab_images/assets_images/object_hsk2_0450_most_part_centered_001.webp
object_hsk2_0451_big_centered_001.webp,,,,/Users/mansur/universal_study_bot org/images omnis/vocab_images/assets_images/object_hsk2_0451_big_centered_001.webp
object_hsk2_0452_the_majority_centered_001.webp,,,,/Users/mansur/universal_study_bot org/images omnis/vocab_images/assets_images/object_hsk2_0452_the_majority_centered_001.webp
object_hsk2_0453_ocean_centered_001.webp,,,,/Users/mansur/universal_study_bot org/images omnis/vocab_images/assets_images/object_hsk2_0453_ocean_centered_001.webp
object_hsk2_0454_large_amount_centered_001.webp,,,,/Users/mansur/universal_study_bot org/images omnis/vocab_images/assets_images/object_hsk2_0454_large_amount_centered_001.webp
object_hsk2_0455_main_gate_centered_001.webp,,,,/Users/mansur/universal_study_bot org/images omnis/vocab_images/assets_images/object_hsk2_0455_main_gate_centered_001.webp
object_hsk2_0456_adult_centered_001.webp,,,,/Users/mansur/universal_study_bot org/images omnis/vocab_images/assets_images/object_hsk2_0456_adult_centered_001.webp
object_hsk2_0457_loud_centered_001.webp,,,,/Users/mansur/universal_study_bot org/images omnis/vocab_images/assets_images/object_hsk2_0457_loud_centered_001.webp
object_hsk2_0458_size_centered_001.webp,,,,/Users/mansur/universal_study_bot org/images omnis/vocab_images/assets_images/object_hsk2_0458_size_centered_001.webp
object_hsk2_0459_overcoat_centered_001.webp,,,,/Users/mansur/universal_study_bot org/images omnis/vocab_images/assets_images/object_hsk2_0459_overcoat_centered_001.webp
object_hsk2_0460_nature_centered_001.webp,,,,/Users/mansur/universal_study_bot org/images omnis/vocab_images/assets_images/object_hsk2_0460_nature_centered_001.webp
object_hsk2_0461_bring_centered_001.webp,,,,/Users/mansur/universal_study_bot org/images omnis/vocab_images/assets_images/object_hsk2_0461_bring_centered_001.webp
object_hsk2_0462_but_centered_001.webp,,,,/Users/mansur/universal_study_bot org/images omnis/vocab_images/assets_images/object_hsk2_0462_but_centered_001.webp
object_hsk2_0463_egg_centered_001.webp,,,,/Users/mansur/universal_study_bot org/images omnis/vocab_images/assets_images/object_hsk2_0463_egg_centered_001.webp
object_hsk2_0464_way_or_path_centered_001.webp,,,,/Users/mansur/universal_study_bot org/images omnis/vocab_images/assets_images/object_hsk2_0464_way_or_path_centered_001.webp
object_hsk2_0465_road_centered_001.webp,,,,/Users/mansur/universal_study_bot org/images omnis/vocab_images/assets_images/object_hsk2_0465_road_centered_001.webp
object_hsk2_0466_to_derive_centered_001.webp,,,,/Users/mansur/universal_study_bot org/images omnis/vocab_images/assets_images/object_hsk2_0466_to_derive_centered_001.webp
object_hsk2_0467_if_centered_001.webp,,,,/Users/mansur/universal_study_bot org/images omnis/vocab_images/assets_images/object_hsk2_0467_if_centered_001.webp
object_hsk2_0468_wait_until_centered_001.webp,,,,/Users/mansur/universal_study_bot org/images omnis/vocab_images/assets_images/object_hsk2_0468_wait_until_centered_001.webp
object_hsk2_0469_subway_station_centered_001.webp,,,,/Users/mansur/universal_study_bot org/images omnis/vocab_images/assets_images/object_hsk2_0469_subway_station_centered_001.webp
object_hsk2_0470_nodding_centered_001.webp,,,,/Users/mansur/universal_study_bot org/images omnis/vocab_images/assets_images/object_hsk2_0470_nodding_centered_001.webp
object_hsk2_0471_store_centered_001.webp,,,,/Users/mansur/universal_study_bot org/images omnis/vocab_images/assets_images/object_hsk2_0471_store_centered_001.webp
object_hsk2_0472_northeast_region_of_china_centered_001.webp,,,,/Users/mansur/universal_study_bot org/images omnis/vocab_images/assets_images/object_hsk2_0472_northeast_region_of_china_centered_001.webp
object_hsk2_0473_east_centered_001.webp,,,,/Users/mansur/universal_study_bot org/images omnis/vocab_images/assets_images/object_hsk2_0473_east_centered_001.webp
object_hsk2_0474_southeast_centered_001.webp,,,,/Users/mansur/universal_study_bot org/images omnis/vocab_images/assets_images/object_hsk2_0474_southeast_centered_001.webp
object_hsk2_0475_winter_centered_001.webp,,,,/Users/mansur/universal_study_bot org/images omnis/vocab_images/assets_images/object_hsk2_0475_winter_centered_001.webp
object_hsk2_0476_to_understand_centered_001.webp,,,,/Users/mansur/universal_study_bot org/images omnis/vocab_images/assets_images/object_hsk2_0476_to_understand_centered_001.webp
object_hsk2_0477_zoo_centered_001.webp,,,,/Users/mansur/universal_study_bot org/images omnis/vocab_images/assets_images/object_hsk2_0477_zoo_centered_001.webp
object_hsk2_0478_pronunciation_centered_001.webp,,,,/Users/mansur/universal_study_bot org/images omnis/vocab_images/assets_images/object_hsk2_0478_pronunciation_centered_001.webp
object_hsk2_0479_degree_centered_001.webp,,,,/Users/mansur/universal_study_bot org/images omnis/vocab_images/assets_images/object_hsk2_0479_degree_centered_001.webp
object_hsk2_0480_team_centered_001.webp,,,,/Users/mansur/universal_study_bot org/images omnis/vocab_images/assets_images/object_hsk2_0480_team_centered_001.webp
object_hsk2_0481_team_leader_centered_001.webp,,,,/Users/mansur/universal_study_bot org/images omnis/vocab_images/assets_images/object_hsk2_0481_team_leader_centered_001.webp
object_hsk2_0482_how_long_centered_001.webp,,,,/Users/mansur/universal_study_bot org/images omnis/vocab_images/assets_images/object_hsk2_0482_how_long_centered_001.webp
object_hsk2_0483_majority_centered_001.webp,,,,/Users/mansur/universal_study_bot org/images omnis/vocab_images/assets_images/object_hsk2_0483_majority_centered_001.webp
object_hsk2_0484_cloudy_centered_001.webp,,,,/Users/mansur/universal_study_bot org/images omnis/vocab_images/assets_images/object_hsk2_0484_cloudy_centered_001.webp
object_hsk2_0485_restaurant_centered_001.webp,,,,/Users/mansur/universal_study_bot org/images omnis/vocab_images/assets_images/object_hsk2_0485_restaurant_centered_001.webp
object_hsk2_0486_instant_noodles_centered_001.webp,,,,/Users/mansur/universal_study_bot org/images omnis/vocab_images/assets_images/object_hsk2_0486_instant_noodles_centered_001.webp
object_hsk2_0487_put_down_centered_001.webp,,,,/Users/mansur/universal_study_bot org/images omnis/vocab_images/assets_images/object_hsk2_0487_put_down_centered_001.webp
object_hsk2_0488_separate_centered_001.webp,,,,/Users/mansur/universal_study_bot org/images omnis/vocab_images/assets_images/object_hsk2_0488_separate_centered_001.webp
object_hsk2_0489_score_centered_001.webp,,,,/Users/mansur/universal_study_bot org/images omnis/vocab_images/assets_images/object_hsk2_0489_score_centered_001.webp
object_hsk2_0490_seal_centered_001.webp,,,,/Users/mansur/universal_study_bot org/images omnis/vocab_images/assets_images/object_hsk2_0490_seal_centered_001.webp
object_hsk2_0491_service_centered_001.webp,,,,/Users/mansur/universal_study_bot org/images omnis/vocab_images/assets_images/object_hsk2_0491_service_centered_001.webp
object_hsk2_0492_this_centered_001.webp,,,,/Users/mansur/universal_study_bot org/images omnis/vocab_images/assets_images/object_hsk2_0492_this_centered_001.webp
object_hsk2_0493_to_change_centered_001.webp,,,,/Users/mansur/universal_study_bot org/images omnis/vocab_images/assets_images/object_hsk2_0493_to_change_centered_001.webp
object_hsk2_0494_to_feel_centered_001.webp,,,,/Users/mansur/universal_study_bot org/images omnis/vocab_images/assets_images/object_hsk2_0494_to_feel_centered_001.webp
object_hsk2_0495_just_now_centered_001.webp,,,,/Users/mansur/universal_study_bot org/images omnis/vocab_images/assets_images/object_hsk2_0495_just_now_centered_001.webp
object_hsk2_0496_high_school_centered_001.webp,,,,/Users/mansur/universal_study_bot org/images omnis/vocab_images/assets_images/object_hsk2_0496_high_school_centered_001.webp
object_hsk2_0497_bus_centered_001.webp,,,,/Users/mansur/universal_study_bot org/images omnis/vocab_images/assets_images/object_hsk2_0497_bus_centered_001.webp
object_hsk2_0498_highway_centered_001.webp,,,,/Users/mansur/universal_study_bot org/images omnis/vocab_images/assets_images/object_hsk2_0498_highway_centered_001.webp
object_hsk2_0499_turn_off_the_machine_centered_001.webp,,,,/Users/mansur/universal_study_bot org/images omnis/vocab_images/assets_images/object_hsk2_0499_turn_off_the_machine_centered_001.webp
object_hsk2_0500_come_over_centered_001.webp,,,,/Users/mansur/universal_study_bot org/images omnis/vocab_images/assets_images/object_hsk2_0500_come_over_centered_001.webp
object_hsk2_0501_celebrate_the_new_year_centered_001.webp,,,,/Users/mansur/universal_study_bot org/images omnis/vocab_images/assets_images/object_hsk2_0501_celebrate_the_new_year_centered_001.webp
object_hsk2_0502_sea_centered_001.webp,,,,/Users/mansur/universal_study_bot org/images omnis/vocab_images/assets_images/object_hsk2_0502_sea_centered_001.webp
object_hsk2_0503_by_the_sea_centered_001.webp,,,,/Users/mansur/universal_study_bot org/images omnis/vocab_images/assets_images/object_hsk2_0503_by_the_sea_centered_001.webp
object_hsk2_0504_a_lot_centered_001.webp,,,,/Users/mansur/universal_study_bot org/images omnis/vocab_images/assets_images/object_hsk2_0504_a_lot_centered_001.webp
object_hsk2_0505_a_long_time_centered_001.webp,,,,/Users/mansur/universal_study_bot org/images omnis/vocab_images/assets_images/object_hsk2_0505_a_long_time_centered_001.webp
object_hsk2_0506_good_person_centered_001.webp,,,,/Users/mansur/universal_study_bot org/images omnis/vocab_images/assets_images/object_hsk2_0506_good_person_centered_001.webp
object_hsk2_0507_good_thing_centered_001.webp,,,,/Users/mansur/universal_study_bot org/images omnis/vocab_images/assets_images/object_hsk2_0507_good_thing_centered_001.webp
object_hsk2_0508_river_centered_001.webp,,,,/Users/mansur/universal_study_bot org/images omnis/vocab_images/assets_images/object_hsk2_0508_river_centered_001.webp
object_hsk2_0509_black_color_centered_001.webp,,,,/Users/mansur/universal_study_bot org/images omnis/vocab_images/assets_images/object_hsk2_0509_black_color_centered_001.webp
object_hsk2_0510_red_color_centered_001.webp,,,,/Users/mansur/universal_study_bot org/images omnis/vocab_images/assets_images/object_hsk2_0510_red_color_centered_001.webp
object_hsk2_0511_lake_centered_001.webp,,,,/Users/mansur/universal_study_bot org/images omnis/vocab_images/assets_images/object_hsk2_0511_lake_centered_001.webp
object_hsk2_0512_garden_centered_001.webp,,,,/Users/mansur/universal_study_bot org/images omnis/vocab_images/assets_images/object_hsk2_0512_garden_centered_001.webp
object_hsk2_0513_painter_centered_001.webp,,,,/Users/mansur/universal_study_bot org/images omnis/vocab_images/assets_images/object_hsk2_0513_painter_centered_001.webp
object_hsk2_0514_drawing_centered_001.webp,,,,/Users/mansur/universal_study_bot org/images omnis/vocab_images/assets_images/object_hsk2_0514_drawing_centered_001.webp
object_hsk2_0515_disadvantage_centered_001.webp,,,,/Users/mansur/universal_study_bot org/images omnis/vocab_images/assets_images/object_hsk2_0515_disadvantage_centered_001.webp
object_hsk2_0516_bad_person_centered_001.webp,,,,/Users/mansur/universal_study_bot org/images omnis/vocab_images/assets_images/object_hsk2_0516_bad_person_centered_001.webp
object_hsk2_0517_yellow_centered_001.webp,,,,/Users/mansur/universal_study_bot org/images omnis/vocab_images/assets_images/object_hsk2_0517_yellow_centered_001.webp
object_hsk2_0518_yellow_centered_001.webp,,,,/Users/mansur/universal_study_bot org/images omnis/vocab_images/assets_images/object_hsk2_0518_yellow_centered_001.webp
object_hsk2_0519_return_to_ones_country_centered_001.webp,,,,/Users/mansur/universal_study_bot org/images omnis/vocab_images/assets_images/object_hsk2_0519_return_to_ones_country_centered_001.webp
object_hsk2_0520_or_centered_001.webp,,,,/Users/mansur/universal_study_bot org/images omnis/vocab_images/assets_images/object_hsk2_0520_or_centered_001.webp
object_hsk2_0521_chicken_centered_001.webp,,,,/Users/mansur/universal_study_bot org/images omnis/vocab_images/assets_images/object_hsk2_0521_chicken_centered_001.webp
object_hsk2_0522_level_centered_001.webp,,,,/Users/mansur/universal_study_bot org/images omnis/vocab_images/assets_images/object_hsk2_0522_level_centered_001.webp
object_hsk2_0523_urgent_centered_001.webp,,,,/Users/mansur/universal_study_bot org/images omnis/vocab_images/assets_images/object_hsk2_0523_urgent_centered_001.webp
object_hsk2_0524_computer_centered_001.webp,,,,/Users/mansur/universal_study_bot org/images omnis/vocab_images/assets_images/object_hsk2_0524_computer_centered_001.webp
object_hsk2_0525_to_add_centered_001.webp,,,,/Users/mansur/universal_study_bot org/images omnis/vocab_images/assets_images/object_hsk2_0525_to_add_centered_001.webp
object_hsk2_0526_keep_it_up_centered_001.webp,,,,/Users/mansur/universal_study_bot org/images omnis/vocab_images/assets_images/object_hsk2_0526_keep_it_up_centered_001.webp
object_hsk2_0527_parent_or_guardian_centered_001.webp,,,,/Users/mansur/universal_study_bot org/images omnis/vocab_images/assets_images/object_hsk2_0527_parent_or_guardian_centered_001.webp
object_hsk2_0528_holiday_centered_001.webp,,,,/Users/mansur/universal_study_bot org/images omnis/vocab_images/assets_images/object_hsk2_0528_holiday_centered_001.webp
object_hsk2_0529_to_see_centered_001.webp,,,,/Users/mansur/universal_study_bot org/images omnis/vocab_images/assets_images/object_hsk2_0529_to_see_centered_001.webp
object_hsk2_0530_have_seen_centered_001.webp,,,,/Users/mansur/universal_study_bot org/images omnis/vocab_images/assets_images/object_hsk2_0530_have_seen_centered_001.webp
object_hsk2_0531_to_speak_centered_001.webp,,,,/Users/mansur/universal_study_bot org/images omnis/vocab_images/assets_images/object_hsk2_0531_to_speak_centered_001.webp
object_hsk2_0532_hand_over_centered_001.webp,,,,/Users/mansur/universal_study_bot org/images omnis/vocab_images/assets_images/object_hsk2_0532_hand_over_centered_001.webp
object_hsk2_0533_make_friends_centered_001.webp,,,,/Users/mansur/universal_study_bot org/images omnis/vocab_images/assets_images/object_hsk2_0533_make_friends_centered_001.webp
object_hsk2_0534_to_be_called_centered_001.webp,,,,/Users/mansur/universal_study_bot org/images omnis/vocab_images/assets_images/object_hsk2_0534_to_be_called_centered_001.webp
object_hsk2_0535_teacher_centered_001.webp,,,,/Users/mansur/universal_study_bot org/images omnis/vocab_images/assets_images/object_hsk2_0535_teacher_centered_001.webp
object_hsk2_0536_teaching_centered_001.webp,,,,/Users/mansur/universal_study_bot org/images omnis/vocab_images/assets_images/object_hsk2_0536_teaching_centered_001.webp
object_hsk2_0537_to_receive_centered_001.webp,,,,/Users/mansur/universal_study_bot org/images omnis/vocab_images/assets_images/object_hsk2_0537_to_receive_centered_001.webp
object_hsk2_0538_next_centered_001.webp,,,,/Users/mansur/universal_study_bot org/images omnis/vocab_images/assets_images/object_hsk2_0538_next_centered_001.webp
object_hsk2_0539_street_centered_001.webp,,,,/Users/mansur/universal_study_bot org/images omnis/vocab_images/assets_images/object_hsk2_0539_street_centered_001.webp
object_hsk2_0540_catty_a_unit_of_weight_centered_001.webp,,,,/Users/mansur/universal_study_bot org/images omnis/vocab_images/assets_images/object_hsk2_0540_catty_a_unit_of_weight_centered_001.webp
object_hsk2_0541_from_now_on_centered_001.webp,,,,/Users/mansur/universal_study_bot org/images omnis/vocab_images/assets_images/object_hsk2_0541_from_now_on_centered_001.webp
object_hsk2_0542_to_enter_centered_001.webp,,,,/Users/mansur/universal_study_bot org/images omnis/vocab_images/assets_images/object_hsk2_0542_to_enter_centered_001.webp
object_hsk2_0543_alcohol_centered_001.webp,,,,/Users/mansur/universal_study_bot org/images omnis/vocab_images/assets_images/object_hsk2_0543_alcohol_centered_001.webp
object_hsk2_0544_hotel_centered_001.webp,,,,/Users/mansur/universal_study_bot org/images omnis/vocab_images/assets_images/object_hsk2_0544_hotel_centered_001.webp
object_hsk2_0545_about_to_centered_001.webp,,,,/Users/mansur/universal_study_bot org/images omnis/vocab_images/assets_images/object_hsk2_0545_about_to_centered_001.webp
object_hsk2_0546_raise_hand_centered_001.webp,,,,/Users/mansur/universal_study_bot org/images omnis/vocab_images/assets_images/object_hsk2_0546_raise_hand_centered_001.webp
object_hsk2_0547_sentence_centered_001.webp,,,,/Users/mansur/universal_study_bot org/images omnis/vocab_images/assets_images/object_hsk2_0547_sentence_centered_001.webp
object_hsk2_0548_card_centered_001.webp,,,,/Users/mansur/universal_study_bot org/images omnis/vocab_images/assets_images/object_hsk2_0548_card_centered_001.webp
object_hsk2_0549_turn_on_the_machine_centered_001.webp,,,,/Users/mansur/universal_study_bot org/images omnis/vocab_images/assets_images/object_hsk2_0549_turn_on_the_machine_centered_001.webp
object_hsk2_0550_start_of_the_school_year_centered_001.webp,,,,/Users/mansur/universal_study_bot org/images omnis/vocab_images/assets_images/object_hsk2_0550_start_of_the_school_year_centered_001.webp
object_hsk2_0551_exam_candidate_centered_001.webp,,,,/Users/mansur/universal_study_bot org/images omnis/vocab_images/assets_images/object_hsk2_0551_exam_candidate_centered_001.webp
object_hsk2_0552_science_centered_001.webp,,,,/Users/mansur/universal_study_bot org/images omnis/vocab_images/assets_images/object_hsk2_0552_science_centered_001.webp
object_hsk2_0553_classroom_centered_001.webp,,,,/Users/mansur/universal_study_bot org/images omnis/vocab_images/assets_images/object_hsk2_0553_classroom_centered_001.webp
object_hsk2_0554_fast_food_centered_001.webp,,,,/Users/mansur/universal_study_bot org/images omnis/vocab_images/assets_images/object_hsk2_0554_fast_food_centered_001.webp
object_hsk2_0555_hurry_up_centered_001.webp,,,,/Users/mansur/universal_study_bot org/images omnis/vocab_images/assets_images/object_hsk2_0555_hurry_up_centered_001.webp
object_hsk2_0556_about_to_centered_001.webp,,,,/Users/mansur/universal_study_bot org/images omnis/vocab_images/assets_images/object_hsk2_0556_about_to_centered_001.webp
object_hsk2_0557_blue_centered_001.webp,,,,/Users/mansur/universal_study_bot org/images omnis/vocab_images/assets_images/object_hsk2_0557_blue_centered_001.webp
object_hsk2_0558_basketball_centered_001.webp,,,,/Users/mansur/universal_study_bot org/images omnis/vocab_images/assets_images/object_hsk2_0558_basketball_centered_001.webp
object_hsk2_0559_old_age_centered_001.webp,,,,/Users/mansur/universal_study_bot org/images omnis/vocab_images/assets_images/object_hsk2_0559_old_age_centered_001.webp
object_hsk2_0560_old_friend_centered_001.webp,,,,/Users/mansur/universal_study_bot org/images omnis/vocab_images/assets_images/object_hsk2_0560_old_friend_centered_001.webp
object_hsk2_0561_always_centered_001.webp,,,,/Users/mansur/universal_study_bot org/images omnis/vocab_images/assets_images/object_hsk2_0561_always_centered_001.webp
object_hsk2_0562_inside_centered_001.webp,,,,/Users/mansur/universal_study_bot org/images omnis/vocab_images/assets_images/object_hsk2_0562_inside_centered_001.webp
object_hsk2_0563_example_centered_001.webp,,,,/Users/mansur/universal_study_bot org/images omnis/vocab_images/assets_images/object_hsk2_0563_example_centered_001.webp
object_hsk2_0564_to_practice_centered_001.webp,,,,/Users/mansur/universal_study_bot org/images omnis/vocab_images/assets_images/object_hsk2_0564_to_practice_centered_001.webp
object_hsk2_0565_cool_centered_001.webp,,,,/Users/mansur/universal_study_bot org/images omnis/vocab_images/assets_images/object_hsk2_0565_cool_centered_001.webp
object_hsk2_0566_below_zero_centered_001.webp,,,,/Users/mansur/universal_study_bot org/images omnis/vocab_images/assets_images/object_hsk2_0566_below_zero_centered_001.webp
object_hsk2_0567_to_leave_behind_centered_001.webp,,,,/Users/mansur/universal_study_bot org/images omnis/vocab_images/assets_images/object_hsk2_0567_to_leave_behind_centered_001.webp
object_hsk2_0568_international_student_centered_001.webp,,,,/Users/mansur/universal_study_bot org/images omnis/vocab_images/assets_images/object_hsk2_0568_international_student_centered_001.webp
object_hsk2_0569_flow_centered_001.webp,,,,/Users/mansur/universal_study_bot org/images omnis/vocab_images/assets_images/object_hsk2_0569_flow_centered_001.webp
object_hsk2_0570_roadside_centered_001.webp,,,,/Users/mansur/universal_study_bot org/images omnis/vocab_images/assets_images/object_hsk2_0570_roadside_centered_001.webp
object_hsk2_0571_traveler_centered_001.webp,,,,/Users/mansur/universal_study_bot org/images omnis/vocab_images/assets_images/object_hsk2_0571_traveler_centered_001.webp
object_hsk2_0572_green_color_centered_001.webp,,,,/Users/mansur/universal_study_bot org/images omnis/vocab_images/assets_images/object_hsk2_0572_green_color_centered_001.webp
object_hsk2_0573_face_or_surface_centered_001.webp,,,,/Users/mansur/universal_study_bot org/images omnis/vocab_images/assets_images/object_hsk2_0573_face_or_surface_centered_001.webp
object_hsk2_0574_in_front_of_centered_001.webp,,,,/Users/mansur/universal_study_bot org/images omnis/vocab_images/assets_images/object_hsk2_0574_in_front_of_centered_001.webp
object_hsk2_0575_name_centered_001.webp,,,,/Users/mansur/universal_study_bot org/images omnis/vocab_images/assets_images/object_hsk2_0575_name_centered_001.webp
object_hsk2_0576_name_centered_001.webp,,,,/Users/mansur/universal_study_bot org/images omnis/vocab_images/assets_images/object_hsk2_0576_name_centered_001.webp
object_hsk2_0577_list_of_names_centered_001.webp,,,,/Users/mansur/universal_study_bot org/images omnis/vocab_images/assets_images/object_hsk2_0577_list_of_names_centered_001.webp
object_hsk2_0578_take_out_centered_001.webp,,,,/Users/mansur/universal_study_bot org/images omnis/vocab_images/assets_images/object_hsk2_0578_take_out_centered_001.webp
object_hsk2_0579_to_obtain_centered_001.webp,,,,/Users/mansur/universal_study_bot org/images omnis/vocab_images/assets_images/object_hsk2_0579_to_obtain_centered_001.webp
object_hsk2_0580_at_that_time_centered_001.webp,,,,/Users/mansur/universal_study_bot org/images omnis/vocab_images/assets_images/object_hsk2_0580_at_that_time_centered_001.webp
object_hsk2_0581_then_centered_001.webp,,,,/Users/mansur/universal_study_bot org/images omnis/vocab_images/assets_images/object_hsk2_0581_then_centered_001.webp
object_hsk2_0582_that_time_centered_001.webp,,,,/Users/mansur/universal_study_bot org/images omnis/vocab_images/assets_images/object_hsk2_0582_that_time_centered_001.webp
object_hsk2_0583_that_way_centered_001.webp,,,,/Users/mansur/universal_study_bot org/images omnis/vocab_images/assets_images/object_hsk2_0583_that_way_centered_001.webp
object_hsk2_0584_south_centered_001.webp,,,,/Users/mansur/universal_study_bot org/images omnis/vocab_images/assets_images/object_hsk2_0584_south_centered_001.webp
object_hsk2_0585_ugly_centered_001.webp,,,,/Users/mansur/universal_study_bot org/images omnis/vocab_images/assets_images/object_hsk2_0585_ugly_centered_001.webp
object_hsk2_0586_difficult_problem_centered_001.webp,,,,/Users/mansur/universal_study_bot org/images omnis/vocab_images/assets_images/object_hsk2_0586_difficult_problem_centered_001.webp
object_hsk2_0587_hard_to_listen_to_centered_001.webp,,,,/Users/mansur/universal_study_bot org/images omnis/vocab_images/assets_images/object_hsk2_0587_hard_to_listen_to_centered_001.webp
object_hsk2_0588_be_able_to_centered_001.webp,,,,/Users/mansur/universal_study_bot org/images omnis/vocab_images/assets_images/object_hsk2_0588_be_able_to_centered_001.webp
object_hsk2_0589_to_crawl_centered_001.webp,,,,/Users/mansur/universal_study_bot org/images omnis/vocab_images/assets_images/object_hsk2_0589_to_crawl_centered_001.webp
object_hsk2_0590_fear_centered_001.webp,,,,/Users/mansur/universal_study_bot org/images omnis/vocab_images/assets_images/object_hsk2_0590_fear_centered_001.webp
object_hsk2_0591_to_arrange_or_line_up_centered_001.webp,,,,/Users/mansur/universal_study_bot org/images omnis/vocab_images/assets_images/object_hsk2_0591_to_arrange_or_line_up_centered_001.webp
object_hsk2_0592_volleyball_centered_001.webp,,,,/Users/mansur/universal_study_bot org/images omnis/vocab_images/assets_images/object_hsk2_0592_volleyball_centered_001.webp
object_hsk2_0593_to_encounter_centered_001.webp,,,,/Users/mansur/universal_study_bot org/images omnis/vocab_images/assets_images/object_hsk2_0593_to_encounter_centered_001.webp
object_hsk2_0594_to_meet_by_chance_centered_001.webp,,,,/Users/mansur/universal_study_bot org/images omnis/vocab_images/assets_images/object_hsk2_0594_to_meet_by_chance_centered_001.webp
object_hsk2_0595_bottle_centered_001.webp,,,,/Users/mansur/universal_study_bot org/images omnis/vocab_images/assets_images/object_hsk2_0595_bottle_centered_001.webp
object_hsk2_0596_common_centered_001.webp,,,,/Users/mansur/universal_study_bot org/images omnis/vocab_images/assets_images/object_hsk2_0596_common_centered_001.webp
object_hsk2_0597_riding_a_bicycle_centered_001.webp,,,,/Users/mansur/universal_study_bot org/images omnis/vocab_images/assets_images/object_hsk2_0597_riding_a_bicycle_centered_001.webp
object_hsk2_0598_air_centered_001.webp,,,,/Users/mansur/universal_study_bot org/images omnis/vocab_images/assets_images/object_hsk2_0598_air_centered_001.webp
object_hsk2_0599_air_temperature_centered_001.webp,,,,/Users/mansur/universal_study_bot org/images omnis/vocab_images/assets_images/object_hsk2_0599_air_temperature_centered_001.webp
object_hsk2_0600_kilogram_centered_001.webp,,,,/Users/mansur/universal_study_bot org/images omnis/vocab_images/assets_images/object_hsk2_0600_kilogram_centered_001.webp
object_hsk2_0601_the_year_before_last_centered_001.webp,,,,/Users/mansur/universal_study_bot org/images omnis/vocab_images/assets_images/object_hsk2_0601_the_year_before_last_centered_001.webp
object_hsk2_0602_youth_centered_001.webp,,,,/Users/mansur/universal_study_bot org/images omnis/vocab_images/assets_images/object_hsk2_0602_youth_centered_001.webp
object_hsk2_0603_sunny_day_centered_001.webp,,,,/Users/mansur/universal_study_bot org/images omnis/vocab_images/assets_images/object_hsk2_0603_sunny_day_centered_001.webp
object_hsk2_0604_to_treat_someone_to_a_meal_centered_001.webp,,,,/Users/mansur/universal_study_bot org/images omnis/vocab_images/assets_images/object_hsk2_0604_to_treat_someone_to_a_meal_centered_001.webp
object_hsk2_0605_autumn_centered_001.webp,,,,/Users/mansur/universal_study_bot org/images omnis/vocab_images/assets_images/object_hsk2_0605_autumn_centered_001.webp
object_hsk2_0606_to_seek_or_request_centered_001.webp,,,,/Users/mansur/universal_study_bot org/images omnis/vocab_images/assets_images/object_hsk2_0606_to_seek_or_request_centered_001.webp
object_hsk2_0607_sports_field_centered_001.webp,,,,/Users/mansur/universal_study_bot org/images omnis/vocab_images/assets_images/object_hsk2_0607_sports_field_centered_001.webp
object_hsk2_0608_team_centered_001.webp,,,,/Users/mansur/universal_study_bot org/images omnis/vocab_images/assets_images/object_hsk2_0608_team_centered_001.webp
object_hsk2_0609_sneakers_centered_001.webp,,,,/Users/mansur/universal_study_bot org/images omnis/vocab_images/assets_images/object_hsk2_0609_sneakers_centered_001.webp
object_hsk2_0610_to_obtain_centered_001.webp,,,,/Users/mansur/universal_study_bot org/images omnis/vocab_images/assets_images/object_hsk2_0610_to_obtain_centered_001.webp
object_hsk2_0611_whole_centered_001.webp,,,,/Users/mansur/universal_study_bot org/images omnis/vocab_images/assets_images/object_hsk2_0611_whole_centered_001.webp
object_hsk2_0612_nationwide_centered_001.webp,,,,/Users/mansur/universal_study_bot org/images omnis/vocab_images/assets_images/object_hsk2_0612_nationwide_centered_001.webp
object_hsk2_0613_whole_family_centered_001.webp,,,,/Users/mansur/universal_study_bot org/images omnis/vocab_images/assets_images/object_hsk2_0613_whole_family_centered_001.webp
object_hsk2_0614_whole_year_centered_001.webp,,,,/Users/mansur/universal_study_bot org/images omnis/vocab_images/assets_images/object_hsk2_0614_whole_year_centered_001.webp
object_hsk2_0615_whole_body_centered_001.webp,,,,/Users/mansur/universal_study_bot org/images omnis/vocab_images/assets_images/object_hsk2_0615_whole_body_centered_001.webp
object_hsk2_0616_entirety_centered_001.webp,,,,/Users/mansur/universal_study_bot org/images omnis/vocab_images/assets_images/object_hsk2_0616_entirety_centered_001.webp
object_hsk2_0617_people_centered_001.webp,,,,/Users/mansur/universal_study_bot org/images omnis/vocab_images/assets_images/object_hsk2_0617_people_centered_001.webp
object_hsk2_0618_number_of_people_centered_001.webp,,,,/Users/mansur/universal_study_bot org/images omnis/vocab_images/assets_images/object_hsk2_0618_number_of_people_centered_001.webp
object_hsk2_0619_daily_report_centered_001.webp,,,,/Users/mansur/universal_study_bot org/images omnis/vocab_images/assets_images/object_hsk2_0619_daily_report_centered_001.webp
object_hsk2_0620_merchant_centered_001.webp,,,,/Users/mansur/universal_study_bot org/images omnis/vocab_images/assets_images/object_hsk2_0620_merchant_centered_001.webp
object_hsk2_0621_last_week_centered_001.webp,,,,/Users/mansur/universal_study_bot org/images omnis/vocab_images/assets_images/object_hsk2_0621_last_week_centered_001.webp
object_hsk2_0622_minority_centered_001.webp,,,,/Users/mansur/universal_study_bot org/images omnis/vocab_images/assets_images/object_hsk2_0622_minority_centered_001.webp
object_hsk2_0623_youth_centered_001.webp,,,,/Users/mansur/universal_study_bot org/images omnis/vocab_images/assets_images/object_hsk2_0623_youth_centered_001.webp
object_hsk2_0624_beside_me_centered_001.webp,,,,/Users/mansur/universal_study_bot org/images omnis/vocab_images/assets_images/object_hsk2_0624_beside_me_centered_001.webp
object_hsk2_0625_what_kind_centered_001.webp,,,,/Users/mansur/universal_study_bot org/images omnis/vocab_images/assets_images/object_hsk2_0625_what_kind_centered_001.webp
object_hsk2_0626_to_be_born_centered_001.webp,,,,/Users/mansur/universal_study_bot org/images omnis/vocab_images/assets_images/object_hsk2_0626_to_be_born_centered_001.webp
object_hsk2_0627_new_vocabulary_centered_001.webp,,,,/Users/mansur/universal_study_bot org/images omnis/vocab_images/assets_images/object_hsk2_0627_new_vocabulary_centered_001.webp
object_hsk2_0628_city_centered_001.webp,,,,/Users/mansur/universal_study_bot org/images omnis/vocab_images/assets_images/object_hsk2_0628_city_centered_001.webp
object_hsk2_0629_mayor_centered_001.webp,,,,/Users/mansur/universal_study_bot org/images omnis/vocab_images/assets_images/object_hsk2_0629_mayor_centered_001.webp
object_hsk2_0630_received_centered_001.webp,,,,/Users/mansur/universal_study_bot org/images omnis/vocab_images/assets_images/object_hsk2_0630_received_centered_001.webp
object_hsk2_0631_ripe_or熟练_centered_001.webp,,,,/Users/mansur/universal_study_bot org/images omnis/vocab_images/assets_images/object_hsk2_0631_ripe_or熟练_centered_001.webp
object_hsk2_0632_delivered_to_centered_001.webp,,,,/Users/mansur/universal_study_bot org/images omnis/vocab_images/assets_images/object_hsk2_0632_delivered_to_centered_001.webp
object_hsk2_0633_give_to_centered_001.webp,,,,/Users/mansur/universal_study_bot org/images omnis/vocab_images/assets_images/object_hsk2_0633_give_to_centered_001.webp
object_hsk2_0634_to_calculate_centered_001.webp,,,,/Users/mansur/universal_study_bot org/images omnis/vocab_images/assets_images/object_hsk2_0634_to_calculate_centered_001.webp
object_hsk2_0635_they_for_non-human_objects_centered_001.webp,,,,/Users/mansur/universal_study_bot org/images omnis/vocab_images/assets_images/object_hsk2_0635_they_for_non-human_objects_centered_001.webp
object_hsk2_0636_to_propose_centered_001.webp,,,,/Users/mansur/universal_study_bot org/images omnis/vocab_images/assets_images/object_hsk2_0636_to_propose_centered_001.webp
object_hsk2_0637_to_mention_centered_001.webp,,,,/Users/mansur/universal_study_bot org/images omnis/vocab_images/assets_images/object_hsk2_0637_to_mention_centered_001.webp
object_hsk2_0638_stadium_centered_001.webp,,,,/Users/mansur/universal_study_bot org/images omnis/vocab_images/assets_images/object_hsk2_0638_stadium_centered_001.webp
object_hsk2_0639_gymnasium_centered_001.webp,,,,/Users/mansur/universal_study_bot org/images omnis/vocab_images/assets_images/object_hsk2_0639_gymnasium_centered_001.webp
object_hsk2_0640_in_the_sky_centered_001.webp,,,,/Users/mansur/universal_study_bot org/images omnis/vocab_images/assets_images/object_hsk2_0640_in_the_sky_centered_001.webp
object_hsk2_0641_listening_to_a_lecture_centered_001.webp,,,,/Users/mansur/universal_study_bot org/images omnis/vocab_images/assets_images/object_hsk2_0641_listening_to_a_lecture_centered_001.webp
object_hsk2_0642_to_hear_and_say_centered_001.webp,,,,/Users/mansur/universal_study_bot org/images omnis/vocab_images/assets_images/object_hsk2_0642_to_hear_and_say_centered_001.webp
object_hsk2_0643_parking_centered_001.webp,,,,/Users/mansur/universal_study_bot org/images omnis/vocab_images/assets_images/object_hsk2_0643_parking_centered_001.webp
object_hsk2_0644_parking_lot_centered_001.webp,,,,/Users/mansur/universal_study_bot org/images omnis/vocab_images/assets_images/object_hsk2_0644_parking_lot_centered_001.webp
object_hsk2_0645_pretty_good_centered_001.webp,,,,/Users/mansur/universal_study_bot org/images omnis/vocab_images/assets_images/object_hsk2_0645_pretty_good_centered_001.webp
object_hsk2_0646_to_communicate_centered_001.webp,,,,/Users/mansur/universal_study_bot org/images omnis/vocab_images/assets_images/object_hsk2_0646_to_communicate_centered_001.webp
object_hsk2_0647_the_same_centered_001.webp,,,,/Users/mansur/universal_study_bot org/images omnis/vocab_images/assets_images/object_hsk2_0647_the_same_centered_001.webp
object_hsk2_0648_head_centered_001.webp,,,,/Users/mansur/universal_study_bot org/images omnis/vocab_images/assets_images/object_hsk2_0648_head_centered_001.webp
object_hsk2_0649_head_centered_001.webp,,,,/Users/mansur/universal_study_bot org/images omnis/vocab_images/assets_images/object_hsk2_0649_head_centered_001.webp
object_hsk2_0650_image_centered_001.webp,,,,/Users/mansur/universal_study_bot org/images omnis/vocab_images/assets_images/object_hsk2_0650_image_centered_001.webp
object_hsk2_0651_outside_area_centered_001.webp,,,,/Users/mansur/universal_study_bot org/images omnis/vocab_images/assets_images/object_hsk2_0651_outside_area_centered_001.webp
object_hsk2_0652_takeout_centered_001.webp,,,,/Users/mansur/universal_study_bot org/images omnis/vocab_images/assets_images/object_hsk2_0652_takeout_centered_001.webp
object_hsk2_0653_good_night_centered_001.webp,,,,/Users/mansur/universal_study_bot org/images omnis/vocab_images/assets_images/object_hsk2_0653_good_night_centered_001.webp
object_hsk2_0654_evening_newspaper_centered_001.webp,,,,/Users/mansur/universal_study_bot org/images omnis/vocab_images/assets_images/object_hsk2_0654_evening_newspaper_centered_001.webp
object_hsk2_0655_dinner_centered_001.webp,,,,/Users/mansur/universal_study_bot org/images omnis/vocab_images/assets_images/object_hsk2_0655_dinner_centered_001.webp
object_hsk2_0656_evening_party_centered_001.webp,,,,/Users/mansur/universal_study_bot org/images omnis/vocab_images/assets_images/object_hsk2_0656_evening_party_centered_001.webp
object_hsk2_0657_net_centered_001.webp,,,,/Users/mansur/universal_study_bot org/images omnis/vocab_images/assets_images/object_hsk2_0657_net_centered_001.webp
object_hsk2_0658_ask_for_directions_centered_001.webp,,,,/Users/mansur/universal_study_bot org/images omnis/vocab_images/assets_images/object_hsk2_0658_ask_for_directions_centered_001.webp
object_hsk2_0659_lunch_centered_001.webp,,,,/Users/mansur/universal_study_bot org/images omnis/vocab_images/assets_images/object_hsk2_0659_lunch_centered_001.webp
object_hsk2_0660_nap_centered_001.webp,,,,/Users/mansur/universal_study_bot org/images omnis/vocab_images/assets_images/object_hsk2_0660_nap_centered_001.webp
object_hsk2_0661_northwest_centered_001.webp,,,,/Users/mansur/universal_study_bot org/images omnis/vocab_images/assets_images/object_hsk2_0661_northwest_centered_001.webp
object_hsk2_0662_western_cuisine_centered_001.webp,,,,/Users/mansur/universal_study_bot org/images omnis/vocab_images/assets_images/object_hsk2_0662_western_cuisine_centered_001.webp
object_hsk2_0663_the_west_centered_001.webp,,,,/Users/mansur/universal_study_bot org/images omnis/vocab_images/assets_images/object_hsk2_0663_the_west_centered_001.webp
object_hsk2_0664_southwest_centered_001.webp,,,,/Users/mansur/universal_study_bot org/images omnis/vocab_images/assets_images/object_hsk2_0664_southwest_centered_001.webp
object_hsk2_0665_western_medicine_centered_001.webp,,,,/Users/mansur/universal_study_bot org/images omnis/vocab_images/assets_images/object_hsk2_0665_western_medicine_centered_001.webp
object_hsk2_0666_washing_machine_centered_001.webp,,,,/Users/mansur/universal_study_bot org/images omnis/vocab_images/assets_images/object_hsk2_0666_washing_machine_centered_001.webp
object_hsk2_0667_to_snow_centered_001.webp,,,,/Users/mansur/universal_study_bot org/images omnis/vocab_images/assets_images/object_hsk2_0667_to_snow_centered_001.webp
object_hsk2_0668_next_week_centered_001.webp,,,,/Users/mansur/universal_study_bot org/images omnis/vocab_images/assets_images/object_hsk2_0668_next_week_centered_001.webp
object_hsk2_0669_summer_centered_001.webp,,,,/Users/mansur/universal_study_bot org/images omnis/vocab_images/assets_images/object_hsk2_0669_summer_centered_001.webp
object_hsk2_0670_to_think_of_centered_001.webp,,,,/Users/mansur/universal_study_bot org/images omnis/vocab_images/assets_images/object_hsk2_0670_to_think_of_centered_001.webp
object_hsk2_0671_idea_centered_001.webp,,,,/Users/mansur/universal_study_bot org/images omnis/vocab_images/assets_images/object_hsk2_0671_idea_centered_001.webp
object_hsk2_0672_to_remember_centered_001.webp,,,,/Users/mansur/universal_study_bot org/images omnis/vocab_images/assets_images/object_hsk2_0672_to_remember_centered_001.webp
object_hsk2_0673_camera_centered_001.webp,,,,/Users/mansur/universal_study_bot org/images omnis/vocab_images/assets_images/object_hsk2_0673_camera_centered_001.webp
object_hsk2_0674_soft_voice_centered_001.webp,,,,/Users/mansur/universal_study_bot org/images omnis/vocab_images/assets_images/object_hsk2_0674_soft_voice_centered_001.webp
object_hsk2_0675_when_i_was_young_centered_001.webp,,,,/Users/mansur/universal_study_bot org/images omnis/vocab_images/assets_images/object_hsk2_0675_when_i_was_young_centered_001.webp
object_hsk2_0676_small_group_centered_001.webp,,,,/Users/mansur/universal_study_bot org/images omnis/vocab_images/assets_images/object_hsk2_0676_small_group_centered_001.webp
object_hsk2_0677_campus_centered_001.webp,,,,/Users/mansur/universal_study_bot org/images omnis/vocab_images/assets_images/object_hsk2_0677_campus_centered_001.webp
object_hsk2_0678_joke_centered_001.webp,,,,/Users/mansur/universal_study_bot org/images omnis/vocab_images/assets_images/object_hsk2_0678_joke_centered_001.webp
object_hsk2_0679_shoes_centered_001.webp,,,,/Users/mansur/universal_study_bot org/images omnis/vocab_images/assets_images/object_hsk2_0679_shoes_centered_001.webp
object_hsk2_0680_in_ones_heart_centered_001.webp,,,,/Users/mansur/universal_study_bot org/images omnis/vocab_images/assets_images/object_hsk2_0680_in_ones_heart_centered_001.webp
object_hsk2_0681_in_ones_heart_centered_001.webp,,,,/Users/mansur/universal_study_bot org/images omnis/vocab_images/assets_images/object_hsk2_0681_in_ones_heart_centered_001.webp
object_hsk2_0682_trust_centered_001.webp,,,,/Users/mansur/universal_study_bot org/images omnis/vocab_images/assets_images/object_hsk2_0682_trust_centered_001.webp
object_hsk2_0683_star_centered_001.webp,,,,/Users/mansur/universal_study_bot org/images omnis/vocab_images/assets_images/object_hsk2_0683_star_centered_001.webp
object_hsk2_0684_full_name_centered_001.webp,,,,/Users/mansur/universal_study_bot org/images omnis/vocab_images/assets_images/object_hsk2_0684_full_name_centered_001.webp
object_hsk2_0685_vacation_centered_001.webp,,,,/Users/mansur/universal_study_bot org/images omnis/vocab_images/assets_images/object_hsk2_0685_vacation_centered_001.webp
object_hsk2_0686_to_choose_centered_001.webp,,,,/Users/mansur/universal_study_bot org/images omnis/vocab_images/assets_images/object_hsk2_0686_to_choose_centered_001.webp
object_hsk2_0687_eye_centered_001.webp,,,,/Users/mansur/universal_study_bot org/images omnis/vocab_images/assets_images/object_hsk2_0687_eye_centered_001.webp
object_hsk2_0688_to_raise_or_nurture_centered_001.webp,,,,/Users/mansur/universal_study_bot org/images omnis/vocab_images/assets_images/object_hsk2_0688_to_raise_or_nurture_centered_001.webp
object_hsk2_0689_pharmacy_centered_001.webp,,,,/Users/mansur/universal_study_bot org/images omnis/vocab_images/assets_images/object_hsk2_0689_pharmacy_centered_001.webp
object_hsk2_0690_tablet_centered_001.webp,,,,/Users/mansur/universal_study_bot org/images omnis/vocab_images/assets_images/object_hsk2_0690_tablet_centered_001.webp
object_hsk2_0691_medicinal_liquid_centered_001.webp,,,,/Users/mansur/universal_study_bot org/images omnis/vocab_images/assets_images/object_hsk2_0691_medicinal_liquid_centered_001.webp
object_hsk2_0692_at_night_centered_001.webp,,,,/Users/mansur/universal_study_bot org/images omnis/vocab_images/assets_images/object_hsk2_0692_at_night_centered_001.webp
object_hsk2_0693_a_part_centered_001.webp,,,,/Users/mansur/universal_study_bot org/images omnis/vocab_images/assets_images/object_hsk2_0693_a_part_centered_001.webp
object_hsk2_0694_safe_travels_centered_001.webp,,,,/Users/mansur/universal_study_bot org/images omnis/vocab_images/assets_images/object_hsk2_0694_safe_travels_centered_001.webp
object_hsk2_0695_safe_travels_centered_001.webp,,,,/Users/mansur/universal_study_bot org/images omnis/vocab_images/assets_images/object_hsk2_0695_safe_travels_centered_001.webp
object_hsk2_0696_afterwards_centered_001.webp,,,,/Users/mansur/universal_study_bot org/images omnis/vocab_images/assets_images/object_hsk2_0696_afterwards_centered_001.webp
object_hsk2_0697_above_centered_001.webp,,,,/Users/mansur/universal_study_bot org/images omnis/vocab_images/assets_images/object_hsk2_0697_above_centered_001.webp
object_hsk2_0698_outside_of_centered_001.webp,,,,/Users/mansur/universal_study_bot org/images omnis/vocab_images/assets_images/object_hsk2_0698_outside_of_centered_001.webp
object_hsk2_0699_below_centered_001.webp,,,,/Users/mansur/universal_study_bot org/images omnis/vocab_images/assets_images/object_hsk2_0699_below_centered_001.webp
object_hsk2_0700_a_little_bit_centered_001.webp,,,,/Users/mansur/universal_study_bot org/images omnis/vocab_images/assets_images/object_hsk2_0700_a_little_bit_centered_001.webp
object_hsk2_0701_a_lifetime_centered_001.webp,,,,/Users/mansur/universal_study_bot org/images omnis/vocab_images/assets_images/object_hsk2_0701_a_lifetime_centered_001.webp
object_hsk2_0702_overcast_day_centered_001.webp,,,,/Users/mansur/universal_study_bot org/images omnis/vocab_images/assets_images/object_hsk2_0702_overcast_day_centered_001.webp
object_hsk2_0703_syllable_centered_001.webp,,,,/Users/mansur/universal_study_bot org/images omnis/vocab_images/assets_images/object_hsk2_0703_syllable_centered_001.webp
object_hsk2_0704_concert_centered_001.webp,,,,/Users/mansur/universal_study_bot org/images omnis/vocab_images/assets_images/object_hsk2_0704_concert_centered_001.webp
object_hsk2_0705_bank_card_centered_001.webp,,,,/Users/mansur/universal_study_bot org/images omnis/vocab_images/assets_images/object_hsk2_0705_bank_card_centered_001.webp
object_hsk2_0706_english_language_centered_001.webp,,,,/Users/mansur/universal_study_bot org/images omnis/vocab_images/assets_images/object_hsk2_0706_english_language_centered_001.webp
object_hsk2_0707_english_language_centered_001.webp,,,,/Users/mansur/universal_study_bot org/images omnis/vocab_images/assets_images/object_hsk2_0707_english_language_centered_001.webp
object_hsk2_0708_film_or_video_centered_001.webp,,,,/Users/mansur/universal_study_bot org/images omnis/vocab_images/assets_images/object_hsk2_0708_film_or_video_centered_001.webp
object_hsk2_0709_oil_centered_001.webp,,,,/Users/mansur/universal_study_bot org/images omnis/vocab_images/assets_images/object_hsk2_0709_oil_centered_001.webp
object_hsk2_0710_tourist_centered_001.webp,,,,/Users/mansur/universal_study_bot org/images omnis/vocab_images/assets_images/object_hsk2_0710_tourist_centered_001.webp
object_hsk2_0711_to_have_free_time_centered_001.webp,,,,/Users/mansur/universal_study_bot org/images omnis/vocab_images/assets_images/object_hsk2_0711_to_have_free_time_centered_001.webp
object_hsk2_0712_there_is_someone_centered_001.webp,,,,/Users/mansur/universal_study_bot org/images omnis/vocab_images/assets_images/object_hsk2_0712_there_is_someone_centered_001.webp
object_hsk2_0713_a_little_bit_centered_001.webp,,,,/Users/mansur/universal_study_bot org/images omnis/vocab_images/assets_images/object_hsk2_0713_a_little_bit_centered_001.webp
object_hsk2_0714_interesting_centered_001.webp,,,,/Users/mansur/universal_study_bot org/images omnis/vocab_images/assets_images/object_hsk2_0714_interesting_centered_001.webp
object_hsk2_0715_courtyard_centered_001.webp,,,,/Users/mansur/universal_study_bot org/images omnis/vocab_images/assets_images/object_hsk2_0715_courtyard_centered_001.webp
object_hsk2_0716_dean_centered_001.webp,,,,/Users/mansur/universal_study_bot org/images omnis/vocab_images/assets_images/object_hsk2_0716_dean_centered_001.webp
object_hsk2_0717_courtyard_centered_001.webp,,,,/Users/mansur/universal_study_bot org/images omnis/vocab_images/assets_images/object_hsk2_0717_courtyard_centered_001.webp
object_hsk2_0718_month_centered_001.webp,,,,/Users/mansur/universal_study_bot org/images omnis/vocab_images/assets_images/object_hsk2_0718_month_centered_001.webp
object_hsk2_0719_increasingly_centered_001.webp,,,,/Users/mansur/universal_study_bot org/images omnis/vocab_images/assets_images/object_hsk2_0719_increasingly_centered_001.webp
object_hsk2_0720_we_inclusive_centered_001.webp,,,,/Users/mansur/universal_study_bot org/images omnis/vocab_images/assets_images/object_hsk2_0720_we_inclusive_centered_001.webp
object_hsk2_0721_breakfast_centered_001.webp,,,,/Users/mansur/universal_study_bot org/images omnis/vocab_images/assets_images/object_hsk2_0721_breakfast_centered_001.webp
object_hsk2_0722_morning_centered_001.webp,,,,/Users/mansur/universal_study_bot org/images omnis/vocab_images/assets_images/object_hsk2_0722_morning_centered_001.webp
object_hsk2_0723_long_ago_centered_001.webp,,,,/Users/mansur/universal_study_bot org/images omnis/vocab_images/assets_images/object_hsk2_0723_long_ago_centered_001.webp
object_hsk2_0724_what_to_do_centered_001.webp,,,,/Users/mansur/universal_study_bot org/images omnis/vocab_images/assets_images/object_hsk2_0724_what_to_do_centered_001.webp
object_hsk2_0725_how_centered_001.webp,,,,/Users/mansur/universal_study_bot org/images omnis/vocab_images/assets_images/object_hsk2_0725_how_centered_001.webp
object_hsk2_0726_stop_centered_001.webp,,,,/Users/mansur/universal_study_bot org/images omnis/vocab_images/assets_images/object_hsk2_0726_stop_centered_001.webp
object_hsk2_0727_to_grow_up_centered_001.webp,,,,/Users/mansur/universal_study_bot org/images omnis/vocab_images/assets_images/object_hsk2_0727_to_grow_up_centered_001.webp
object_hsk2_0728_find_out_centered_001.webp,,,,/Users/mansur/universal_study_bot org/images omnis/vocab_images/assets_images/object_hsk2_0728_find_out_centered_001.webp
object_hsk2_0729_taking_a_photograph_centered_001.webp,,,,/Users/mansur/universal_study_bot org/images omnis/vocab_images/assets_images/object_hsk2_0729_taking_a_photograph_centered_001.webp
object_hsk2_0730_this_way_centered_001.webp,,,,/Users/mansur/universal_study_bot org/images omnis/vocab_images/assets_images/object_hsk2_0730_this_way_centered_001.webp
object_hsk2_0731_at_this_time_centered_001.webp,,,,/Users/mansur/universal_study_bot org/images omnis/vocab_images/assets_images/object_hsk2_0731_at_this_time_centered_001.webp
object_hsk2_0732_this_way_centered_001.webp,,,,/Users/mansur/universal_study_bot org/images omnis/vocab_images/assets_images/object_hsk2_0732_this_way_centered_001.webp
object_hsk2_0733_exactly_centered_001.webp,,,,/Users/mansur/universal_study_bot org/images omnis/vocab_images/assets_images/object_hsk2_0733_exactly_centered_001.webp
object_hsk2_0734_can_only_centered_001.webp,,,,/Users/mansur/universal_study_bot org/images omnis/vocab_images/assets_images/object_hsk2_0734_can_only_centered_001.webp
object_hsk2_0735_paper_centered_001.webp,,,,/Users/mansur/universal_study_bot org/images omnis/vocab_images/assets_images/object_hsk2_0735_paper_centered_001.webp
object_hsk2_0736_chinese_cuisine_centered_001.webp,,,,/Users/mansur/universal_study_bot org/images omnis/vocab_images/assets_images/object_hsk2_0736_chinese_cuisine_centered_001.webp
object_hsk2_0737_intermediate_level_centered_001.webp,,,,/Users/mansur/universal_study_bot org/images omnis/vocab_images/assets_images/object_hsk2_0737_intermediate_level_centered_001.webp
object_hsk2_0738_middle_age_centered_001.webp,,,,/Users/mansur/universal_study_bot org/images omnis/vocab_images/assets_images/object_hsk2_0738_middle_age_centered_001.webp
object_hsk2_0739_primary_and_secondary_schools_centered_001.webp,,,,/Users/mansur/universal_study_bot org/images omnis/vocab_images/assets_images/object_hsk2_0739_primary_and_secondary_schools_centered_001.webp
object_hsk2_0740_traditional_chinese_medicine_centered_001.webp,,,,/Users/mansur/universal_study_bot org/images omnis/vocab_images/assets_images/object_hsk2_0740_traditional_chinese_medicine_centered_001.webp
object_hsk2_0741_week_centered_001.webp,,,,/Users/mansur/universal_study_bot org/images omnis/vocab_images/assets_images/object_hsk2_0741_week_centered_001.webp
object_hsk2_0742_housing_centered_001.webp,,,,/Users/mansur/universal_study_bot org/images omnis/vocab_images/assets_images/object_hsk2_0742_housing_centered_001.webp
object_hsk2_0743_hospitalization_centered_001.webp,,,,/Users/mansur/universal_study_bot org/images omnis/vocab_images/assets_images/object_hsk2_0743_hospitalization_centered_001.webp
object_hsk2_0744_dictionary_centered_001.webp,,,,/Users/mansur/universal_study_bot org/images omnis/vocab_images/assets_images/object_hsk2_0744_dictionary_centered_001.webp
object_hsk2_0745_walked_past_centered_001.webp,,,,/Users/mansur/universal_study_bot org/images omnis/vocab_images/assets_images/object_hsk2_0745_walked_past_centered_001.webp
object_hsk2_0746_walk_in_centered_001.webp,,,,/Users/mansur/universal_study_bot org/images omnis/vocab_images/assets_images/object_hsk2_0746_walk_in_centered_001.webp
object_hsk2_0747_go_away_centered_001.webp,,,,/Users/mansur/universal_study_bot org/images omnis/vocab_images/assets_images/object_hsk2_0747_go_away_centered_001.webp
object_hsk2_0748_team_leader_centered_001.webp,,,,/Users/mansur/universal_study_bot org/images omnis/vocab_images/assets_images/object_hsk2_0748_team_leader_centered_001.webp
object_hsk2_0749_to_achieve_centered_001.webp,,,,/Users/mansur/universal_study_bot org/images omnis/vocab_images/assets_images/object_hsk2_0749_to_achieve_centered_001.webp
object_hsk2_0750_method_centered_001.webp,,,,/Users/mansur/universal_study_bot org/images omnis/vocab_images/assets_images/object_hsk2_0750_method_centered_001.webp
object_hsk2_0751_cooking_centered_001.webp,,,,/Users/mansur/universal_study_bot org/images omnis/vocab_images/assets_images/object_hsk2_0751_cooking_centered_001.webp
object_hsk3_0001_behind_centered_001.webp,,,,/Users/mansur/universal_study_bot org/images omnis/vocab_images/assets_images/object_hsk3_0001_behind_centered_001.webp
object_hsk3_0003_coffee_centered_001.webp,,,,/Users/mansur/universal_study_bot org/images omnis/vocab_images/assets_images/object_hsk3_0003_coffee_centered_001.webp
object_hsk3_0004_to_begin_centered_001.webp,,,,/Users/mansur/universal_study_bot org/images omnis/vocab_images/assets_images/object_hsk3_0004_to_begin_centered_001.webp
object_hsk3_0005_every_centered_001.webp,,,,/Users/mansur/universal_study_bot org/images omnis/vocab_images/assets_images/object_hsk3_0005_every_centered_001.webp
object_hsk3_0007_dance_centered_001.webp,,,,/Users/mansur/universal_study_bot org/images omnis/vocab_images/assets_images/object_hsk3_0007_dance_centered_001.webp
object_hsk3_0008_hope_centered_001.webp,,,,/Users/mansur/universal_study_bot org/images omnis/vocab_images/assets_images/object_hsk3_0008_hope_centered_001.webp
object_hsk3_0010_to_hold_or_take_centered_001.webp,,,,/Users/mansur/universal_study_bot org/images omnis/vocab_images/assets_images/object_hsk3_0010_to_hold_or_take_centered_001.webp
object_hsk3_0011_to_move_or_transport_something_centered_001.webp,,,,/Users/mansur/universal_study_bot org/images omnis/vocab_images/assets_images/object_hsk3_0011_to_move_or_transport_something_centered_001.webp
object_hsk3_0012_by_centered_001.webp,,,,/Users/mansur/universal_study_bot org/images omnis/vocab_images/assets_images/object_hsk3_0012_by_centered_001.webp
object_hsk3_0013_comparison_centered_001.webp,,,,/Users/mansur/universal_study_bot org/images omnis/vocab_images/assets_images/object_hsk3_0013_comparison_centered_001.webp
object_hsk3_0014_competition_centered_001.webp,,,,/Users/mansur/universal_study_bot org/images omnis/vocab_images/assets_images/object_hsk3_0014_competition_centered_001.webp
object_hsk3_0015_change_centered_001.webp,,,,/Users/mansur/universal_study_bot org/images omnis/vocab_images/assets_images/object_hsk3_0015_change_centered_001.webp
object_hsk3_0016_shirt_centered_001.webp,,,,/Users/mansur/universal_study_bot org/images omnis/vocab_images/assets_images/object_hsk3_0016_shirt_centered_001.webp
object_hsk3_0017_city_centered_001.webp,,,,/Users/mansur/universal_study_bot org/images omnis/vocab_images/assets_images/object_hsk3_0017_city_centered_001.webp
object_hsk3_0018_besides_centered_001.webp,,,,/Users/mansur/universal_study_bot org/images omnis/vocab_images/assets_images/object_hsk3_0018_besides_centered_001.webp
object_hsk3_0019_of_course_centered_001.webp,,,,/Users/mansur/universal_study_bot org/images omnis/vocab_images/assets_images/object_hsk3_0019_of_course_centered_001.webp
object_hsk3_0020_email_centered_001.webp,,,,/Users/mansur/universal_study_bot org/images omnis/vocab_images/assets_images/object_hsk3_0020_email_centered_001.webp
object_hsk3_0021_cold_centered_001.webp,,,,/Users/mansur/universal_study_bot org/images omnis/vocab_images/assets_images/object_hsk3_0021_cold_centered_001.webp
object_hsk3_0022_relationship_centered_001.webp,,,,/Users/mansur/universal_study_bot org/images omnis/vocab_images/assets_images/object_hsk3_0022_relationship_centered_001.webp
object_hsk3_0023_fear_centered_001.webp,,,,/Users/mansur/universal_study_bot org/images omnis/vocab_images/assets_images/object_hsk3_0023_fear_centered_001.webp
object_hsk3_0024_environment_centered_001.webp,,,,/Users/mansur/universal_study_bot org/images omnis/vocab_images/assets_images/object_hsk3_0024_environment_centered_001.webp
object_hsk3_0025_meeting_centered_001.webp,,,,/Users/mansur/universal_study_bot org/images omnis/vocab_images/assets_images/object_hsk3_0025_meeting_centered_001.webp
object_hsk3_0026_simple_centered_001.webp,,,,/Users/mansur/universal_study_bot org/images omnis/vocab_images/assets_images/object_hsk3_0026_simple_centered_001.webp
object_hsk3_0027_get_married_centered_001.webp,,,,/Users/mansur/universal_study_bot org/images omnis/vocab_images/assets_images/object_hsk3_0027_get_married_centered_001.webp
object_hsk3_0028_end_centered_001.webp,,,,/Users/mansur/universal_study_bot org/images omnis/vocab_images/assets_images/object_hsk3_0028_end_centered_001.webp
object_hsk3_0029_to_solve_centered_001.webp,,,,/Users/mansur/universal_study_bot org/images omnis/vocab_images/assets_images/object_hsk3_0029_to_solve_centered_001.webp
object_hsk3_0030_long_time_centered_001.webp,,,,/Users/mansur/universal_study_bot org/images omnis/vocab_images/assets_images/object_hsk3_0030_long_time_centered_001.webp
object_hsk3_0031_old_centered_001.webp,,,,/Users/mansur/universal_study_bot org/images omnis/vocab_images/assets_images/object_hsk3_0031_old_centered_001.webp
object_hsk3_0032_decision_centered_001.webp,,,,/Users/mansur/universal_study_bot org/images omnis/vocab_images/assets_images/object_hsk3_0032_decision_centered_001.webp
object_hsk3_0033_air_conditioner_centered_001.webp,,,,/Users/mansur/universal_study_bot org/images omnis/vocab_images/assets_images/object_hsk3_0033_air_conditioner_centered_001.webp
object_hsk3_0034_pants_centered_001.webp,,,,/Users/mansur/universal_study_bot org/images omnis/vocab_images/assets_images/object_hsk3_0034_pants_centered_001.webp
object_hsk3_0035_study_abroad_centered_001.webp,,,,/Users/mansur/universal_study_bot org/images omnis/vocab_images/assets_images/object_hsk3_0035_study_abroad_centered_001.webp
object_hsk3_0036_horse_centered_001.webp,,,,/Users/mansur/universal_study_bot org/images omnis/vocab_images/assets_images/object_hsk3_0036_horse_centered_001.webp
object_hsk3_0037_fat_centered_001.webp,,,,/Users/mansur/universal_study_bot org/images omnis/vocab_images/assets_images/object_hsk3_0037_fat_centered_001.webp
object_hsk3_0038_beer_centered_001.webp,,,,/Users/mansur/universal_study_bot org/images omnis/vocab_images/assets_images/object_hsk3_0038_beer_centered_001.webp
object_hsk3_0039_actually_centered_001.webp,,,,/Users/mansur/universal_study_bot org/images omnis/vocab_images/assets_images/object_hsk3_0039_actually_centered_001.webp
object_hsk3_0040_strange_centered_001.webp,,,,/Users/mansur/universal_study_bot org/images omnis/vocab_images/assets_images/object_hsk3_0040_strange_centered_001.webp
object_hsk3_0041_skirt_centered_001.webp,,,,/Users/mansur/universal_study_bot org/images omnis/vocab_images/assets_images/object_hsk3_0041_skirt_centered_001.webp
object_hsk3_0042_easy_centered_001.webp,,,,/Users/mansur/universal_study_bot org/images omnis/vocab_images/assets_images/object_hsk3_0042_easy_centered_001.webp
object_hsk3_0043_world_centered_001.webp,,,,/Users/mansur/universal_study_bot org/images omnis/vocab_images/assets_images/object_hsk3_0043_world_centered_001.webp
object_hsk3_0044_double_centered_001.webp,,,,/Users/mansur/universal_study_bot org/images omnis/vocab_images/assets_images/object_hsk3_0044_double_centered_001.webp
object_hsk3_0045_sweet_centered_001.webp,,,,/Users/mansur/universal_study_bot org/images omnis/vocab_images/assets_images/object_hsk3_0045_sweet_centered_001.webp
object_hsk3_0046_agree_centered_001.webp,,,,/Users/mansur/universal_study_bot org/images omnis/vocab_images/assets_images/object_hsk3_0046_agree_centered_001.webp
object_hsk3_0047_suddenly_centered_001.webp,,,,/Users/mansur/universal_study_bot org/images omnis/vocab_images/assets_images/object_hsk3_0047_suddenly_centered_001.webp
object_hsk3_0048_in_order_to_centered_001.webp,,,,/Users/mansur/universal_study_bot org/images omnis/vocab_images/assets_images/object_hsk3_0048_in_order_to_centered_001.webp
object_hsk3_0049_culture_centered_001.webp,,,,/Users/mansur/universal_study_bot org/images omnis/vocab_images/assets_images/object_hsk3_0049_culture_centered_001.webp
object_hsk3_0050_banana_centered_001.webp,,,,/Users/mansur/universal_study_bot org/images omnis/vocab_images/assets_images/object_hsk3_0050_banana_centered_001.webp
object_hsk3_0051_to_need_centered_001.webp,,,,/Users/mansur/universal_study_bot org/images omnis/vocab_images/assets_images/object_hsk3_0051_to_need_centered_001.webp
object_hsk3_0052_game_centered_001.webp,,,,/Users/mansur/universal_study_bot org/images omnis/vocab_images/assets_images/object_hsk3_0052_game_centered_001.webp
object_hsk3_0053_to_open_or_spread_out_centered_001.webp,,,,/Users/mansur/universal_study_bot org/images omnis/vocab_images/assets_images/object_hsk3_0053_to_open_or_spread_out_centered_001.webp
object_hsk3_0055_finally_centered_001.webp,,,,/Users/mansur/universal_study_bot org/images omnis/vocab_images/assets_images/object_hsk3_0055_finally_centered_001.webp
object_hsk3_0057_attention_centered_001.webp,,,,/Users/mansur/universal_study_bot org/images omnis/vocab_images/assets_images/object_hsk3_0057_attention_centered_001.webp
object_hsk3_0058_always_centered_001.webp,,,,/Users/mansur/universal_study_bot org/images omnis/vocab_images/assets_images/object_hsk3_0058_always_centered_001.webp
object_hsk3_0059_arrangement_centered_001.webp,,,,/Users/mansur/universal_study_bot org/images omnis/vocab_images/assets_images/object_hsk3_0059_arrangement_centered_001.webp
object_hsk3_0061_protection_centered_001.webp,,,,/Users/mansur/universal_study_bot org/images omnis/vocab_images/assets_images/object_hsk3_0061_protection_centered_001.webp
object_hsk3_0062_guarantee_centered_001.webp,,,,/Users/mansur/universal_study_bot org/images omnis/vocab_images/assets_images/object_hsk3_0062_guarantee_centered_001.webp
object_hsk3_0064_standard_centered_001.webp,,,,/Users/mansur/universal_study_bot org/images omnis/vocab_images/assets_images/object_hsk3_0064_standard_centered_001.webp
object_hsk3_0065_form_centered_001.webp,,,,/Users/mansur/universal_study_bot org/images omnis/vocab_images/assets_images/object_hsk3_0065_form_centered_001.webp
object_hsk3_0066_performance_centered_001.webp,,,,/Users/mansur/universal_study_bot org/images omnis/vocab_images/assets_images/object_hsk3_0066_performance_centered_001.webp
object_hsk3_0067_and_centered_001.webp,,,,/Users/mansur/universal_study_bot org/images omnis/vocab_images/assets_images/object_hsk3_0067_and_centered_001.webp
object_hsk3_0068_have_to_centered_001.webp,,,,/Users/mansur/universal_study_bot org/images omnis/vocab_images/assets_images/object_hsk3_0068_have_to_centered_001.webp
object_hsk3_0069_not_only_centered_001.webp,,,,/Users/mansur/universal_study_bot org/images omnis/vocab_images/assets_images/object_hsk3_0069_not_only_centered_001.webp
object_hsk3_0070_great_wall_centered_001.webp,,,,/Users/mansur/universal_study_bot org/images omnis/vocab_images/assets_images/object_hsk3_0070_great_wall_centered_001.webp
object_hsk3_0071_success_centered_001.webp,,,,/Users/mansur/universal_study_bot org/images omnis/vocab_images/assets_images/object_hsk3_0071_success_centered_001.webp
object_hsk3_0072_always_centered_001.webp,,,,/Users/mansur/universal_study_bot org/images omnis/vocab_images/assets_images/object_hsk3_0072_always_centered_001.webp
object_hsk3_0073_to_store_centered_001.webp,,,,/Users/mansur/universal_study_bot org/images omnis/vocab_images/assets_images/object_hsk3_0073_to_store_centered_001.webp
object_hsk3_0074_error_centered_001.webp,,,,/Users/mansur/universal_study_bot org/images omnis/vocab_images/assets_images/object_hsk3_0074_error_centered_001.webp
object_hsk3_0075_approximately_centered_001.webp,,,,/Users/mansur/universal_study_bot org/images omnis/vocab_images/assets_images/object_hsk3_0075_approximately_centered_001.webp
object_hsk3_0076_embassy_centered_001.webp,,,,/Users/mansur/universal_study_bot org/images omnis/vocab_images/assets_images/object_hsk3_0076_embassy_centered_001.webp
object_hsk3_0077_approximately_centered_001.webp,,,,/Users/mansur/universal_study_bot org/images omnis/vocab_images/assets_images/object_hsk3_0077_approximately_centered_001.webp
object_hsk3_0078_doctor_centered_001.webp,,,,/Users/mansur/universal_study_bot org/images omnis/vocab_images/assets_images/object_hsk3_0078_doctor_centered_001.webp
object_hsk3_0079_knife_centered_001.webp,,,,/Users/mansur/universal_study_bot org/images omnis/vocab_images/assets_images/object_hsk3_0079_knife_centered_001.webp
object_hsk3_0081_investigation_centered_001.webp,,,,/Users/mansur/universal_study_bot org/images omnis/vocab_images/assets_images/object_hsk3_0081_investigation_centered_001.webp
object_hsk3_0082_to_occur_centered_001.webp,,,,/Users/mansur/universal_study_bot org/images omnis/vocab_images/assets_images/object_hsk3_0082_to_occur_centered_001.webp
object_hsk3_0083_development_centered_001.webp,,,,/Users/mansur/universal_study_bot org/images omnis/vocab_images/assets_images/object_hsk3_0083_development_centered_001.webp
object_hsk3_0084_oppose_centered_001.webp,,,,/Users/mansur/universal_study_bot org/images omnis/vocab_images/assets_images/object_hsk3_0084_oppose_centered_001.webp
object_hsk3_0085_landlord_centered_001.webp,,,,/Users/mansur/universal_study_bot org/images omnis/vocab_images/assets_images/object_hsk3_0085_landlord_centered_001.webp
object_hsk3_0086_rich_centered_001.webp,,,,/Users/mansur/universal_study_bot org/images omnis/vocab_images/assets_images/object_hsk3_0086_rich_centered_001.webp
object_hsk3_0087_father_centered_001.webp,,,,/Users/mansur/universal_study_bot org/images omnis/vocab_images/assets_images/object_hsk3_0087_father_centered_001.webp
object_hsk3_0088_to_be_responsible_centered_001.webp,,,,/Users/mansur/universal_study_bot org/images omnis/vocab_images/assets_images/object_hsk3_0088_to_be_responsible_centered_001.webp
object_hsk3_0089_copying_centered_001.webp,,,,/Users/mansur/universal_study_bot org/images omnis/vocab_images/assets_images/object_hsk3_0089_copying_centered_001.webp
object_hsk3_0090_complex_centered_001.webp,,,,/Users/mansur/universal_study_bot org/images omnis/vocab_images/assets_images/object_hsk3_0090_complex_centered_001.webp
object_hsk3_0091_rich_centered_001.webp,,,,/Users/mansur/universal_study_bot org/images omnis/vocab_images/assets_images/object_hsk3_0091_rich_centered_001.webp
object_hsk3_0092_to_hurry_centered_001.webp,,,,/Users/mansur/universal_study_bot org/images omnis/vocab_images/assets_images/object_hsk3_0092_to_hurry_centered_001.webp
object_hsk3_0093_to_dare_centered_001.webp,,,,/Users/mansur/universal_study_bot org/images omnis/vocab_images/assets_images/object_hsk3_0093_to_dare_centered_001.webp
object_hsk3_0094_emotion_centered_001.webp,,,,/Users/mansur/universal_study_bot org/images omnis/vocab_images/assets_images/object_hsk3_0094_emotion_centered_001.webp
object_hsk3_0095_expressway_centered_001.webp,,,,/Users/mansur/universal_study_bot org/images omnis/vocab_images/assets_images/object_hsk3_0095_expressway_centered_001.webp
object_hsk3_0097_salary_centered_001.webp,,,,/Users/mansur/universal_study_bot org/images omnis/vocab_images/assets_images/object_hsk3_0097_salary_centered_001.webp
object_hsk3_0098_skill_or_art_of_chinese_martial_arts_centered_001.webp,,,,/Users/mansur/universal_study_bot org/images omnis/vocab_images/assets_images/object_hsk3_0098_skill_or_art_of_chinese_martial_arts_centered_001.webp
object_hsk3_0099_common_centered_001.webp,,,,/Users/mansur/universal_study_bot org/images omnis/vocab_images/assets_images/object_hsk3_0099_common_centered_001.webp
object_hsk3_0100_to_hang_centered_001.webp,,,,/Users/mansur/universal_study_bot org/images omnis/vocab_images/assets_images/object_hsk3_0100_to_hang_centered_001.webp
object_hsk3_0101_audience_centered_001.webp,,,,/Users/mansur/universal_study_bot org/images omnis/vocab_images/assets_images/object_hsk3_0101_audience_centered_001.webp
object_hsk3_0102_management_centered_001.webp,,,,/Users/mansur/universal_study_bot org/images omnis/vocab_images/assets_images/object_hsk3_0102_management_centered_001.webp
object_hsk3_0103_light_centered_001.webp,,,,/Users/mansur/universal_study_bot org/images omnis/vocab_images/assets_images/object_hsk3_0103_light_centered_001.webp
object_hsk3_0104_broadcast_centered_001.webp,,,,/Users/mansur/universal_study_bot org/images omnis/vocab_images/assets_images/object_hsk3_0104_broadcast_centered_001.webp
object_hsk3_0105_regulation_centered_001.webp,,,,/Users/mansur/universal_study_bot org/images omnis/vocab_images/assets_images/object_hsk3_0105_regulation_centered_001.webp
object_hsk3_0106_fruit_juice_centered_001.webp,,,,/Users/mansur/universal_study_bot org/images omnis/vocab_images/assets_images/object_hsk3_0106_fruit_juice_centered_001.webp
object_hsk3_0107_process_centered_001.webp,,,,/Users/mansur/universal_study_bot org/images omnis/vocab_images/assets_images/object_hsk3_0107_process_centered_001.webp
object_hsk3_0108_qualified_centered_001.webp,,,,/Users/mansur/universal_study_bot org/images omnis/vocab_images/assets_images/object_hsk3_0108_qualified_centered_001.webp
object_hsk3_0109_internet_centered_001.webp,,,,/Users/mansur/universal_study_bot org/images omnis/vocab_images/assets_images/object_hsk3_0109_internet_centered_001.webp
object_hsk3_0110_mutually_centered_001.webp,,,,/Users/mansur/universal_study_bot org/images omnis/vocab_images/assets_images/object_hsk3_0110_mutually_centered_001.webp
object_hsk3_0111_fire_centered_001.webp,,,,/Users/mansur/universal_study_bot org/images omnis/vocab_images/assets_images/object_hsk3_0111_fire_centered_001.webp
object_hsk3_0112_positive_centered_001.webp,,,,/Users/mansur/universal_study_bot org/images omnis/vocab_images/assets_images/object_hsk3_0112_positive_centered_001.webp
object_hsk3_0113_foundation_centered_001.webp,,,,/Users/mansur/universal_study_bot org/images omnis/vocab_images/assets_images/object_hsk3_0113_foundation_centered_001.webp
object_hsk3_0114_in_a_timely_manner_centered_001.webp,,,,/Users/mansur/universal_study_bot org/images omnis/vocab_images/assets_images/object_hsk3_0114_in_a_timely_manner_centered_001.webp
object_hsk3_0115_journalist_centered_001.webp,,,,/Users/mansur/universal_study_bot org/images omnis/vocab_images/assets_images/object_hsk3_0115_journalist_centered_001.webp
object_hsk3_0116_technology_centered_001.webp,,,,/Users/mansur/universal_study_bot org/images omnis/vocab_images/assets_images/object_hsk3_0116_technology_centered_001.webp
object_hsk3_0118_furniture_centered_001.webp,,,,/Users/mansur/universal_study_bot org/images omnis/vocab_images/assets_images/object_hsk3_0118_furniture_centered_001.webp
object_hsk3_0119_price_centered_001.webp,,,,/Users/mansur/universal_study_bot org/images omnis/vocab_images/assets_images/object_hsk3_0119_price_centered_001.webp
object_hsk3_0120_to_persist_centered_001.webp,,,,/Users/mansur/universal_study_bot org/images omnis/vocab_images/assets_images/object_hsk3_0120_to_persist_centered_001.webp
object_hsk3_0121_suggestion_centered_001.webp,,,,/Users/mansur/universal_study_bot org/images omnis/vocab_images/assets_images/object_hsk3_0121_suggestion_centered_001.webp
object_hsk3_0123_communication_centered_001.webp,,,,/Users/mansur/universal_study_bot org/images omnis/vocab_images/assets_images/object_hsk3_0123_communication_centered_001.webp
object_hsk3_0124_to_save_centered_001.webp,,,,/Users/mansur/universal_study_bot org/images omnis/vocab_images/assets_images/object_hsk3_0124_to_save_centered_001.webp
object_hsk3_0125_nervousness_centered_001.webp,,,,/Users/mansur/universal_study_bot org/images omnis/vocab_images/assets_images/object_hsk3_0125_nervousness_centered_001.webp
object_hsk3_0126_peking_opera_centered_001.webp,,,,/Users/mansur/universal_study_bot org/images omnis/vocab_images/assets_images/object_hsk3_0126_peking_opera_centered_001.webp
object_hsk3_0127_economics_centered_001.webp,,,,/Users/mansur/universal_study_bot org/images omnis/vocab_images/assets_images/object_hsk3_0127_economics_centered_001.webp
object_hsk3_0128_experience_centered_001.webp,,,,/Users/mansur/universal_study_bot org/images omnis/vocab_images/assets_images/object_hsk3_0128_experience_centered_001.webp
object_hsk3_0129_experience_centered_001.webp,,,,/Users/mansur/universal_study_bot org/images omnis/vocab_images/assets_images/object_hsk3_0129_experience_centered_001.webp
object_hsk3_0130_wonderful_centered_001.webp,,,,/Users/mansur/universal_study_bot org/images omnis/vocab_images/assets_images/object_hsk3_0130_wonderful_centered_001.webp
object_hsk3_0131_scenery_centered_001.webp,,,,/Users/mansur/universal_study_bot org/images omnis/vocab_images/assets_images/object_hsk3_0131_scenery_centered_001.webp
object_hsk3_0132_police_officer_centered_001.webp,,,,/Users/mansur/universal_study_bot org/images omnis/vocab_images/assets_images/object_hsk3_0132_police_officer_centered_001.webp
object_hsk3_0133_to_hold_or_organize_centered_001.webp,,,,/Users/mansur/universal_study_bot org/images omnis/vocab_images/assets_images/object_hsk3_0133_to_hold_or_organize_centered_001.webp
object_hsk3_0134_empty_centered_001.webp,,,,/Users/mansur/universal_study_bot org/images omnis/vocab_images/assets_images/object_hsk3_0134_empty_centered_001.webp
object_hsk3_0135_to_be_afraid_centered_001.webp,,,,/Users/mansur/universal_study_bot org/images omnis/vocab_images/assets_images/object_hsk3_0135_to_be_afraid_centered_001.webp
object_hsk3_0137_difficulty_centered_001.webp,,,,/Users/mansur/universal_study_bot org/images omnis/vocab_images/assets_images/object_hsk3_0137_difficulty_centered_001.webp
object_hsk3_0138_waste_centered_001.webp,,,,/Users/mansur/universal_study_bot org/images omnis/vocab_images/assets_images/object_hsk3_0138_waste_centered_001.webp
object_hsk3_0139_haircut_centered_001.webp,,,,/Users/mansur/universal_study_bot org/images omnis/vocab_images/assets_images/object_hsk3_0139_haircut_centered_001.webp
object_hsk3_0140_understanding_centered_001.webp,,,,/Users/mansur/universal_study_bot org/images omnis/vocab_images/assets_images/object_hsk3_0140_understanding_centered_001.webp
object_hsk3_0142_contact_centered_001.webp,,,,/Users/mansur/universal_study_bot org/images omnis/vocab_images/assets_images/object_hsk3_0142_contact_centered_001.webp
object_hsk3_0143_in_addition_centered_001.webp,,,,/Users/mansur/universal_study_bot org/images omnis/vocab_images/assets_images/object_hsk3_0143_in_addition_centered_001.webp
object_hsk3_0144_chaos_centered_001.webp,,,,/Users/mansur/universal_study_bot org/images omnis/vocab_images/assets_images/object_hsk3_0144_chaos_centered_001.webp
object_hsk3_0145_trouble_centered_001.webp,,,,/Users/mansur/universal_study_bot org/images omnis/vocab_images/assets_images/object_hsk3_0145_trouble_centered_001.webp
object_hsk3_0146_beautiful_centered_001.webp,,,,/Users/mansur/universal_study_bot org/images omnis/vocab_images/assets_images/object_hsk3_0146_beautiful_centered_001.webp
object_hsk3_0147_ethnic_group_centered_001.webp,,,,/Users/mansur/universal_study_bot org/images omnis/vocab_images/assets_images/object_hsk3_0147_ethnic_group_centered_001.webp
object_hsk3_0148_mother_centered_001.webp,,,,/Users/mansur/universal_study_bot org/images omnis/vocab_images/assets_images/object_hsk3_0148_mother_centered_001.webp
object_hsk3_0149_is_it_possible_that_centered_001.webp,,,,/Users/mansur/universal_study_bot org/images omnis/vocab_images/assets_images/object_hsk3_0149_is_it_possible_that_centered_001.webp
object_hsk3_0150_inside_centered_001.webp,,,,/Users/mansur/universal_study_bot org/images omnis/vocab_images/assets_images/object_hsk3_0150_inside_centered_001.webp
object_hsk3_0151_content_centered_001.webp,,,,/Users/mansur/universal_study_bot org/images omnis/vocab_images/assets_images/object_hsk3_0151_content_centered_001.webp
object_hsk3_0152_ability_centered_001.webp,,,,/Users/mansur/universal_study_bot org/images omnis/vocab_images/assets_images/object_hsk3_0152_ability_centered_001.webp
object_hsk3_0153_warm_centered_001.webp,,,,/Users/mansur/universal_study_bot org/images omnis/vocab_images/assets_images/object_hsk3_0153_warm_centered_001.webp
object_hsk3_0154_judgment_centered_001.webp,,,,/Users/mansur/universal_study_bot org/images omnis/vocab_images/assets_images/object_hsk3_0154_judgment_centered_001.webp
object_hsk3_0155_criticism_centered_001.webp,,,,/Users/mansur/universal_study_bot org/images omnis/vocab_images/assets_images/object_hsk3_0155_criticism_centered_001.webp
object_hsk3_0156_to_break_centered_001.webp,,,,/Users/mansur/universal_study_bot org/images omnis/vocab_images/assets_images/object_hsk3_0156_to_break_centered_001.webp
object_hsk3_0157_universal_centered_001.webp,,,,/Users/mansur/universal_study_bot org/images omnis/vocab_images/assets_images/object_hsk3_0157_universal_centered_001.webp
object_hsk3_0158_secondly_centered_001.webp,,,,/Users/mansur/universal_study_bot org/images omnis/vocab_images/assets_images/object_hsk3_0158_secondly_centered_001.webp
object_hsk3_0159_climate_centered_001.webp,,,,/Users/mansur/universal_study_bot org/images omnis/vocab_images/assets_images/object_hsk3_0159_climate_centered_001.webp
object_hsk3_0160_ten_million_centered_001.webp,,,,/Users/mansur/universal_study_bot org/images omnis/vocab_images/assets_images/object_hsk3_0160_ten_million_centered_001.webp
object_hsk3_0161_bridge_centered_001.webp,,,,/Users/mansur/universal_study_bot org/images omnis/vocab_images/assets_images/object_hsk3_0161_bridge_centered_001.webp
object_hsk3_0162_situation_centered_001.webp,,,,/Users/mansur/universal_study_bot org/images omnis/vocab_images/assets_images/object_hsk3_0162_situation_centered_001.webp
object_hsk3_0163_difference_centered_001.webp,,,,/Users/mansur/universal_study_bot org/images omnis/vocab_images/assets_images/object_hsk3_0163_difference_centered_001.webp
object_hsk3_0164_shortcoming_centered_001.webp,,,,/Users/mansur/universal_study_bot org/images omnis/vocab_images/assets_images/object_hsk3_0164_shortcoming_centered_001.webp
object_hsk3_0165_lack_centered_001.webp,,,,/Users/mansur/universal_study_bot org/images omnis/vocab_images/assets_images/object_hsk3_0165_lack_centered_001.webp
object_hsk3_0166_indeed_centered_001.webp,,,,/Users/mansur/universal_study_bot org/images omnis/vocab_images/assets_images/object_hsk3_0166_indeed_centered_001.webp
object_hsk3_0167_any_centered_001.webp,,,,/Users/mansur/universal_study_bot org/images omnis/vocab_images/assets_images/object_hsk3_0167_any_centered_001.webp
object_hsk3_0168_task_centered_001.webp,,,,/Users/mansur/universal_study_bot org/images omnis/vocab_images/assets_images/object_hsk3_0168_task_centered_001.webp
object_hsk3_0169_still_centered_001.webp,,,,/Users/mansur/universal_study_bot org/images omnis/vocab_images/assets_images/object_hsk3_0169_still_centered_001.webp
object_hsk3_0170_walking_centered_001.webp,,,,/Users/mansur/universal_study_bot org/images omnis/vocab_images/assets_images/object_hsk3_0170_walking_centered_001.webp
object_hsk3_0171_sofa_centered_001.webp,,,,/Users/mansur/universal_study_bot org/images omnis/vocab_images/assets_images/object_hsk3_0171_sofa_centered_001.webp
object_hsk3_0172_sad_centered_001.webp,,,,/Users/mansur/universal_study_bot org/images omnis/vocab_images/assets_images/object_hsk3_0172_sad_centered_001.webp
object_hsk3_0173_society_centered_001.webp,,,,/Users/mansur/universal_study_bot org/images omnis/vocab_images/assets_images/object_hsk3_0173_society_centered_001.webp
object_hsk3_0174_deep_centered_001.webp,,,,/Users/mansur/universal_study_bot org/images omnis/vocab_images/assets_images/object_hsk3_0174_deep_centered_001.webp
object_hsk3_0176_business_centered_001.webp,,,,/Users/mansur/universal_study_bot org/images omnis/vocab_images/assets_images/object_hsk3_0176_business_centered_001.webp
object_hsk3_0177_to_make_or_cause_centered_001.webp,,,,/Users/mansur/universal_study_bot org/images omnis/vocab_images/assets_images/object_hsk3_0177_to_make_or_cause_centered_001.webp
object_hsk3_0179_suitable_centered_001.webp,,,,/Users/mansur/universal_study_bot org/images omnis/vocab_images/assets_images/object_hsk3_0179_suitable_centered_001.webp
object_hsk3_0180_adaptation_centered_001.webp,,,,/Users/mansur/universal_study_bot org/images omnis/vocab_images/assets_images/object_hsk3_0180_adaptation_centered_001.webp
object_hsk3_0181_capital_city_centered_001.webp,,,,/Users/mansur/universal_study_bot org/images omnis/vocab_images/assets_images/object_hsk3_0181_capital_city_centered_001.webp
object_hsk3_0183_to_lose_centered_001.webp,,,,/Users/mansur/universal_study_bot org/images omnis/vocab_images/assets_images/object_hsk3_0183_to_lose_centered_001.webp
object_hsk3_0184_quantity_centered_001.webp,,,,/Users/mansur/universal_study_bot org/images omnis/vocab_images/assets_images/object_hsk3_0184_quantity_centered_001.webp
object_hsk3_0185_to_die_centered_001.webp,,,,/Users/mansur/universal_study_bot org/images omnis/vocab_images/assets_images/object_hsk3_0185_to_die_centered_001.webp
object_hsk3_0186_speed_centered_001.webp,,,,/Users/mansur/universal_study_bot org/images omnis/vocab_images/assets_images/object_hsk3_0186_speed_centered_001.webp
object_hsk3_0187_platform_centered_001.webp,,,,/Users/mansur/universal_study_bot org/images omnis/vocab_images/assets_images/object_hsk3_0187_platform_centered_001.webp
object_hsk3_0188_to_talk_centered_001.webp,,,,/Users/mansur/universal_study_bot org/images omnis/vocab_images/assets_images/object_hsk3_0188_to_talk_centered_001.webp
object_hsk3_0189_soup_centered_001.webp,,,,/Users/mansur/universal_study_bot org/images omnis/vocab_images/assets_images/object_hsk3_0189_soup_centered_001.webp
object_hsk3_0190_sugar_centered_001.webp,,,,/Users/mansur/universal_study_bot org/images omnis/vocab_images/assets_images/object_hsk3_0190_sugar_centered_001.webp
object_hsk3_0191_in_advance_centered_001.webp,,,,/Users/mansur/universal_study_bot org/images omnis/vocab_images/assets_images/object_hsk3_0191_in_advance_centered_001.webp
object_hsk3_0192_often_centered_001.webp,,,,/Users/mansur/universal_study_bot org/images omnis/vocab_images/assets_images/object_hsk3_0192_often_centered_001.webp
object_hsk3_0193_danger_centered_001.webp,,,,/Users/mansur/universal_study_bot org/images omnis/vocab_images/assets_images/object_hsk3_0193_danger_centered_001.webp
object_hsk3_0194_bathroom_centered_001.webp,,,,/Users/mansur/universal_study_bot org/images omnis/vocab_images/assets_images/object_hsk3_0194_bathroom_centered_001.webp
object_hsk3_0195_article_or_essay_centered_001.webp,,,,/Users/mansur/universal_study_bot org/images omnis/vocab_images/assets_images/object_hsk3_0195_article_or_essay_centered_001.webp
object_hsk3_0196_cash_centered_001.webp,,,,/Users/mansur/universal_study_bot org/images omnis/vocab_images/assets_images/object_hsk3_0196_cash_centered_001.webp
object_hsk3_0197_fragrant_centered_001.webp,,,,/Users/mansur/universal_study_bot org/images omnis/vocab_images/assets_images/object_hsk3_0197_fragrant_centered_001.webp
object_hsk3_0198_message_centered_001.webp,,,,/Users/mansur/universal_study_bot org/images omnis/vocab_images/assets_images/object_hsk3_0198_message_centered_001.webp
object_hsk3_0199_effect_centered_001.webp,,,,/Users/mansur/universal_study_bot org/images omnis/vocab_images/assets_images/object_hsk3_0199_effect_centered_001.webp
object_hsk3_0200_envelope_centered_001.webp,,,,/Users/mansur/universal_study_bot org/images omnis/vocab_images/assets_images/object_hsk3_0200_envelope_centered_001.webp
object_hsk3_0201_happiness_centered_001.webp,,,,/Users/mansur/universal_study_bot org/images omnis/vocab_images/assets_images/object_hsk3_0201_happiness_centered_001.webp
object_hsk3_0202_gender_centered_001.webp,,,,/Users/mansur/universal_study_bot org/images omnis/vocab_images/assets_images/object_hsk3_0202_gender_centered_001.webp
object_hsk3_0203_personality_centered_001.webp,,,,/Users/mansur/universal_study_bot org/images omnis/vocab_images/assets_images/object_hsk3_0203_personality_centered_001.webp
object_hsk3_0204_pressure_centered_001.webp,,,,/Users/mansur/universal_study_bot org/images omnis/vocab_images/assets_images/object_hsk3_0204_pressure_centered_001.webp
object_hsk3_0205_performance_centered_001.webp,,,,/Users/mansur/universal_study_bot org/images omnis/vocab_images/assets_images/object_hsk3_0205_performance_centered_001.webp
object_hsk3_0206_actor_centered_001.webp,,,,/Users/mansur/universal_study_bot org/images omnis/vocab_images/assets_images/object_hsk3_0206_actor_centered_001.webp
object_hsk3_0207_sunlight_centered_001.webp,,,,/Users/mansur/universal_study_bot org/images omnis/vocab_images/assets_images/object_hsk3_0207_sunlight_centered_001.webp
object_hsk3_0208_if_centered_001.webp,,,,/Users/mansur/universal_study_bot org/images omnis/vocab_images/assets_images/object_hsk3_0208_if_centered_001.webp
object_hsk3_0210_art_centered_001.webp,,,,/Users/mansur/universal_study_bot org/images omnis/vocab_images/assets_images/object_hsk3_0210_art_centered_001.webp
object_hsk3_0212_impression_centered_001.webp,,,,/Users/mansur/universal_study_bot org/images omnis/vocab_images/assets_images/object_hsk3_0212_impression_centered_001.webp
object_hsk3_0213_to_win_centered_001.webp,,,,/Users/mansur/universal_study_bot org/images omnis/vocab_images/assets_images/object_hsk3_0213_to_win_centered_001.webp
object_hsk3_0214_advantage_centered_001.webp,,,,/Users/mansur/universal_study_bot org/images omnis/vocab_images/assets_images/object_hsk3_0214_advantage_centered_001.webp
object_hsk3_0217_preview_lessons_centered_001.webp,,,,/Users/mansur/universal_study_bot org/images omnis/vocab_images/assets_images/object_hsk3_0217_preview_lessons_centered_001.webp
object_hsk3_0218_magazine_centered_001.webp,,,,/Users/mansur/universal_study_bot org/images omnis/vocab_images/assets_images/object_hsk3_0218_magazine_centered_001.webp
object_hsk3_0219_responsibility_centered_001.webp,,,,/Users/mansur/universal_study_bot org/images omnis/vocab_images/assets_images/object_hsk3_0219_responsibility_centered_001.webp
object_hsk3_0220_increase_centered_001.webp,,,,/Users/mansur/universal_study_bot org/images omnis/vocab_images/assets_images/object_hsk3_0220_increase_centered_001.webp
object_hsk3_0221_to_shine_centered_001.webp,,,,/Users/mansur/universal_study_bot org/images omnis/vocab_images/assets_images/object_hsk3_0221_to_shine_centered_001.webp
object_hsk3_0222_organize_centered_001.webp,,,,/Users/mansur/universal_study_bot org/images omnis/vocab_images/assets_images/object_hsk3_0222_organize_centered_001.webp
object_hsk3_0224_proof_centered_001.webp,,,,/Users/mansur/universal_study_bot org/images omnis/vocab_images/assets_images/object_hsk3_0224_proof_centered_001.webp
object_hsk3_0225_support_centered_001.webp,,,,/Users/mansur/universal_study_bot org/images omnis/vocab_images/assets_images/object_hsk3_0225_support_centered_001.webp
object_hsk3_0226_worth_it_centered_001.webp,,,,/Users/mansur/universal_study_bot org/images omnis/vocab_images/assets_images/object_hsk3_0226_worth_it_centered_001.webp
object_hsk3_0227_occupation_centered_001.webp,,,,/Users/mansur/universal_study_bot org/images omnis/vocab_images/assets_images/object_hsk3_0227_occupation_centered_001.webp
object_hsk3_0229_to_point_centered_001.webp,,,,/Users/mansur/universal_study_bot org/images omnis/vocab_images/assets_images/object_hsk3_0229_to_point_centered_001.webp
object_hsk3_0230_at_least_centered_001.webp,,,,/Users/mansur/universal_study_bot org/images omnis/vocab_images/assets_images/object_hsk3_0230_at_least_centered_001.webp
object_hsk3_0231_surroundings_centered_001.webp,,,,/Users/mansur/universal_study_bot org/images omnis/vocab_images/assets_images/object_hsk3_0231_surroundings_centered_001.webp
object_hsk3_0232_idea_centered_001.webp,,,,/Users/mansur/universal_study_bot org/images omnis/vocab_images/assets_images/object_hsk3_0232_idea_centered_001.webp
object_hsk3_0233_specialized_centered_001.webp,,,,/Users/mansur/universal_study_bot org/images omnis/vocab_images/assets_images/object_hsk3_0233_specialized_centered_001.webp
object_hsk3_0234_major_or_field_of_study_centered_001.webp,,,,/Users/mansur/universal_study_bot org/images omnis/vocab_images/assets_images/object_hsk3_0234_major_or_field_of_study_centered_001.webp
object_hsk3_0235_turn_centered_001.webp,,,,/Users/mansur/universal_study_bot org/images omnis/vocab_images/assets_images/object_hsk3_0235_turn_centered_001.webp
object_hsk3_0236_nature_centered_001.webp,,,,/Users/mansur/universal_study_bot org/images omnis/vocab_images/assets_images/object_hsk3_0236_nature_centered_001.webp
object_hsk3_0237_summary_centered_001.webp,,,,/Users/mansur/universal_study_bot org/images omnis/vocab_images/assets_images/object_hsk3_0237_summary_centered_001.webp
object_hsk3_0238_left_and_right_centered_001.webp,,,,/Users/mansur/universal_study_bot org/images omnis/vocab_images/assets_images/object_hsk3_0238_left_and_right_centered_001.webp
object_hsk3_0239_author_centered_001.webp,,,,/Users/mansur/universal_study_bot org/images omnis/vocab_images/assets_images/object_hsk3_0239_author_centered_001.webp
object_hsk3_0240_love_centered_001.webp,,,,/Users/mansur/universal_study_bot org/images omnis/vocab_images/assets_images/object_hsk3_0240_love_centered_001.webp
object_hsk3_0242_grasp_centered_001.webp,,,,/Users/mansur/universal_study_bot org/images omnis/vocab_images/assets_images/object_hsk3_0242_grasp_centered_001.webp
object_hsk3_0243_to_handle_centered_001.webp,,,,/Users/mansur/universal_study_bot org/images omnis/vocab_images/assets_images/object_hsk3_0243_to_handle_centered_001.webp
object_hsk3_0246_to_retain_centered_001.webp,,,,/Users/mansur/universal_study_bot org/images omnis/vocab_images/assets_images/object_hsk3_0246_to_retain_centered_001.webp
object_hsk3_0247_insurance_centered_001.webp,,,,/Users/mansur/universal_study_bot org/images omnis/vocab_images/assets_images/object_hsk3_0247_insurance_centered_001.webp
object_hsk3_0248_check_in_centered_001.webp,,,,/Users/mansur/universal_study_bot org/images omnis/vocab_images/assets_images/object_hsk3_0248_check_in_centered_001.webp
object_hsk3_0249_report_centered_001.webp,,,,/Users/mansur/universal_study_bot org/images omnis/vocab_images/assets_images/object_hsk3_0249_report_centered_001.webp
object_hsk3_0250_report_centered_001.webp,,,,/Users/mansur/universal_study_bot org/images omnis/vocab_images/assets_images/object_hsk3_0250_report_centered_001.webp
object_hsk3_0251_quilt_centered_001.webp,,,,/Users/mansur/universal_study_bot org/images omnis/vocab_images/assets_images/object_hsk3_0251_quilt_centered_001.webp
object_hsk3_0252_skill_or_ability_centered_001.webp,,,,/Users/mansur/universal_study_bot org/images omnis/vocab_images/assets_images/object_hsk3_0252_skill_or_ability_centered_001.webp
object_hsk3_0253_proportion_centered_001.webp,,,,/Users/mansur/universal_study_bot org/images omnis/vocab_images/assets_images/object_hsk3_0253_proportion_centered_001.webp
object_hsk3_0254_inevitable_centered_001.webp,,,,/Users/mansur/universal_study_bot org/images omnis/vocab_images/assets_images/object_hsk3_0254_inevitable_centered_001.webp
object_hsk3_0255_necessary_centered_001.webp,,,,/Users/mansur/universal_study_bot org/images omnis/vocab_images/assets_images/object_hsk3_0255_necessary_centered_001.webp
object_hsk3_0256_expression_centered_001.webp,,,,/Users/mansur/universal_study_bot org/images omnis/vocab_images/assets_images/object_hsk3_0256_expression_centered_001.webp
object_hsk3_0257_surface_centered_001.webp,,,,/Users/mansur/universal_study_bot org/images omnis/vocab_images/assets_images/object_hsk3_0257_surface_centered_001.webp
object_hsk3_0258_to_indicate_or_show_centered_001.webp,,,,/Users/mansur/universal_study_bot org/images omnis/vocab_images/assets_images/object_hsk3_0258_to_indicate_or_show_centered_001.webp
object_hsk3_0260_play_centered_001.webp,,,,/Users/mansur/universal_study_bot org/images omnis/vocab_images/assets_images/object_hsk3_0260_play_centered_001.webp
object_hsk3_0261_supplement_centered_001.webp,,,,/Users/mansur/universal_study_bot org/images omnis/vocab_images/assets_images/object_hsk3_0261_supplement_centered_001.webp
object_hsk3_0262_unease_centered_001.webp,,,,/Users/mansur/universal_study_bot org/images omnis/vocab_images/assets_images/object_hsk3_0262_unease_centered_001.webp
object_hsk3_0264_cloth_centered_001.webp,,,,/Users/mansur/universal_study_bot org/images omnis/vocab_images/assets_images/object_hsk3_0264_cloth_centered_001.webp
object_hsk3_0265_department_centered_001.webp,,,,/Users/mansur/universal_study_bot org/images omnis/vocab_images/assets_images/object_hsk3_0265_department_centered_001.webp
object_hsk3_0266_to_adopt_centered_001.webp,,,,/Users/mansur/universal_study_bot org/images omnis/vocab_images/assets_images/object_hsk3_0266_to_adopt_centered_001.webp
object_hsk3_0268_to_produce_centered_001.webp,,,,/Users/mansur/universal_study_bot org/images omnis/vocab_images/assets_images/object_hsk3_0268_to_produce_centered_001.webp
object_hsk3_0269_super_centered_001.webp,,,,/Users/mansur/universal_study_bot org/images omnis/vocab_images/assets_images/object_hsk3_0269_super_centered_001.webp
object_hsk3_0270_dynasty_centered_001.webp,,,,/Users/mansur/universal_study_bot org/images omnis/vocab_images/assets_images/object_hsk3_0270_dynasty_centered_001.webp
object_hsk3_0271_noisy_centered_001.webp,,,,/Users/mansur/universal_study_bot org/images omnis/vocab_images/assets_images/object_hsk3_0271_noisy_centered_001.webp
object_hsk3_0272_quarrel_centered_001.webp,,,,/Users/mansur/universal_study_bot org/images omnis/vocab_images/assets_images/object_hsk3_0272_quarrel_centered_001.webp
object_hsk3_0273_achievement_centered_001.webp,,,,/Users/mansur/universal_study_bot org/images omnis/vocab_images/assets_images/object_hsk3_0273_achievement_centered_001.webp
object_hsk3_0274_achievement_centered_001.webp,,,,/Users/mansur/universal_study_bot org/images omnis/vocab_images/assets_images/object_hsk3_0274_achievement_centered_001.webp
object_hsk3_0275_establish_centered_001.webp,,,,/Users/mansur/universal_study_bot org/images omnis/vocab_images/assets_images/object_hsk3_0275_establish_centered_001.webp
object_hsk3_0276_maturity_centered_001.webp,,,,/Users/mansur/universal_study_bot org/images omnis/vocab_images/assets_images/object_hsk3_0276_maturity_centered_001.webp
object_hsk3_0277_growth_centered_001.webp,,,,/Users/mansur/universal_study_bot org/images omnis/vocab_images/assets_images/object_hsk3_0277_growth_centered_001.webp
object_hsk3_0278_degree_or_extent_centered_001.webp,,,,/Users/mansur/universal_study_bot org/images omnis/vocab_images/assets_images/object_hsk3_0278_degree_or_extent_centered_001.webp
object_hsk3_0281_beginner_level_centered_001.webp,,,,/Users/mansur/universal_study_bot org/images omnis/vocab_images/assets_images/object_hsk3_0281_beginner_level_centered_001.webp
object_hsk3_0283_spread_centered_001.webp,,,,/Users/mansur/universal_study_bot org/images omnis/vocab_images/assets_images/object_hsk3_0283_spread_centered_001.webp
object_hsk3_0284_legend_centered_001.webp,,,,/Users/mansur/universal_study_bot org/images omnis/vocab_images/assets_images/object_hsk3_0284_legend_centered_001.webp
object_hsk3_0285_create_centered_001.webp,,,,/Users/mansur/universal_study_bot org/images omnis/vocab_images/assets_images/object_hsk3_0285_create_centered_001.webp
object_hsk3_0286_once_upon_a_time_centered_001.webp,,,,/Users/mansur/universal_study_bot org/images omnis/vocab_images/assets_images/object_hsk3_0286_once_upon_a_time_centered_001.webp
object_hsk3_0287_engaged_in_centered_001.webp,,,,/Users/mansur/universal_study_bot org/images omnis/vocab_images/assets_images/object_hsk3_0287_engaged_in_centered_001.webp
object_hsk3_0288_existence_centered_001.webp,,,,/Users/mansur/universal_study_bot org/images omnis/vocab_images/assets_images/object_hsk3_0288_existence_centered_001.webp
object_hsk3_0289_to_reach_centered_001.webp,,,,/Users/mansur/universal_study_bot org/images omnis/vocab_images/assets_images/object_hsk3_0289_to_reach_centered_001.webp
object_hsk3_0290_to_inquire_centered_001.webp,,,,/Users/mansur/universal_study_bot org/images omnis/vocab_images/assets_images/object_hsk3_0290_to_inquire_centered_001.webp
object_hsk3_0291_representative_centered_001.webp,,,,/Users/mansur/universal_study_bot org/images omnis/vocab_images/assets_images/object_hsk3_0291_representative_centered_001.webp
object_hsk3_0293_local_area_centered_001.webp,,,,/Users/mansur/universal_study_bot org/images omnis/vocab_images/assets_images/object_hsk3_0293_local_area_centered_001.webp
object_hsk3_0294_director_centered_001.webp,,,,/Users/mansur/universal_study_bot org/images omnis/vocab_images/assets_images/object_hsk3_0294_director_centered_001.webp
object_hsk3_0295_to_arrive_centered_001.webp,,,,/Users/mansur/universal_study_bot org/images omnis/vocab_images/assets_images/object_hsk3_0295_to_arrive_centered_001.webp
object_hsk3_0296_to_wait_centered_001.webp,,,,/Users/mansur/universal_study_bot org/images omnis/vocab_images/assets_images/object_hsk3_0296_to_wait_centered_001.webp
object_hsk3_0297_region_centered_001.webp,,,,/Users/mansur/universal_study_bot org/images omnis/vocab_images/assets_images/object_hsk3_0297_region_centered_001.webp
object_hsk3_0298_radio_station_centered_001.webp,,,,/Users/mansur/universal_study_bot org/images omnis/vocab_images/assets_images/object_hsk3_0298_radio_station_centered_001.webp
object_hsk3_0299_to_break_centered_001.webp,,,,/Users/mansur/universal_study_bot org/images omnis/vocab_images/assets_images/object_hsk3_0299_to_break_centered_001.webp
object_hsk3_0300_to_treat_centered_001.webp,,,,/Users/mansur/universal_study_bot org/images omnis/vocab_images/assets_images/object_hsk3_0300_to_treat_centered_001.webp
object_hsk3_0301_the_other_party_centered_001.webp,,,,/Users/mansur/universal_study_bot org/images omnis/vocab_images/assets_images/object_hsk3_0301_the_other_party_centered_001.webp
object_hsk3_0302_opponent_centered_001.webp,,,,/Users/mansur/universal_study_bot org/images omnis/vocab_images/assets_images/object_hsk3_0302_opponent_centered_001.webp
object_hsk3_0303_object_centered_001.webp,,,,/Users/mansur/universal_study_bot org/images omnis/vocab_images/assets_images/object_hsk3_0303_object_centered_001.webp
object_hsk3_0304_pause_or_stop_briefly_centered_001.webp,,,,/Users/mansur/universal_study_bot org/images omnis/vocab_images/assets_images/object_hsk3_0304_pause_or_stop_briefly_centered_001.webp
object_hsk3_0305_publish_centered_001.webp,,,,/Users/mansur/universal_study_bot org/images omnis/vocab_images/assets_images/object_hsk3_0305_publish_centered_001.webp
object_hsk3_0306_developed_centered_001.webp,,,,/Users/mansur/universal_study_bot org/images omnis/vocab_images/assets_images/object_hsk3_0306_developed_centered_001.webp
object_hsk3_0307_invention_centered_001.webp,,,,/Users/mansur/universal_study_bot org/images omnis/vocab_images/assets_images/object_hsk3_0307_invention_centered_001.webp
object_hsk3_0308_to_speak_or_express_an_opinion_centered_001.webp,,,,/Users/mansur/universal_study_bot org/images omnis/vocab_images/assets_images/object_hsk3_0308_to_speak_or_express_an_opinion_centered_001.webp
object_hsk3_0309_repeatedly_centered_001.webp,,,,/Users/mansur/universal_study_bot org/images omnis/vocab_images/assets_images/object_hsk3_0309_repeatedly_centered_001.webp
object_hsk3_0310_reaction_centered_001.webp,,,,/Users/mansur/universal_study_bot org/images omnis/vocab_images/assets_images/object_hsk3_0310_reaction_centered_001.webp
object_hsk3_0311_anyway_centered_001.webp,,,,/Users/mansur/universal_study_bot org/images omnis/vocab_images/assets_images/object_hsk3_0311_anyway_centered_001.webp
object_hsk3_0312_scope_centered_001.webp,,,,/Users/mansur/universal_study_bot org/images omnis/vocab_images/assets_images/object_hsk3_0312_scope_centered_001.webp
object_hsk3_0313_method_centered_001.webp,,,,/Users/mansur/universal_study_bot org/images omnis/vocab_images/assets_images/object_hsk3_0313_method_centered_001.webp
object_hsk3_0314_respectively_centered_001.webp,,,,/Users/mansur/universal_study_bot org/images omnis/vocab_images/assets_images/object_hsk3_0314_respectively_centered_001.webp
object_hsk3_0315_distribution_centered_001.webp,,,,/Users/mansur/universal_study_bot org/images omnis/vocab_images/assets_images/object_hsk3_0315_distribution_centered_001.webp
object_hsk3_0316_risk_centered_001.webp,,,,/Users/mansur/universal_study_bot org/images omnis/vocab_images/assets_images/object_hsk3_0316_risk_centered_001.webp
object_hsk3_0317_negation_centered_001.webp,,,,/Users/mansur/universal_study_bot org/images omnis/vocab_images/assets_images/object_hsk3_0317_negation_centered_001.webp
object_hsk3_0318_deny_centered_001.webp,,,,/Users/mansur/universal_study_bot org/images omnis/vocab_images/assets_images/object_hsk3_0318_deny_centered_001.webp
object_hsk3_0319_clothing_centered_001.webp,,,,/Users/mansur/universal_study_bot org/images omnis/vocab_images/assets_images/object_hsk3_0319_clothing_centered_001.webp
object_hsk3_0320_improvement_centered_001.webp,,,,/Users/mansur/universal_study_bot org/images omnis/vocab_images/assets_images/object_hsk3_0320_improvement_centered_001.webp
object_hsk3_0321_concept_centered_001.webp,,,,/Users/mansur/universal_study_bot org/images omnis/vocab_images/assets_images/object_hsk3_0321_concept_centered_001.webp
object_hsk3_0322_hurry_up_centered_001.webp,,,,/Users/mansur/universal_study_bot org/images omnis/vocab_images/assets_images/object_hsk3_0322_hurry_up_centered_001.webp
object_hsk3_0323_hurry_up_centered_001.webp,,,,/Users/mansur/universal_study_bot org/images omnis/vocab_images/assets_images/object_hsk3_0323_hurry_up_centered_001.webp
object_hsk3_0325_farewell_centered_001.webp,,,,/Users/mansur/universal_study_bot org/images omnis/vocab_images/assets_images/object_hsk3_0325_farewell_centered_001.webp
object_hsk3_0326_individual_centered_001.webp,,,,/Users/mansur/universal_study_bot org/images omnis/vocab_images/assets_images/object_hsk3_0326_individual_centered_001.webp
object_hsk3_0327_personality_centered_001.webp,,,,/Users/mansur/universal_study_bot org/images omnis/vocab_images/assets_images/object_hsk3_0327_personality_centered_001.webp
object_hsk3_0328_each_ones_own_centered_001.webp,,,,/Users/mansur/universal_study_bot org/images omnis/vocab_images/assets_images/object_hsk3_0328_each_ones_own_centered_001.webp
object_hsk3_0330_factory_centered_001.webp,,,,/Users/mansur/universal_study_bot org/images omnis/vocab_images/assets_images/object_hsk3_0330_factory_centered_001.webp
object_hsk3_0331_engineer_centered_001.webp,,,,/Users/mansur/universal_study_bot org/images omnis/vocab_images/assets_images/object_hsk3_0331_engineer_centered_001.webp
object_hsk3_0332_tool_centered_001.webp,,,,/Users/mansur/universal_study_bot org/images omnis/vocab_images/assets_images/object_hsk3_0332_tool_centered_001.webp
object_hsk3_0333_industry_centered_001.webp,,,,/Users/mansur/universal_study_bot org/images omnis/vocab_images/assets_images/object_hsk3_0333_industry_centered_001.webp
object_hsk3_0334_to_announce_centered_001.webp,,,,/Users/mansur/universal_study_bot org/images omnis/vocab_images/assets_images/object_hsk3_0334_to_announce_centered_001.webp
object_hsk3_0335_public_centered_001.webp,,,,/Users/mansur/universal_study_bot org/images omnis/vocab_images/assets_images/object_hsk3_0335_public_centered_001.webp
object_hsk3_0336_function_centered_001.webp,,,,/Users/mansur/universal_study_bot org/images omnis/vocab_images/assets_images/object_hsk3_0336_function_centered_001.webp
object_hsk3_0337_young_woman_centered_001.webp,,,,/Users/mansur/universal_study_bot org/images omnis/vocab_images/assets_images/object_hsk3_0337_young_woman_centered_001.webp
object_hsk3_0338_ancient_times_centered_001.webp,,,,/Users/mansur/universal_study_bot org/images omnis/vocab_images/assets_images/object_hsk3_0338_ancient_times_centered_001.webp
object_hsk3_0339_observation_centered_001.webp,,,,/Users/mansur/universal_study_bot org/images omnis/vocab_images/assets_images/object_hsk3_0339_observation_centered_001.webp
object_hsk3_0340_concept_centered_001.webp,,,,/Users/mansur/universal_study_bot org/images omnis/vocab_images/assets_images/object_hsk3_0340_concept_centered_001.webp
object_hsk3_0341_brightness_centered_001.webp,,,,/Users/mansur/universal_study_bot org/images omnis/vocab_images/assets_images/object_hsk3_0341_brightness_centered_001.webp
object_hsk3_0343_as_expected_centered_001.webp,,,,/Users/mansur/universal_study_bot org/images omnis/vocab_images/assets_images/object_hsk3_0343_as_expected_centered_001.webp
object_hsk3_0345_curious_centered_001.webp,,,,/Users/mansur/universal_study_bot org/images omnis/vocab_images/assets_images/object_hsk3_0345_curious_centered_001.webp
object_hsk3_0346_legal_centered_001.webp,,,,/Users/mansur/universal_study_bot org/images omnis/vocab_images/assets_images/object_hsk3_0346_legal_centered_001.webp
object_hsk3_0347_reasonable_centered_001.webp,,,,/Users/mansur/universal_study_bot org/images omnis/vocab_images/assets_images/object_hsk3_0347_reasonable_centered_001.webp
object_hsk3_0348_cooperation_centered_001.webp,,,,/Users/mansur/universal_study_bot org/images omnis/vocab_images/assets_images/object_hsk3_0348_cooperation_centered_001.webp
object_hsk3_0349_peace_centered_001.webp,,,,/Users/mansur/universal_study_bot org/images omnis/vocab_images/assets_images/object_hsk3_0349_peace_centered_001.webp
object_hsk3_0350_consequence_centered_001.webp,,,,/Users/mansur/universal_study_bot org/images omnis/vocab_images/assets_images/object_hsk3_0350_consequence_centered_001.webp
object_hsk3_0351_topic_centered_001.webp,,,,/Users/mansur/universal_study_bot org/images omnis/vocab_images/assets_images/object_hsk3_0351_topic_centered_001.webp
object_hsk3_0352_machine_centered_001.webp,,,,/Users/mansur/universal_study_bot org/images omnis/vocab_images/assets_images/object_hsk3_0352_machine_centered_001.webp
object_hsk3_0354_collective_centered_001.webp,,,,/Users/mansur/universal_study_bot org/images omnis/vocab_images/assets_images/object_hsk3_0354_collective_centered_001.webp
object_hsk3_0355_concentration_centered_001.webp,,,,/Users/mansur/universal_study_bot org/images omnis/vocab_images/assets_images/object_hsk3_0355_concentration_centered_001.webp
object_hsk3_0356_calculation_centered_001.webp,,,,/Users/mansur/universal_study_bot org/images omnis/vocab_images/assets_images/object_hsk3_0356_calculation_centered_001.webp
object_hsk3_0357_record_centered_001.webp,,,,/Users/mansur/universal_study_bot org/images omnis/vocab_images/assets_images/object_hsk3_0357_record_centered_001.webp
object_hsk3_0358_record_centered_001.webp,,,,/Users/mansur/universal_study_bot org/images omnis/vocab_images/assets_images/object_hsk3_0358_record_centered_001.webp
object_hsk3_0359_commemoration_centered_001.webp,,,,/Users/mansur/universal_study_bot org/images omnis/vocab_images/assets_images/object_hsk3_0359_commemoration_centered_001.webp
object_hsk3_0360_hometown_centered_001.webp,,,,/Users/mansur/universal_study_bot org/images omnis/vocab_images/assets_images/object_hsk3_0360_hometown_centered_001.webp
object_hsk3_0362_resolute_centered_001.webp,,,,/Users/mansur/universal_study_bot org/images omnis/vocab_images/assets_images/object_hsk3_0362_resolute_centered_001.webp
object_hsk3_0363_strong_centered_001.webp,,,,/Users/mansur/universal_study_bot org/images omnis/vocab_images/assets_images/object_hsk3_0363_strong_centered_001.webp
object_hsk3_0364_simply_centered_001.webp,,,,/Users/mansur/universal_study_bot org/images omnis/vocab_images/assets_images/object_hsk3_0364_simply_centered_001.webp
object_hsk3_0365_establish_centered_001.webp,,,,/Users/mansur/universal_study_bot org/images omnis/vocab_images/assets_images/object_hsk3_0365_establish_centered_001.webp
object_hsk3_0366_construction_centered_001.webp,,,,/Users/mansur/universal_study_bot org/images omnis/vocab_images/assets_images/object_hsk3_0366_construction_centered_001.webp
object_hsk3_0367_social_interaction_centered_001.webp,,,,/Users/mansur/universal_study_bot org/images omnis/vocab_images/assets_images/object_hsk3_0367_social_interaction_centered_001.webp
object_hsk3_0368_teaching_materials_centered_001.webp,,,,/Users/mansur/universal_study_bot org/images omnis/vocab_images/assets_images/object_hsk3_0368_teaching_materials_centered_001.webp
object_hsk3_0369_coach_centered_001.webp,,,,/Users/mansur/universal_study_bot org/images omnis/vocab_images/assets_images/object_hsk3_0369_coach_centered_001.webp
object_hsk3_0370_sturdy_centered_001.webp,,,,/Users/mansur/universal_study_bot org/images omnis/vocab_images/assets_images/object_hsk3_0370_sturdy_centered_001.webp
object_hsk3_0371_reception_centered_001.webp,,,,/Users/mansur/universal_study_bot org/images omnis/vocab_images/assets_images/object_hsk3_0371_reception_centered_001.webp
object_hsk3_0372_to_approach_centered_001.webp,,,,/Users/mansur/universal_study_bot org/images omnis/vocab_images/assets_images/object_hsk3_0372_to_approach_centered_001.webp
object_hsk3_0375_urgent_centered_001.webp,,,,/Users/mansur/universal_study_bot org/images omnis/vocab_images/assets_images/object_hsk3_0375_urgent_centered_001.webp
object_hsk3_0376_progress_centered_001.webp,,,,/Users/mansur/universal_study_bot org/images omnis/vocab_images/assets_images/object_hsk3_0376_progress_centered_001.webp
object_hsk3_0377_management_centered_001.webp,,,,/Users/mansur/universal_study_bot org/images omnis/vocab_images/assets_images/object_hsk3_0377_management_centered_001.webp
object_hsk3_0378_spirit_or_mind_centered_001.webp,,,,/Users/mansur/universal_study_bot org/images omnis/vocab_images/assets_images/object_hsk3_0378_spirit_or_mind_centered_001.webp
object_hsk3_0384_absolute_centered_001.webp,,,,/Users/mansur/universal_study_bot org/images omnis/vocab_images/assets_images/object_hsk3_0384_absolute_centered_001.webp
object_hsk3_0386_open_centered_001.webp,,,,/Users/mansur/universal_study_bot org/images omnis/vocab_images/assets_images/object_hsk3_0386_open_centered_001.webp
object_hsk3_0387_reliable_centered_001.webp,,,,/Users/mansur/universal_study_bot org/images omnis/vocab_images/assets_images/object_hsk3_0387_reliable_centered_001.webp
object_hsk3_0388_overcome_centered_001.webp,,,,/Users/mansur/universal_study_bot org/images omnis/vocab_images/assets_images/object_hsk3_0388_overcome_centered_001.webp
object_hsk3_0390_course_centered_001.webp,,,,/Users/mansur/universal_study_bot org/images omnis/vocab_images/assets_images/object_hsk3_0390_course_centered_001.webp
object_hsk3_0392_boss_centered_001.webp,,,,/Users/mansur/universal_study_bot org/images omnis/vocab_images/assets_images/object_hsk3_0392_boss_centered_001.webp
object_hsk3_0394_divorce_centered_001.webp,,,,/Users/mansur/universal_study_bot org/images omnis/vocab_images/assets_images/object_hsk3_0394_divorce_centered_001.webp
object_hsk3_0395_theory_centered_001.webp,,,,/Users/mansur/universal_study_bot org/images omnis/vocab_images/assets_images/object_hsk3_0395_theory_centered_001.webp
object_hsk3_0396_reason_centered_001.webp,,,,/Users/mansur/universal_study_bot org/images omnis/vocab_images/assets_images/object_hsk3_0396_reason_centered_001.webp
object_hsk3_0397_strength_centered_001.webp,,,,/Users/mansur/universal_study_bot org/images omnis/vocab_images/assets_images/object_hsk3_0397_strength_centered_001.webp
object_hsk3_0398_immediately_centered_001.webp,,,,/Users/mansur/universal_study_bot org/images omnis/vocab_images/assets_images/object_hsk3_0398_immediately_centered_001.webp
object_hsk3_0399_to_utilize_centered_001.webp,,,,/Users/mansur/universal_study_bot org/images omnis/vocab_images/assets_images/object_hsk3_0399_to_utilize_centered_001.webp
object_hsk3_0400_hastily_centered_001.webp,,,,/Users/mansur/universal_study_bot org/images omnis/vocab_images/assets_images/object_hsk3_0400_hastily_centered_001.webp
object_hsk3_0403_leadership_centered_001.webp,,,,/Users/mansur/universal_study_bot org/images omnis/vocab_images/assets_images/object_hsk3_0403_leadership_centered_001.webp
object_hsk3_0404_dragon_centered_001.webp,,,,/Users/mansur/universal_study_bot org/images omnis/vocab_images/assets_images/object_hsk3_0404_dragon_centered_001.webp
object_hsk3_0405_recording_centered_001.webp,,,,/Users/mansur/universal_study_bot org/images omnis/vocab_images/assets_images/object_hsk3_0405_recording_centered_001.webp
object_hsk3_0406_backward_centered_001.webp,,,,/Users/mansur/universal_study_bot org/images omnis/vocab_images/assets_images/object_hsk3_0406_backward_centered_001.webp
object_hsk3_0407_to_satisfy_centered_001.webp,,,,/Users/mansur/universal_study_bot org/images omnis/vocab_images/assets_images/object_hsk3_0407_to_satisfy_centered_001.webp
object_hsk3_0409_media_centered_001.webp,,,,/Users/mansur/universal_study_bot org/images omnis/vocab_images/assets_images/object_hsk3_0409_media_centered_001.webp
object_hsk3_0410_fine_arts_centered_001.webp,,,,/Users/mansur/universal_study_bot org/images omnis/vocab_images/assets_images/object_hsk3_0410_fine_arts_centered_001.webp
object_hsk3_0411_to_face_centered_001.webp,,,,/Users/mansur/universal_study_bot org/images omnis/vocab_images/assets_images/object_hsk3_0411_to_face_centered_001.webp
object_hsk3_0412_area_centered_001.webp,,,,/Users/mansur/universal_study_bot org/images omnis/vocab_images/assets_images/object_hsk3_0412_area_centered_001.webp
object_hsk3_0414_obvious_centered_001.webp,,,,/Users/mansur/universal_study_bot org/images omnis/vocab_images/assets_images/object_hsk3_0414_obvious_centered_001.webp
object_hsk3_0416_certain_centered_001.webp,,,,/Users/mansur/universal_study_bot org/images omnis/vocab_images/assets_images/object_hsk3_0416_certain_centered_001.webp
object_hsk3_0417_wood_centered_001.webp,,,,/Users/mansur/universal_study_bot org/images omnis/vocab_images/assets_images/object_hsk3_0417_wood_centered_001.webp
object_hsk3_0418_goal_centered_001.webp,,,,/Users/mansur/universal_study_bot org/images omnis/vocab_images/assets_images/object_hsk3_0418_goal_centered_001.webp
object_hsk3_0420_era_centered_001.webp,,,,/Users/mansur/universal_study_bot org/images omnis/vocab_images/assets_images/object_hsk3_0420_era_centered_001.webp
object_hsk3_0421_age_centered_001.webp,,,,/Users/mansur/universal_study_bot org/images omnis/vocab_images/assets_images/object_hsk3_0421_age_centered_001.webp
object_hsk3_0423_rural_area_centered_001.webp,,,,/Users/mansur/universal_study_bot org/images omnis/vocab_images/assets_images/object_hsk3_0423_rural_area_centered_001.webp
object_hsk3_0424_farmer_centered_001.webp,,,,/Users/mansur/universal_study_bot org/images omnis/vocab_images/assets_images/object_hsk3_0424_farmer_centered_001.webp
object_hsk3_0425_agriculture_centered_001.webp,,,,/Users/mansur/universal_study_bot org/images omnis/vocab_images/assets_images/object_hsk3_0425_agriculture_centered_001.webp
object_hsk3_0426_to_clap_or_pat_centered_001.webp,,,,/Users/mansur/universal_study_bot org/images omnis/vocab_images/assets_images/object_hsk3_0426_to_clap_or_pat_centered_001.webp
object_hsk3_0427_send_or_dispatch_centered_001.webp,,,,/Users/mansur/universal_study_bot org/images omnis/vocab_images/assets_images/object_hsk3_0427_send_or_dispatch_centered_001.webp
object_hsk3_0428_cooperation_centered_001.webp,,,,/Users/mansur/universal_study_bot org/images omnis/vocab_images/assets_images/object_hsk3_0428_cooperation_centered_001.webp
object_hsk3_0429_approval_centered_001.webp,,,,/Users/mansur/universal_study_bot org/images omnis/vocab_images/assets_images/object_hsk3_0429_approval_centered_001.webp
object_hsk3_0430_evaluation_centered_001.webp,,,,/Users/mansur/universal_study_bot org/images omnis/vocab_images/assets_images/object_hsk3_0430_evaluation_centered_001.webp
object_hsk3_0431_destruction_centered_001.webp,,,,/Users/mansur/universal_study_bot org/images omnis/vocab_images/assets_images/object_hsk3_0431_destruction_centered_001.webp
object_hsk3_0433_strong_centered_001.webp,,,,/Users/mansur/universal_study_bot org/images omnis/vocab_images/assets_images/object_hsk3_0433_strong_centered_001.webp
object_hsk3_0434_friendly_and_warm_centered_001.webp,,,,/Users/mansur/universal_study_bot org/images omnis/vocab_images/assets_images/object_hsk3_0434_friendly_and_warm_centered_001.webp
object_hsk3_0435_personally_centered_001.webp,,,,/Users/mansur/universal_study_bot org/images omnis/vocab_images/assets_images/object_hsk3_0435_personally_centered_001.webp
object_hsk3_0436_celebrate_centered_001.webp,,,,/Users/mansur/universal_study_bot org/images omnis/vocab_images/assets_images/object_hsk3_0436_celebrate_centered_001.webp
object_hsk3_0437_soccer_fan_centered_001.webp,,,,/Users/mansur/universal_study_bot org/images omnis/vocab_images/assets_images/object_hsk3_0437_soccer_fan_centered_001.webp
object_hsk3_0438_cancel_centered_001.webp,,,,/Users/mansur/universal_study_bot org/images omnis/vocab_images/assets_images/object_hsk3_0438_cancel_centered_001.webp
object_hsk3_0439_to_pass_away_centered_001.webp,,,,/Users/mansur/universal_study_bot org/images omnis/vocab_images/assets_images/object_hsk3_0439_to_pass_away_centered_001.webp
object_hsk3_0440_comprehensive_centered_001.webp,,,,/Users/mansur/universal_study_bot org/images omnis/vocab_images/assets_images/object_hsk3_0440_comprehensive_centered_001.webp
object_hsk3_0441_to_determine_centered_001.webp,,,,/Users/mansur/universal_study_bot org/images omnis/vocab_images/assets_images/object_hsk3_0441_to_determine_centered_001.webp
object_hsk3_0442_group_centered_001.webp,,,,/Users/mansur/universal_study_bot org/images omnis/vocab_images/assets_images/object_hsk3_0442_group_centered_001.webp
object_hsk3_0443_deep_love_centered_001.webp,,,,/Users/mansur/universal_study_bot org/images omnis/vocab_images/assets_images/object_hsk3_0443_deep_love_centered_001.webp
object_hsk3_0444_enthusiastic_centered_001.webp,,,,/Users/mansur/universal_study_bot org/images omnis/vocab_images/assets_images/object_hsk3_0444_enthusiastic_centered_001.webp
object_hsk3_0445_talent_centered_001.webp,,,,/Users/mansur/universal_study_bot org/images omnis/vocab_images/assets_images/object_hsk3_0445_talent_centered_001.webp
object_hsk3_0446_humanity_centered_001.webp,,,,/Users/mansur/universal_study_bot org/images omnis/vocab_images/assets_images/object_hsk3_0446_humanity_centered_001.webp
object_hsk3_0447_renminbi_centered_001.webp,,,,/Users/mansur/universal_study_bot org/images omnis/vocab_images/assets_images/object_hsk3_0447_renminbi_centered_001.webp
object_hsk3_0448_human_life_centered_001.webp,,,,/Users/mansur/universal_study_bot org/images omnis/vocab_images/assets_images/object_hsk3_0448_human_life_centered_001.webp
object_hsk3_0449_personnel_centered_001.webp,,,,/Users/mansur/universal_study_bot org/images omnis/vocab_images/assets_images/object_hsk3_0449_personnel_centered_001.webp
object_hsk3_0450_daily_routine_centered_001.webp,,,,/Users/mansur/universal_study_bot org/images omnis/vocab_images/assets_images/object_hsk3_0450_daily_routine_centered_001.webp
object_hsk3_0451_how_centered_001.webp,,,,/Users/mansur/universal_study_bot org/images omnis/vocab_images/assets_images/object_hsk3_0451_how_centered_001.webp
object_hsk3_0452_goods_centered_001.webp,,,,/Users/mansur/universal_study_bot org/images omnis/vocab_images/assets_images/object_hsk3_0452_goods_centered_001.webp
object_hsk3_0453_business_centered_001.webp,,,,/Users/mansur/universal_study_bot org/images omnis/vocab_images/assets_images/object_hsk3_0453_business_centered_001.webp
object_hsk3_0454_equipment_centered_001.webp,,,,/Users/mansur/universal_study_bot org/images omnis/vocab_images/assets_images/object_hsk3_0454_equipment_centered_001.webp
object_hsk3_0455_design_centered_001.webp,,,,/Users/mansur/universal_study_bot org/images omnis/vocab_images/assets_images/object_hsk3_0455_design_centered_001.webp
object_hsk3_0457_to_rise_centered_001.webp,,,,/Users/mansur/universal_study_bot org/images omnis/vocab_images/assets_images/object_hsk3_0457_to_rise_centered_001.webp
object_hsk3_0458_production_centered_001.webp,,,,/Users/mansur/universal_study_bot org/images omnis/vocab_images/assets_images/object_hsk3_0458_production_centered_001.webp
object_hsk3_0459_vivid_centered_001.webp,,,,/Users/mansur/universal_study_bot org/images omnis/vocab_images/assets_images/object_hsk3_0459_vivid_centered_001.webp
object_hsk3_0460_growth_centered_001.webp,,,,/Users/mansur/universal_study_bot org/images omnis/vocab_images/assets_images/object_hsk3_0460_growth_centered_001.webp
object_hsk3_0461_victory_centered_001.webp,,,,/Users/mansur/universal_study_bot org/images omnis/vocab_images/assets_images/object_hsk3_0461_victory_centered_001.webp
object_hsk3_0462_to_lose_centered_001.webp,,,,/Users/mansur/universal_study_bot org/images omnis/vocab_images/assets_images/object_hsk3_0462_to_lose_centered_001.webp
object_hsk3_0463_stone_centered_001.webp,,,,/Users/mansur/universal_study_bot org/images omnis/vocab_images/assets_images/object_hsk3_0463_stone_centered_001.webp
object_hsk3_0464_era_centered_001.webp,,,,/Users/mansur/universal_study_bot org/images omnis/vocab_images/assets_images/object_hsk3_0464_era_centered_001.webp
object_hsk3_0465_moment_in_time_centered_001.webp,,,,/Users/mansur/universal_study_bot org/images omnis/vocab_images/assets_images/object_hsk3_0465_moment_in_time_centered_001.webp
object_hsk3_0466_experiment_centered_001.webp,,,,/Users/mansur/universal_study_bot org/images omnis/vocab_images/assets_images/object_hsk3_0466_experiment_centered_001.webp
object_hsk3_0468_market_centered_001.webp,,,,/Users/mansur/universal_study_bot org/images omnis/vocab_images/assets_images/object_hsk3_0468_market_centered_001.webp
object_hsk3_0470_procedure_centered_001.webp,,,,/Users/mansur/universal_study_bot org/images omnis/vocab_images/assets_images/object_hsk3_0470_procedure_centered_001.webp
object_hsk3_0471_finger_centered_001.webp,,,,/Users/mansur/universal_study_bot org/images omnis/vocab_images/assets_images/object_hsk3_0471_finger_centered_001.webp
object_hsk3_0472_injured_centered_001.webp,,,,/Users/mansur/universal_study_bot org/images omnis/vocab_images/assets_images/object_hsk3_0472_injured_centered_001.webp
object_hsk3_0473_bookshelf_centered_001.webp,,,,/Users/mansur/universal_study_bot org/images omnis/vocab_images/assets_images/object_hsk3_0473_bookshelf_centered_001.webp
object_hsk3_0474_input_centered_001.webp,,,,/Users/mansur/universal_study_bot org/images omnis/vocab_images/assets_images/object_hsk3_0474_input_centered_001.webp
object_hsk3_0475_belong_to_centered_001.webp,,,,/Users/mansur/universal_study_bot org/images omnis/vocab_images/assets_images/object_hsk3_0475_belong_to_centered_001.webp
object_hsk3_0476_both_parties_centered_001.webp,,,,/Users/mansur/universal_study_bot org/images omnis/vocab_images/assets_images/object_hsk3_0476_both_parties_centered_001.webp
object_hsk3_0477_thought_centered_001.webp,,,,/Users/mansur/universal_study_bot org/images omnis/vocab_images/assets_images/object_hsk3_0477_thought_centered_001.webp
object_hsk3_0478_place_centered_001.webp,,,,/Users/mansur/universal_study_bot org/images omnis/vocab_images/assets_images/object_hsk3_0478_place_centered_001.webp
object_hsk3_0479_negotiation_centered_001.webp,,,,/Users/mansur/universal_study_bot org/images omnis/vocab_images/assets_images/object_hsk3_0479_negotiation_centered_001.webp
object_hsk3_0480_distinctive_feature_centered_001.webp,,,,/Users/mansur/universal_study_bot org/images omnis/vocab_images/assets_images/object_hsk3_0480_distinctive_feature_centered_001.webp
object_hsk3_0481_to_ask_a_question_centered_001.webp,,,,/Users/mansur/universal_study_bot org/images omnis/vocab_images/assets_images/object_hsk3_0481_to_ask_a_question_centered_001.webp
object_hsk3_0483_understanding_centered_001.webp,,,,/Users/mansur/universal_study_bot org/images omnis/vocab_images/assets_images/object_hsk3_0483_understanding_centered_001.webp
object_hsk3_0484_embodiment_centered_001.webp,,,,/Users/mansur/universal_study_bot org/images omnis/vocab_images/assets_images/object_hsk3_0484_embodiment_centered_001.webp
object_hsk3_0486_sky_centered_001.webp,,,,/Users/mansur/universal_study_bot org/images omnis/vocab_images/assets_images/object_hsk3_0486_sky_centered_001.webp
object_hsk3_0487_adjustment_centered_001.webp,,,,/Users/mansur/universal_study_bot org/images omnis/vocab_images/assets_images/object_hsk3_0487_adjustment_centered_001.webp
object_hsk3_0489_pain_and_suffering_centered_001.webp,,,,/Users/mansur/universal_study_bot org/images omnis/vocab_images/assets_images/object_hsk3_0489_pain_and_suffering_centered_001.webp
object_hsk3_0490_prominent_centered_001.webp,,,,/Users/mansur/universal_study_bot org/images omnis/vocab_images/assets_images/object_hsk3_0490_prominent_centered_001.webp
object_hsk3_0491_group_centered_001.webp,,,,/Users/mansur/universal_study_bot org/images omnis/vocab_images/assets_images/object_hsk3_0491_group_centered_001.webp
object_hsk3_0492_promotion_centered_001.webp,,,,/Users/mansur/universal_study_bot org/images omnis/vocab_images/assets_images/object_hsk3_0492_promotion_centered_001.webp
object_hsk3_0493_to_return_centered_001.webp,,,,/Users/mansur/universal_study_bot org/images omnis/vocab_images/assets_images/object_hsk3_0493_to_return_centered_001.webp
object_hsk3_0495_diplomacy_centered_001.webp,,,,/Users/mansur/universal_study_bot org/images omnis/vocab_images/assets_images/object_hsk3_0495_diplomacy_centered_001.webp
object_hsk3_0497_improve_centered_001.webp,,,,/Users/mansur/universal_study_bot org/images omnis/vocab_images/assets_images/object_hsk3_0497_improve_centered_001.webp
object_hsk3_0499_toy_centered_001.webp,,,,/Users/mansur/universal_study_bot org/images omnis/vocab_images/assets_images/object_hsk3_0499_toy_centered_001.webp
object_hsk3_0500_harm_centered_001.webp,,,,/Users/mansur/universal_study_bot org/images omnis/vocab_images/assets_images/object_hsk3_0500_harm_centered_001.webp
object_hsk3_0502_warmth_centered_001.webp,,,,/Users/mansur/universal_study_bot org/images omnis/vocab_images/assets_images/object_hsk3_0502_warmth_centered_001.webp
object_hsk3_0504_civilization_centered_001.webp,,,,/Users/mansur/universal_study_bot org/images omnis/vocab_images/assets_images/object_hsk3_0504_civilization_centered_001.webp
object_hsk3_0505_literature_centered_001.webp,,,,/Users/mansur/universal_study_bot org/images omnis/vocab_images/assets_images/object_hsk3_0505_literature_centered_001.webp
object_hsk3_0506_written_characters_centered_001.webp,,,,/Users/mansur/universal_study_bot org/images omnis/vocab_images/assets_images/object_hsk3_0506_written_characters_centered_001.webp
object_hsk3_0507_handshake_centered_001.webp,,,,/Users/mansur/universal_study_bot org/images omnis/vocab_images/assets_images/object_hsk3_0507_handshake_centered_001.webp
object_hsk3_0508_room_centered_001.webp,,,,/Users/mansur/universal_study_bot org/images omnis/vocab_images/assets_images/object_hsk3_0508_room_centered_001.webp
object_hsk3_0509_martial_arts_centered_001.webp,,,,/Users/mansur/universal_study_bot org/images omnis/vocab_images/assets_images/object_hsk3_0509_martial_arts_centered_001.webp
object_hsk3_0510_system_centered_001.webp,,,,/Users/mansur/universal_study_bot org/images omnis/vocab_images/assets_images/object_hsk3_0510_system_centered_001.webp
object_hsk3_0511_to_appear_centered_001.webp,,,,/Users/mansur/universal_study_bot org/images omnis/vocab_images/assets_images/object_hsk3_0511_to_appear_centered_001.webp
object_hsk3_0513_to_display_centered_001.webp,,,,/Users/mansur/universal_study_bot org/images omnis/vocab_images/assets_images/object_hsk3_0513_to_display_centered_001.webp
object_hsk3_0514_modern_centered_001.webp,,,,/Users/mansur/universal_study_bot org/images omnis/vocab_images/assets_images/object_hsk3_0514_modern_centered_001.webp
object_hsk3_0515_reality_centered_001.webp,,,,/Users/mansur/universal_study_bot org/images omnis/vocab_images/assets_images/object_hsk3_0515_reality_centered_001.webp
object_hsk3_0516_phenomenon_centered_001.webp,,,,/Users/mansur/universal_study_bot org/images omnis/vocab_images/assets_images/object_hsk3_0516_phenomenon_centered_001.webp
object_hsk3_0518_related_centered_001.webp,,,,/Users/mansur/universal_study_bot org/images omnis/vocab_images/assets_images/object_hsk3_0518_related_centered_001.webp
object_hsk3_0520_consumption_centered_001.webp,,,,/Users/mansur/universal_study_bot org/images omnis/vocab_images/assets_images/object_hsk3_0520_consumption_centered_001.webp
object_hsk3_0521_disappear_centered_001.webp,,,,/Users/mansur/universal_study_bot org/images omnis/vocab_images/assets_images/object_hsk3_0521_disappear_centered_001.webp
object_hsk3_0522_writing_centered_001.webp,,,,/Users/mansur/universal_study_bot org/images omnis/vocab_images/assets_images/object_hsk3_0522_writing_centered_001.webp
object_hsk3_0523_blood_centered_001.webp,,,,/Users/mansur/universal_study_bot org/images omnis/vocab_images/assets_images/object_hsk3_0523_blood_centered_001.webp
object_hsk3_0524_trust_centered_001.webp,,,,/Users/mansur/universal_study_bot org/images omnis/vocab_images/assets_images/object_hsk3_0524_trust_centered_001.webp
object_hsk3_0531_announce_centered_001.webp,,,,/Users/mansur/universal_study_bot org/images omnis/vocab_images/assets_images/object_hsk3_0531_announce_centered_001.webp
object_hsk3_0535_accident_centered_001.webp,,,,/Users/mansur/universal_study_bot org/images omnis/vocab_images/assets_images/object_hsk3_0535_accident_centered_001.webp
object_hsk3_0537_silver_centered_001.webp,,,,/Users/mansur/universal_study_bot org/images omnis/vocab_images/assets_images/object_hsk3_0537_silver_centered_001.webp
object_hsk3_0539_nutrition_centered_001.webp,,,,/Users/mansur/universal_study_bot org/images omnis/vocab_images/assets_images/object_hsk3_0539_nutrition_centered_001.webp
object_hsk3_0540_application_centered_001.webp,,,,/Users/mansur/universal_study_bot org/images omnis/vocab_images/assets_images/object_hsk3_0540_application_centered_001.webp
object_hsk3_0541_advantage_centered_001.webp,,,,/Users/mansur/universal_study_bot org/images omnis/vocab_images/assets_images/object_hsk3_0541_advantage_centered_001.webp
object_hsk3_0542_beneficial_centered_001.webp,,,,/Users/mansur/universal_study_bot org/images omnis/vocab_images/assets_images/object_hsk3_0542_beneficial_centered_001.webp
object_hsk3_0543_forecast_centered_001.webp,,,,/Users/mansur/universal_study_bot org/images omnis/vocab_images/assets_images/object_hsk3_0543_forecast_centered_001.webp
object_hsk3_0544_prevention_centered_001.webp,,,,/Users/mansur/universal_study_bot org/images omnis/vocab_images/assets_images/object_hsk3_0544_prevention_centered_001.webp
object_hsk3_0545_employee_centered_001.webp,,,,/Users/mansur/universal_study_bot org/images omnis/vocab_images/assets_images/object_hsk3_0545_employee_centered_001.webp
object_hsk3_0546_wish_centered_001.webp,,,,/Users/mansur/universal_study_bot org/images omnis/vocab_images/assets_images/object_hsk3_0546_wish_centered_001.webp
object_hsk3_0547_transportation_centered_001.webp,,,,/Users/mansur/universal_study_bot org/images omnis/vocab_images/assets_images/object_hsk3_0547_transportation_centered_001.webp
object_hsk3_0549_expand_centered_001.webp,,,,/Users/mansur/universal_study_bot org/images omnis/vocab_images/assets_images/object_hsk3_0549_expand_centered_001.webp
object_hsk3_0552_whole_centered_001.webp,,,,/Users/mansur/universal_study_bot org/images omnis/vocab_images/assets_images/object_hsk3_0552_whole_centered_001.webp
object_hsk3_0553_neat_and_tidy_centered_001.webp,,,,/Users/mansur/universal_study_bot org/images omnis/vocab_images/assets_images/object_hsk3_0553_neat_and_tidy_centered_001.webp
object_hsk3_0554_whole_centered_001.webp,,,,/Users/mansur/universal_study_bot org/images omnis/vocab_images/assets_images/object_hsk3_0554_whole_centered_001.webp
object_hsk3_0555_identification_document_centered_001.webp,,,,/Users/mansur/universal_study_bot org/images omnis/vocab_images/assets_images/object_hsk3_0555_identification_document_centered_001.webp
object_hsk3_0557_support_centered_001.webp,,,,/Users/mansur/universal_study_bot org/images omnis/vocab_images/assets_images/object_hsk3_0557_support_centered_001.webp
object_hsk3_0558_straight_centered_001.webp,,,,/Users/mansur/universal_study_bot org/images omnis/vocab_images/assets_images/object_hsk3_0558_straight_centered_001.webp
object_hsk3_0559_guidance_centered_001.webp,,,,/Users/mansur/universal_study_bot org/images omnis/vocab_images/assets_images/object_hsk3_0559_guidance_centered_001.webp
object_hsk3_0561_volunteer_centered_001.webp,,,,/Users/mansur/universal_study_bot org/images omnis/vocab_images/assets_images/object_hsk3_0561_volunteer_centered_001.webp
object_hsk3_0563_system_centered_001.webp,,,,/Users/mansur/universal_study_bot org/images omnis/vocab_images/assets_images/object_hsk3_0563_system_centered_001.webp
object_hsk3_0564_manufacturing_centered_001.webp,,,,/Users/mansur/universal_study_bot org/images omnis/vocab_images/assets_images/object_hsk3_0564_manufacturing_centered_001.webp
object_hsk3_0565_to_make_centered_001.webp,,,,/Users/mansur/universal_study_bot org/images omnis/vocab_images/assets_images/object_hsk3_0565_to_make_centered_001.webp
object_hsk3_0567_pig_centered_001.webp,,,,/Users/mansur/universal_study_bot org/images omnis/vocab_images/assets_images/object_hsk3_0567_pig_centered_001.webp
object_hsk3_0569_proactive_centered_001.webp,,,,/Users/mansur/universal_study_bot org/images omnis/vocab_images/assets_images/object_hsk3_0569_proactive_centered_001.webp
object_hsk3_0570_director_centered_001.webp,,,,/Users/mansur/universal_study_bot org/images omnis/vocab_images/assets_images/object_hsk3_0570_director_centered_001.webp
object_hsk3_0571_advocate_centered_001.webp,,,,/Users/mansur/universal_study_bot org/images omnis/vocab_images/assets_images/object_hsk3_0571_advocate_centered_001.webp
object_hsk3_0572_to_grab_centered_001.webp,,,,/Users/mansur/universal_study_bot org/images omnis/vocab_images/assets_images/object_hsk3_0572_to_grab_centered_001.webp
object_hsk3_0573_expert_centered_001.webp,,,,/Users/mansur/universal_study_bot org/images omnis/vocab_images/assets_images/object_hsk3_0573_expert_centered_001.webp
object_hsk3_0574_transformation_centered_001.webp,,,,/Users/mansur/universal_study_bot org/images omnis/vocab_images/assets_images/object_hsk3_0574_transformation_centered_001.webp
object_hsk3_0576_state_centered_001.webp,,,,/Users/mansur/universal_study_bot org/images omnis/vocab_images/assets_images/object_hsk3_0576_state_centered_001.webp
object_hsk3_0578_qualification_centered_001.webp,,,,/Users/mansur/universal_study_bot org/images omnis/vocab_images/assets_images/object_hsk3_0578_qualification_centered_001.webp
object_hsk3_0579_funds_centered_001.webp,,,,/Users/mansur/universal_study_bot org/images omnis/vocab_images/assets_images/object_hsk3_0579_funds_centered_001.webp
object_hsk3_0580_since_centered_001.webp,,,,/Users/mansur/universal_study_bot org/images omnis/vocab_images/assets_images/object_hsk3_0580_since_centered_001.webp
object_hsk3_0582_self-aware_centered_001.webp,,,,/Users/mansur/universal_study_bot org/images omnis/vocab_images/assets_images/object_hsk3_0582_self-aware_centered_001.webp
object_hsk3_0584_work_of_art_centered_001.webp,,,,/Users/mansur/universal_study_bot org/images omnis/vocab_images/assets_images/object_hsk3_0584_work_of_art_centered_001.webp
object_hsk3_0585_ability_or_skill_centered_001.webp,,,,/Users/mansur/universal_study_bot org/images omnis/vocab_images/assets_images/object_hsk3_0585_ability_or_skill_centered_001.webp
object_hsk3_0587_occasion_centered_001.webp,,,,/Users/mansur/universal_study_bot org/images omnis/vocab_images/assets_images/object_hsk3_0587_occasion_centered_001.webp
object_hsk3_0588_place_centered_001.webp,,,,/Users/mansur/universal_study_bot org/images omnis/vocab_images/assets_images/object_hsk3_0588_place_centered_001.webp
object_hsk3_0589_member_centered_001.webp,,,,/Users/mansur/universal_study_bot org/images omnis/vocab_images/assets_images/object_hsk3_0589_member_centered_001.webp
object_hsk3_0590_preliminary_centered_001.webp,,,,/Users/mansur/universal_study_bot org/images omnis/vocab_images/assets_images/object_hsk3_0590_preliminary_centered_001.webp
object_hsk3_0591_innovation_centered_001.webp,,,,/Users/mansur/universal_study_bot org/images omnis/vocab_images/assets_images/object_hsk3_0591_innovation_centered_001.webp
object_hsk3_0592_entrepreneurship_centered_001.webp,,,,/Users/mansur/universal_study_bot org/images omnis/vocab_images/assets_images/object_hsk3_0592_entrepreneurship_centered_001.webp
object_hsk3_0593_creation_centered_001.webp,,,,/Users/mansur/universal_study_bot org/images omnis/vocab_images/assets_images/object_hsk3_0593_creation_centered_001.webp
object_hsk3_0594_to_lead_centered_001.webp,,,,/Users/mansur/universal_study_bot org/images omnis/vocab_images/assets_images/object_hsk3_0594_to_lead_centered_001.webp
object_hsk3_0595_at_that_time_centered_001.webp,,,,/Users/mansur/universal_study_bot org/images omnis/vocab_images/assets_images/object_hsk3_0595_at_that_time_centered_001.webp
object_hsk3_0596_regularly_scheduled_centered_001.webp,,,,/Users/mansur/universal_study_bot org/images omnis/vocab_images/assets_images/object_hsk3_0596_regularly_scheduled_centered_001.webp
object_hsk3_0597_power_centered_001.webp,,,,/Users/mansur/universal_study_bot org/images omnis/vocab_images/assets_images/object_hsk3_0597_power_centered_001.webp
object_hsk3_0599_prevent_centered_001.webp,,,,/Users/mansur/universal_study_bot org/images omnis/vocab_images/assets_images/object_hsk3_0599_prevent_centered_001.webp
object_hsk3_0601_citizen_centered_001.webp,,,,/Users/mansur/universal_study_bot org/images omnis/vocab_images/assets_images/object_hsk3_0601_citizen_centered_001.webp
object_hsk3_0602_hometown_centered_001.webp,,,,/Users/mansur/universal_study_bot org/images omnis/vocab_images/assets_images/object_hsk3_0602_hometown_centered_001.webp
object_hsk3_0604_joyful_centered_001.webp,,,,/Users/mansur/universal_study_bot org/images omnis/vocab_images/assets_images/object_hsk3_0604_joyful_centered_001.webp
object_hsk3_0605_processing_centered_001.webp,,,,/Users/mansur/universal_study_bot org/images omnis/vocab_images/assets_images/object_hsk3_0605_processing_centered_001.webp
object_hsk3_0606_family_member_centered_001.webp,,,,/Users/mansur/universal_study_bot org/images omnis/vocab_images/assets_images/object_hsk3_0606_family_member_centered_001.webp
object_hsk3_0607_approaching_centered_001.webp,,,,/Users/mansur/universal_study_bot org/images omnis/vocab_images/assets_images/object_hsk3_0607_approaching_centered_001.webp
object_hsk3_0608_transaction_centered_001.webp,,,,/Users/mansur/universal_study_bot org/images omnis/vocab_images/assets_images/object_hsk3_0608_transaction_centered_001.webp
object_hsk3_0609_progress_centered_001.webp,,,,/Users/mansur/universal_study_bot org/images omnis/vocab_images/assets_images/object_hsk3_0609_progress_centered_001.webp
object_hsk3_0610_employment_centered_001.webp,,,,/Users/mansur/universal_study_bot org/images omnis/vocab_images/assets_images/object_hsk3_0610_employment_centered_001.webp
object_hsk3_0612_test_centered_001.webp,,,,/Users/mansur/universal_study_bot org/images omnis/vocab_images/assets_images/object_hsk3_0612_test_centered_001.webp
object_hsk3_0613_similar_centered_001.webp,,,,/Users/mansur/universal_study_bot org/images omnis/vocab_images/assets_images/object_hsk3_0613_similar_centered_001.webp
object_hsk3_0614_leading_centered_001.webp,,,,/Users/mansur/universal_study_bot org/images omnis/vocab_images/assets_images/object_hsk3_0614_leading_centered_001.webp
object_hsk3_0615_folk_centered_001.webp,,,,/Users/mansur/universal_study_bot org/images omnis/vocab_images/assets_images/object_hsk3_0615_folk_centered_001.webp
object_hsk3_0617_to_ask_for_advice_centered_001.webp,,,,/Users/mansur/universal_study_bot org/images omnis/vocab_images/assets_images/object_hsk3_0617_to_ask_for_advice_centered_001.webp
object_hsk3_0619_artificial_centered_001.webp,,,,/Users/mansur/universal_study_bot org/images omnis/vocab_images/assets_images/object_hsk3_0619_artificial_centered_001.webp
object_hsk3_0621_establish_centered_001.webp,,,,/Users/mansur/universal_study_bot org/images omnis/vocab_images/assets_images/object_hsk3_0621_establish_centered_001.webp
object_hsk3_0622_survival_centered_001.webp,,,,/Users/mansur/universal_study_bot org/images omnis/vocab_images/assets_images/object_hsk3_0622_survival_centered_001.webp
object_hsk3_0624_petroleum_centered_001.webp,,,,/Users/mansur/universal_study_bot org/images omnis/vocab_images/assets_images/object_hsk3_0624_petroleum_centered_001.webp
object_hsk3_0626_to_implement_centered_001.webp,,,,/Users/mansur/universal_study_bot org/images omnis/vocab_images/assets_images/object_hsk3_0626_to_implement_centered_001.webp
object_hsk3_0627_accident_centered_001.webp,,,,/Users/mansur/universal_study_bot org/images omnis/vocab_images/assets_images/object_hsk3_0627_accident_centered_001.webp
object_hsk3_0628_event_centered_001.webp,,,,/Users/mansur/universal_study_bot org/images omnis/vocab_images/assets_images/object_hsk3_0628_event_centered_001.webp
object_hsk3_0630_experiment_centered_001.webp,,,,/Users/mansur/universal_study_bot org/images omnis/vocab_images/assets_images/object_hsk3_0630_experiment_centered_001.webp
object_hsk3_0631_radio_centered_001.webp,,,,/Users/mansur/universal_study_bot org/images omnis/vocab_images/assets_images/object_hsk3_0631_radio_centered_001.webp
object_hsk3_0632_bundle_centered_001.webp,,,,/Users/mansur/universal_study_bot org/images omnis/vocab_images/assets_images/object_hsk3_0632_bundle_centered_001.webp
object_hsk3_0634_group_or_organization_centered_001.webp,,,,/Users/mansur/universal_study_bot org/images omnis/vocab_images/assets_images/object_hsk3_0634_group_or_organization_centered_001.webp
object_hsk3_0635_weapon_centered_001.webp,,,,/Users/mansur/universal_study_bot org/images omnis/vocab_images/assets_images/object_hsk3_0635_weapon_centered_001.webp
object_hsk3_0638_demand_centered_001.webp,,,,/Users/mansur/universal_study_bot org/images omnis/vocab_images/assets_images/object_hsk3_0638_demand_centered_001.webp
object_hsk3_0640_live_broadcast_centered_001.webp,,,,/Users/mansur/universal_study_bot org/images omnis/vocab_images/assets_images/object_hsk3_0640_live_broadcast_centered_001.webp
object_hsk3_0641_seed_centered_001.webp,,,,/Users/mansur/universal_study_bot org/images omnis/vocab_images/assets_images/object_hsk3_0641_seed_centered_001.webp
object_hsk3_0642_topic_centered_001.webp,,,,/Users/mansur/universal_study_bot org/images omnis/vocab_images/assets_images/object_hsk3_0642_topic_centered_001.webp
object_hsk3_0644_to_press_centered_001.webp,,,,/Users/mansur/universal_study_bot org/images omnis/vocab_images/assets_images/object_hsk3_0644_to_press_centered_001.webp
object_hsk3_0645_chinese_cabbage_centered_001.webp,,,,/Users/mansur/universal_study_bot org/images omnis/vocab_images/assets_images/object_hsk3_0645_chinese_cabbage_centered_001.webp
object_hsk3_0646_class_centered_001.webp,,,,/Users/mansur/universal_study_bot org/images omnis/vocab_images/assets_images/object_hsk3_0646_class_centered_001.webp
object_hsk3_0647_moving_house_centered_001.webp,,,,/Users/mansur/universal_study_bot org/images omnis/vocab_images/assets_images/object_hsk3_0647_moving_house_centered_001.webp
object_hsk3_0648_board_centered_001.webp,,,,/Users/mansur/universal_study_bot org/images omnis/vocab_images/assets_images/object_hsk3_0648_board_centered_001.webp
object_hsk3_0650_security_guard_centered_001.webp,,,,/Users/mansur/universal_study_bot org/images omnis/vocab_images/assets_images/object_hsk3_0650_security_guard_centered_001.webp
object_hsk3_0651_report_centered_001.webp,,,,/Users/mansur/universal_study_bot org/images omnis/vocab_images/assets_images/object_hsk3_0651_report_centered_001.webp
object_hsk3_0653_behind_centered_001.webp,,,,/Users/mansur/universal_study_bot org/images omnis/vocab_images/assets_images/object_hsk3_0653_behind_centered_001.webp
object_hsk3_0654_become_centered_001.webp,,,,/Users/mansur/universal_study_bot org/images omnis/vocab_images/assets_images/object_hsk3_0654_become_centered_001.webp
object_hsk3_0655_and_centered_001.webp,,,,/Users/mansur/universal_study_bot org/images omnis/vocab_images/assets_images/object_hsk3_0655_and_centered_001.webp
object_hsk3_0656_broadcast_centered_001.webp,,,,/Users/mansur/universal_study_bot org/images omnis/vocab_images/assets_images/object_hsk3_0656_broadcast_centered_001.webp
object_hsk3_0657_no_need_centered_001.webp,,,,/Users/mansur/universal_study_bot org/images omnis/vocab_images/assets_images/object_hsk3_0657_no_need_centered_001.webp
object_hsk3_0658_regardless_of_centered_001.webp,,,,/Users/mansur/universal_study_bot org/images omnis/vocab_images/assets_images/object_hsk3_0658_regardless_of_centered_001.webp
object_hsk3_0659_to_supplement_or_repair_centered_001.webp,,,,/Users/mansur/universal_study_bot org/images omnis/vocab_images/assets_images/object_hsk3_0659_to_supplement_or_repair_centered_001.webp
object_hsk3_0660_not_only_centered_001.webp,,,,/Users/mansur/universal_study_bot org/images omnis/vocab_images/assets_images/object_hsk3_0660_not_only_centered_001.webp
object_hsk3_0661_step_centered_001.webp,,,,/Users/mansur/universal_study_bot org/images omnis/vocab_images/assets_images/object_hsk3_0661_step_centered_001.webp
object_hsk3_0662_part_centered_001.webp,,,,/Users/mansur/universal_study_bot org/images omnis/vocab_images/assets_images/object_hsk3_0662_part_centered_001.webp
object_hsk3_0663_minister_centered_001.webp,,,,/Users/mansur/universal_study_bot org/images omnis/vocab_images/assets_images/object_hsk3_0663_minister_centered_001.webp
object_hsk3_0664_ability_or_talent_centered_001.webp,,,,/Users/mansur/universal_study_bot org/images omnis/vocab_images/assets_images/object_hsk3_0664_ability_or_talent_centered_001.webp
object_hsk3_0665_adopt_centered_001.webp,,,,/Users/mansur/universal_study_bot org/images omnis/vocab_images/assets_images/object_hsk3_0665_adopt_centered_001.webp
object_hsk3_0666_colorful_centered_001.webp,,,,/Users/mansur/universal_study_bot org/images omnis/vocab_images/assets_images/object_hsk3_0666_colorful_centered_001.webp
object_hsk3_0667_strengths_centered_001.webp,,,,/Users/mansur/universal_study_bot org/images omnis/vocab_images/assets_images/object_hsk3_0667_strengths_centered_001.webp
object_hsk3_0668_long-term_centered_001.webp,,,,/Users/mansur/universal_study_bot org/images omnis/vocab_images/assets_images/object_hsk3_0668_long-term_centered_001.webp
object_hsk3_0669_factory_centered_001.webp,,,,/Users/mansur/universal_study_bot org/images omnis/vocab_images/assets_images/object_hsk3_0669_factory_centered_001.webp
object_hsk3_0670_shirt_centered_001.webp,,,,/Users/mansur/universal_study_bot org/images omnis/vocab_images/assets_images/object_hsk3_0670_shirt_centered_001.webp
object_hsk3_0671_to_be_called_centered_001.webp,,,,/Users/mansur/universal_study_bot org/images omnis/vocab_images/assets_images/object_hsk3_0671_to_be_called_centered_001.webp
object_hsk3_0672_city_centered_001.webp,,,,/Users/mansur/universal_study_bot org/images omnis/vocab_images/assets_images/object_hsk3_0672_city_centered_001.webp
object_hsk3_0673_beginning_centered_001.webp,,,,/Users/mansur/universal_study_bot org/images omnis/vocab_images/assets_images/object_hsk3_0673_beginning_centered_001.webp
object_hsk3_0674_junior_high_school_centered_001.webp,,,,/Users/mansur/universal_study_bot org/images omnis/vocab_images/assets_images/object_hsk3_0674_junior_high_school_centered_001.webp
object_hsk3_0675_to_transmit_centered_001.webp,,,,/Users/mansur/universal_study_bot org/images omnis/vocab_images/assets_images/object_hsk3_0675_to_transmit_centered_001.webp
object_hsk3_0676_to_come_through_centered_001.webp,,,,/Users/mansur/universal_study_bot org/images omnis/vocab_images/assets_images/object_hsk3_0676_to_come_through_centered_001.webp
object_hsk3_0677_village_centered_001.webp,,,,/Users/mansur/universal_study_bot org/images omnis/vocab_images/assets_images/object_hsk3_0677_village_centered_001.webp
object_hsk3_0678_break_centered_001.webp,,,,/Users/mansur/universal_study_bot org/images omnis/vocab_images/assets_images/object_hsk3_0678_break_centered_001.webp
object_hsk3_0679_substitute_centered_001.webp,,,,/Users/mansur/universal_study_bot org/images omnis/vocab_images/assets_images/object_hsk3_0679_substitute_centered_001.webp
object_hsk3_0680_delegation_centered_001.webp,,,,/Users/mansur/universal_study_bot org/images omnis/vocab_images/assets_images/object_hsk3_0680_delegation_centered_001.webp
object_hsk3_0681_to_drive_or_promote_centered_001.webp,,,,/Users/mansur/universal_study_bot org/images omnis/vocab_images/assets_images/object_hsk3_0681_to_drive_or_promote_centered_001.webp
object_hsk3_0682_in_the_middle_centered_001.webp,,,,/Users/mansur/universal_study_bot org/images omnis/vocab_images/assets_images/object_hsk3_0682_in_the_middle_centered_001.webp
object_hsk3_0683_score_centered_001.webp,,,,/Users/mansur/universal_study_bot org/images omnis/vocab_images/assets_images/object_hsk3_0683_score_centered_001.webp
object_hsk3_0684_underneath_centered_001.webp,,,,/Users/mansur/universal_study_bot org/images omnis/vocab_images/assets_images/object_hsk3_0684_underneath_centered_001.webp
object_hsk3_0685_tv_drama_centered_001.webp,,,,/Users/mansur/universal_study_bot org/images omnis/vocab_images/assets_images/object_hsk3_0685_tv_drama_centered_001.webp
object_hsk3_0686_television_station_centered_001.webp,,,,/Users/mansur/universal_study_bot org/images omnis/vocab_images/assets_images/object_hsk3_0686_television_station_centered_001.webp
object_hsk3_0687_to_adjust_centered_001.webp,,,,/Users/mansur/universal_study_bot org/images omnis/vocab_images/assets_images/object_hsk3_0687_to_adjust_centered_001.webp
object_hsk3_0688_to_order_or_book_centered_001.webp,,,,/Users/mansur/universal_study_bot org/images omnis/vocab_images/assets_images/object_hsk3_0688_to_order_or_book_centered_001.webp
object_hsk3_0689_eastern_part_centered_001.webp,,,,/Users/mansur/universal_study_bot org/images omnis/vocab_images/assets_images/object_hsk3_0689_eastern_part_centered_001.webp
object_hsk3_0690_touching_centered_001.webp,,,,/Users/mansur/universal_study_bot org/images omnis/vocab_images/assets_images/object_hsk3_0690_touching_centered_001.webp
object_hsk3_0691_reader_centered_001.webp,,,,/Users/mansur/universal_study_bot org/images omnis/vocab_images/assets_images/object_hsk3_0691_reader_centered_001.webp
object_hsk3_0692_shortcoming_centered_001.webp,,,,/Users/mansur/universal_study_bot org/images omnis/vocab_images/assets_images/object_hsk3_0692_shortcoming_centered_001.webp
object_hsk3_0693_shorts_centered_001.webp,,,,/Users/mansur/universal_study_bot org/images omnis/vocab_images/assets_images/object_hsk3_0693_shorts_centered_001.webp
object_hsk3_0694_short_term_centered_001.webp,,,,/Users/mansur/universal_study_bot org/images omnis/vocab_images/assets_images/object_hsk3_0694_short_term_centered_001.webp
object_hsk3_0695_team_member_centered_001.webp,,,,/Users/mansur/universal_study_bot org/images omnis/vocab_images/assets_images/object_hsk3_0695_team_member_centered_001.webp
object_hsk3_0696_to_emit_centered_001.webp,,,,/Users/mansur/universal_study_bot org/images omnis/vocab_images/assets_images/object_hsk3_0696_to_emit_centered_001.webp
object_hsk3_0697_send_centered_001.webp,,,,/Users/mansur/universal_study_bot org/images omnis/vocab_images/assets_images/object_hsk3_0697_send_centered_001.webp
object_hsk3_0698_to_prevent_centered_001.webp,,,,/Users/mansur/universal_study_bot org/images omnis/vocab_images/assets_images/object_hsk3_0698_to_prevent_centered_001.webp
object_hsk3_0699_house_centered_001.webp,,,,/Users/mansur/universal_study_bot org/images omnis/vocab_images/assets_images/object_hsk3_0699_house_centered_001.webp
object_hsk3_0700_rent_for_a_house_centered_001.webp,,,,/Users/mansur/universal_study_bot org/images omnis/vocab_images/assets_images/object_hsk3_0700_rent_for_a_house_centered_001.webp
object_hsk3_0702_flight_centered_001.webp,,,,/Users/mansur/universal_study_bot org/images omnis/vocab_images/assets_images/object_hsk3_0702_flight_centered_001.webp
object_hsk3_0703_expense_centered_001.webp,,,,/Users/mansur/universal_study_bot org/images omnis/vocab_images/assets_images/object_hsk3_0703_expense_centered_001.webp
object_hsk3_0704_costs_or_expenses_centered_001.webp,,,,/Users/mansur/universal_study_bot org/images omnis/vocab_images/assets_images/object_hsk3_0704_costs_or_expenses_centered_001.webp
object_hsk3_0705_grouping_centered_001.webp,,,,/Users/mansur/universal_study_bot org/images omnis/vocab_images/assets_images/object_hsk3_0705_grouping_centered_001.webp
object_hsk3_0706_blessing_centered_001.webp,,,,/Users/mansur/universal_study_bot org/images omnis/vocab_images/assets_images/object_hsk3_0706_blessing_centered_001.webp
object_hsk3_0707_parents_centered_001.webp,,,,/Users/mansur/universal_study_bot org/images omnis/vocab_images/assets_images/object_hsk3_0707_parents_centered_001.webp
object_hsk3_0708_to_pay_centered_001.webp,,,,/Users/mansur/universal_study_bot org/images omnis/vocab_images/assets_images/object_hsk3_0708_to_pay_centered_001.webp
object_hsk3_0709_reform_centered_001.webp,,,,/Users/mansur/universal_study_bot org/images omnis/vocab_images/assets_images/object_hsk3_0709_reform_centered_001.webp
object_hsk3_0710_arrive_in_time_centered_001.webp,,,,/Users/mansur/universal_study_bot org/images omnis/vocab_images/assets_images/object_hsk3_0710_arrive_in_time_centered_001.webp
object_hsk3_0712_high_speed_centered_001.webp,,,,/Users/mansur/universal_study_bot org/images omnis/vocab_images/assets_images/object_hsk3_0712_high_speed_centered_001.webp
object_hsk3_0713_music_fan_centered_001.webp,,,,/Users/mansur/universal_study_bot org/images omnis/vocab_images/assets_images/object_hsk3_0713_music_fan_centered_001.webp
object_hsk3_0714_singing_voice_centered_001.webp,,,,/Users/mansur/universal_study_bot org/images omnis/vocab_images/assets_images/object_hsk3_0714_singing_voice_centered_001.webp
object_hsk3_0715_singer_centered_001.webp,,,,/Users/mansur/universal_study_bot org/images omnis/vocab_images/assets_images/object_hsk3_0715_singer_centered_001.webp
object_hsk3_0716_various_places_centered_001.webp,,,,/Users/mansur/universal_study_bot org/images omnis/vocab_images/assets_images/object_hsk3_0716_various_places_centered_001.webp
object_hsk3_0717_everyone_centered_001.webp,,,,/Users/mansur/universal_study_bot org/images omnis/vocab_images/assets_images/object_hsk3_0717_everyone_centered_001.webp
object_hsk3_0718_various_kinds_centered_001.webp,,,,/Users/mansur/universal_study_bot org/images omnis/vocab_images/assets_images/object_hsk3_0718_various_kinds_centered_001.webp
object_hsk3_0719_even_more_centered_001.webp,,,,/Users/mansur/universal_study_bot org/images omnis/vocab_images/assets_images/object_hsk3_0719_even_more_centered_001.webp
object_hsk3_0720_effort_or_skill_developed_over_time_centered_001.webp,,,,/Users/mansur/universal_study_bot org/images omnis/vocab_images/assets_images/object_hsk3_0720_effort_or_skill_developed_over_time_centered_001.webp
object_hsk3_0721_public_centered_001.webp,,,,/Users/mansur/universal_study_bot org/images omnis/vocab_images/assets_images/object_hsk3_0721_public_centered_001.webp
object_hsk3_0722_civil_servant_centered_001.webp,,,,/Users/mansur/universal_study_bot org/images omnis/vocab_images/assets_images/object_hsk3_0722_civil_servant_centered_001.webp
object_hsk3_0723_homework_centered_001.webp,,,,/Users/mansur/universal_study_bot org/images omnis/vocab_images/assets_images/object_hsk3_0723_homework_centered_001.webp
object_hsk3_0724_shared_ownership_centered_001.webp,,,,/Users/mansur/universal_study_bot org/images omnis/vocab_images/assets_images/object_hsk3_0724_shared_ownership_centered_001.webp
object_hsk3_0725_ancient_centered_001.webp,,,,/Users/mansur/universal_study_bot org/images omnis/vocab_images/assets_images/object_hsk3_0725_ancient_centered_001.webp
object_hsk3_0726_to_pay_attention_centered_001.webp,,,,/Users/mansur/universal_study_bot org/images omnis/vocab_images/assets_images/object_hsk3_0726_to_pay_attention_centered_001.webp
object_hsk3_0727_to_watch_centered_001.webp,,,,/Users/mansur/universal_study_bot org/images omnis/vocab_images/assets_images/object_hsk3_0727_to_watch_centered_001.webp
object_hsk3_0728_pipe_or_tube_centered_001.webp,,,,/Users/mansur/universal_study_bot org/images omnis/vocab_images/assets_images/object_hsk3_0728_pipe_or_tube_centered_001.webp
object_hsk3_0729_domestic_centered_001.webp,,,,/Users/mansur/universal_study_bot org/images omnis/vocab_images/assets_images/object_hsk3_0729_domestic_centered_001.webp
object_hsk3_0730_national_day_centered_001.webp,,,,/Users/mansur/universal_study_bot org/images omnis/vocab_images/assets_images/object_hsk3_0730_national_day_centered_001.webp
object_hsk3_0733_to_combine_or_unite_centered_001.webp,,,,/Users/mansur/universal_study_bot org/images omnis/vocab_images/assets_images/object_hsk3_0733_to_combine_or_unite_centered_001.webp
object_hsk3_0734_black_tea_centered_001.webp,,,,/Users/mansur/universal_study_bot org/images omnis/vocab_images/assets_images/object_hsk3_0734_black_tea_centered_001.webp
object_hsk3_0735_red_wine_centered_001.webp,,,,/Users/mansur/universal_study_bot org/images omnis/vocab_images/assets_images/object_hsk3_0735_red_wine_centered_001.webp
object_hsk3_0737_rowing_centered_001.webp,,,,/Users/mansur/universal_study_bot org/images omnis/vocab_images/assets_images/object_hsk3_0737_rowing_centered_001.webp
object_hsk3_0738_chinese_person_centered_001.webp,,,,/Users/mansur/universal_study_bot org/images omnis/vocab_images/assets_images/object_hsk3_0738_chinese_person_centered_001.webp
object_hsk3_0739_to_change_or_transform_centered_001.webp,,,,/Users/mansur/universal_study_bot org/images omnis/vocab_images/assets_images/object_hsk3_0739_to_change_or_transform_centered_001.webp
object_hsk3_0740_drama_centered_001.webp,,,,/Users/mansur/universal_study_bot org/images omnis/vocab_images/assets_images/object_hsk3_0740_drama_centered_001.webp
object_hsk3_0741_ring_centered_001.webp,,,,/Users/mansur/universal_study_bot org/images omnis/vocab_images/assets_images/object_hsk3_0741_ring_centered_001.webp
object_hsk3_0742_environmental_protection_centered_001.webp,,,,/Users/mansur/universal_study_bot org/images omnis/vocab_images/assets_images/object_hsk3_0742_environmental_protection_centered_001.webp
object_hsk3_0743_member_centered_001.webp,,,,/Users/mansur/universal_study_bot org/images omnis/vocab_images/assets_images/object_hsk3_0743_member_centered_001.webp
object_hsk3_0744_to_live_centered_001.webp,,,,/Users/mansur/universal_study_bot org/images omnis/vocab_images/assets_images/object_hsk3_0744_to_live_centered_001.webp
object_hsk3_0746_extremely_centered_001.webp,,,,/Users/mansur/universal_study_bot org/images omnis/vocab_images/assets_images/object_hsk3_0746_extremely_centered_001.webp
object_hsk3_0747_to_speed_up_centered_001.webp,,,,/Users/mansur/universal_study_bot org/images omnis/vocab_images/assets_images/object_hsk3_0747_to_speed_up_centered_001.webp
object_hsk3_0748_strengthen_centered_001.webp,,,,/Users/mansur/universal_study_bot org/images omnis/vocab_images/assets_images/object_hsk3_0748_strengthen_centered_001.webp
object_hsk3_0749_price_centered_001.webp,,,,/Users/mansur/universal_study_bot org/images omnis/vocab_images/assets_images/object_hsk3_0749_price_centered_001.webp
object_hsk3_0751_to_build_centered_001.webp,,,,/Users/mansur/universal_study_bot org/images omnis/vocab_images/assets_images/object_hsk3_0751_to_build_centered_001.webp
object_hsk3_0753_pay_a_fee_centered_001.webp,,,,/Users/mansur/universal_study_bot org/images omnis/vocab_images/assets_images/object_hsk3_0753_pay_a_fee_centered_001.webp
object_hsk3_0754_traffic_police_centered_001.webp,,,,/Users/mansur/universal_study_bot org/images omnis/vocab_images/assets_images/object_hsk3_0754_traffic_police_centered_001.webp
object_hsk3_0755_comparatively_centered_001.webp,,,,/Users/mansur/universal_study_bot org/images omnis/vocab_images/assets_images/object_hsk3_0755_comparatively_centered_001.webp
object_hsk3_0756_unravel_centered_001.webp,,,,/Users/mansur/universal_study_bot org/images omnis/vocab_images/assets_images/object_hsk3_0756_unravel_centered_001.webp
object_hsk3_0757_gold_centered_001.webp,,,,/Users/mansur/universal_study_bot org/images omnis/vocab_images/assets_images/object_hsk3_0757_gold_centered_001.webp
object_hsk3_0758_gold_medal_centered_001.webp,,,,/Users/mansur/universal_study_bot org/images omnis/vocab_images/assets_images/object_hsk3_0758_gold_medal_centered_001.webp
object_hsk3_0759_only_centered_001.webp,,,,/Users/mansur/universal_study_bot org/images omnis/vocab_images/assets_images/object_hsk3_0759_only_centered_001.webp
object_hsk3_0760_merely_centered_001.webp,,,,/Users/mansur/universal_study_bot org/images omnis/vocab_images/assets_images/object_hsk3_0760_merely_centered_001.webp
object_hsk3_0761_tight_centered_001.webp,,,,/Users/mansur/universal_study_bot org/images omnis/vocab_images/assets_images/object_hsk3_0761_tight_centered_001.webp
object_hsk3_0764_quiet_centered_001.webp,,,,/Users/mansur/universal_study_bot org/images omnis/vocab_images/assets_images/object_hsk3_0764_quiet_centered_001.webp
object_hsk3_0766_to_possess_centered_001.webp,,,,/Users/mansur/universal_study_bot org/images omnis/vocab_images/assets_images/object_hsk3_0766_to_possess_centered_001.webp
object_hsk3_0767_theater_centered_001.webp,,,,/Users/mansur/universal_study_bot org/images omnis/vocab_images/assets_images/object_hsk3_0767_theater_centered_001.webp
object_hsk3_0768_business_opening_centered_001.webp,,,,/Users/mansur/universal_study_bot org/images omnis/vocab_images/assets_images/object_hsk3_0768_business_opening_centered_001.webp
object_hsk3_0770_looks_like_centered_001.webp,,,,/Users/mansur/universal_study_bot org/images omnis/vocab_images/assets_images/object_hsk3_0770_looks_like_centered_001.webp
object_hsk3_0771_technology_centered_001.webp,,,,/Users/mansur/universal_study_bot org/images omnis/vocab_images/assets_images/object_hsk3_0771_technology_centered_001.webp
object_hsk3_0772_cola_centered_001.webp,,,,/Users/mansur/universal_study_bot org/images omnis/vocab_images/assets_images/object_hsk3_0772_cola_centered_001.webp
object_hsk3_0773_empty_space_centered_001.webp,,,,/Users/mansur/universal_study_bot org/images omnis/vocab_images/assets_images/object_hsk3_0773_empty_space_centered_001.webp
object_hsk3_0774_fast_centered_001.webp,,,,/Users/mansur/universal_study_bot org/images omnis/vocab_images/assets_images/object_hsk3_0774_fast_centered_001.webp
object_hsk3_0775_old_lady_centered_001.webp,,,,/Users/mansur/universal_study_bot org/images omnis/vocab_images/assets_images/object_hsk3_0775_old_lady_centered_001.webp
object_hsk3_0776_old_man_centered_001.webp,,,,/Users/mansur/universal_study_bot org/images omnis/vocab_images/assets_images/object_hsk3_0776_old_man_centered_001.webp
object_hsk3_0777_happiness_centered_001.webp,,,,/Users/mansur/universal_study_bot org/images omnis/vocab_images/assets_images/object_hsk3_0777_happiness_centered_001.webp
object_hsk3_0778_category_centered_001.webp,,,,/Users/mansur/universal_study_bot org/images omnis/vocab_images/assets_images/object_hsk3_0778_category_centered_001.webp
object_hsk3_0779_inside_centered_001.webp,,,,/Users/mansur/universal_study_bot org/images omnis/vocab_images/assets_images/object_hsk3_0779_inside_centered_001.webp
object_hsk3_0781_tv_series_centered_001.webp,,,,/Users/mansur/universal_study_bot org/images omnis/vocab_images/assets_images/object_hsk3_0781_tv_series_centered_001.webp
object_hsk3_0782_united_nations_centered_001.webp,,,,/Users/mansur/universal_study_bot org/images omnis/vocab_images/assets_images/object_hsk3_0782_united_nations_centered_001.webp
object_hsk3_0783_cold_water_centered_001.webp,,,,/Users/mansur/universal_study_bot org/images omnis/vocab_images/assets_images/object_hsk3_0783_cold_water_centered_001.webp
object_hsk3_0784_to_lead_centered_001.webp,,,,/Users/mansur/universal_study_bot org/images omnis/vocab_images/assets_images/object_hsk3_0784_to_lead_centered_001.webp
object_hsk3_0786_to_record_centered_001.webp,,,,/Users/mansur/universal_study_bot org/images omnis/vocab_images/assets_images/object_hsk3_0786_to_record_centered_001.webp
object_hsk3_0787_route_centered_001.webp,,,,/Users/mansur/universal_study_bot org/images omnis/vocab_images/assets_images/object_hsk3_0787_route_centered_001.webp
object_hsk3_0789_travel_agency_centered_001.webp,,,,/Users/mansur/universal_study_bot org/images omnis/vocab_images/assets_images/object_hsk3_0789_travel_agency_centered_001.webp
object_hsk3_0790_green_tea_centered_001.webp,,,,/Users/mansur/universal_study_bot org/images omnis/vocab_images/assets_images/object_hsk3_0790_green_tea_centered_001.webp
object_hsk3_0792_useless_centered_001.webp,,,,/Users/mansur/universal_study_bot org/images omnis/vocab_images/assets_images/object_hsk3_0792_useless_centered_001.webp
object_hsk3_0793_beautiful_centered_001.webp,,,,/Users/mansur/universal_study_bot org/images omnis/vocab_images/assets_images/object_hsk3_0793_beautiful_centered_001.webp
object_hsk3_0794_beautiful_centered_001.webp,,,,/Users/mansur/universal_study_bot org/images omnis/vocab_images/assets_images/object_hsk3_0794_beautiful_centered_001.webp
object_hsk3_0795_delicious_food_centered_001.webp,,,,/Users/mansur/universal_study_bot org/images omnis/vocab_images/assets_images/object_hsk3_0795_delicious_food_centered_001.webp
object_hsk3_0796_us_dollar_centered_001.webp,,,,/Users/mansur/universal_study_bot org/images omnis/vocab_images/assets_images/object_hsk3_0796_us_dollar_centered_001.webp
object_hsk3_0797_lost_or_confused_centered_001.webp,,,,/Users/mansur/universal_study_bot org/images omnis/vocab_images/assets_images/object_hsk3_0797_lost_or_confused_centered_001.webp
object_hsk3_0798_milk_tea_centered_001.webp,,,,/Users/mansur/universal_study_bot org/images omnis/vocab_images/assets_images/object_hsk3_0798_milk_tea_centered_001.webp
object_hsk3_0799_man_centered_001.webp,,,,/Users/mansur/universal_study_bot org/images omnis/vocab_images/assets_images/object_hsk3_0799_man_centered_001.webp
object_hsk3_0801_difficulty_level_centered_001.webp,,,,/Users/mansur/universal_study_bot org/images omnis/vocab_images/assets_images/object_hsk3_0801_difficulty_level_centered_001.webp
object_hsk3_0806_cow_centered_001.webp,,,,/Users/mansur/universal_study_bot org/images omnis/vocab_images/assets_images/object_hsk3_0806_cow_centered_001.webp
object_hsk3_0807_female_centered_001.webp,,,,/Users/mansur/universal_study_bot org/images omnis/vocab_images/assets_images/object_hsk3_0807_female_centered_001.webp
object_hsk3_0808_ranking_centered_001.webp,,,,/Users/mansur/universal_study_bot org/images omnis/vocab_images/assets_images/object_hsk3_0808_ranking_centered_001.webp
object_hsk3_0809_brand_centered_001.webp,,,,/Users/mansur/universal_study_bot org/images omnis/vocab_images/assets_images/object_hsk3_0809_brand_centered_001.webp
object_hsk3_0810_to_match_or_pair_centered_001.webp,,,,/Users/mansur/universal_study_bot org/images omnis/vocab_images/assets_images/object_hsk3_0810_to_match_or_pair_centered_001.webp
object_hsk3_0811_skin_centered_001.webp,,,,/Users/mansur/universal_study_bot org/images omnis/vocab_images/assets_images/object_hsk3_0811_skin_centered_001.webp
object_hsk3_0812_leather_bag_centered_001.webp,,,,/Users/mansur/universal_study_bot org/images omnis/vocab_images/assets_images/object_hsk3_0812_leather_bag_centered_001.webp
object_hsk3_0813_ticket_price_centered_001.webp,,,,/Users/mansur/universal_study_bot org/images omnis/vocab_images/assets_images/object_hsk3_0813_ticket_price_centered_001.webp
object_hsk3_0814_period_centered_001.webp,,,,/Users/mansur/universal_study_bot org/images omnis/vocab_images/assets_images/object_hsk3_0814_period_centered_001.webp
object_hsk3_0815_neat_centered_001.webp,,,,/Users/mansur/universal_study_bot org/images omnis/vocab_images/assets_images/object_hsk3_0815_neat_centered_001.webp
object_hsk3_0816_before_and_after_centered_001.webp,,,,/Users/mansur/universal_study_bot org/images omnis/vocab_images/assets_images/object_hsk3_0816_before_and_after_centered_001.webp
object_hsk3_0817_move_forward_centered_001.webp,,,,/Users/mansur/universal_study_bot org/images omnis/vocab_images/assets_images/object_hsk3_0817_move_forward_centered_001.webp
object_hsk3_0818_in_front_centered_001.webp,,,,/Users/mansur/universal_study_bot org/images omnis/vocab_images/assets_images/object_hsk3_0818_in_front_centered_001.webp
object_hsk3_0819_to_go_to_centered_001.webp,,,,/Users/mansur/universal_study_bot org/images omnis/vocab_images/assets_images/object_hsk3_0819_to_go_to_centered_001.webp
object_hsk3_0820_strong_centered_001.webp,,,,/Users/mansur/universal_study_bot org/images omnis/vocab_images/assets_images/object_hsk3_0820_strong_centered_001.webp
object_hsk3_0821_powerful_centered_001.webp,,,,/Users/mansur/universal_study_bot org/images omnis/vocab_images/assets_images/object_hsk3_0821_powerful_centered_001.webp
object_hsk3_0822_clever_centered_001.webp,,,,/Users/mansur/universal_study_bot org/images omnis/vocab_images/assets_images/object_hsk3_0822_clever_centered_001.webp
object_hsk3_0823_relative_or_close_person_centered_001.webp,,,,/Users/mansur/universal_study_bot org/images omnis/vocab_images/assets_images/object_hsk3_0823_relative_or_close_person_centered_001.webp
object_hsk3_0824_relative_centered_001.webp,,,,/Users/mansur/universal_study_bot org/images omnis/vocab_images/assets_images/object_hsk3_0824_relative_centered_001.webp
object_hsk3_0825_emotion_centered_001.webp,,,,/Users/mansur/universal_study_bot org/images omnis/vocab_images/assets_images/object_hsk3_0825_emotion_centered_001.webp
object_hsk3_0826_district_centered_001.webp,,,,/Users/mansur/universal_study_bot org/images omnis/vocab_images/assets_images/object_hsk3_0826_district_centered_001.webp
object_hsk3_0827_entire_venue_centered_001.webp,,,,/Users/mansur/universal_study_bot org/images omnis/vocab_images/assets_images/object_hsk3_0827_entire_venue_centered_001.webp
object_hsk3_0828_global_centered_001.webp,,,,/Users/mansur/universal_study_bot org/images omnis/vocab_images/assets_images/object_hsk3_0828_global_centered_001.webp
object_hsk3_0829_lack_centered_001.webp,,,,/Users/mansur/universal_study_bot org/images omnis/vocab_images/assets_images/object_hsk3_0829_lack_centered_001.webp
object_hsk3_0830_the_people_centered_001.webp,,,,/Users/mansur/universal_study_bot org/images omnis/vocab_images/assets_images/object_hsk3_0830_the_people_centered_001.webp
object_hsk3_0831_crowd_centered_001.webp,,,,/Users/mansur/universal_study_bot org/images omnis/vocab_images/assets_images/object_hsk3_0831_crowd_centered_001.webp
object_hsk3_0832_recognize_centered_001.webp,,,,/Users/mansur/universal_study_bot org/images omnis/vocab_images/assets_images/object_hsk3_0832_recognize_centered_001.webp
object_hsk3_0833_to_recognize_centered_001.webp,,,,/Users/mansur/universal_study_bot org/images omnis/vocab_images/assets_images/object_hsk3_0833_to_recognize_centered_001.webp
object_hsk3_0834_to_assign_or_appoint_centered_001.webp,,,,/Users/mansur/universal_study_bot org/images omnis/vocab_images/assets_images/object_hsk3_0834_to_assign_or_appoint_centered_001.webp
object_hsk3_0835_still_centered_001.webp,,,,/Users/mansur/universal_study_bot org/images omnis/vocab_images/assets_images/object_hsk3_0835_still_centered_001.webp
object_hsk3_0836_sand_centered_001.webp,,,,/Users/mansur/universal_study_bot org/images omnis/vocab_images/assets_images/object_hsk3_0836_sand_centered_001.webp
object_hsk3_0837_injury_centered_001.webp,,,,/Users/mansur/universal_study_bot org/images omnis/vocab_images/assets_images/object_hsk3_0837_injury_centered_001.webp
object_hsk3_0838_come_up_centered_001.webp,,,,/Users/mansur/universal_study_bot org/images omnis/vocab_images/assets_images/object_hsk3_0838_come_up_centered_001.webp
object_hsk3_0839_above_centered_001.webp,,,,/Users/mansur/universal_study_bot org/images omnis/vocab_images/assets_images/object_hsk3_0839_above_centered_001.webp
object_hsk3_0840_go_up_centered_001.webp,,,,/Users/mansur/universal_study_bot org/images omnis/vocab_images/assets_images/object_hsk3_0840_go_up_centered_001.webp
object_hsk3_0841_rise_centered_001.webp,,,,/Users/mansur/universal_study_bot org/images omnis/vocab_images/assets_images/object_hsk3_0841_rise_centered_001.webp
object_hsk3_0842_jacket_or_upper_garment_centered_001.webp,,,,/Users/mansur/universal_study_bot org/images omnis/vocab_images/assets_images/object_hsk3_0842_jacket_or_upper_garment_centered_001.webp
object_hsk3_0843_identity_card_centered_001.webp,,,,/Users/mansur/universal_study_bot org/images omnis/vocab_images/assets_images/object_hsk3_0843_identity_card_centered_001.webp
object_hsk3_0844_to_go_deep_into_centered_001.webp,,,,/Users/mansur/universal_study_bot org/images omnis/vocab_images/assets_images/object_hsk3_0844_to_go_deep_into_centered_001.webp
object_hsk3_0845_victory_centered_001.webp,,,,/Users/mansur/universal_study_bot org/images omnis/vocab_images/assets_images/object_hsk3_0845_victory_centered_001.webp
object_hsk3_0846_time_centered_001.webp,,,,/Users/mansur/universal_study_bot org/images omnis/vocab_images/assets_images/object_hsk3_0846_time_centered_001.webp
object_hsk3_0847_in_fact_centered_001.webp,,,,/Users/mansur/universal_study_bot org/images omnis/vocab_images/assets_images/object_hsk3_0847_in_fact_centered_001.webp
object_hsk3_0848_laboratory_centered_001.webp,,,,/Users/mansur/universal_study_bot org/images omnis/vocab_images/assets_images/object_hsk3_0848_laboratory_centered_001.webp
object_hsk3_0849_food_centered_001.webp,,,,/Users/mansur/universal_study_bot org/images omnis/vocab_images/assets_images/object_hsk3_0849_food_centered_001.webp
object_hsk3_0850_world_cup_centered_001.webp,,,,/Users/mansur/universal_study_bot org/images omnis/vocab_images/assets_images/object_hsk3_0850_world_cup_centered_001.webp
object_hsk3_0851_in_fact_centered_001.webp,,,,/Users/mansur/universal_study_bot org/images omnis/vocab_images/assets_images/object_hsk3_0851_in_fact_centered_001.webp
object_hsk3_0852_test_question_centered_001.webp,,,,/Users/mansur/universal_study_bot org/images omnis/vocab_images/assets_images/object_hsk3_0852_test_question_centered_001.webp
object_hsk3_0853_applicable_centered_001.webp,,,,/Users/mansur/universal_study_bot org/images omnis/vocab_images/assets_images/object_hsk3_0853_applicable_centered_001.webp
object_hsk3_0854_room_centered_001.webp,,,,/Users/mansur/universal_study_bot org/images omnis/vocab_images/assets_images/object_hsk3_0854_room_centered_001.webp
object_hsk3_0855_charging_a_fee_centered_001.webp,,,,/Users/mansur/universal_study_bot org/images omnis/vocab_images/assets_images/object_hsk3_0855_charging_a_fee_centered_001.webp
object_hsk3_0856_watching_television_or_video_centered_001.webp,,,,/Users/mansur/universal_study_bot org/images omnis/vocab_images/assets_images/object_hsk3_0856_watching_television_or_video_centered_001.webp
object_hsk3_0857_listening_to_broadcasts_centered_001.webp,,,,/Users/mansur/universal_study_bot org/images omnis/vocab_images/assets_images/object_hsk3_0857_listening_to_broadcasts_centered_001.webp
object_hsk3_0858_to_receive_centered_001.webp,,,,/Users/mansur/universal_study_bot org/images omnis/vocab_images/assets_images/object_hsk3_0858_to_receive_centered_001.webp
object_hsk3_0859_acquaintance_centered_001.webp,,,,/Users/mansur/universal_study_bot org/images omnis/vocab_images/assets_images/object_hsk3_0859_acquaintance_centered_001.webp
object_hsk3_0860_belong_to_centered_001.webp,,,,/Users/mansur/universal_study_bot org/images omnis/vocab_images/assets_images/object_hsk3_0860_belong_to_centered_001.webp
object_hsk3_0861_to_follow_centered_001.webp,,,,/Users/mansur/universal_study_bot org/images omnis/vocab_images/assets_images/object_hsk3_0861_to_follow_centered_001.webp
object_hsk3_0862_head_of_a_department_centered_001.webp,,,,/Users/mansur/universal_study_bot org/images omnis/vocab_images/assets_images/object_hsk3_0862_head_of_a_department_centered_001.webp
object_hsk3_0863_conversation_centered_001.webp,,,,/Users/mansur/universal_study_bot org/images omnis/vocab_images/assets_images/object_hsk3_0863_conversation_centered_001.webp
object_hsk3_0864_adjust_centered_001.webp,,,,/Users/mansur/universal_study_bot org/images omnis/vocab_images/assets_images/object_hsk3_0864_adjust_centered_001.webp
object_hsk3_0865_to_jump_centered_001.webp,,,,/Users/mansur/universal_study_bot org/images omnis/vocab_images/assets_images/object_hsk3_0865_to_jump_centered_001.webp
object_hsk3_0866_high_jump_centered_001.webp,,,,/Users/mansur/universal_study_bot org/images omnis/vocab_images/assets_images/object_hsk3_0866_high_jump_centered_001.webp
object_hsk3_0867_long_jump_centered_001.webp,,,,/Users/mansur/universal_study_bot org/images omnis/vocab_images/assets_images/object_hsk3_0867_long_jump_centered_001.webp
object_hsk3_0868_iron_centered_001.webp,,,,/Users/mansur/universal_study_bot org/images omnis/vocab_images/assets_images/object_hsk3_0868_iron_centered_001.webp
object_hsk3_0869_railway_centered_001.webp,,,,/Users/mansur/universal_study_bot org/images omnis/vocab_images/assets_images/object_hsk3_0869_railway_centered_001.webp
object_hsk3_0870_hearing_ability_centered_001.webp,,,,/Users/mansur/universal_study_bot org/images omnis/vocab_images/assets_images/object_hsk3_0870_hearing_ability_centered_001.webp
object_hsk3_0871_audience_centered_001.webp,,,,/Users/mansur/universal_study_bot org/images omnis/vocab_images/assets_images/object_hsk3_0871_audience_centered_001.webp
object_hsk3_0872_stop_centered_001.webp,,,,/Users/mansur/universal_study_bot org/images omnis/vocab_images/assets_images/object_hsk3_0872_stop_centered_001.webp
object_hsk3_0873_communication_centered_001.webp,,,,/Users/mansur/universal_study_bot org/images omnis/vocab_images/assets_images/object_hsk3_0873_communication_centered_001.webp
object_hsk3_0874_pain_centered_001.webp,,,,/Users/mansur/universal_study_bot org/images omnis/vocab_images/assets_images/object_hsk3_0874_pain_centered_001.webp
object_hsk3_0875_mind_centered_001.webp,,,,/Users/mansur/universal_study_bot org/images omnis/vocab_images/assets_images/object_hsk3_0875_mind_centered_001.webp
object_hsk3_0876_picture_centered_001.webp,,,,/Users/mansur/universal_study_bot org/images omnis/vocab_images/assets_images/object_hsk3_0876_picture_centered_001.webp
object_hsk3_0877_drawing_centered_001.webp,,,,/Users/mansur/universal_study_bot org/images omnis/vocab_images/assets_images/object_hsk3_0877_drawing_centered_001.webp
object_hsk3_0878_earth_centered_001.webp,,,,/Users/mansur/universal_study_bot org/images omnis/vocab_images/assets_images/object_hsk3_0878_earth_centered_001.webp
object_hsk3_0879_promote_centered_001.webp,,,,/Users/mansur/universal_study_bot org/images omnis/vocab_images/assets_images/object_hsk3_0879_promote_centered_001.webp
object_hsk3_0880_promote_centered_001.webp,,,,/Users/mansur/universal_study_bot org/images omnis/vocab_images/assets_images/object_hsk3_0880_promote_centered_001.webp
object_hsk3_0881_push_open_centered_001.webp,,,,/Users/mansur/universal_study_bot org/images omnis/vocab_images/assets_images/object_hsk3_0881_push_open_centered_001.webp
object_hsk3_0882_exit_centered_001.webp,,,,/Users/mansur/universal_study_bot org/images omnis/vocab_images/assets_images/object_hsk3_0882_exit_centered_001.webp
object_hsk3_0883_outside_centered_001.webp,,,,/Users/mansur/universal_study_bot org/images omnis/vocab_images/assets_images/object_hsk3_0883_outside_centered_001.webp
object_hsk3_0884_foreign_language_centered_001.webp,,,,/Users/mansur/universal_study_bot org/images omnis/vocab_images/assets_images/object_hsk3_0884_foreign_language_centered_001.webp
object_hsk3_0885_to_surround_centered_001.webp,,,,/Users/mansur/universal_study_bot org/images omnis/vocab_images/assets_images/object_hsk3_0885_to_surround_centered_001.webp
object_hsk3_0886_hygiene_centered_001.webp,,,,/Users/mansur/universal_study_bot org/images omnis/vocab_images/assets_images/object_hsk3_0886_hygiene_centered_001.webp
object_hsk3_0887_stage_centered_001.webp,,,,/Users/mansur/universal_study_bot org/images omnis/vocab_images/assets_images/object_hsk3_0887_stage_centered_001.webp
object_hsk3_0889_come_down_centered_001.webp,,,,/Users/mansur/universal_study_bot org/images omnis/vocab_images/assets_images/object_hsk3_0889_come_down_centered_001.webp
object_hsk3_0890_below_centered_001.webp,,,,/Users/mansur/universal_study_bot org/images omnis/vocab_images/assets_images/object_hsk3_0890_below_centered_001.webp
object_hsk3_0891_go_down_centered_001.webp,,,,/Users/mansur/universal_study_bot org/images omnis/vocab_images/assets_images/object_hsk3_0891_go_down_centered_001.webp
object_hsk3_0892_line_centered_001.webp,,,,/Users/mansur/universal_study_bot org/images omnis/vocab_images/assets_images/object_hsk3_0892_line_centered_001.webp
object_hsk3_0893_compared_to_centered_001.webp,,,,/Users/mansur/universal_study_bot org/images omnis/vocab_images/assets_images/object_hsk3_0893_compared_to_centered_001.webp
object_hsk3_0894_mutual_centered_001.webp,,,,/Users/mansur/universal_study_bot org/images omnis/vocab_images/assets_images/object_hsk3_0894_mutual_centered_001.webp
object_hsk3_0895_heart_centered_001.webp,,,,/Users/mansur/universal_study_bot org/images omnis/vocab_images/assets_images/object_hsk3_0895_heart_centered_001.webp
object_hsk3_0896_luggage_centered_001.webp,,,,/Users/mansur/universal_study_bot org/images omnis/vocab_images/assets_images/object_hsk3_0896_luggage_centered_001.webp
object_hsk3_0897_gender_or_nature_centered_001.webp,,,,/Users/mansur/universal_study_bot org/images omnis/vocab_images/assets_images/object_hsk3_0897_gender_or_nature_centered_001.webp
object_hsk3_0898_to_repair_or_fix_centered_001.webp,,,,/Users/mansur/universal_study_bot org/images omnis/vocab_images/assets_images/object_hsk3_0898_to_repair_or_fix_centered_001.webp
object_hsk3_0899_tuition_fee_centered_001.webp,,,,/Users/mansur/universal_study_bot org/images omnis/vocab_images/assets_images/object_hsk3_0899_tuition_fee_centered_001.webp
object_hsk3_0900_to_press_down_centered_001.webp,,,,/Users/mansur/universal_study_bot org/images omnis/vocab_images/assets_images/object_hsk3_0900_to_press_down_centered_001.webp
object_hsk3_0901_smoke_centered_001.webp,,,,/Users/mansur/universal_study_bot org/images omnis/vocab_images/assets_images/object_hsk3_0901_smoke_centered_001.webp
object_hsk3_0902_in_front_of_ones_eyes_centered_001.webp,,,,/Users/mansur/universal_study_bot org/images omnis/vocab_images/assets_images/object_hsk3_0902_in_front_of_ones_eyes_centered_001.webp
object_hsk3_0903_perform_centered_001.webp,,,,/Users/mansur/universal_study_bot org/images omnis/vocab_images/assets_images/object_hsk3_0903_perform_centered_001.webp
object_hsk3_0904_perform_a_song_centered_001.webp,,,,/Users/mansur/universal_study_bot org/images omnis/vocab_images/assets_images/object_hsk3_0904_perform_a_song_centered_001.webp
object_hsk3_0905_concert_performance_centered_001.webp,,,,/Users/mansur/universal_study_bot org/images omnis/vocab_images/assets_images/object_hsk3_0905_concert_performance_centered_001.webp
object_hsk3_0906_sheep_centered_001.webp,,,,/Users/mansur/universal_study_bot org/images omnis/vocab_images/assets_images/object_hsk3_0906_sheep_centered_001.webp
object_hsk3_0907_clothes_hanger_centered_001.webp,,,,/Users/mansur/universal_study_bot org/images omnis/vocab_images/assets_images/object_hsk3_0907_clothes_hanger_centered_001.webp
object_hsk3_0908_already_centered_001.webp,,,,/Users/mansur/universal_study_bot org/images omnis/vocab_images/assets_images/object_hsk3_0908_already_centered_001.webp
object_hsk3_0910_silver_medal_centered_001.webp,,,,/Users/mansur/universal_study_bot org/images omnis/vocab_images/assets_images/object_hsk3_0910_silver_medal_centered_001.webp
object_hsk3_0911_should_centered_001.webp,,,,/Users/mansur/universal_study_bot org/images omnis/vocab_images/assets_images/object_hsk3_0911_should_centered_001.webp
object_hsk3_0912_film_and_television_centered_001.webp,,,,/Users/mansur/universal_study_bot org/images omnis/vocab_images/assets_images/object_hsk3_0912_film_and_television_centered_001.webp
object_hsk3_0913_mail_centered_001.webp,,,,/Users/mansur/universal_study_bot org/images omnis/vocab_images/assets_images/object_hsk3_0913_mail_centered_001.webp
object_hsk3_0914_postage_stamp_centered_001.webp,,,,/Users/mansur/universal_study_bot org/images omnis/vocab_images/assets_images/object_hsk3_0914_postage_stamp_centered_001.webp
object_hsk3_0915_email_inbox_centered_001.webp,,,,/Users/mansur/universal_study_bot org/images omnis/vocab_images/assets_images/object_hsk3_0915_email_inbox_centered_001.webp
object_hsk3_0916_to_swim_or_play_in_water_centered_001.webp,,,,/Users/mansur/universal_study_bot org/images omnis/vocab_images/assets_images/object_hsk3_0916_to_swim_or_play_in_water_centered_001.webp
object_hsk3_0918_effective_centered_001.webp,,,,/Users/mansur/universal_study_bot org/images omnis/vocab_images/assets_images/object_hsk3_0918_effective_centered_001.webp
object_hsk3_0920_member_centered_001.webp,,,,/Users/mansur/universal_study_bot org/images omnis/vocab_images/assets_images/object_hsk3_0920_member_centered_001.webp
object_hsk3_0921_to_make_an_appointment_centered_001.webp,,,,/Users/mansur/universal_study_bot org/images omnis/vocab_images/assets_images/object_hsk3_0921_to_make_an_appointment_centered_001.webp
object_hsk3_0924_to_create_centered_001.webp,,,,/Users/mansur/universal_study_bot org/images omnis/vocab_images/assets_images/object_hsk3_0924_to_create_centered_001.webp
object_hsk3_0925_growth_centered_001.webp,,,,/Users/mansur/universal_study_bot org/images omnis/vocab_images/assets_images/object_hsk3_0925_growth_centered_001.webp
object_hsk3_0927_to_compete_centered_001.webp,,,,/Users/mansur/universal_study_bot org/images omnis/vocab_images/assets_images/object_hsk3_0927_to_compete_centered_001.webp
object_hsk3_0928_whole_centered_001.webp,,,,/Users/mansur/universal_study_bot org/images omnis/vocab_images/assets_images/object_hsk3_0928_whole_centered_001.webp
object_hsk3_0929_all_day_centered_001.webp,,,,/Users/mansur/universal_study_bot org/images omnis/vocab_images/assets_images/object_hsk3_0929_all_day_centered_001.webp
object_hsk3_0930_exactly_centered_001.webp,,,,/Users/mansur/universal_study_bot org/images omnis/vocab_images/assets_images/object_hsk3_0930_exactly_centered_001.webp
object_hsk3_0931_certificate_centered_001.webp,,,,/Users/mansur/universal_study_bot org/images omnis/vocab_images/assets_images/object_hsk3_0931_certificate_centered_001.webp
object_hsk3_0932_payment_centered_001.webp,,,,/Users/mansur/universal_study_bot org/images omnis/vocab_images/assets_images/object_hsk3_0932_payment_centered_001.webp
object_hsk3_0933_until_centered_001.webp,,,,/Users/mansur/universal_study_bot org/images omnis/vocab_images/assets_images/object_hsk3_0933_until_centered_001.webp
object_hsk3_0934_value_centered_001.webp,,,,/Users/mansur/universal_study_bot org/images omnis/vocab_images/assets_images/object_hsk3_0934_value_centered_001.webp
object_hsk3_0935_employee_centered_001.webp,,,,/Users/mansur/universal_study_bot org/images omnis/vocab_images/assets_images/object_hsk3_0935_employee_centered_001.webp
object_hsk3_0936_just_centered_001.webp,,,,/Users/mansur/universal_study_bot org/images omnis/vocab_images/assets_images/object_hsk3_0936_just_centered_001.webp
object_hsk3_0937_point_out_centered_001.webp,,,,/Users/mansur/universal_study_bot org/images omnis/vocab_images/assets_images/object_hsk3_0937_point_out_centered_001.webp
object_hsk3_0938_volunteer_centered_001.webp,,,,/Users/mansur/universal_study_bot org/images omnis/vocab_images/assets_images/object_hsk3_0938_volunteer_centered_001.webp
object_hsk3_0939_central_part_centered_001.webp,,,,/Users/mansur/universal_study_bot org/images omnis/vocab_images/assets_images/object_hsk3_0939_central_part_centered_001.webp
object_hsk3_0940_chinese_nation_centered_001.webp,,,,/Users/mansur/universal_study_bot org/images omnis/vocab_images/assets_images/object_hsk3_0940_chinese_nation_centered_001.webp
object_hsk3_0941_clock_centered_001.webp,,,,/Users/mansur/universal_study_bot org/images omnis/vocab_images/assets_images/object_hsk3_0941_clock_centered_001.webp
object_hsk3_0942_to_wish_centered_001.webp,,,,/Users/mansur/universal_study_bot org/images omnis/vocab_images/assets_images/object_hsk3_0942_to_wish_centered_001.webp
object_hsk3_0943_to_catch_hold_of_centered_001.webp,,,,/Users/mansur/universal_study_bot org/images omnis/vocab_images/assets_images/object_hsk3_0943_to_catch_hold_of_centered_001.webp
object_hsk3_0944_accurate_centered_001.webp,,,,/Users/mansur/universal_study_bot org/images omnis/vocab_images/assets_images/object_hsk3_0944_accurate_centered_001.webp
object_hsk3_0945_children_centered_001.webp,,,,/Users/mansur/universal_study_bot org/images omnis/vocab_images/assets_images/object_hsk3_0945_children_centered_001.webp
object_hsk3_0946_oneself_centered_001.webp,,,,/Users/mansur/universal_study_bot org/images omnis/vocab_images/assets_images/object_hsk3_0946_oneself_centered_001.webp
object_hsk3_0947_total_centered_001.webp,,,,/Users/mansur/universal_study_bot org/images omnis/vocab_images/assets_images/object_hsk3_0947_total_centered_001.webp
object_hsk3_0948_sufficient_centered_001.webp,,,,/Users/mansur/universal_study_bot org/images omnis/vocab_images/assets_images/object_hsk3_0948_sufficient_centered_001.webp
object_hsk3_0949_soccer_centered_001.webp,,,,/Users/mansur/universal_study_bot org/images omnis/vocab_images/assets_images/object_hsk3_0949_soccer_centered_001.webp
object_hsk3_0950_to_be_a_guest_centered_001.webp,,,,/Users/mansur/universal_study_bot org/images omnis/vocab_images/assets_images/object_hsk3_0950_to_be_a_guest_centered_001.webp
object_hsk4_0001_some_centered_001.webp,,,,/Users/mansur/universal_study_bot org/images omnis/vocab_images/assets_images/object_hsk4_0001_some_centered_001.webp
object_hsk4_0016_according_to_centered_001.webp,,,,/Users/mansur/universal_study_bot org/images omnis/vocab_images/assets_images/object_hsk4_0016_according_to_centered_001.webp
object_hsk4_0017_about_centered_001.webp,,,,/Users/mansur/universal_study_bot org/images omnis/vocab_images/assets_images/object_hsk4_0017_about_centered_001.webp
object_hsk4_0021_street_centered_001.webp,,,,/Users/mansur/universal_study_bot org/images omnis/vocab_images/assets_images/object_hsk4_0021_street_centered_001.webp
object_hsk4_0023_to_understand_centered_001.webp,,,,/Users/mansur/universal_study_bot org/images omnis/vocab_images/assets_images/object_hsk4_0023_to_understand_centered_001.webp
object_hsk4_0030_choose_centered_001.webp,,,,/Users/mansur/universal_study_bot org/images omnis/vocab_images/assets_images/object_hsk4_0030_choose_centered_001.webp
object_hsk4_0031_to_encounter_centered_001.webp,,,,/Users/mansur/universal_study_bot org/images omnis/vocab_images/assets_images/object_hsk4_0031_to_encounter_centered_001.webp
object_hsk4_0047_answer_centered_001.webp,,,,/Users/mansur/universal_study_bot org/images omnis/vocab_images/assets_images/object_hsk4_0047_answer_centered_001.webp
object_hsk4_0050_to_wear_centered_001.webp,,,,/Users/mansur/universal_study_bot org/images omnis/vocab_images/assets_images/object_hsk4_0050_to_wear_centered_001.webp
object_hsk4_0059_and_centered_001.webp,,,,/Users/mansur/universal_study_bot org/images omnis/vocab_images/assets_images/object_hsk4_0059_and_centered_001.webp
object_hsk4_0062_relax_centered_001.webp,,,,/Users/mansur/universal_study_bot org/images omnis/vocab_images/assets_images/object_hsk4_0062_relax_centered_001.webp
object_hsk4_0067_winter_vacation_centered_001.webp,,,,/Users/mansur/universal_study_bot org/images omnis/vocab_images/assets_images/object_hsk4_0067_winter_vacation_centered_001.webp
object_hsk4_0068_flight_centered_001.webp,,,,/Users/mansur/universal_study_bot org/images omnis/vocab_images/assets_images/object_hsk4_0068_flight_centered_001.webp
object_hsk4_0069_number_centered_001.webp,,,,/Users/mansur/universal_study_bot org/images omnis/vocab_images/assets_images/object_hsk4_0069_number_centered_001.webp
object_hsk4_0070_thick_centered_001.webp,,,,/Users/mansur/universal_study_bot org/images omnis/vocab_images/assets_images/object_hsk4_0070_thick_centered_001.webp
object_hsk4_0071_nurse_centered_001.webp,,,,/Users/mansur/universal_study_bot org/images omnis/vocab_images/assets_images/object_hsk4_0071_nurse_centered_001.webp
object_hsk4_0073_to_obtain_centered_001.webp,,,,/Users/mansur/universal_study_bot org/images omnis/vocab_images/assets_images/object_hsk4_0073_to_obtain_centered_001.webp
object_hsk4_0077_to_send_centered_001.webp,,,,/Users/mansur/universal_study_bot org/images omnis/vocab_images/assets_images/object_hsk4_0077_to_send_centered_001.webp
object_hsk4_0078_overtime_work_centered_001.webp,,,,/Users/mansur/universal_study_bot org/images omnis/vocab_images/assets_images/object_hsk4_0078_overtime_work_centered_001.webp
object_hsk4_0085_professor_centered_001.webp,,,,/Users/mansur/universal_study_bot org/images omnis/vocab_images/assets_images/object_hsk4_0085_professor_centered_001.webp
object_hsk4_0086_explanation_centered_001.webp,,,,/Users/mansur/universal_study_bot org/images omnis/vocab_images/assets_images/object_hsk4_0086_explanation_centered_001.webp
object_hsk4_0089_mirror_centered_001.webp,,,,/Users/mansur/universal_study_bot org/images omnis/vocab_images/assets_images/object_hsk4_0089_mirror_centered_001.webp
object_hsk4_0090_exactly_centered_001.webp,,,,/Users/mansur/universal_study_bot org/images omnis/vocab_images/assets_images/object_hsk4_0090_exactly_centered_001.webp
object_hsk4_0091_distance_centered_001.webp,,,,/Users/mansur/universal_study_bot org/images omnis/vocab_images/assets_images/object_hsk4_0091_distance_centered_001.webp
object_hsk4_0092_gathering_centered_001.webp,,,,/Users/mansur/universal_study_bot org/images omnis/vocab_images/assets_images/object_hsk4_0092_gathering_centered_001.webp
object_hsk4_0096_mineral_water_centered_001.webp,,,,/Users/mansur/universal_study_bot org/images omnis/vocab_images/assets_images/object_hsk4_0096_mineral_water_centered_001.webp
object_hsk4_0098_too_late_centered_001.webp,,,,/Users/mansur/universal_study_bot org/images omnis/vocab_images/assets_images/object_hsk4_0098_too_late_centered_001.webp
object_hsk4_0099_to_be_in_time_centered_001.webp,,,,/Users/mansur/universal_study_bot org/images omnis/vocab_images/assets_images/object_hsk4_0099_to_be_in_time_centered_001.webp
object_hsk4_0104_towel_centered_001.webp,,,,/Users/mansur/universal_study_bot org/images omnis/vocab_images/assets_images/object_hsk4_0104_towel_centered_001.webp
object_hsk4_0108_arrangement_centered_001.webp,,,,/Users/mansur/universal_study_bot org/images omnis/vocab_images/assets_images/object_hsk4_0108_arrangement_centered_001.webp
object_hsk4_0109_chocolate_centered_001.webp,,,,/Users/mansur/universal_study_bot org/images omnis/vocab_images/assets_images/object_hsk4_0109_chocolate_centered_001.webp
object_hsk4_0110_easygoing_centered_001.webp,,,,/Users/mansur/universal_study_bot org/images omnis/vocab_images/assets_images/object_hsk4_0110_easygoing_centered_001.webp
object_hsk4_0112_but_centered_001.webp,,,,/Users/mansur/universal_study_bot org/images omnis/vocab_images/assets_images/object_hsk4_0112_but_centered_001.webp
object_hsk4_0113_however_centered_001.webp,,,,/Users/mansur/universal_study_bot org/images omnis/vocab_images/assets_images/object_hsk4_0113_however_centered_001.webp
object_hsk4_0122_cannot_stand_centered_001.webp,,,,/Users/mansur/universal_study_bot org/images omnis/vocab_images/assets_images/object_hsk4_0122_cannot_stand_centered_001.webp
object_hsk4_0123_salesperson_centered_001.webp,,,,/Users/mansur/universal_study_bot org/images omnis/vocab_images/assets_images/object_hsk4_0123_salesperson_centered_001.webp
object_hsk4_0127_sour_centered_001.webp,,,,/Users/mansur/universal_study_bot org/images omnis/vocab_images/assets_images/object_hsk4_0127_sour_centered_001.webp
object_hsk4_0129_to_lie_down_centered_001.webp,,,,/Users/mansur/universal_study_bot org/images omnis/vocab_images/assets_images/object_hsk4_0129_to_lie_down_centered_001.webp
object_hsk4_0135_to_take_off_centered_001.webp,,,,/Users/mansur/universal_study_bot org/images omnis/vocab_images/assets_images/object_hsk4_0135_to_take_off_centered_001.webp
object_hsk4_0139_regardless_of_centered_001.webp,,,,/Users/mansur/universal_study_bot org/images omnis/vocab_images/assets_images/object_hsk4_0139_regardless_of_centered_001.webp
object_hsk4_0140_misunderstanding_centered_001.webp,,,,/Users/mansur/universal_study_bot org/images omnis/vocab_images/assets_images/object_hsk4_0140_misunderstanding_centered_001.webp
object_hsk4_0146_excitement_centered_001.webp,,,,/Users/mansur/universal_study_bot org/images omnis/vocab_images/assets_images/object_hsk4_0146_excitement_centered_001.webp
object_hsk4_0148_repair_centered_001.webp,,,,/Users/mansur/universal_study_bot org/images omnis/vocab_images/assets_images/object_hsk4_0148_repair_centered_001.webp
object_hsk4_0151_serious_centered_001.webp,,,,/Users/mansur/universal_study_bot org/images omnis/vocab_images/assets_images/object_hsk4_0151_serious_centered_001.webp
object_hsk4_0155_cultivation_centered_001.webp,,,,/Users/mansur/universal_study_bot org/images omnis/vocab_images/assets_images/object_hsk4_0155_cultivation_centered_001.webp
object_hsk4_0157_to_cause_centered_001.webp,,,,/Users/mansur/universal_study_bot org/images omnis/vocab_images/assets_images/object_hsk4_0157_to_cause_centered_001.webp
object_hsk4_0160_post_office_centered_001.webp,,,,/Users/mansur/universal_study_bot org/images omnis/vocab_images/assets_images/object_hsk4_0160_post_office_centered_001.webp
object_hsk4_0161_interesting_centered_001.webp,,,,/Users/mansur/universal_study_bot org/images omnis/vocab_images/assets_images/object_hsk4_0161_interesting_centered_001.webp
object_hsk4_0162_then_centered_001.webp,,,,/Users/mansur/universal_study_bot org/images omnis/vocab_images/assets_images/object_hsk4_0162_then_centered_001.webp
object_hsk4_0164_date_centered_001.webp,,,,/Users/mansur/universal_study_bot org/images omnis/vocab_images/assets_images/object_hsk4_0164_date_centered_001.webp
object_hsk4_0168_famous_centered_001.webp,,,,/Users/mansur/universal_study_bot org/images omnis/vocab_images/assets_images/object_hsk4_0168_famous_centered_001.webp
object_hsk4_0169_on_time_centered_001.webp,,,,/Users/mansur/universal_study_bot org/images omnis/vocab_images/assets_images/object_hsk4_0169_on_time_centered_001.webp
object_hsk4_0171_take_care_of_centered_001.webp,,,,/Users/mansur/universal_study_bot org/images omnis/vocab_images/assets_images/object_hsk4_0171_take_care_of_centered_001.webp
object_hsk4_0191_participate_centered_001.webp,,,,/Users/mansur/universal_study_bot org/images omnis/vocab_images/assets_images/object_hsk4_0191_participate_centered_001.webp
object_hsk4_0201_adult_centered_001.webp,,,,/Users/mansur/universal_study_bot org/images omnis/vocab_images/assets_images/object_hsk4_0201_adult_centered_001.webp
object_hsk4_0205_program_centered_001.webp,,,,/Users/mansur/universal_study_bot org/images omnis/vocab_images/assets_images/object_hsk4_0205_program_centered_001.webp
object_hsk4_0214_besides_centered_001.webp,,,,/Users/mansur/universal_study_bot org/images omnis/vocab_images/assets_images/object_hsk4_0214_besides_centered_001.webp
object_hsk4_0216_from_now_on_centered_001.webp,,,,/Users/mansur/universal_study_bot org/images omnis/vocab_images/assets_images/object_hsk4_0216_from_now_on_centered_001.webp
object_hsk4_0229_to_cause_centered_001.webp,,,,/Users/mansur/universal_study_bot org/images omnis/vocab_images/assets_images/object_hsk4_0229_to_cause_centered_001.webp
object_hsk4_0230_registration_centered_001.webp,,,,/Users/mansur/universal_study_bot org/images omnis/vocab_images/assets_images/object_hsk4_0230_registration_centered_001.webp
object_hsk4_0231_indeed_centered_001.webp,,,,/Users/mansur/universal_study_bot org/images omnis/vocab_images/assets_images/object_hsk4_0231_indeed_centered_001.webp
object_hsk4_0235_animated_film_centered_001.webp,,,,/Users/mansur/universal_study_bot org/images omnis/vocab_images/assets_images/object_hsk4_0235_animated_film_centered_001.webp
object_hsk4_0240_comparison_centered_001.webp,,,,/Users/mansur/universal_study_bot org/images omnis/vocab_images/assets_images/object_hsk4_0240_comparison_centered_001.webp
object_hsk4_0247_square_centered_001.webp,,,,/Users/mansur/universal_study_bot org/images omnis/vocab_images/assets_images/object_hsk4_0247_square_centered_001.webp
object_hsk4_0249_not_centered_001.webp,,,,/Users/mansur/universal_study_bot org/images omnis/vocab_images/assets_images/object_hsk4_0249_not_centered_001.webp
object_hsk4_0250_distribution_centered_001.webp,,,,/Users/mansur/universal_study_bot org/images omnis/vocab_images/assets_images/object_hsk4_0250_distribution_centered_001.webp
object_hsk4_0255_scenery_centered_001.webp,,,,/Users/mansur/universal_study_bot org/images omnis/vocab_images/assets_images/object_hsk4_0255_scenery_centered_001.webp
object_hsk4_0258_improvement_centered_001.webp,,,,/Users/mansur/universal_study_bot org/images omnis/vocab_images/assets_images/object_hsk4_0258_improvement_centered_001.webp
object_hsk4_0263_individual_centered_001.webp,,,,/Users/mansur/universal_study_bot org/images omnis/vocab_images/assets_images/object_hsk4_0263_individual_centered_001.webp
object_hsk4_0266_composition_centered_001.webp,,,,/Users/mansur/universal_study_bot org/images omnis/vocab_images/assets_images/object_hsk4_0266_composition_centered_001.webp
object_hsk4_0269_close_centered_001.webp,,,,/Users/mansur/universal_study_bot org/images omnis/vocab_images/assets_images/object_hsk4_0269_close_centered_001.webp
object_hsk4_0276_fruit_centered_001.webp,,,,/Users/mansur/universal_study_bot org/images omnis/vocab_images/assets_images/object_hsk4_0276_fruit_centered_001.webp
object_hsk4_0278_seafood_centered_001.webp,,,,/Users/mansur/universal_study_bot org/images omnis/vocab_images/assets_images/object_hsk4_0278_seafood_centered_001.webp
object_hsk4_0279_industry_centered_001.webp,,,,/Users/mansur/universal_study_bot org/images omnis/vocab_images/assets_images/object_hsk4_0279_industry_centered_001.webp
object_hsk4_0288_wedding_centered_001.webp,,,,/Users/mansur/universal_study_bot org/images omnis/vocab_images/assets_images/object_hsk4_0288_wedding_centered_001.webp
object_hsk4_0289_partner_centered_001.webp,,,,/Users/mansur/universal_study_bot org/images omnis/vocab_images/assets_images/object_hsk4_0289_partner_centered_001.webp
object_hsk4_0290_perhaps_centered_001.webp,,,,/Users/mansur/universal_study_bot org/images omnis/vocab_images/assets_images/object_hsk4_0290_perhaps_centered_001.webp
object_hsk4_0291_intense_centered_001.webp,,,,/Users/mansur/universal_study_bot org/images omnis/vocab_images/assets_images/object_hsk4_0291_intense_centered_001.webp
object_hsk4_0295_set_centered_001.webp,,,,/Users/mansur/universal_study_bot org/images omnis/vocab_images/assets_images/object_hsk4_0295_set_centered_001.webp
object_hsk4_0298_if_centered_001.webp,,,,/Users/mansur/universal_study_bot org/images omnis/vocab_images/assets_images/object_hsk4_0298_if_centered_001.webp
object_hsk4_0301_to_pay_attention_to_centered_001.webp,,,,/Users/mansur/universal_study_bot org/images omnis/vocab_images/assets_images/object_hsk4_0301_to_pay_attention_to_centered_001.webp
object_hsk4_0304_communication_centered_001.webp,,,,/Users/mansur/universal_study_bot org/images omnis/vocab_images/assets_images/object_hsk4_0304_communication_centered_001.webp
object_hsk4_0307_to_save_centered_001.webp,,,,/Users/mansur/universal_study_bot org/images omnis/vocab_images/assets_images/object_hsk4_0307_to_save_centered_001.webp
object_hsk4_0316_bar_centered_001.webp,,,,/Users/mansur/universal_study_bot org/images omnis/vocab_images/assets_images/object_hsk4_0316_bar_centered_001.webp
object_hsk4_0317_huge_centered_001.webp,,,,/Users/mansur/universal_study_bot org/images omnis/vocab_images/assets_images/object_hsk4_0317_huge_centered_001.webp
object_hsk4_0332_immediately_centered_001.webp,,,,/Users/mansur/universal_study_bot org/images omnis/vocab_images/assets_images/object_hsk4_0332_immediately_centered_001.webp
object_hsk4_0335_good_centered_001.webp,,,,/Users/mansur/universal_study_bot org/images omnis/vocab_images/assets_images/object_hsk4_0335_good_centered_001.webp
object_hsk4_0338_train_centered_001.webp,,,,/Users/mansur/universal_study_bot org/images omnis/vocab_images/assets_images/object_hsk4_0338_train_centered_001.webp
object_hsk4_0340_snack_centered_001.webp,,,,/Users/mansur/universal_study_bot org/images omnis/vocab_images/assets_images/object_hsk4_0340_snack_centered_001.webp
object_hsk4_0349_close_centered_001.webp,,,,/Users/mansur/universal_study_bot org/images omnis/vocab_images/assets_images/object_hsk4_0349_close_centered_001.webp
object_hsk4_0356_head_centered_001.webp,,,,/Users/mansur/universal_study_bot org/images omnis/vocab_images/assets_images/object_hsk4_0356_head_centered_001.webp
object_hsk4_0366_square_centered_001.webp,,,,/Users/mansur/universal_study_bot org/images omnis/vocab_images/assets_images/object_hsk4_0366_square_centered_001.webp
object_hsk4_0369_urgent_centered_001.webp,,,,/Users/mansur/universal_study_bot org/images omnis/vocab_images/assets_images/object_hsk4_0369_urgent_centered_001.webp
object_hsk4_0373_the_rest_centered_001.webp,,,,/Users/mansur/universal_study_bot org/images omnis/vocab_images/assets_images/object_hsk4_0373_the_rest_centered_001.webp
object_hsk4_0379_dear_centered_001.webp,,,,/Users/mansur/universal_study_bot org/images omnis/vocab_images/assets_images/object_hsk4_0379_dear_centered_001.webp
object_hsk4_0380_youth_centered_001.webp,,,,/Users/mansur/universal_study_bot org/images omnis/vocab_images/assets_images/object_hsk4_0380_youth_centered_001.webp
object_hsk4_0389_calendar_centered_001.webp,,,,/Users/mansur/universal_study_bot org/images omnis/vocab_images/assets_images/object_hsk4_0389_calendar_centered_001.webp
object_hsk4_0392_color_centered_001.webp,,,,/Users/mansur/universal_study_bot org/images omnis/vocab_images/assets_images/object_hsk4_0392_color_centered_001.webp
object_hsk4_0398_business_centered_001.webp,,,,/Users/mansur/universal_study_bot org/images omnis/vocab_images/assets_images/object_hsk4_0398_business_centered_001.webp
object_hsk4_0409_thing_centered_001.webp,,,,/Users/mansur/universal_study_bot org/images omnis/vocab_images/assets_images/object_hsk4_0409_thing_centered_001.webp
object_hsk4_0416_head_centered_001.webp,,,,/Users/mansur/universal_study_bot org/images omnis/vocab_images/assets_images/object_hsk4_0416_head_centered_001.webp
object_hsk4_0417_comfortable_centered_001.webp,,,,/Users/mansur/universal_study_bot org/images omnis/vocab_images/assets_images/object_hsk4_0417_comfortable_centered_001.webp
object_hsk4_0424_seems_like_centered_001.webp,,,,/Users/mansur/universal_study_bot org/images omnis/vocab_images/assets_images/object_hsk4_0424_seems_like_centered_001.webp
object_hsk4_0428_special_centered_001.webp,,,,/Users/mansur/universal_study_bot org/images omnis/vocab_images/assets_images/object_hsk4_0428_special_centered_001.webp
object_hsk4_0429_characteristic_centered_001.webp,,,,/Users/mansur/universal_study_bot org/images omnis/vocab_images/assets_images/object_hsk4_0429_characteristic_centered_001.webp
object_hsk4_0431_naughty_centered_001.webp,,,,/Users/mansur/universal_study_bot org/images omnis/vocab_images/assets_images/object_hsk4_0431_naughty_centered_001.webp
object_hsk4_0442_scarf_centered_001.webp,,,,/Users/mansur/universal_study_bot org/images omnis/vocab_images/assets_images/object_hsk4_0442_scarf_centered_001.webp
object_hsk4_0444_tail_centered_001.webp,,,,/Users/mansur/universal_study_bot org/images omnis/vocab_images/assets_images/object_hsk4_0444_tail_centered_001.webp
object_hsk4_0445_not_necessarily_centered_001.webp,,,,/Users/mansur/universal_study_bot org/images omnis/vocab_images/assets_images/object_hsk4_0445_not_necessarily_centered_001.webp
object_hsk4_0448_position_centered_001.webp,,,,/Users/mansur/universal_study_bot org/images omnis/vocab_images/assets_images/object_hsk4_0448_position_centered_001.webp
object_hsk4_0477_speech_centered_001.webp,,,,/Users/mansur/universal_study_bot org/images omnis/vocab_images/assets_images/object_hsk4_0477_speech_centered_001.webp
object_hsk4_0485_still_centered_001.webp,,,,/Users/mansur/universal_study_bot org/images omnis/vocab_images/assets_images/object_hsk4_0485_still_centered_001.webp
object_hsk4_0488_question_centered_001.webp,,,,/Users/mansur/universal_study_bot org/images omnis/vocab_images/assets_images/object_hsk4_0488_question_centered_001.webp
object_hsk4_0489_and_centered_001.webp,,,,/Users/mansur/universal_study_bot org/images omnis/vocab_images/assets_images/object_hsk4_0489_and_centered_001.webp
object_hsk4_0506_to_care_about_centered_001.webp,,,,/Users/mansur/universal_study_bot org/images omnis/vocab_images/assets_images/object_hsk4_0506_to_care_about_centered_001.webp
object_hsk4_0529_focused_centered_001.webp,,,,/Users/mansur/universal_study_bot org/images omnis/vocab_images/assets_images/object_hsk4_0529_focused_centered_001.webp
object_hsk4_0536_comprehensive_centered_001.webp,,,,/Users/mansur/universal_study_bot org/images omnis/vocab_images/assets_images/object_hsk4_0536_comprehensive_centered_001.webp
object_hsk4_0537_in_total_centered_001.webp,,,,/Users/mansur/universal_study_bot org/images omnis/vocab_images/assets_images/object_hsk4_0537_in_total_centered_001.webp
object_hsk4_0541_prevent_centered_001.webp,,,,/Users/mansur/universal_study_bot org/images omnis/vocab_images/assets_images/object_hsk4_0541_prevent_centered_001.webp
object_hsk4_0554_heavy_centered_001.webp,,,,/Users/mansur/universal_study_bot org/images omnis/vocab_images/assets_images/object_hsk4_0554_heavy_centered_001.webp
object_hsk4_0572_individual_centered_001.webp,,,,/Users/mansur/universal_study_bot org/images omnis/vocab_images/assets_images/object_hsk4_0572_individual_centered_001.webp
object_hsk4_0574_meaning_centered_001.webp,,,,/Users/mansur/universal_study_bot org/images omnis/vocab_images/assets_images/object_hsk4_0574_meaning_centered_001.webp
object_hsk4_0577_report_centered_001.webp,,,,/Users/mansur/universal_study_bot org/images omnis/vocab_images/assets_images/object_hsk4_0577_report_centered_001.webp
object_hsk4_0579_opportunity_centered_001.webp,,,,/Users/mansur/universal_study_bot org/images omnis/vocab_images/assets_images/object_hsk4_0579_opportunity_centered_001.webp
object_hsk4_0580_about_to_centered_001.webp,,,,/Users/mansur/universal_study_bot org/images omnis/vocab_images/assets_images/object_hsk4_0580_about_to_centered_001.webp
object_hsk4_0581_record_centered_001.webp,,,,/Users/mansur/universal_study_bot org/images omnis/vocab_images/assets_images/object_hsk4_0581_record_centered_001.webp
object_hsk4_0591_fun_centered_001.webp,,,,/Users/mansur/universal_study_bot org/images omnis/vocab_images/assets_images/object_hsk4_0591_fun_centered_001.webp
object_hsk4_0601_other_people_centered_001.webp,,,,/Users/mansur/universal_study_bot org/images omnis/vocab_images/assets_images/object_hsk4_0601_other_people_centered_001.webp
object_hsk4_0614_vivid_centered_001.webp,,,,/Users/mansur/universal_study_bot org/images omnis/vocab_images/assets_images/object_hsk4_0614_vivid_centered_001.webp
object_hsk4_0620_to_rely_on_centered_001.webp,,,,/Users/mansur/universal_study_bot org/images omnis/vocab_images/assets_images/object_hsk4_0620_to_rely_on_centered_001.webp
object_hsk4_0637_short_and_small_centered_001.webp,,,,/Users/mansur/universal_study_bot org/images omnis/vocab_images/assets_images/object_hsk4_0637_short_and_small_centered_001.webp
object_hsk4_0638_patriotism_centered_001.webp,,,,/Users/mansur/universal_study_bot org/images omnis/vocab_images/assets_images/object_hsk4_0638_patriotism_centered_001.webp
object_hsk4_0639_peaceful_centered_001.webp,,,,/Users/mansur/universal_study_bot org/images omnis/vocab_images/assets_images/object_hsk4_0639_peaceful_centered_001.webp
object_hsk4_0640_bus_centered_001.webp,,,,/Users/mansur/universal_study_bot org/images omnis/vocab_images/assets_images/object_hsk4_0640_bus_centered_001.webp
object_hsk4_0641_department_store_centered_001.webp,,,,/Users/mansur/universal_study_bot org/images omnis/vocab_images/assets_images/object_hsk4_0641_department_store_centered_001.webp
object_hsk4_0642_swinging_centered_001.webp,,,,/Users/mansur/universal_study_bot org/images omnis/vocab_images/assets_images/object_hsk4_0642_swinging_centered_001.webp
object_hsk4_0643_defeat_centered_001.webp,,,,/Users/mansur/universal_study_bot org/images omnis/vocab_images/assets_images/object_hsk4_0643_defeat_centered_001.webp
object_hsk4_0645_treasure_centered_001.webp,,,,/Users/mansur/universal_study_bot org/images omnis/vocab_images/assets_images/object_hsk4_0645_treasure_centered_001.webp
object_hsk4_0646_baby_centered_001.webp,,,,/Users/mansur/universal_study_bot org/images omnis/vocab_images/assets_images/object_hsk4_0646_baby_centered_001.webp
object_hsk4_0647_gemstone_centered_001.webp,,,,/Users/mansur/universal_study_bot org/images omnis/vocab_images/assets_images/object_hsk4_0647_gemstone_centered_001.webp
object_hsk4_0648_forced_centered_001.webp,,,,/Users/mansur/universal_study_bot org/images omnis/vocab_images/assets_images/object_hsk4_0648_forced_centered_001.webp
object_hsk4_0649_score_centered_001.webp,,,,/Users/mansur/universal_study_bot org/images omnis/vocab_images/assets_images/object_hsk4_0649_score_centered_001.webp
object_hsk4_0650_graduate_centered_001.webp,,,,/Users/mansur/universal_study_bot org/images omnis/vocab_images/assets_images/object_hsk4_0650_graduate_centered_001.webp
object_hsk4_0651_to_avoid_centered_001.webp,,,,/Users/mansur/universal_study_bot org/images omnis/vocab_images/assets_images/object_hsk4_0651_to_avoid_centered_001.webp
object_hsk4_0653_ice_centered_001.webp,,,,/Users/mansur/universal_study_bot org/images omnis/vocab_images/assets_images/object_hsk4_0653_ice_centered_001.webp
object_hsk4_0654_ice_and_snow_centered_001.webp,,,,/Users/mansur/universal_study_bot org/images omnis/vocab_images/assets_images/object_hsk4_0654_ice_and_snow_centered_001.webp
object_hsk4_0655_soldier_centered_001.webp,,,,/Users/mansur/universal_study_bot org/images omnis/vocab_images/assets_images/object_hsk4_0655_soldier_centered_001.webp
object_hsk4_0657_walking_centered_001.webp,,,,/Users/mansur/universal_study_bot org/images omnis/vocab_images/assets_images/object_hsk4_0657_walking_centered_001.webp
object_hsk4_0658_to_measure_centered_001.webp,,,,/Users/mansur/universal_study_bot org/images omnis/vocab_images/assets_images/object_hsk4_0658_to_measure_centered_001.webp
object_hsk4_0659_test_centered_001.webp,,,,/Users/mansur/universal_study_bot org/images omnis/vocab_images/assets_images/object_hsk4_0659_test_centered_001.webp
object_hsk4_0660_once_centered_001.webp,,,,/Users/mansur/universal_study_bot org/images omnis/vocab_images/assets_images/object_hsk4_0660_once_centered_001.webp
object_hsk4_0661_tea_leaves_centered_001.webp,,,,/Users/mansur/universal_study_bot org/images omnis/vocab_images/assets_images/object_hsk4_0661_tea_leaves_centered_001.webp
object_hsk4_0662_record_centered_001.webp,,,,/Users/mansur/universal_study_bot org/images omnis/vocab_images/assets_images/object_hsk4_0662_record_centered_001.webp
object_hsk4_0663_copying_text_centered_001.webp,,,,/Users/mansur/universal_study_bot org/images omnis/vocab_images/assets_images/object_hsk4_0663_copying_text_centered_001.webp
object_hsk4_0664_tide_centered_001.webp,,,,/Users/mansur/universal_study_bot org/images omnis/vocab_images/assets_images/object_hsk4_0664_tide_centered_001.webp
object_hsk4_0665_to_sink_centered_001.webp,,,,/Users/mansur/universal_study_bot org/images omnis/vocab_images/assets_images/object_hsk4_0665_to_sink_centered_001.webp
object_hsk4_0666_integrity_centered_001.webp,,,,/Users/mansur/universal_study_bot org/images omnis/vocab_images/assets_images/object_hsk4_0666_integrity_centered_001.webp
object_hsk4_0667_ruler_centered_001.webp,,,,/Users/mansur/universal_study_bot org/images omnis/vocab_images/assets_images/object_hsk4_0667_ruler_centered_001.webp
object_hsk4_0668_size_centered_001.webp,,,,/Users/mansur/universal_study_bot org/images omnis/vocab_images/assets_images/object_hsk4_0668_size_centered_001.webp
object_hsk4_0669_charging_centered_001.webp,,,,/Users/mansur/universal_study_bot org/images omnis/vocab_images/assets_images/object_hsk4_0669_charging_centered_001.webp
object_hsk4_0670_insect_centered_001.webp,,,,/Users/mansur/universal_study_bot org/images omnis/vocab_images/assets_images/object_hsk4_0670_insect_centered_001.webp
object_hsk4_0671_to_draw_out_centered_001.webp,,,,/Users/mansur/universal_study_bot org/images omnis/vocab_images/assets_images/object_hsk4_0671_to_draw_out_centered_001.webp
object_hsk4_0672_lottery_draw_centered_001.webp,,,,/Users/mansur/universal_study_bot org/images omnis/vocab_images/assets_images/object_hsk4_0672_lottery_draw_centered_001.webp
object_hsk4_0673_to_sell_centered_001.webp,,,,/Users/mansur/universal_study_bot org/images omnis/vocab_images/assets_images/object_hsk4_0673_to_sell_centered_001.webp
object_hsk4_0675_place_centered_001.webp,,,,/Users/mansur/universal_study_bot org/images omnis/vocab_images/assets_images/object_hsk4_0675_place_centered_001.webp
object_hsk4_0677_windowsill_centered_001.webp,,,,/Users/mansur/universal_study_bot org/images omnis/vocab_images/assets_images/object_hsk4_0677_windowsill_centered_001.webp
object_hsk4_0678_window_centered_001.webp,,,,/Users/mansur/universal_study_bot org/images omnis/vocab_images/assets_images/object_hsk4_0678_window_centered_001.webp
object_hsk4_0679_spring_season_centered_001.webp,,,,/Users/mansur/universal_study_bot org/images omnis/vocab_images/assets_images/object_hsk4_0679_spring_season_centered_001.webp
object_hsk4_0680_pure_centered_001.webp,,,,/Users/mansur/universal_study_bot org/images omnis/vocab_images/assets_images/object_hsk4_0680_pure_centered_001.webp
object_hsk4_0681_purified_water_centered_001.webp,,,,/Users/mansur/universal_study_bot org/images omnis/vocab_images/assets_images/object_hsk4_0681_purified_water_centered_001.webp
object_hsk4_0682_this_centered_001.webp,,,,/Users/mansur/universal_study_bot org/images omnis/vocab_images/assets_images/object_hsk4_0682_this_centered_001.webp
object_hsk4_0683_coarse_centered_001.webp,,,,/Users/mansur/universal_study_bot org/images omnis/vocab_images/assets_images/object_hsk4_0683_coarse_centered_001.webp
object_hsk4_0684_promotion_centered_001.webp,,,,/Users/mansur/universal_study_bot org/images omnis/vocab_images/assets_images/object_hsk4_0684_promotion_centered_001.webp
object_hsk4_0685_to_hit_centered_001.webp,,,,/Users/mansur/universal_study_bot org/images omnis/vocab_images/assets_images/object_hsk4_0685_to_hit_centered_001.webp
object_hsk4_0686_defeat_centered_001.webp,,,,/Users/mansur/universal_study_bot org/images omnis/vocab_images/assets_images/object_hsk4_0686_defeat_centered_001.webp
object_hsk4_0687_thunder_centered_001.webp,,,,/Users/mansur/universal_study_bot org/images omnis/vocab_images/assets_images/object_hsk4_0687_thunder_centered_001.webp
object_hsk4_0688_bus_centered_001.webp,,,,/Users/mansur/universal_study_bot org/images omnis/vocab_images/assets_images/object_hsk4_0688_bus_centered_001.webp
object_hsk4_0690_older_brother_centered_001.webp,,,,/Users/mansur/universal_study_bot org/images omnis/vocab_images/assets_images/object_hsk4_0690_older_brother_centered_001.webp
object_hsk4_0691_large_scale_centered_001.webp,,,,/Users/mansur/universal_study_bot org/images omnis/vocab_images/assets_images/object_hsk4_0691_large_scale_centered_001.webp
object_hsk4_0693_older_sister_centered_001.webp,,,,/Users/mansur/universal_study_bot org/images omnis/vocab_images/assets_images/object_hsk4_0693_older_sister_centered_001.webp
object_hsk4_0694_building_centered_001.webp,,,,/Users/mansur/universal_study_bot org/images omnis/vocab_images/assets_images/object_hsk4_0694_building_centered_001.webp
object_hsk4_0696_auntie_centered_001.webp,,,,/Users/mansur/universal_study_bot org/images omnis/vocab_images/assets_images/object_hsk4_0696_auntie_centered_001.webp
object_hsk4_0697_elderly_man_or_gentleman_centered_001.webp,,,,/Users/mansur/universal_study_bot org/images omnis/vocab_images/assets_images/object_hsk4_0697_elderly_man_or_gentleman_centered_001.webp
object_hsk4_0698_the_public_centered_001.webp,,,,/Users/mansur/universal_study_bot org/images omnis/vocab_images/assets_images/object_hsk4_0698_the_public_centered_001.webp
object_hsk4_0699_bag_centered_001.webp,,,,/Users/mansur/universal_study_bot org/images omnis/vocab_images/assets_images/object_hsk4_0699_bag_centered_001.webp
object_hsk4_0700_single_centered_001.webp,,,,/Users/mansur/universal_study_bot org/images omnis/vocab_images/assets_images/object_hsk4_0700_single_centered_001.webp
object_hsk4_0701_reversing_a_vehicle_centered_001.webp,,,,/Users/mansur/universal_study_bot org/images omnis/vocab_images/assets_images/object_hsk4_0701_reversing_a_vehicle_centered_001.webp
object_hsk4_0702_reversing_a_vehicle_centered_001.webp,,,,/Users/mansur/universal_study_bot org/images omnis/vocab_images/assets_images/object_hsk4_0702_reversing_a_vehicle_centered_001.webp
object_hsk4_0703_lighting_centered_001.webp,,,,/Users/mansur/universal_study_bot org/images omnis/vocab_images/assets_images/object_hsk4_0703_lighting_centered_001.webp
object_hsk4_0704_to_ascend_centered_001.webp,,,,/Users/mansur/universal_study_bot org/images omnis/vocab_images/assets_images/object_hsk4_0704_to_ascend_centered_001.webp
object_hsk4_0706_ground_centered_001.webp,,,,/Users/mansur/universal_study_bot org/images omnis/vocab_images/assets_images/object_hsk4_0706_ground_centered_001.webp
object_hsk4_0707_underground_centered_001.webp,,,,/Users/mansur/universal_study_bot org/images omnis/vocab_images/assets_images/object_hsk4_0707_underground_centered_001.webp
object_hsk4_0708_roll_call_centered_001.webp,,,,/Users/mansur/universal_study_bot org/images omnis/vocab_images/assets_images/object_hsk4_0708_roll_call_centered_001.webp
object_hsk4_0709_electric_light_centered_001.webp,,,,/Users/mansur/universal_study_bot org/images omnis/vocab_images/assets_images/object_hsk4_0709_electric_light_centered_001.webp
object_hsk4_0710_electric_vehicle_centered_001.webp,,,,/Users/mansur/universal_study_bot org/images omnis/vocab_images/assets_images/object_hsk4_0710_electric_vehicle_centered_001.webp
object_hsk4_0712_winter_season_centered_001.webp,,,,/Users/mansur/universal_study_bot org/images omnis/vocab_images/assets_images/object_hsk4_0712_winter_season_centered_001.webp
object_hsk4_0713_to_waver_centered_001.webp,,,,/Users/mansur/universal_study_bot org/images omnis/vocab_images/assets_images/object_hsk4_0713_to_waver_centered_001.webp
object_hsk4_0714_alone_centered_001.webp,,,,/Users/mansur/universal_study_bot org/images omnis/vocab_images/assets_images/object_hsk4_0714_alone_centered_001.webp
object_hsk4_0721_headphones_centered_001.webp,,,,/Users/mansur/universal_study_bot org/images omnis/vocab_images/assets_images/object_hsk4_0721_headphones_centered_001.webp
object_hsk4_0723_law_centered_001.webp,,,,/Users/mansur/universal_study_bot org/images omnis/vocab_images/assets_images/object_hsk4_0723_law_centered_001.webp
object_hsk4_0724_judge_centered_001.webp,,,,/Users/mansur/universal_study_bot org/images omnis/vocab_images/assets_images/object_hsk4_0724_judge_centered_001.webp
object_hsk4_0725_annoyed_centered_001.webp,,,,/Users/mansur/universal_study_bot org/images omnis/vocab_images/assets_images/object_hsk4_0725_annoyed_centered_001.webp
object_hsk4_0726_to_oppose_centered_001.webp,,,,/Users/mansur/universal_study_bot org/images omnis/vocab_images/assets_images/object_hsk4_0726_to_oppose_centered_001.webp
object_hsk4_0727_fat_centered_001.webp,,,,/Users/mansur/universal_study_bot org/images omnis/vocab_images/assets_images/object_hsk4_0727_fat_centered_001.webp
object_hsk4_0730_husband_and_wife_centered_001.webp,,,,/Users/mansur/universal_study_bot org/images omnis/vocab_images/assets_images/object_hsk4_0730_husband_and_wife_centered_001.webp
object_hsk4_0732_high_price_centered_001.webp,,,,/Users/mansur/universal_study_bot org/images omnis/vocab_images/assets_images/object_hsk4_0732_high_price_centered_001.webp
object_hsk4_0733_high-speed_train_centered_001.webp,,,,/Users/mansur/universal_study_bot org/images omnis/vocab_images/assets_images/object_hsk4_0733_high-speed_train_centered_001.webp
object_hsk4_0735_separate_centered_001.webp,,,,/Users/mansur/universal_study_bot org/images omnis/vocab_images/assets_images/object_hsk4_0735_separate_centered_001.webp
object_hsk4_0737_engineering_centered_001.webp,,,,/Users/mansur/universal_study_bot org/images omnis/vocab_images/assets_images/object_hsk4_0737_engineering_centered_001.webp
object_hsk4_0738_supply_centered_001.webp,,,,/Users/mansur/universal_study_bot org/images omnis/vocab_images/assets_images/object_hsk4_0738_supply_centered_001.webp
object_hsk4_0739_together_centered_001.webp,,,,/Users/mansur/universal_study_bot org/images omnis/vocab_images/assets_images/object_hsk4_0739_together_centered_001.webp
object_hsk4_0740_structure_centered_001.webp,,,,/Users/mansur/universal_study_bot org/images omnis/vocab_images/assets_images/object_hsk4_0740_structure_centered_001.webp
object_hsk4_0741_purchase_centered_001.webp,,,,/Users/mansur/universal_study_bot org/images omnis/vocab_images/assets_images/object_hsk4_0741_purchase_centered_001.webp
object_hsk4_0742_melon_centered_001.webp,,,,/Users/mansur/universal_study_bot org/images omnis/vocab_images/assets_images/object_hsk4_0742_melon_centered_001.webp
object_hsk4_0743_strange_centered_001.webp,,,,/Users/mansur/universal_study_bot org/images omnis/vocab_images/assets_images/object_hsk4_0743_strange_centered_001.webp
object_hsk4_0744_to_return_centered_001.webp,,,,/Users/mansur/universal_study_bot org/images omnis/vocab_images/assets_images/object_hsk4_0744_to_return_centered_001.webp
object_hsk4_0746_to_contain_centered_001.webp,,,,/Users/mansur/universal_study_bot org/images omnis/vocab_images/assets_images/object_hsk4_0746_to_contain_centered_001.webp
object_hsk4_0749_cold_centered_001.webp,,,,/Users/mansur/universal_study_bot org/images omnis/vocab_images/assets_images/object_hsk4_0749_cold_centered_001.webp
object_hsk4_0751_good_friend_centered_001.webp,,,,/Users/mansur/universal_study_bot org/images omnis/vocab_images/assets_images/object_hsk4_0751_good_friend_centered_001.webp
object_hsk4_0752_darkness_centered_001.webp,,,,/Users/mansur/universal_study_bot org/images omnis/vocab_images/assets_images/object_hsk4_0752_darkness_centered_001.webp
object_hsk4_0753_red_envelope_centered_001.webp,,,,/Users/mansur/universal_study_bot org/images omnis/vocab_images/assets_images/object_hsk4_0753_red_envelope_centered_001.webp
object_hsk4_0754_behind_centered_001.webp,,,,/Users/mansur/universal_study_bot org/images omnis/vocab_images/assets_images/object_hsk4_0754_behind_centered_001.webp
object_hsk4_0755_household_centered_001.webp,,,,/Users/mansur/universal_study_bot org/images omnis/vocab_images/assets_images/object_hsk4_0755_household_centered_001.webp
object_hsk4_0756_cucumber_centered_001.webp,,,,/Users/mansur/universal_study_bot org/images omnis/vocab_images/assets_images/object_hsk4_0756_cucumber_centered_001.webp
object_hsk4_0757_reply_centered_001.webp,,,,/Users/mansur/universal_study_bot org/images omnis/vocab_images/assets_images/object_hsk4_0757_reply_centered_001.webp
object_hsk4_0760_goods_centered_001.webp,,,,/Users/mansur/universal_study_bot org/images omnis/vocab_images/assets_images/object_hsk4_0760_goods_centered_001.webp
object_hsk4_0761_to_obtain_centered_001.webp,,,,/Users/mansur/universal_study_bot org/images omnis/vocab_images/assets_images/object_hsk4_0761_to_obtain_centered_001.webp
object_hsk4_0762_winning_a_prize_centered_001.webp,,,,/Users/mansur/universal_study_bot org/images omnis/vocab_images/assets_images/object_hsk4_0762_winning_a_prize_centered_001.webp
object_hsk4_0763_to_obtain_centered_001.webp,,,,/Users/mansur/universal_study_bot org/images omnis/vocab_images/assets_images/object_hsk4_0763_to_obtain_centered_001.webp
object_hsk4_0764_season_centered_001.webp,,,,/Users/mansur/universal_study_bot org/images omnis/vocab_images/assets_images/object_hsk4_0764_season_centered_001.webp
object_hsk4_0767_detection_centered_001.webp,,,,/Users/mansur/universal_study_bot org/images omnis/vocab_images/assets_images/object_hsk4_0767_detection_centered_001.webp
object_hsk4_0769_gradually_centered_001.webp,,,,/Users/mansur/universal_study_bot org/images omnis/vocab_images/assets_images/object_hsk4_0769_gradually_centered_001.webp
object_hsk4_0770_river_centered_001.webp,,,,/Users/mansur/universal_study_bot org/images omnis/vocab_images/assets_images/object_hsk4_0770_river_centered_001.webp
object_hsk4_0771_award_centered_001.webp,,,,/Users/mansur/universal_study_bot org/images omnis/vocab_images/assets_images/object_hsk4_0771_award_centered_001.webp
object_hsk4_0772_scholarship_centered_001.webp,,,,/Users/mansur/universal_study_bot org/images omnis/vocab_images/assets_images/object_hsk4_0772_scholarship_centered_001.webp
object_hsk4_0773_to_descend_centered_001.webp,,,,/Users/mansur/universal_study_bot org/images omnis/vocab_images/assets_images/object_hsk4_0773_to_descend_centered_001.webp
object_hsk4_0774_price_reduction_centered_001.webp,,,,/Users/mansur/universal_study_bot org/images omnis/vocab_images/assets_images/object_hsk4_0774_price_reduction_centered_001.webp
object_hsk4_0775_cooling_down_centered_001.webp,,,,/Users/mansur/universal_study_bot org/images omnis/vocab_images/assets_images/object_hsk4_0775_cooling_down_centered_001.webp
object_hsk4_0776_to_tie_or_bind_centered_001.webp,,,,/Users/mansur/universal_study_bot org/images omnis/vocab_images/assets_images/object_hsk4_0776_to_tie_or_bind_centered_001.webp
object_hsk4_0777_sisters_centered_001.webp,,,,/Users/mansur/universal_study_bot org/images omnis/vocab_images/assets_images/object_hsk4_0777_sisters_centered_001.webp
object_hsk4_0778_tight_centered_001.webp,,,,/Users/mansur/universal_study_bot org/images omnis/vocab_images/assets_images/object_hsk4_0778_tight_centered_001.webp
object_hsk4_0781_to_bloom_centered_001.webp,,,,/Users/mansur/universal_study_bot org/images omnis/vocab_images/assets_images/object_hsk4_0781_to_bloom_centered_001.webp
object_hsk4_0783_pocket_centered_001.webp,,,,/Users/mansur/universal_study_bot org/images omnis/vocab_images/assets_images/object_hsk4_0783_pocket_centered_001.webp
object_hsk4_0787_expansion_centered_001.webp,,,,/Users/mansur/universal_study_bot org/images omnis/vocab_images/assets_images/object_hsk4_0787_expansion_centered_001.webp
object_hsk4_0791_husband_centered_001.webp,,,,/Users/mansur/universal_study_bot org/images omnis/vocab_images/assets_images/object_hsk4_0791_husband_centered_001.webp
object_hsk4_0792_hometown_centered_001.webp,,,,/Users/mansur/universal_study_bot org/images omnis/vocab_images/assets_images/object_hsk4_0792_hometown_centered_001.webp
object_hsk4_0793_tear_centered_001.webp,,,,/Users/mansur/universal_study_bot org/images omnis/vocab_images/assets_images/object_hsk4_0793_tear_centered_001.webp
object_hsk4_0795_cannot_be_separated_from_centered_001.webp,,,,/Users/mansur/universal_study_bot org/images omnis/vocab_images/assets_images/object_hsk4_0795_cannot_be_separated_from_centered_001.webp
object_hsk4_0796_quantity_centered_001.webp,,,,/Users/mansur/universal_study_bot org/images omnis/vocab_images/assets_images/object_hsk4_0796_quantity_centered_001.webp
object_hsk4_0797_both_sides_centered_001.webp,,,,/Users/mansur/universal_study_bot org/images omnis/vocab_images/assets_images/object_hsk4_0797_both_sides_centered_001.webp
object_hsk4_0798_rehabilitation_centered_001.webp,,,,/Users/mansur/universal_study_bot org/images omnis/vocab_images/assets_images/object_hsk4_0798_rehabilitation_centered_001.webp
object_hsk4_0799_row_or_line_centered_001.webp,,,,/Users/mansur/universal_study_bot org/images omnis/vocab_images/assets_images/object_hsk4_0799_row_or_line_centered_001.webp
object_hsk4_0800_included_in_centered_001.webp,,,,/Users/mansur/universal_study_bot org/images omnis/vocab_images/assets_images/object_hsk4_0800_included_in_centered_001.webp
object_hsk4_0801_listed_as_centered_001.webp,,,,/Users/mansur/universal_study_bot org/images omnis/vocab_images/assets_images/object_hsk4_0801_listed_as_centered_001.webp
object_hsk4_0802_staircase_centered_001.webp,,,,/Users/mansur/universal_study_bot org/images omnis/vocab_images/assets_images/object_hsk4_0802_staircase_centered_001.webp
object_hsk4_0803_wheel_centered_001.webp,,,,/Users/mansur/universal_study_bot org/images omnis/vocab_images/assets_images/object_hsk4_0803_wheel_centered_001.webp
object_hsk4_0804_wheelchair_centered_001.webp,,,,/Users/mansur/universal_study_bot org/images omnis/vocab_images/assets_images/object_hsk4_0804_wheelchair_centered_001.webp
object_hsk4_0805_wheel_centered_001.webp,,,,/Users/mansur/universal_study_bot org/images omnis/vocab_images/assets_images/object_hsk4_0805_wheel_centered_001.webp
object_hsk4_0806_to_fall_centered_001.webp,,,,/Users/mansur/universal_study_bot org/images omnis/vocab_images/assets_images/object_hsk4_0806_to_fall_centered_001.webp
object_hsk4_0807_sweater_centered_001.webp,,,,/Users/mansur/universal_study_bot org/images omnis/vocab_images/assets_images/object_hsk4_0807_sweater_centered_001.webp
object_hsk4_0808_correct_centered_001.webp,,,,/Users/mansur/universal_study_bot org/images omnis/vocab_images/assets_images/object_hsk4_0808_correct_centered_001.webp
object_hsk4_0809_no_way_centered_001.webp,,,,/Users/mansur/universal_study_bot org/images omnis/vocab_images/assets_images/object_hsk4_0809_no_way_centered_001.webp
object_hsk4_0810_didnt_expect_centered_001.webp,,,,/Users/mansur/universal_study_bot org/images omnis/vocab_images/assets_images/object_hsk4_0810_didnt_expect_centered_001.webp
object_hsk4_0811_us_dollar_centered_001.webp,,,,/Users/mansur/universal_study_bot org/images omnis/vocab_images/assets_images/object_hsk4_0811_us_dollar_centered_001.webp
object_hsk4_0812_beautiful_woman_centered_001.webp,,,,/Users/mansur/universal_study_bot org/images omnis/vocab_images/assets_images/object_hsk4_0812_beautiful_woman_centered_001.webp
object_hsk4_0813_to_dream_of_centered_001.webp,,,,/Users/mansur/universal_study_bot org/images omnis/vocab_images/assets_images/object_hsk4_0813_to_dream_of_centered_001.webp
object_hsk4_0814_dense_centered_001.webp,,,,/Users/mansur/universal_study_bot org/images omnis/vocab_images/assets_images/object_hsk4_0814_dense_centered_001.webp
object_hsk4_0815_interview_centered_001.webp,,,,/Users/mansur/universal_study_bot org/images omnis/vocab_images/assets_images/object_hsk4_0815_interview_centered_001.webp
object_hsk4_0816_description_centered_001.webp,,,,/Users/mansur/universal_study_bot org/images omnis/vocab_images/assets_images/object_hsk4_0816_description_centered_001.webp
object_hsk4_0817_famous_brand_centered_001.webp,,,,/Users/mansur/universal_study_bot org/images omnis/vocab_images/assets_images/object_hsk4_0817_famous_brand_centered_001.webp
object_hsk4_0818_celebrity_centered_001.webp,,,,/Users/mansur/universal_study_bot org/images omnis/vocab_images/assets_images/object_hsk4_0818_celebrity_centered_001.webp
object_hsk4_0819_model_centered_001.webp,,,,/Users/mansur/universal_study_bot org/images omnis/vocab_images/assets_images/object_hsk4_0819_model_centered_001.webp
object_hsk4_0820_end_centered_001.webp,,,,/Users/mansur/universal_study_bot org/images omnis/vocab_images/assets_images/object_hsk4_0820_end_centered_001.webp
object_hsk4_0821_men_and_women_centered_001.webp,,,,/Users/mansur/universal_study_bot org/images omnis/vocab_images/assets_images/object_hsk4_0821_men_and_women_centered_001.webp
object_hsk4_0822_man_centered_001.webp,,,,/Users/mansur/universal_study_bot org/images omnis/vocab_images/assets_images/object_hsk4_0822_man_centered_001.webp
object_hsk4_0823_to_make_noise_centered_001.webp,,,,/Users/mansur/universal_study_bot org/images omnis/vocab_images/assets_images/object_hsk4_0823_to_make_noise_centered_001.webp
object_hsk4_0824_alarm_clock_centered_001.webp,,,,/Users/mansur/universal_study_bot org/images omnis/vocab_images/assets_images/object_hsk4_0824_alarm_clock_centered_001.webp
object_hsk4_0825_tranquility_centered_001.webp,,,,/Users/mansur/universal_study_bot org/images omnis/vocab_images/assets_images/object_hsk4_0825_tranquility_centered_001.webp
object_hsk4_0826_heating_centered_001.webp,,,,/Users/mansur/universal_study_bot org/images omnis/vocab_images/assets_images/object_hsk4_0826_heating_centered_001.webp
object_hsk4_0827_take_a_photo_centered_001.webp,,,,/Users/mansur/universal_study_bot org/images omnis/vocab_images/assets_images/object_hsk4_0827_take_a_photo_centered_001.webp
object_hsk4_0829_plate_centered_001.webp,,,,/Users/mansur/universal_study_bot org/images omnis/vocab_images/assets_images/object_hsk4_0829_plate_centered_001.webp
object_hsk4_0830_fat_person_centered_001.webp,,,,/Users/mansur/universal_study_bot org/images omnis/vocab_images/assets_images/object_hsk4_0830_fat_person_centered_001.webp
object_hsk4_0831_training_class_centered_001.webp,,,,/Users/mansur/universal_study_bot org/images omnis/vocab_images/assets_images/object_hsk4_0831_training_class_centered_001.webp
object_hsk4_0832_stable_centered_001.webp,,,,/Users/mansur/universal_study_bot org/images omnis/vocab_images/assets_images/object_hsk4_0832_stable_centered_001.webp
object_hsk4_0833_final_exam_centered_001.webp,,,,/Users/mansur/universal_study_bot org/images omnis/vocab_images/assets_images/object_hsk4_0833_final_exam_centered_001.webp
object_hsk4_0835_balloon_centered_001.webp,,,,/Users/mansur/universal_study_bot org/images omnis/vocab_images/assets_images/object_hsk4_0835_balloon_centered_001.webp
object_hsk4_0836_soda_centered_001.webp,,,,/Users/mansur/universal_study_bot org/images omnis/vocab_images/assets_images/object_hsk4_0836_soda_centered_001.webp
object_hsk4_0837_in_front_centered_001.webp,,,,/Users/mansur/universal_study_bot org/images omnis/vocab_images/assets_images/object_hsk4_0837_in_front_centered_001.webp
object_hsk4_0838_poor_person_centered_001.webp,,,,/Users/mansur/universal_study_bot org/images omnis/vocab_images/assets_images/object_hsk4_0838_poor_person_centered_001.webp
object_hsk4_0839_autumn_season_centered_001.webp,,,,/Users/mansur/universal_study_bot org/images omnis/vocab_images/assets_images/object_hsk4_0839_autumn_season_centered_001.webp
object_hsk4_0840_fuel_centered_001.webp,,,,/Users/mansur/universal_study_bot org/images omnis/vocab_images/assets_images/object_hsk4_0840_fuel_centered_001.webp
object_hsk4_0841_scatter_centered_001.webp,,,,/Users/mansur/universal_study_bot org/images omnis/vocab_images/assets_images/object_hsk4_0841_scatter_centered_001.webp
object_hsk4_0842_to_sweep_centered_001.webp,,,,/Users/mansur/universal_study_bot org/images omnis/vocab_images/assets_images/object_hsk4_0842_to_sweep_centered_001.webp
object_hsk4_0843_color_centered_001.webp,,,,/Users/mansur/universal_study_bot org/images omnis/vocab_images/assets_images/object_hsk4_0843_color_centered_001.webp
object_hsk4_0844_flash_centered_001.webp,,,,/Users/mansur/universal_study_bot org/images omnis/vocab_images/assets_images/object_hsk4_0844_flash_centered_001.webp
object_hsk4_0845_to_appreciate_or_reward_centered_001.webp,,,,/Users/mansur/universal_study_bot org/images omnis/vocab_images/assets_images/object_hsk4_0845_to_appreciate_or_reward_centered_001.webp
object_hsk4_0846_last_month_centered_001.webp,,,,/Users/mansur/universal_study_bot org/images omnis/vocab_images/assets_images/object_hsk4_0846_last_month_centered_001.webp
object_hsk4_0847_go_upstairs_centered_001.webp,,,,/Users/mansur/universal_study_bot org/images omnis/vocab_images/assets_images/object_hsk4_0847_go_upstairs_centered_001.webp
object_hsk4_0848_door-to-door_centered_001.webp,,,,/Users/mansur/universal_study_bot org/images omnis/vocab_images/assets_images/object_hsk4_0848_door-to-door_centered_001.webp
object_hsk4_0849_to_burn_centered_001.webp,,,,/Users/mansur/universal_study_bot org/images omnis/vocab_images/assets_images/object_hsk4_0849_to_burn_centered_001.webp
object_hsk4_0850_height_centered_001.webp,,,,/Users/mansur/universal_study_bot org/images omnis/vocab_images/assets_images/object_hsk4_0850_height_centered_001.webp
object_hsk4_0851_profound_and_strong_centered_001.webp,,,,/Users/mansur/universal_study_bot org/images omnis/vocab_images/assets_images/object_hsk4_0851_profound_and_strong_centered_001.webp
object_hsk4_0852_poet_centered_001.webp,,,,/Users/mansur/universal_study_bot org/images omnis/vocab_images/assets_images/object_hsk4_0852_poet_centered_001.webp
object_hsk4_0853_wet_centered_001.webp,,,,/Users/mansur/universal_study_bot org/images omnis/vocab_images/assets_images/object_hsk4_0853_wet_centered_001.webp
object_hsk4_0854_canteen_centered_001.webp,,,,/Users/mansur/universal_study_bot org/images omnis/vocab_images/assets_images/object_hsk4_0854_canteen_centered_001.webp
object_hsk4_0855_to_exert_strength_centered_001.webp,,,,/Users/mansur/universal_study_bot org/images omnis/vocab_images/assets_images/object_hsk4_0855_to_exert_strength_centered_001.webp
object_hsk4_0856_urban_area_centered_001.webp,,,,/Users/mansur/universal_study_bot org/images omnis/vocab_images/assets_images/object_hsk4_0856_urban_area_centered_001.webp
object_hsk4_0857_to_take_back_centered_001.webp,,,,/Users/mansur/universal_study_bot org/images omnis/vocab_images/assets_images/object_hsk4_0857_to_take_back_centered_001.webp
object_hsk4_0858_in_hand_centered_001.webp,,,,/Users/mansur/universal_study_bot org/images omnis/vocab_images/assets_images/object_hsk4_0858_in_hand_centered_001.webp
object_hsk4_0859_to_guard_or_protect_centered_001.webp,,,,/Users/mansur/universal_study_bot org/images omnis/vocab_images/assets_images/object_hsk4_0859_to_guard_or_protect_centered_001.webp
object_hsk4_0860_summer_vacation_centered_001.webp,,,,/Users/mansur/universal_study_bot org/images omnis/vocab_images/assets_images/object_hsk4_0860_summer_vacation_centered_001.webp
object_hsk4_0861_forest_centered_001.webp,,,,/Users/mansur/universal_study_bot org/images omnis/vocab_images/assets_images/object_hsk4_0861_forest_centered_001.webp
object_hsk4_0862_tree_leaf_centered_001.webp,,,,/Users/mansur/universal_study_bot org/images omnis/vocab_images/assets_images/object_hsk4_0862_tree_leaf_centered_001.webp
object_hsk4_0863_to_brush_centered_001.webp,,,,/Users/mansur/universal_study_bot org/images omnis/vocab_images/assets_images/object_hsk4_0863_to_brush_centered_001.webp
object_hsk4_0864_brush_centered_001.webp,,,,/Users/mansur/universal_study_bot org/images omnis/vocab_images/assets_images/object_hsk4_0864_brush_centered_001.webp
object_hsk4_0866_take_the_lead_centered_001.webp,,,,/Users/mansur/universal_study_bot org/images omnis/vocab_images/assets_images/object_hsk4_0866_take_the_lead_centered_001.webp
object_hsk4_0867_falling_asleep_centered_001.webp,,,,/Users/mansur/universal_study_bot org/images omnis/vocab_images/assets_images/object_hsk4_0867_falling_asleep_centered_001.webp
object_hsk4_0868_pine_tree_centered_001.webp,,,,/Users/mansur/universal_study_bot org/images omnis/vocab_images/assets_images/object_hsk4_0868_pine_tree_centered_001.webp
object_hsk4_0869_pine_tree_centered_001.webp,,,,/Users/mansur/universal_study_bot org/images omnis/vocab_images/assets_images/object_hsk4_0869_pine_tree_centered_001.webp
object_hsk4_0870_plastic_centered_001.webp,,,,/Users/mansur/universal_study_bot org/images omnis/vocab_images/assets_images/object_hsk4_0870_plastic_centered_001.webp
object_hsk4_0871_yogurt_centered_001.webp,,,,/Users/mansur/universal_study_bot org/images omnis/vocab_images/assets_images/object_hsk4_0871_yogurt_centered_001.webp
object_hsk4_0872_granddaughter_centered_001.webp,,,,/Users/mansur/universal_study_bot org/images omnis/vocab_images/assets_images/object_hsk4_0872_granddaughter_centered_001.webp
object_hsk4_0873_to_reduce_in_size_centered_001.webp,,,,/Users/mansur/universal_study_bot org/images omnis/vocab_images/assets_images/object_hsk4_0873_to_reduce_in_size_centered_001.webp
object_hsk4_0874_on_the_stage_centered_001.webp,,,,/Users/mansur/universal_study_bot org/images omnis/vocab_images/assets_images/object_hsk4_0874_on_the_stage_centered_001.webp
object_hsk4_0875_set_meal_centered_001.webp,,,,/Users/mansur/universal_study_bot org/images omnis/vocab_images/assets_images/object_hsk4_0875_set_meal_centered_001.webp
object_hsk4_0876_special_price_centered_001.webp,,,,/Users/mansur/universal_study_bot org/images omnis/vocab_images/assets_images/object_hsk4_0876_special_price_centered_001.webp
object_hsk4_0877_gymnastics_centered_001.webp,,,,/Users/mansur/universal_study_bot org/images omnis/vocab_images/assets_images/object_hsk4_0877_gymnastics_centered_001.webp
object_hsk4_0878_physical_examination_centered_001.webp,,,,/Users/mansur/universal_study_bot org/images omnis/vocab_images/assets_images/object_hsk4_0878_physical_examination_centered_001.webp
object_hsk4_0879_body_weight_centered_001.webp,,,,/Users/mansur/universal_study_bot org/images omnis/vocab_images/assets_images/object_hsk4_0879_body_weight_centered_001.webp
object_hsk4_0880_to_replace_centered_001.webp,,,,/Users/mansur/universal_study_bot org/images omnis/vocab_images/assets_images/object_hsk4_0880_to_replace_centered_001.webp
object_hsk4_0881_substitute_centered_001.webp,,,,/Users/mansur/universal_study_bot org/images omnis/vocab_images/assets_images/object_hsk4_0881_substitute_centered_001.webp
object_hsk4_0882_to_fill_in_centered_001.webp,,,,/Users/mansur/universal_study_bot org/images omnis/vocab_images/assets_images/object_hsk4_0882_to_fill_in_centered_001.webp
object_hsk4_0883_to_choose_or_select_centered_001.webp,,,,/Users/mansur/universal_study_bot org/images omnis/vocab_images/assets_images/object_hsk4_0883_to_choose_or_select_centered_001.webp
object_hsk4_0884_to_select_centered_001.webp,,,,/Users/mansur/universal_study_bot org/images omnis/vocab_images/assets_images/object_hsk4_0884_to_select_centered_001.webp
object_hsk4_0885_to_choose_or_select_centered_001.webp,,,,/Users/mansur/universal_study_bot org/images omnis/vocab_images/assets_images/object_hsk4_0885_to_choose_or_select_centered_001.webp
object_hsk4_0886_to_stick_or_attach_centered_001.webp,,,,/Users/mansur/universal_study_bot org/images omnis/vocab_images/assets_images/object_hsk4_0886_to_stick_or_attach_centered_001.webp
object_hsk4_0887_stop_centered_001.webp,,,,/Users/mansur/universal_study_bot org/images omnis/vocab_images/assets_images/object_hsk4_0887_stop_centered_001.webp
object_hsk4_0888_notification_letter_centered_001.webp,,,,/Users/mansur/universal_study_bot org/images omnis/vocab_images/assets_images/object_hsk4_0888_notification_letter_centered_001.webp
object_hsk4_0890_to_throw_centered_001.webp,,,,/Users/mansur/universal_study_bot org/images omnis/vocab_images/assets_images/object_hsk4_0890_to_throw_centered_001.webp
object_hsk4_0891_to_penetrate_centered_001.webp,,,,/Users/mansur/universal_study_bot org/images omnis/vocab_images/assets_images/object_hsk4_0891_to_penetrate_centered_001.webp
object_hsk4_0892_on_the_way_centered_001.webp,,,,/Users/mansur/universal_study_bot org/images omnis/vocab_images/assets_images/object_hsk4_0892_on_the_way_centered_001.webp
object_hsk4_0893_foreign_exchange_centered_001.webp,,,,/Users/mansur/universal_study_bot org/images omnis/vocab_images/assets_images/object_hsk4_0893_foreign_exchange_centered_001.webp
object_hsk4_0894_diplomat_centered_001.webp,,,,/Users/mansur/universal_study_bot org/images omnis/vocab_images/assets_images/object_hsk4_0894_diplomat_centered_001.webp
object_hsk4_0895_coat_centered_001.webp,,,,/Users/mansur/universal_study_bot org/images omnis/vocab_images/assets_images/object_hsk4_0895_coat_centered_001.webp
object_hsk4_0896_bend_centered_001.webp,,,,/Users/mansur/universal_study_bot org/images omnis/vocab_images/assets_images/object_hsk4_0896_bend_centered_001.webp
object_hsk4_0897_late_arrival_centered_001.webp,,,,/Users/mansur/universal_study_bot org/images omnis/vocab_images/assets_images/object_hsk4_0897_late_arrival_centered_001.webp
object_hsk4_0898_king_centered_001.webp,,,,/Users/mansur/universal_study_bot org/images omnis/vocab_images/assets_images/object_hsk4_0898_king_centered_001.webp
object_hsk4_0899_website_address_centered_001.webp,,,,/Users/mansur/universal_study_bot org/images omnis/vocab_images/assets_images/object_hsk4_0899_website_address_centered_001.webp
object_hsk4_0900_wechat_centered_001.webp,,,,/Users/mansur/universal_study_bot org/images omnis/vocab_images/assets_images/object_hsk4_0900_wechat_centered_001.webp
object_hsk4_0901_smell_or_scent_centered_001.webp,,,,/Users/mansur/universal_study_bot org/images omnis/vocab_images/assets_images/object_hsk4_0901_smell_or_scent_centered_001.webp
object_hsk4_0902_stable_centered_001.webp,,,,/Users/mansur/universal_study_bot org/images omnis/vocab_images/assets_images/object_hsk4_0902_stable_centered_001.webp
object_hsk4_0903_unable_to_centered_001.webp,,,,/Users/mansur/universal_study_bot org/images omnis/vocab_images/assets_images/object_hsk4_0903_unable_to_centered_001.webp
object_hsk4_0904_infinite_centered_001.webp,,,,/Users/mansur/universal_study_bot org/images omnis/vocab_images/assets_images/object_hsk4_0904_infinite_centered_001.webp
object_hsk4_0905_colorful_centered_001.webp,,,,/Users/mansur/universal_study_bot org/images omnis/vocab_images/assets_images/object_hsk4_0905_colorful_centered_001.webp
object_hsk4_0906_to_inhale_centered_001.webp,,,,/Users/mansur/universal_study_bot org/images omnis/vocab_images/assets_images/object_hsk4_0906_to_inhale_centered_001.webp
object_hsk4_0907_straw_centered_001.webp,,,,/Users/mansur/universal_study_bot org/images omnis/vocab_images/assets_images/object_hsk4_0907_straw_centered_001.webp
object_hsk4_0908_smoking_centered_001.webp,,,,/Users/mansur/universal_study_bot org/images omnis/vocab_images/assets_images/object_hsk4_0908_smoking_centered_001.webp
object_hsk4_0909_to_like_centered_001.webp,,,,/Users/mansur/universal_study_bot org/images omnis/vocab_images/assets_images/object_hsk4_0909_to_like_centered_001.webp
object_hsk4_0910_fine_thin_centered_001.webp,,,,/Users/mansur/universal_study_bot org/images omnis/vocab_images/assets_images/object_hsk4_0910_fine_thin_centered_001.webp
object_hsk4_0911_next_month_centered_001.webp,,,,/Users/mansur/universal_study_bot org/images omnis/vocab_images/assets_images/object_hsk4_0911_next_month_centered_001.webp
object_hsk4_0912_decline_centered_001.webp,,,,/Users/mansur/universal_study_bot org/images omnis/vocab_images/assets_images/object_hsk4_0912_decline_centered_001.webp
object_hsk4_0913_go_downstairs_centered_001.webp,,,,/Users/mansur/universal_study_bot org/images omnis/vocab_images/assets_images/object_hsk4_0913_go_downstairs_centered_001.webp
object_hsk4_0914_summer_centered_001.webp,,,,/Users/mansur/universal_study_bot org/images omnis/vocab_images/assets_images/object_hsk4_0914_summer_centered_001.webp
object_hsk4_0915_fresh_centered_001.webp,,,,/Users/mansur/universal_study_bot org/images omnis/vocab_images/assets_images/object_hsk4_0915_fresh_centered_001.webp
object_hsk4_0916_fresh_flowers_centered_001.webp,,,,/Users/mansur/universal_study_bot org/images omnis/vocab_images/assets_images/object_hsk4_0916_fresh_flowers_centered_001.webp
object_hsk4_0917_box_centered_001.webp,,,,/Users/mansur/universal_study_bot org/images omnis/vocab_images/assets_images/object_hsk4_0917_box_centered_001.webp
object_hsk4_0918_box_centered_001.webp,,,,/Users/mansur/universal_study_bot org/images omnis/vocab_images/assets_images/object_hsk4_0918_box_centered_001.webp
object_hsk4_0919_photo_centered_001.webp,,,,/Users/mansur/universal_study_bot org/images omnis/vocab_images/assets_images/object_hsk4_0919_photo_centered_001.webp
object_hsk4_0920_small-sized_centered_001.webp,,,,/Users/mansur/universal_study_bot org/images omnis/vocab_images/assets_images/object_hsk4_0920_small-sized_centered_001.webp
object_hsk4_0921_new_type_centered_001.webp,,,,/Users/mansur/universal_study_bot org/images omnis/vocab_images/assets_images/object_hsk4_0921_new_type_centered_001.webp
object_hsk4_0922_shape_centered_001.webp,,,,/Users/mansur/universal_study_bot org/images omnis/vocab_images/assets_images/object_hsk4_0922_shape_centered_001.webp
object_hsk4_0923_model_number_centered_001.webp,,,,/Users/mansur/universal_study_bot org/images omnis/vocab_images/assets_images/object_hsk4_0923_model_number_centered_001.webp
object_hsk4_0924_interest_centered_001.webp,,,,/Users/mansur/universal_study_bot org/images omnis/vocab_images/assets_images/object_hsk4_0924_interest_centered_001.webp
object_hsk4_0925_chest_centered_001.webp,,,,/Users/mansur/universal_study_bot org/images omnis/vocab_images/assets_images/object_hsk4_0925_chest_centered_001.webp
object_hsk4_0926_academic_credit_centered_001.webp,,,,/Users/mansur/universal_study_bot org/images omnis/vocab_images/assets_images/object_hsk4_0926_academic_credit_centered_001.webp
object_hsk4_0927_academic_year_centered_001.webp,,,,/Users/mansur/universal_study_bot org/images omnis/vocab_images/assets_images/object_hsk4_0927_academic_year_centered_001.webp
object_hsk4_0928_study_hours_centered_001.webp,,,,/Users/mansur/universal_study_bot org/images omnis/vocab_images/assets_images/object_hsk4_0928_study_hours_centered_001.webp
object_hsk4_0929_tooth_centered_001.webp,,,,/Users/mansur/universal_study_bot org/images omnis/vocab_images/assets_images/object_hsk4_0929_tooth_centered_001.webp
object_hsk4_0930_toothbrush_centered_001.webp,,,,/Users/mansur/universal_study_bot org/images omnis/vocab_images/assets_images/object_hsk4_0930_toothbrush_centered_001.webp
object_hsk4_0931_asian_games_centered_001.webp,,,,/Users/mansur/universal_study_bot org/images omnis/vocab_images/assets_images/object_hsk4_0931_asian_games_centered_001.webp
object_hsk4_0932_strict_centered_001.webp,,,,/Users/mansur/universal_study_bot org/images omnis/vocab_images/assets_images/object_hsk4_0932_strict_centered_001.webp
object_hsk4_0933_graduate_student_centered_001.webp,,,,/Users/mansur/universal_study_bot org/images omnis/vocab_images/assets_images/object_hsk4_0933_graduate_student_centered_001.webp
object_hsk4_0934_develop_and_manufacture_centered_001.webp,,,,/Users/mansur/universal_study_bot org/images omnis/vocab_images/assets_images/object_hsk4_0934_develop_and_manufacture_centered_001.webp
object_hsk4_0935_tear_centered_001.webp,,,,/Users/mansur/universal_study_bot org/images omnis/vocab_images/assets_images/object_hsk4_0935_tear_centered_001.webp
object_hsk4_0936_in_the_eyes_centered_001.webp,,,,/Users/mansur/universal_study_bot org/images omnis/vocab_images/assets_images/object_hsk4_0936_in_the_eyes_centered_001.webp
object_hsk4_0937_medication_centered_001.webp,,,,/Users/mansur/universal_study_bot org/images omnis/vocab_images/assets_images/object_hsk4_0937_medication_centered_001.webp
object_hsk4_0938_medical_care_centered_001.webp,,,,/Users/mansur/universal_study_bot org/images omnis/vocab_images/assets_images/object_hsk4_0938_medical_care_centered_001.webp
object_hsk4_0939_medicine_centered_001.webp,,,,/Users/mansur/universal_study_bot org/images omnis/vocab_images/assets_images/object_hsk4_0939_medicine_centered_001.webp
object_hsk4_0940_to_move_centered_001.webp,,,,/Users/mansur/universal_study_bot org/images omnis/vocab_images/assets_images/object_hsk4_0940_to_move_centered_001.webp
object_hsk4_0942_generally_speaking_centered_001.webp,,,,/Users/mansur/universal_study_bot org/images omnis/vocab_images/assets_images/object_hsk4_0942_generally_speaking_centered_001.webp
object_hsk4_0944_introduce_centered_001.webp,,,,/Users/mansur/universal_study_bot org/images omnis/vocab_images/assets_images/object_hsk4_0944_introduce_centered_001.webp
object_hsk4_0945_should_centered_001.webp,,,,/Users/mansur/universal_study_bot org/images omnis/vocab_images/assets_images/object_hsk4_0945_should_centered_001.webp
object_hsk4_0946_to_win_centered_001.webp,,,,/Users/mansur/universal_study_bot org/images omnis/vocab_images/assets_images/object_hsk4_0946_to_win_centered_001.webp
object_hsk4_0947_excellent_quality_centered_001.webp,,,,/Users/mansur/universal_study_bot org/images omnis/vocab_images/assets_images/object_hsk4_0947_excellent_quality_centered_001.webp
object_hsk4_0948_energetic_centered_001.webp,,,,/Users/mansur/universal_study_bot org/images omnis/vocab_images/assets_images/object_hsk4_0948_energetic_centered_001.webp
object_hsk4_0949_limited_centered_001.webp,,,,/Users/mansur/universal_study_bot org/images omnis/vocab_images/assets_images/object_hsk4_0949_limited_centered_001.webp
object_hsk4_0950_speech_sound_centered_001.webp,,,,/Users/mansur/universal_study_bot org/images omnis/vocab_images/assets_images/object_hsk4_0950_speech_sound_centered_001.webp
object_hsk4_0951_prediction_centered_001.webp,,,,/Users/mansur/universal_study_bot org/images omnis/vocab_images/assets_images/object_hsk4_0951_prediction_centered_001.webp
object_hsk4_0952_to_meet_centered_001.webp,,,,/Users/mansur/universal_study_bot org/images omnis/vocab_images/assets_images/object_hsk4_0952_to_meet_centered_001.webp
object_hsk4_0953_to_meet_centered_001.webp,,,,/Users/mansur/universal_study_bot org/images omnis/vocab_images/assets_images/object_hsk4_0953_to_meet_centered_001.webp
object_hsk4_0955_sports_meeting_centered_001.webp,,,,/Users/mansur/universal_study_bot org/images omnis/vocab_images/assets_images/object_hsk4_0955_sports_meeting_centered_001.webp
object_hsk4_0956_athlete_centered_001.webp,,,,/Users/mansur/universal_study_bot org/images omnis/vocab_images/assets_images/object_hsk4_0956_athlete_centered_001.webp
object_hsk4_0957_appreciation_centered_001.webp,,,,/Users/mansur/universal_study_bot org/images omnis/vocab_images/assets_images/object_hsk4_0957_appreciation_centered_001.webp
object_hsk4_0958_to_overcome_centered_001.webp,,,,/Users/mansur/universal_study_bot org/images omnis/vocab_images/assets_images/object_hsk4_0958_to_overcome_centered_001.webp
object_hsk4_0959_warrior_centered_001.webp,,,,/Users/mansur/universal_study_bot org/images omnis/vocab_images/assets_images/object_hsk4_0959_warrior_centered_001.webp
object_hsk4_0960_greeting_or_calling_out_centered_001.webp,,,,/Users/mansur/universal_study_bot org/images omnis/vocab_images/assets_images/object_hsk4_0960_greeting_or_calling_out_centered_001.webp
object_hsk4_0961_needle_centered_001.webp,,,,/Users/mansur/universal_study_bot org/images omnis/vocab_images/assets_images/object_hsk4_0961_needle_centered_001.webp
object_hsk4_0963_between_centered_001.webp,,,,/Users/mansur/universal_study_bot org/images omnis/vocab_images/assets_images/object_hsk4_0963_between_centered_001.webp
object_hsk4_0964_before_centered_001.webp,,,,/Users/mansur/universal_study_bot org/images omnis/vocab_images/assets_images/object_hsk4_0964_before_centered_001.webp
object_hsk4_0966_formulate_centered_001.webp,,,,/Users/mansur/universal_study_bot org/images omnis/vocab_images/assets_images/object_hsk4_0966_formulate_centered_001.webp
object_hsk4_0968_winning_a_prize_centered_001.webp,,,,/Users/mansur/universal_study_bot org/images omnis/vocab_images/assets_images/object_hsk4_0968_winning_a_prize_centered_001.webp
object_hsk4_0969_rotation_centered_001.webp,,,,/Users/mansur/universal_study_bot org/images omnis/vocab_images/assets_images/object_hsk4_0969_rotation_centered_001.webp
object_hsk4_0970_turn_around_centered_001.webp,,,,/Users/mansur/universal_study_bot org/images omnis/vocab_images/assets_images/object_hsk4_0970_turn_around_centered_001.webp
object_hsk4_0971_turning_centered_001.webp,,,,/Users/mansur/universal_study_bot org/images omnis/vocab_images/assets_images/object_hsk4_0971_turning_centered_001.webp
object_hsk4_0972_device_centered_001.webp,,,,/Users/mansur/universal_study_bot org/images omnis/vocab_images/assets_images/object_hsk4_0972_device_centered_001.webp
object_hsk4_0974_mouth_centered_001.webp,,,,/Users/mansur/universal_study_bot org/images omnis/vocab_images/assets_images/object_hsk4_0974_mouth_centered_001.webp
object_hsk4_0975_to_make_centered_001.webp,,,,/Users/mansur/universal_study_bot org/images omnis/vocab_images/assets_images/object_hsk4_0975_to_make_centered_001.webp
object_hsk4_0976_to_dream_centered_001.webp,,,,/Users/mansur/universal_study_bot org/images omnis/vocab_images/assets_images/object_hsk4_0976_to_dream_centered_001.webp
object_hsk4_0977_must_centered_001.webp,,,,/Users/mansur/universal_study_bot org/images omnis/vocab_images/assets_images/object_hsk4_0977_must_centered_001.webp
object_hsk5_0001_hotel_centered_001.webp,,,,/Users/mansur/universal_study_bot org/images omnis/vocab_images/assets_images/object_hsk5_0001_hotel_centered_001.webp
object_hsk5_0010_stick_centered_001.webp,,,,/Users/mansur/universal_study_bot org/images omnis/vocab_images/assets_images/object_hsk5_0010_stick_centered_001.webp
object_hsk5_0013_to_guess_centered_001.webp,,,,/Users/mansur/universal_study_bot org/images omnis/vocab_images/assets_images/object_hsk5_0013_to_guess_centered_001.webp
object_hsk5_0014_restaurant_centered_001.webp,,,,/Users/mansur/universal_study_bot org/images omnis/vocab_images/assets_images/object_hsk5_0014_restaurant_centered_001.webp
object_hsk5_0015_to_taste_centered_001.webp,,,,/Users/mansur/universal_study_bot org/images omnis/vocab_images/assets_images/object_hsk5_0015_to_taste_centered_001.webp
object_hsk5_0016_to_take_a_vehicle_centered_001.webp,,,,/Users/mansur/universal_study_bot org/images omnis/vocab_images/assets_images/object_hsk5_0016_to_take_a_vehicle_centered_001.webp
object_hsk5_0022_to_lose_centered_001.webp,,,,/Users/mansur/universal_study_bot org/images omnis/vocab_images/assets_images/object_hsk5_0022_to_lose_centered_001.webp
object_hsk5_0023_give_up_centered_001.webp,,,,/Users/mansur/universal_study_bot org/images omnis/vocab_images/assets_images/object_hsk5_0023_give_up_centered_001.webp
object_hsk5_0024_estimate_centered_001.webp,,,,/Users/mansur/universal_study_bot org/images omnis/vocab_images/assets_images/object_hsk5_0024_estimate_centered_001.webp
object_hsk5_0026_key_centered_001.webp,,,,/Users/mansur/universal_study_bot org/images omnis/vocab_images/assets_images/object_hsk5_0026_key_centered_001.webp
object_hsk5_0028_sweat_centered_001.webp,,,,/Users/mansur/universal_study_bot org/images omnis/vocab_images/assets_images/object_hsk5_0028_sweat_centered_001.webp
object_hsk5_0029_box_centered_001.webp,,,,/Users/mansur/universal_study_bot org/images omnis/vocab_images/assets_images/object_hsk5_0029_box_centered_001.webp
object_hsk5_0036_competition_centered_001.webp,,,,/Users/mansur/universal_study_bot org/images omnis/vocab_images/assets_images/object_hsk5_0036_competition_centered_001.webp
object_hsk5_0041_living_room_centered_001.webp,,,,/Users/mansur/universal_study_bot org/images omnis/vocab_images/assets_images/object_hsk5_0041_living_room_centered_001.webp
object_hsk5_0048_age_centered_001.webp,,,,/Users/mansur/universal_study_bot org/images omnis/vocab_images/assets_images/object_hsk5_0048_age_centered_001.webp
object_hsk5_0049_occasionally_centered_001.webp,,,,/Users/mansur/universal_study_bot org/images omnis/vocab_images/assets_images/object_hsk5_0049_occasionally_centered_001.webp
object_hsk5_0050_to_accompany_centered_001.webp,,,,/Users/mansur/universal_study_bot org/images omnis/vocab_images/assets_images/object_hsk5_0050_to_accompany_centered_001.webp
object_hsk5_0051_skin_centered_001.webp,,,,/Users/mansur/universal_study_bot org/images omnis/vocab_images/assets_images/object_hsk5_0051_skin_centered_001.webp
object_hsk5_0053_to_deceive_centered_001.webp,,,,/Users/mansur/universal_study_bot org/images omnis/vocab_images/assets_images/object_hsk5_0053_to_deceive_centered_001.webp
object_hsk5_0054_grape_centered_001.webp,,,,/Users/mansur/universal_study_bot org/images omnis/vocab_images/assets_images/object_hsk5_0054_grape_centered_001.webp
object_hsk5_0056_to_knock_centered_001.webp,,,,/Users/mansur/universal_study_bot org/images omnis/vocab_images/assets_images/object_hsk5_0056_to_knock_centered_001.webp
object_hsk5_0057_to_throw_centered_001.webp,,,,/Users/mansur/universal_study_bot org/images omnis/vocab_images/assets_images/object_hsk5_0057_to_throw_centered_001.webp
object_hsk5_0058_a_little_centered_001.webp,,,,/Users/mansur/universal_study_bot org/images omnis/vocab_images/assets_images/object_hsk5_0058_a_little_centered_001.webp
object_hsk5_0059_to_remain_centered_001.webp,,,,/Users/mansur/universal_study_bot org/images omnis/vocab_images/assets_images/object_hsk5_0059_to_remain_centered_001.webp
object_hsk5_0060_master_or_skilled_worker_centered_001.webp,,,,/Users/mansur/universal_study_bot org/images omnis/vocab_images/assets_images/object_hsk5_0060_master_or_skilled_worker_centered_001.webp
object_hsk5_0061_to_tidy_up_centered_001.webp,,,,/Users/mansur/universal_study_bot org/images omnis/vocab_images/assets_images/object_hsk5_0061_to_tidy_up_centered_001.webp
object_hsk5_0063_masters_degree_centered_001.webp,,,,/Users/mansur/universal_study_bot org/images omnis/vocab_images/assets_images/object_hsk5_0063_masters_degree_centered_001.webp
object_hsk5_0065_to_lift_centered_001.webp,,,,/Users/mansur/universal_study_bot org/images omnis/vocab_images/assets_images/object_hsk5_0065_to_lift_centered_001.webp
object_hsk5_0066_dislike_centered_001.webp,,,,/Users/mansur/universal_study_bot org/images omnis/vocab_images/assets_images/object_hsk5_0066_dislike_centered_001.webp
object_hsk5_0071_invitation_centered_001.webp,,,,/Users/mansur/universal_study_bot org/images omnis/vocab_images/assets_images/object_hsk5_0071_invitation_centered_001.webp
object_hsk5_0073_especially_centered_001.webp,,,,/Users/mansur/universal_study_bot org/images omnis/vocab_images/assets_images/object_hsk5_0073_especially_centered_001.webp
object_hsk5_0076_temporary_centered_001.webp,,,,/Users/mansur/universal_study_bot org/images omnis/vocab_images/assets_images/object_hsk5_0076_temporary_centered_001.webp
object_hsk5_0081_bank_or_shore_centered_001.webp,,,,/Users/mansur/universal_study_bot org/images omnis/vocab_images/assets_images/object_hsk5_0081_bank_or_shore_centered_001.webp
object_hsk5_0098_ugly_centered_001.webp,,,,/Users/mansur/universal_study_bot org/images omnis/vocab_images/assets_images/object_hsk5_0098_ugly_centered_001.webp
object_hsk5_0100_publishing_centered_001.webp,,,,/Users/mansur/universal_study_bot org/images omnis/vocab_images/assets_images/object_hsk5_0100_publishing_centered_001.webp
object_hsk5_0102_new_years_eve_centered_001.webp,,,,/Users/mansur/universal_study_bot org/images omnis/vocab_images/assets_images/object_hsk5_0102_new_years_eve_centered_001.webp
object_hsk5_0103_curtain_centered_001.webp,,,,/Users/mansur/universal_study_bot org/images omnis/vocab_images/assets_images/object_hsk5_0103_curtain_centered_001.webp
object_hsk5_0104_to_rush_in_centered_001.webp,,,,/Users/mansur/universal_study_bot org/images omnis/vocab_images/assets_images/object_hsk5_0104_to_rush_in_centered_001.webp
object_hsk5_0105_resign_from_a_job_centered_001.webp,,,,/Users/mansur/universal_study_bot org/images omnis/vocab_images/assets_images/object_hsk5_0105_resign_from_a_job_centered_001.webp
object_hsk5_0107_elephant_centered_001.webp,,,,/Users/mansur/universal_study_bot org/images omnis/vocab_images/assets_images/object_hsk5_0107_elephant_centered_001.webp
object_hsk5_0108_dull_or_foolish_centered_001.webp,,,,/Users/mansur/universal_study_bot org/images omnis/vocab_images/assets_images/object_hsk5_0108_dull_or_foolish_centered_001.webp
object_hsk5_0112_earthquake_centered_001.webp,,,,/Users/mansur/universal_study_bot org/images omnis/vocab_images/assets_images/object_hsk5_0112_earthquake_centered_001.webp
object_hsk5_0113_to_hand_over_centered_001.webp,,,,/Users/mansur/universal_study_bot org/images omnis/vocab_images/assets_images/object_hsk5_0113_to_hand_over_centered_001.webp
object_hsk5_0115_frozen_centered_001.webp,,,,/Users/mansur/universal_study_bot org/images omnis/vocab_images/assets_images/object_hsk5_0115_frozen_centered_001.webp
object_hsk5_0116_cave_centered_001.webp,,,,/Users/mansur/universal_study_bot org/images omnis/vocab_images/assets_images/object_hsk5_0116_cave_centered_001.webp
object_hsk5_0117_pile_centered_001.webp,,,,/Users/mansur/universal_study_bot org/images omnis/vocab_images/assets_images/object_hsk5_0117_pile_centered_001.webp
object_hsk5_0118_ton_centered_001.webp,,,,/Users/mansur/universal_study_bot org/images omnis/vocab_images/assets_images/object_hsk5_0118_ton_centered_001.webp
object_hsk5_0125_width_or_area_of_fabric_centered_001.webp,,,,/Users/mansur/universal_study_bot org/images omnis/vocab_images/assets_images/object_hsk5_0125_width_or_area_of_fabric_centered_001.webp
object_hsk5_0139_slippery_centered_001.webp,,,,/Users/mansur/universal_study_bot org/images omnis/vocab_images/assets_images/object_hsk5_0139_slippery_centered_001.webp
object_hsk5_0140_restore_centered_001.webp,,,,/Users/mansur/universal_study_bot org/images omnis/vocab_images/assets_images/object_hsk5_0140_restore_centered_001.webp
object_hsk5_0141_matchstick_centered_001.webp,,,,/Users/mansur/universal_study_bot org/images omnis/vocab_images/assets_images/object_hsk5_0141_matchstick_centered_001.webp
object_hsk5_0143_memory_centered_001.webp,,,,/Users/mansur/universal_study_bot org/images omnis/vocab_images/assets_images/object_hsk5_0143_memory_centered_001.webp
object_hsk5_0145_driving_centered_001.webp,,,,/Users/mansur/universal_study_bot org/images omnis/vocab_images/assets_images/object_hsk5_0145_driving_centered_001.webp
object_hsk5_0147_scissors_centered_001.webp,,,,/Users/mansur/universal_study_bot org/images omnis/vocab_images/assets_images/object_hsk5_0147_scissors_centered_001.webp
object_hsk5_0148_architecture_centered_001.webp,,,,/Users/mansur/universal_study_bot org/images omnis/vocab_images/assets_images/object_hsk5_0148_architecture_centered_001.webp
object_hsk5_0151_contact_centered_001.webp,,,,/Users/mansur/universal_study_bot org/images omnis/vocab_images/assets_images/object_hsk5_0151_contact_centered_001.webp
object_hsk5_0155_club_centered_001.webp,,,,/Users/mansur/universal_study_bot org/images omnis/vocab_images/assets_images/object_hsk5_0155_club_centered_001.webp
object_hsk5_0164_romantic_love_centered_001.webp,,,,/Users/mansur/universal_study_bot org/images omnis/vocab_images/assets_images/object_hsk5_0164_romantic_love_centered_001.webp
object_hsk5_0166_leak_centered_001.webp,,,,/Users/mansur/universal_study_bot org/images omnis/vocab_images/assets_images/object_hsk5_0166_leak_centered_001.webp
object_hsk5_0178_bowl_centered_001.webp,,,,/Users/mansur/universal_study_bot org/images omnis/vocab_images/assets_images/object_hsk5_0178_bowl_centered_001.webp
object_hsk5_0182_rely_on_centered_001.webp,,,,/Users/mansur/universal_study_bot org/images omnis/vocab_images/assets_images/object_hsk5_0182_rely_on_centered_001.webp
object_hsk5_0183_inspiration_centered_001.webp,,,,/Users/mansur/universal_study_bot org/images omnis/vocab_images/assets_images/object_hsk5_0183_inspiration_centered_001.webp
object_hsk5_0186_gun_centered_001.webp,,,,/Users/mansur/universal_study_bot org/images omnis/vocab_images/assets_images/object_hsk5_0186_gun_centered_001.webp
object_hsk5_0189_to_look_centered_001.webp,,,,/Users/mansur/universal_study_bot org/images omnis/vocab_images/assets_images/object_hsk5_0189_to_look_centered_001.webp
object_hsk5_0193_lack_centered_001.webp,,,,/Users/mansur/universal_study_bot org/images omnis/vocab_images/assets_images/object_hsk5_0193_lack_centered_001.webp
object_hsk5_0199_to_sprinkle_centered_001.webp,,,,/Users/mansur/universal_study_bot org/images omnis/vocab_images/assets_images/object_hsk5_0199_to_sprinkle_centered_001.webp
object_hsk5_0214_dormitory_centered_001.webp,,,,/Users/mansur/universal_study_bot org/images omnis/vocab_images/assets_images/object_hsk5_0214_dormitory_centered_001.webp
object_hsk5_0215_broken_centered_001.webp,,,,/Users/mansur/universal_study_bot org/images omnis/vocab_images/assets_images/object_hsk5_0215_broken_centered_001.webp
object_hsk5_0218_to_escape_centered_001.webp,,,,/Users/mansur/universal_study_bot org/images omnis/vocab_images/assets_images/object_hsk5_0218_to_escape_centered_001.webp
object_hsk5_0221_to_steal_centered_001.webp,,,,/Users/mansur/universal_study_bot org/images omnis/vocab_images/assets_images/object_hsk5_0221_to_steal_centered_001.webp
object_hsk5_0222_potato_centered_001.webp,,,,/Users/mansur/universal_study_bot org/images omnis/vocab_images/assets_images/object_hsk5_0222_potato_centered_001.webp
object_hsk5_0223_to_spit_centered_001.webp,,,,/Users/mansur/universal_study_bot org/images omnis/vocab_images/assets_images/object_hsk5_0223_to_spit_centered_001.webp
object_hsk5_0228_bedroom_centered_001.webp,,,,/Users/mansur/universal_study_bot org/images omnis/vocab_images/assets_images/object_hsk5_0228_bedroom_centered_001.webp
object_hsk5_0238_to_rest_centered_001.webp,,,,/Users/mansur/universal_study_bot org/images omnis/vocab_images/assets_images/object_hsk5_0238_to_rest_centered_001.webp
object_hsk5_0243_to_inquire_centered_001.webp,,,,/Users/mansur/universal_study_bot org/images omnis/vocab_images/assets_images/object_hsk5_0243_to_inquire_centered_001.webp
object_hsk5_0245_serious_centered_001.webp,,,,/Users/mansur/universal_study_bot org/images omnis/vocab_images/assets_images/object_hsk5_0245_serious_centered_001.webp
object_hsk5_0247_business_centered_001.webp,,,,/Users/mansur/universal_study_bot org/images omnis/vocab_images/assets_images/object_hsk5_0247_business_centered_001.webp
object_hsk5_0248_a_lifetime_centered_001.webp,,,,/Users/mansur/universal_study_bot org/images omnis/vocab_images/assets_images/object_hsk5_0248_a_lifetime_centered_001.webp
object_hsk5_0251_therefore_centered_001.webp,,,,/Users/mansur/universal_study_bot org/images omnis/vocab_images/assets_images/object_hsk5_0251_therefore_centered_001.webp
object_hsk5_0263_to_rise_centered_001.webp,,,,/Users/mansur/universal_study_bot org/images omnis/vocab_images/assets_images/object_hsk5_0263_to_rise_centered_001.webp
object_hsk5_0264_to_grasp_centered_001.webp,,,,/Users/mansur/universal_study_bot org/images omnis/vocab_images/assets_images/object_hsk5_0264_to_grasp_centered_001.webp
object_hsk5_0268_to_earn_centered_001.webp,,,,/Users/mansur/universal_study_bot org/images omnis/vocab_images/assets_images/object_hsk5_0268_to_earn_centered_001.webp
object_hsk5_0271_registration_centered_001.webp,,,,/Users/mansur/universal_study_bot org/images omnis/vocab_images/assets_images/object_hsk5_0271_registration_centered_001.webp
object_hsk5_0273_to_collide_centered_001.webp,,,,/Users/mansur/universal_study_bot org/images omnis/vocab_images/assets_images/object_hsk5_0273_to_collide_centered_001.webp
object_hsk5_0284_visit_centered_001.webp,,,,/Users/mansur/universal_study_bot org/images omnis/vocab_images/assets_images/object_hsk5_0284_visit_centered_001.webp
object_hsk5_0295_for_example_centered_001.webp,,,,/Users/mansur/universal_study_bot org/images omnis/vocab_images/assets_images/object_hsk5_0295_for_example_centered_001.webp
object_hsk5_0315_difference_centered_001.webp,,,,/Users/mansur/universal_study_bot org/images omnis/vocab_images/assets_images/object_hsk5_0315_difference_centered_001.webp
object_hsk5_0316_industry_centered_001.webp,,,,/Users/mansur/universal_study_bot org/images omnis/vocab_images/assets_images/object_hsk5_0316_industry_centered_001.webp
object_hsk5_0333_establish_centered_001.webp,,,,/Users/mansur/universal_study_bot org/images omnis/vocab_images/assets_images/object_hsk5_0333_establish_centered_001.webp
object_hsk5_0334_to_achieve_centered_001.webp,,,,/Users/mansur/universal_study_bot org/images omnis/vocab_images/assets_images/object_hsk5_0334_to_achieve_centered_001.webp
object_hsk5_0339_everyone_centered_001.webp,,,,/Users/mansur/universal_study_bot org/images omnis/vocab_images/assets_images/object_hsk5_0339_everyone_centered_001.webp
object_hsk5_0347_to_wait_centered_001.webp,,,,/Users/mansur/universal_study_bot org/images omnis/vocab_images/assets_images/object_hsk5_0347_to_wait_centered_001.webp
object_hsk5_0348_level_centered_001.webp,,,,/Users/mansur/universal_study_bot org/images omnis/vocab_images/assets_images/object_hsk5_0348_level_centered_001.webp
object_hsk5_0358_to_discover_centered_001.webp,,,,/Users/mansur/universal_study_bot org/images omnis/vocab_images/assets_images/object_hsk5_0358_to_discover_centered_001.webp
object_hsk5_0366_scenery_centered_001.webp,,,,/Users/mansur/universal_study_bot org/images omnis/vocab_images/assets_images/object_hsk5_0366_scenery_centered_001.webp
object_hsk5_0374_in_front_of_centered_001.webp,,,,/Users/mansur/universal_study_bot org/images omnis/vocab_images/assets_images/object_hsk5_0374_in_front_of_centered_001.webp
object_hsk5_0375_to_follow_centered_001.webp,,,,/Users/mansur/universal_study_bot org/images omnis/vocab_images/assets_images/object_hsk5_0375_to_follow_centered_001.webp
object_hsk5_0380_fairness_centered_001.webp,,,,/Users/mansur/universal_study_bot org/images omnis/vocab_images/assets_images/object_hsk5_0380_fairness_centered_001.webp
object_hsk5_0394_return_centered_001.webp,,,,/Users/mansur/universal_study_bot org/images omnis/vocab_images/assets_images/object_hsk5_0394_return_centered_001.webp
object_hsk5_0396_review_centered_001.webp,,,,/Users/mansur/universal_study_bot org/images omnis/vocab_images/assets_images/object_hsk5_0396_review_centered_001.webp
object_hsk5_0401_group_centered_001.webp,,,,/Users/mansur/universal_study_bot org/images omnis/vocab_images/assets_images/object_hsk5_0401_group_centered_001.webp
object_hsk5_0404_difficult_centered_001.webp,,,,/Users/mansur/universal_study_bot org/images omnis/vocab_images/assets_images/object_hsk5_0404_difficult_centered_001.webp
object_hsk5_0406_indirect_centered_001.webp,,,,/Users/mansur/universal_study_bot org/images omnis/vocab_images/assets_images/object_hsk5_0406_indirect_centered_001.webp
object_hsk5_0407_sound_centered_001.webp,,,,/Users/mansur/universal_study_bot org/images omnis/vocab_images/assets_images/object_hsk5_0407_sound_centered_001.webp
object_hsk5_0414_recently_centered_001.webp,,,,/Users/mansur/universal_study_bot org/images omnis/vocab_images/assets_images/object_hsk5_0414_recently_centered_001.webp
object_hsk5_0417_competition_centered_001.webp,,,,/Users/mansur/universal_study_bot org/images omnis/vocab_images/assets_images/object_hsk5_0417_competition_centered_001.webp
object_hsk5_0425_customer_centered_001.webp,,,,/Users/mansur/universal_study_bot org/images omnis/vocab_images/assets_images/object_hsk5_0425_customer_centered_001.webp
object_hsk5_0426_topic_centered_001.webp,,,,/Users/mansur/universal_study_bot org/images omnis/vocab_images/assets_images/object_hsk5_0426_topic_centered_001.webp
object_hsk5_0428_position_centered_001.webp,,,,/Users/mansur/universal_study_bot org/images omnis/vocab_images/assets_images/object_hsk5_0428_position_centered_001.webp
object_hsk5_0439_appearance_centered_001.webp,,,,/Users/mansur/universal_study_bot org/images omnis/vocab_images/assets_images/object_hsk5_0439_appearance_centered_001.webp
object_hsk5_0445_appearance_centered_001.webp,,,,/Users/mansur/universal_study_bot org/images omnis/vocab_images/assets_images/object_hsk5_0445_appearance_centered_001.webp
object_hsk5_0457_flat_centered_001.webp,,,,/Users/mansur/universal_study_bot org/images omnis/vocab_images/assets_images/object_hsk5_0457_flat_centered_001.webp
object_hsk5_0476_area_centered_001.webp,,,,/Users/mansur/universal_study_bot org/images omnis/vocab_images/assets_images/object_hsk5_0476_area_centered_001.webp
object_hsk5_0477_establish_centered_001.webp,,,,/Users/mansur/universal_study_bot org/images omnis/vocab_images/assets_images/object_hsk5_0477_establish_centered_001.webp
object_hsk5_0480_popular_centered_001.webp,,,,/Users/mansur/universal_study_bot org/images omnis/vocab_images/assets_images/object_hsk5_0480_popular_centered_001.webp
object_hsk5_0485_still_centered_001.webp,,,,/Users/mansur/universal_study_bot org/images omnis/vocab_images/assets_images/object_hsk5_0485_still_centered_001.webp
object_hsk5_0496_often_centered_001.webp,,,,/Users/mansur/universal_study_bot org/images omnis/vocab_images/assets_images/object_hsk5_0496_often_centered_001.webp
object_hsk5_0497_time_centered_001.webp,,,,/Users/mansur/universal_study_bot org/images omnis/vocab_images/assets_images/object_hsk5_0497_time_centered_001.webp
object_hsk5_0521_regulation_centered_001.webp,,,,/Users/mansur/universal_study_bot org/images omnis/vocab_images/assets_images/object_hsk5_0521_regulation_centered_001.webp
object_hsk5_0523_universal_centered_001.webp,,,,/Users/mansur/universal_study_bot org/images omnis/vocab_images/assets_images/object_hsk5_0523_universal_centered_001.webp
object_hsk5_0564_still_centered_001.webp,,,,/Users/mansur/universal_study_bot org/images omnis/vocab_images/assets_images/object_hsk5_0564_still_centered_001.webp
object_hsk5_0584_to_give_as_a_gift_centered_001.webp,,,,/Users/mansur/universal_study_bot org/images omnis/vocab_images/assets_images/object_hsk5_0584_to_give_as_a_gift_centered_001.webp
object_hsk5_0587_occupation_centered_001.webp,,,,/Users/mansur/universal_study_bot org/images omnis/vocab_images/assets_images/object_hsk5_0587_occupation_centered_001.webp
object_hsk5_0603_position_centered_001.webp,,,,/Users/mansur/universal_study_bot org/images omnis/vocab_images/assets_images/object_hsk5_0603_position_centered_001.webp
object_hsk5_0615_lifetime_centered_001.webp,,,,/Users/mansur/universal_study_bot org/images omnis/vocab_images/assets_images/object_hsk5_0615_lifetime_centered_001.webp
object_hsk5_0633_on_the_shore_centered_001.webp,,,,/Users/mansur/universal_study_bot org/images omnis/vocab_images/assets_images/object_hsk5_0633_on_the_shore_centered_001.webp
object_hsk5_0634_to_pull_out_centered_001.webp,,,,/Users/mansur/universal_study_bot org/images omnis/vocab_images/assets_images/object_hsk5_0634_to_pull_out_centered_001.webp
object_hsk5_0635_chinese_liquor_centered_001.webp,,,,/Users/mansur/universal_study_bot org/images omnis/vocab_images/assets_images/object_hsk5_0635_chinese_liquor_centered_001.webp
object_hsk5_0636_edition_centered_001.webp,,,,/Users/mansur/universal_study_bot org/images omnis/vocab_images/assets_images/object_hsk5_0636_edition_centered_001.webp
object_hsk5_0637_backpack_centered_001.webp,,,,/Users/mansur/universal_study_bot org/images omnis/vocab_images/assets_images/object_hsk5_0637_backpack_centered_001.webp
object_hsk5_0638_tragedy_centered_001.webp,,,,/Users/mansur/universal_study_bot org/images omnis/vocab_images/assets_images/object_hsk5_0638_tragedy_centered_001.webp
object_hsk5_0639_sadness_centered_001.webp,,,,/Users/mansur/universal_study_bot org/images omnis/vocab_images/assets_images/object_hsk5_0639_sadness_centered_001.webp
object_hsk5_0640_generation_or_lineage_centered_001.webp,,,,/Users/mansur/universal_study_bot org/images omnis/vocab_images/assets_images/object_hsk5_0640_generation_or_lineage_centered_001.webp
object_hsk5_0641_must_centered_001.webp,,,,/Users/mansur/universal_study_bot org/images omnis/vocab_images/assets_images/object_hsk5_0641_must_centered_001.webp
object_hsk5_0642_necessary_centered_001.webp,,,,/Users/mansur/universal_study_bot org/images omnis/vocab_images/assets_images/object_hsk5_0642_necessary_centered_001.webp
object_hsk5_0643_closing_ceremony_centered_001.webp,,,,/Users/mansur/universal_study_bot org/images omnis/vocab_images/assets_images/object_hsk5_0643_closing_ceremony_centered_001.webp
object_hsk5_0644_closing_ceremony_centered_001.webp,,,,/Users/mansur/universal_study_bot org/images omnis/vocab_images/assets_images/object_hsk5_0644_closing_ceremony_centered_001.webp
object_hsk5_0645_change_centered_001.webp,,,,/Users/mansur/universal_study_bot org/images omnis/vocab_images/assets_images/object_hsk5_0645_change_centered_001.webp
object_hsk5_0646_cake_or_flatbread_centered_001.webp,,,,/Users/mansur/universal_study_bot org/images omnis/vocab_images/assets_images/object_hsk5_0646_cake_or_flatbread_centered_001.webp
object_hsk5_0647_blog_centered_001.webp,,,,/Users/mansur/universal_study_bot org/images omnis/vocab_images/assets_images/object_hsk5_0647_blog_centered_001.webp
object_hsk5_0648_unfavorable_centered_001.webp,,,,/Users/mansur/universal_study_bot org/images omnis/vocab_images/assets_images/object_hsk5_0648_unfavorable_centered_001.webp
object_hsk5_0649_unfortunate_centered_001.webp,,,,/Users/mansur/universal_study_bot org/images omnis/vocab_images/assets_images/object_hsk5_0649_unfortunate_centered_001.webp
object_hsk5_0650_not_easy_centered_001.webp,,,,/Users/mansur/universal_study_bot org/images omnis/vocab_images/assets_images/object_hsk5_0650_not_easy_centered_001.webp
object_hsk5_0651_never_centered_001.webp,,,,/Users/mansur/universal_study_bot org/images omnis/vocab_images/assets_images/object_hsk5_0651_never_centered_001.webp
object_hsk5_0652_bad_centered_001.webp,,,,/Users/mansur/universal_study_bot org/images omnis/vocab_images/assets_images/object_hsk5_0652_bad_centered_001.webp
object_hsk5_0653_must_not_avoid_centered_001.webp,,,,/Users/mansur/universal_study_bot org/images omnis/vocab_images/assets_images/object_hsk5_0653_must_not_avoid_centered_001.webp
object_hsk5_0654_continuously_centered_001.webp,,,,/Users/mansur/universal_study_bot org/images omnis/vocab_images/assets_images/object_hsk5_0654_continuously_centered_001.webp
object_hsk5_0655_not_allowed_centered_001.webp,,,,/Users/mansur/universal_study_bot org/images omnis/vocab_images/assets_images/object_hsk5_0655_not_allowed_centered_001.webp
object_hsk5_0656_guessing_centered_001.webp,,,,/Users/mansur/universal_study_bot org/images omnis/vocab_images/assets_images/object_hsk5_0656_guessing_centered_001.webp
object_hsk5_0657_restaurant_centered_001.webp,,,,/Users/mansur/universal_study_bot org/images omnis/vocab_images/assets_images/object_hsk5_0657_restaurant_centered_001.webp
object_hsk5_0658_catering_centered_001.webp,,,,/Users/mansur/universal_study_bot org/images omnis/vocab_images/assets_images/object_hsk5_0658_catering_centered_001.webp
object_hsk5_0659_grassland_centered_001.webp,,,,/Users/mansur/universal_study_bot org/images omnis/vocab_images/assets_images/object_hsk5_0659_grassland_centered_001.webp
object_hsk5_0660_fork_centered_001.webp,,,,/Users/mansur/universal_study_bot org/images omnis/vocab_images/assets_images/object_hsk5_0660_fork_centered_001.webp
object_hsk5_0661_inquiry_centered_001.webp,,,,/Users/mansur/universal_study_bot org/images omnis/vocab_images/assets_images/object_hsk5_0661_inquiry_centered_001.webp
object_hsk5_0662_almost_centered_001.webp,,,,/Users/mansur/universal_study_bot org/images omnis/vocab_images/assets_images/object_hsk5_0662_almost_centered_001.webp
object_hsk5_0663_demolition_centered_001.webp,,,,/Users/mansur/universal_study_bot org/images omnis/vocab_images/assets_images/object_hsk5_0663_demolition_centered_001.webp
object_hsk5_0664_length_centered_001.webp,,,,/Users/mansur/universal_study_bot org/images omnis/vocab_images/assets_images/object_hsk5_0664_length_centered_001.webp
object_hsk5_0665_longevity_centered_001.webp,,,,/Users/mansur/universal_study_bot org/images omnis/vocab_images/assets_images/object_hsk5_0665_longevity_centered_001.webp
object_hsk5_0666_intestine_centered_001.webp,,,,/Users/mansur/universal_study_bot org/images omnis/vocab_images/assets_images/object_hsk5_0666_intestine_centered_001.webp
object_hsk5_0667_factory_director_centered_001.webp,,,,/Users/mansur/universal_study_bot org/images omnis/vocab_images/assets_images/object_hsk5_0667_factory_director_centered_001.webp
object_hsk5_0668_car_owner_centered_001.webp,,,,/Users/mansur/universal_study_bot org/images omnis/vocab_images/assets_images/object_hsk5_0668_car_owner_centered_001.webp
object_hsk5_0669_in_the_city_centered_001.webp,,,,/Users/mansur/universal_study_bot org/images omnis/vocab_images/assets_images/object_hsk5_0669_in_the_city_centered_001.webp
object_hsk5_0670_taking_a_bus_or_train_centered_001.webp,,,,/Users/mansur/universal_study_bot org/images omnis/vocab_images/assets_images/object_hsk5_0670_taking_a_bus_or_train_centered_001.webp
object_hsk5_0671_passenger_centered_001.webp,,,,/Users/mansur/universal_study_bot org/images omnis/vocab_images/assets_images/object_hsk5_0671_passenger_centered_001.webp
object_hsk5_0672_pool_centered_001.webp,,,,/Users/mansur/universal_study_bot org/images omnis/vocab_images/assets_images/object_hsk5_0672_pool_centered_001.webp
object_hsk5_0673_late_centered_001.webp,,,,/Users/mansur/universal_study_bot org/images omnis/vocab_images/assets_images/object_hsk5_0673_late_centered_001.webp
object_hsk5_0674_sorrow_or_worry_centered_001.webp,,,,/Users/mansur/universal_study_bot org/images omnis/vocab_images/assets_images/object_hsk5_0674_sorrow_or_worry_centered_001.webp
object_hsk5_0675_sweating_centered_001.webp,,,,/Users/mansur/universal_study_bot org/images omnis/vocab_images/assets_images/object_hsk5_0675_sweating_centered_001.webp
object_hsk5_0677_early_stage_centered_001.webp,,,,/Users/mansur/universal_study_bot org/images omnis/vocab_images/assets_images/object_hsk5_0677_early_stage_centered_001.webp
object_hsk5_0678_punishment_centered_001.webp,,,,/Users/mansur/universal_study_bot org/images omnis/vocab_images/assets_images/object_hsk5_0678_punishment_centered_001.webp
object_hsk5_0680_to_convey_centered_001.webp,,,,/Users/mansur/universal_study_bot org/images omnis/vocab_images/assets_images/object_hsk5_0680_to_convey_centered_001.webp
object_hsk5_0681_dictionary_centered_001.webp,,,,/Users/mansur/universal_study_bot org/images omnis/vocab_images/assets_images/object_hsk5_0681_dictionary_centered_001.webp
object_hsk5_0682_after_this_centered_001.webp,,,,/Users/mansur/universal_study_bot org/images omnis/vocab_images/assets_images/object_hsk5_0682_after_this_centered_001.webp
object_hsk5_0683_this_moment_centered_001.webp,,,,/Users/mansur/universal_study_bot org/images omnis/vocab_images/assets_images/object_hsk5_0683_this_moment_centered_001.webp
object_hsk5_0684_at_this_moment_centered_001.webp,,,,/Users/mansur/universal_study_bot org/images omnis/vocab_images/assets_images/object_hsk5_0684_at_this_moment_centered_001.webp
object_hsk5_0685_from_within_centered_001.webp,,,,/Users/mansur/universal_study_bot org/images omnis/vocab_images/assets_images/object_hsk5_0685_from_within_centered_001.webp
object_hsk5_0686_brittle_centered_001.webp,,,,/Users/mansur/universal_study_bot org/images omnis/vocab_images/assets_images/object_hsk5_0686_brittle_centered_001.webp
object_hsk5_0687_deposit_centered_001.webp,,,,/Users/mansur/universal_study_bot org/images omnis/vocab_images/assets_images/object_hsk5_0687_deposit_centered_001.webp
object_hsk5_0688_inch_centered_001.webp,,,,/Users/mansur/universal_study_bot org/images omnis/vocab_images/assets_images/object_hsk5_0688_inch_centered_001.webp
object_hsk5_0689_to_answer_centered_001.webp,,,,/Users/mansur/universal_study_bot org/images omnis/vocab_images/assets_images/object_hsk5_0689_to_answer_centered_001.webp
object_hsk5_0690_bold_centered_001.webp,,,,/Users/mansur/universal_study_bot org/images omnis/vocab_images/assets_images/object_hsk5_0690_bold_centered_001.webp
object_hsk5_0691_capital_city_centered_001.webp,,,,/Users/mansur/universal_study_bot org/images omnis/vocab_images/assets_images/object_hsk5_0691_capital_city_centered_001.webp
object_hsk5_0692_outline_centered_001.webp,,,,/Users/mansur/universal_study_bot org/images omnis/vocab_images/assets_images/object_hsk5_0692_outline_centered_001.webp
object_hsk5_0693_grand_prize_competition_centered_001.webp,,,,/Users/mansur/universal_study_bot org/images omnis/vocab_images/assets_images/object_hsk5_0693_grand_prize_competition_centered_001.webp
object_hsk5_0694_brain_centered_001.webp,,,,/Users/mansur/universal_study_bot org/images omnis/vocab_images/assets_images/object_hsk5_0694_brain_centered_001.webp
object_hsk5_0695_major_event_centered_001.webp,,,,/Users/mansur/universal_study_bot org/images omnis/vocab_images/assets_images/object_hsk5_0695_major_event_centered_001.webp
object_hsk5_0696_hall_centered_001.webp,,,,/Users/mansur/universal_study_bot org/images omnis/vocab_images/assets_images/object_hsk5_0696_hall_centered_001.webp
object_hsk5_0697_giant_panda_centered_001.webp,,,,/Users/mansur/universal_study_bot org/images omnis/vocab_images/assets_images/object_hsk5_0697_giant_panda_centered_001.webp
object_hsk5_0698_greater_than_centered_001.webp,,,,/Users/mansur/universal_study_bot org/images omnis/vocab_images/assets_images/object_hsk5_0698_greater_than_centered_001.webp
object_hsk5_0699_to_wait_centered_001.webp,,,,/Users/mansur/universal_study_bot org/images omnis/vocab_images/assets_images/object_hsk5_0699_to_wait_centered_001.webp
object_hsk5_0700_to_have_with_centered_001.webp,,,,/Users/mansur/universal_study_bot org/images omnis/vocab_images/assets_images/object_hsk5_0700_to_have_with_centered_001.webp
object_hsk5_0701_single_centered_001.webp,,,,/Users/mansur/universal_study_bot org/images omnis/vocab_images/assets_images/object_hsk5_0701_single_centered_001.webp
object_hsk5_0702_gallbladder_centered_001.webp,,,,/Users/mansur/universal_study_bot org/images omnis/vocab_images/assets_images/object_hsk5_0702_gallbladder_centered_001.webp
object_hsk5_0703_timid_centered_001.webp,,,,/Users/mansur/universal_study_bot org/images omnis/vocab_images/assets_images/object_hsk5_0703_timid_centered_001.webp
object_hsk5_0704_that_year_centered_001.webp,,,,/Users/mansur/universal_study_bot org/images omnis/vocab_images/assets_images/object_hsk5_0704_that_year_centered_001.webp
object_hsk5_0705_arrival_centered_001.webp,,,,/Users/mansur/universal_study_bot org/images omnis/vocab_images/assets_images/object_hsk5_0705_arrival_centered_001.webp
object_hsk5_0706_on_the_contrary_centered_001.webp,,,,/Users/mansur/universal_study_bot org/images omnis/vocab_images/assets_images/object_hsk5_0706_on_the_contrary_centered_001.webp
object_hsk5_0708_to_be_able_to_centered_001.webp,,,,/Users/mansur/universal_study_bot org/images omnis/vocab_images/assets_images/object_hsk5_0708_to_be_able_to_centered_001.webp
object_hsk5_0709_below_centered_001.webp,,,,/Users/mansur/universal_study_bot org/images omnis/vocab_images/assets_images/object_hsk5_0709_below_centered_001.webp
object_hsk5_0712_hand_over_centered_001.webp,,,,/Users/mansur/universal_study_bot org/images omnis/vocab_images/assets_images/object_hsk5_0712_hand_over_centered_001.webp
object_hsk5_0718_to_hide_centered_001.webp,,,,/Users/mansur/universal_study_bot org/images omnis/vocab_images/assets_images/object_hsk5_0718_to_hide_centered_001.webp
object_hsk5_0719_children_centered_001.webp,,,,/Users/mansur/universal_study_bot org/images omnis/vocab_images/assets_images/object_hsk5_0719_children_centered_001.webp
object_hsk5_0724_return_centered_001.webp,,,,/Users/mansur/universal_study_bot org/images omnis/vocab_images/assets_images/object_hsk5_0724_return_centered_001.webp
object_hsk5_0728_share_centered_001.webp,,,,/Users/mansur/universal_study_bot org/images omnis/vocab_images/assets_images/object_hsk5_0728_share_centered_001.webp
object_hsk5_0729_crazy_centered_001.webp,,,,/Users/mansur/universal_study_bot org/images omnis/vocab_images/assets_images/object_hsk5_0729_crazy_centered_001.webp
object_hsk5_0734_height_centered_001.webp,,,,/Users/mansur/universal_study_bot org/images omnis/vocab_images/assets_images/object_hsk5_0734_height_centered_001.webp
object_hsk5_0740_song_centered_001.webp,,,,/Users/mansur/universal_study_bot org/images omnis/vocab_images/assets_images/object_hsk5_0740_song_centered_001.webp
object_hsk5_0742_replace_centered_001.webp,,,,/Users/mansur/universal_study_bot org/images omnis/vocab_images/assets_images/object_hsk5_0742_replace_centered_001.webp
object_hsk5_0743_craftsmanship_centered_001.webp,,,,/Users/mansur/universal_study_bot org/images omnis/vocab_images/assets_images/object_hsk5_0743_craftsmanship_centered_001.webp
object_hsk5_0750_wide_centered_001.webp,,,,/Users/mansur/universal_study_bot org/images omnis/vocab_images/assets_images/object_hsk5_0750_wide_centered_001.webp
object_hsk5_0754_harm_centered_001.webp,,,,/Users/mansur/universal_study_bot org/images omnis/vocab_images/assets_images/object_hsk5_0754_harm_centered_001.webp
object_hsk5_0756_box_centered_001.webp,,,,/Users/mansur/universal_study_bot org/images omnis/vocab_images/assets_images/object_hsk5_0756_box_centered_001.webp
object_hsk5_0763_mandarin_chinese_centered_001.webp,,,,/Users/mansur/universal_study_bot org/images omnis/vocab_images/assets_images/object_hsk5_0763_mandarin_chinese_centered_001.webp
object_hsk5_0764_image_centered_001.webp,,,,/Users/mansur/universal_study_bot org/images omnis/vocab_images/assets_images/object_hsk5_0764_image_centered_001.webp
object_hsk5_0774_or_centered_001.webp,,,,/Users/mansur/universal_study_bot org/images omnis/vocab_images/assets_images/object_hsk5_0774_or_centered_001.webp
object_hsk5_0778_skill_centered_001.webp,,,,/Users/mansur/universal_study_bot org/images omnis/vocab_images/assets_images/object_hsk5_0778_skill_centered_001.webp
object_hsk5_0779_heating_centered_001.webp,,,,/Users/mansur/universal_study_bot org/images omnis/vocab_images/assets_images/object_hsk5_0779_heating_centered_001.webp
object_hsk5_0784_price_centered_001.webp,,,,/Users/mansur/universal_study_bot org/images omnis/vocab_images/assets_images/object_hsk5_0784_price_centered_001.webp
object_hsk5_0786_shoulder_centered_001.webp,,,,/Users/mansur/universal_study_bot org/images omnis/vocab_images/assets_images/object_hsk5_0786_shoulder_centered_001.webp
object_hsk5_0788_to_cut_centered_001.webp,,,,/Users/mansur/universal_study_bot org/images omnis/vocab_images/assets_images/object_hsk5_0788_to_cut_centered_001.webp
object_hsk5_0789_scissors_centered_001.webp,,,,/Users/mansur/universal_study_bot org/images omnis/vocab_images/assets_images/object_hsk5_0789_scissors_centered_001.webp
object_hsk5_0790_to_build_centered_001.webp,,,,/Users/mansur/universal_study_bot org/images omnis/vocab_images/assets_images/object_hsk5_0790_to_build_centered_001.webp
object_hsk5_0791_key_centered_001.webp,,,,/Users/mansur/universal_study_bot org/images omnis/vocab_images/assets_images/object_hsk5_0791_key_centered_001.webp
object_hsk5_0796_today_centered_001.webp,,,,/Users/mansur/universal_study_bot org/images omnis/vocab_images/assets_images/object_hsk5_0796_today_centered_001.webp
object_hsk5_0798_as_much_as_possible_centered_001.webp,,,,/Users/mansur/universal_study_bot org/images omnis/vocab_images/assets_images/object_hsk5_0798_as_much_as_possible_centered_001.webp
object_hsk5_0804_soldier_centered_001.webp,,,,/Users/mansur/universal_study_bot org/images omnis/vocab_images/assets_images/object_hsk5_0804_soldier_centered_001.webp
object_hsk5_0805_opening_ceremony_centered_001.webp,,,,/Users/mansur/universal_study_bot org/images omnis/vocab_images/assets_images/object_hsk5_0805_opening_ceremony_centered_001.webp
object_hsk5_0809_to_approach_centered_001.webp,,,,/Users/mansur/universal_study_bot org/images omnis/vocab_images/assets_images/object_hsk5_0809_to_approach_centered_001.webp
object_hsk5_0811_can_centered_001.webp,,,,/Users/mansur/universal_study_bot org/images omnis/vocab_images/assets_images/object_hsk5_0811_can_centered_001.webp
object_hsk5_0815_warehouse_centered_001.webp,,,,/Users/mansur/universal_study_bot org/images omnis/vocab_images/assets_images/object_hsk5_0815_warehouse_centered_001.webp
object_hsk5_0818_to_lose_centered_001.webp,,,,/Users/mansur/universal_study_bot org/images omnis/vocab_images/assets_images/object_hsk5_0818_to_lose_centered_001.webp
object_hsk5_0820_to_fall_centered_001.webp,,,,/Users/mansur/universal_study_bot org/images omnis/vocab_images/assets_images/object_hsk5_0820_to_fall_centered_001.webp
object_hsk5_0824_to_stand_centered_001.webp,,,,/Users/mansur/universal_study_bot org/images omnis/vocab_images/assets_images/object_hsk5_0824_to_stand_centered_001.webp
object_hsk5_0825_connection_centered_001.webp,,,,/Users/mansur/universal_study_bot org/images omnis/vocab_images/assets_images/object_hsk5_0825_connection_centered_001.webp
object_hsk5_0837_coal_centered_001.webp,,,,/Users/mansur/universal_study_bot org/images omnis/vocab_images/assets_images/object_hsk5_0837_coal_centered_001.webp
object_hsk5_0838_natural_gas_centered_001.webp,,,,/Users/mansur/universal_study_bot org/images omnis/vocab_images/assets_images/object_hsk5_0838_natural_gas_centered_001.webp
object_hsk5_0840_bright_centered_001.webp,,,,/Users/mansur/universal_study_bot org/images omnis/vocab_images/assets_images/object_hsk5_0840_bright_centered_001.webp
object_hsk5_0842_male_centered_001.webp,,,,/Users/mansur/universal_study_bot org/images omnis/vocab_images/assets_images/object_hsk5_0842_male_centered_001.webp
object_hsk5_0845_hard_to_centered_001.webp,,,,/Users/mansur/universal_study_bot org/images omnis/vocab_images/assets_images/object_hsk5_0845_hard_to_centered_001.webp
object_hsk5_0846_brain_centered_001.webp,,,,/Users/mansur/universal_study_bot org/images omnis/vocab_images/assets_images/object_hsk5_0846_brain_centered_001.webp
object_hsk5_0849_female_centered_001.webp,,,,/Users/mansur/universal_study_bot org/images omnis/vocab_images/assets_images/object_hsk5_0849_female_centered_001.webp
object_hsk5_0850_warm_centered_001.webp,,,,/Users/mansur/universal_study_bot org/images omnis/vocab_images/assets_images/object_hsk5_0850_warm_centered_001.webp
object_hsk5_0851_shooting_centered_001.webp,,,,/Users/mansur/universal_study_bot org/images omnis/vocab_images/assets_images/object_hsk5_0851_shooting_centered_001.webp
object_hsk5_0852_beside_centered_001.webp,,,,/Users/mansur/universal_study_bot org/images omnis/vocab_images/assets_images/object_hsk5_0852_beside_centered_001.webp
object_hsk5_0861_to_play_a_role_centered_001.webp,,,,/Users/mansur/universal_study_bot org/images omnis/vocab_images/assets_images/object_hsk5_0861_to_play_a_role_centered_001.webp
object_hsk5_0864_signature_centered_001.webp,,,,/Users/mansur/universal_study_bot org/images omnis/vocab_images/assets_images/object_hsk5_0864_signature_centered_001.webp
object_hsk5_0866_signature_centered_001.webp,,,,/Users/mansur/universal_study_bot org/images omnis/vocab_images/assets_images/object_hsk5_0866_signature_centered_001.webp
object_hsk5_0868_wall_centered_001.webp,,,,/Users/mansur/universal_study_bot org/images omnis/vocab_images/assets_images/object_hsk5_0868_wall_centered_001.webp
object_hsk5_0876_human_resources_centered_001.webp,,,,/Users/mansur/universal_study_bot org/images omnis/vocab_images/assets_images/object_hsk5_0876_human_resources_centered_001.webp
object_hsk5_0880_like_centered_001.webp,,,,/Users/mansur/universal_study_bot org/images omnis/vocab_images/assets_images/object_hsk5_0880_like_centered_001.webp
object_hsk5_0882_introduction_centered_001.webp,,,,/Users/mansur/universal_study_bot org/images omnis/vocab_images/assets_images/object_hsk5_0882_introduction_centered_001.webp
object_hsk5_0883_scatter_centered_001.webp,,,,/Users/mansur/universal_study_bot org/images omnis/vocab_images/assets_images/object_hsk5_0883_scatter_centered_001.webp
object_hsk5_0886_fan_centered_001.webp,,,,/Users/mansur/universal_study_bot org/images omnis/vocab_images/assets_images/object_hsk5_0886_fan_centered_001.webp
object_hsk5_0887_fan_centered_001.webp,,,,/Users/mansur/universal_study_bot org/images omnis/vocab_images/assets_images/object_hsk5_0887_fan_centered_001.webp
object_hsk5_0889_rise_centered_001.webp,,,,/Users/mansur/universal_study_bot org/images omnis/vocab_images/assets_images/object_hsk5_0889_rise_centered_001.webp
object_hsk5_0892_society_centered_001.webp,,,,/Users/mansur/universal_study_bot org/images omnis/vocab_images/assets_images/object_hsk5_0892_society_centered_001.webp
object_hsk5_0895_camera_centered_001.webp,,,,/Users/mansur/universal_study_bot org/images omnis/vocab_images/assets_images/object_hsk5_0895_camera_centered_001.webp
object_hsk5_0901_to_rise_centered_001.webp,,,,/Users/mansur/universal_study_bot org/images omnis/vocab_images/assets_images/object_hsk5_0901_to_rise_centered_001.webp
object_hsk5_0903_sound_centered_001.webp,,,,/Users/mansur/universal_study_bot org/images omnis/vocab_images/assets_images/object_hsk5_0903_sound_centered_001.webp
object_hsk5_0906_to_make_centered_001.webp,,,,/Users/mansur/universal_study_bot org/images omnis/vocab_images/assets_images/object_hsk5_0906_to_make_centered_001.webp
object_hsk5_0910_to_collect_centered_001.webp,,,,/Users/mansur/universal_study_bot org/images omnis/vocab_images/assets_images/object_hsk5_0910_to_collect_centered_001.webp
object_hsk5_0911_means_centered_001.webp,,,,/Users/mansur/universal_study_bot org/images omnis/vocab_images/assets_images/object_hsk5_0911_means_centered_001.webp
object_hsk5_0914_bookshelf_centered_001.webp,,,,/Users/mansur/universal_study_bot org/images omnis/vocab_images/assets_images/object_hsk5_0914_bookshelf_centered_001.webp
object_hsk5_0925_sleep_centered_001.webp,,,,/Users/mansur/universal_study_bot org/images omnis/vocab_images/assets_images/object_hsk5_0925_sleep_centered_001.webp
object_hsk5_0928_to_search_centered_001.webp,,,,/Users/mansur/universal_study_bot org/images omnis/vocab_images/assets_images/object_hsk5_0928_to_search_centered_001.webp
object_hsk5_0931_harm_centered_001.webp,,,,/Users/mansur/universal_study_bot org/images omnis/vocab_images/assets_images/object_hsk5_0931_harm_centered_001.webp
object_hsk5_0932_location_centered_001.webp,,,,/Users/mansur/universal_study_bot org/images omnis/vocab_images/assets_images/object_hsk5_0932_location_centered_001.webp
object_hsk5_0936_to_escape_centered_001.webp,,,,/Users/mansur/universal_study_bot org/images omnis/vocab_images/assets_images/object_hsk5_0936_to_escape_centered_001.webp
object_hsk5_0939_characteristic_centered_001.webp,,,,/Users/mansur/universal_study_bot org/images omnis/vocab_images/assets_images/object_hsk5_0939_characteristic_centered_001.webp
object_hsk5_0940_unique_centered_001.webp,,,,/Users/mansur/universal_study_bot org/images omnis/vocab_images/assets_images/object_hsk5_0940_unique_centered_001.webp
object_hsk5_0941_to_raise_centered_001.webp,,,,/Users/mansur/universal_study_bot org/images omnis/vocab_images/assets_images/object_hsk5_0941_to_raise_centered_001.webp
object_hsk5_0942_physical_strength_centered_001.webp,,,,/Users/mansur/universal_study_bot org/images omnis/vocab_images/assets_images/object_hsk5_0942_physical_strength_centered_001.webp
object_hsk5_0943_hall_centered_001.webp,,,,/Users/mansur/universal_study_bot org/images omnis/vocab_images/assets_images/object_hsk5_0943_hall_centered_001.webp
object_hsk5_0944_stay_centered_001.webp,,,,/Users/mansur/universal_study_bot org/images omnis/vocab_images/assets_images/object_hsk5_0944_stay_centered_001.webp
object_hsk5_0947_team_leader_centered_001.webp,,,,/Users/mansur/universal_study_bot org/images omnis/vocab_images/assets_images/object_hsk5_0947_team_leader_centered_001.webp
object_hsk5_0948_to_implement_centered_001.webp,,,,/Users/mansur/universal_study_bot org/images omnis/vocab_images/assets_images/object_hsk5_0948_to_implement_centered_001.webp
object_hsk5_0951_up_to_centered_001.webp,,,,/Users/mansur/universal_study_bot org/images omnis/vocab_images/assets_images/object_hsk5_0951_up_to_centered_001.webp
object_hsk5_0953_illegal_centered_001.webp,,,,/Users/mansur/universal_study_bot org/images omnis/vocab_images/assets_images/object_hsk5_0953_illegal_centered_001.webp
object_hsk5_0957_house_centered_001.webp,,,,/Users/mansur/universal_study_bot org/images omnis/vocab_images/assets_images/object_hsk5_0957_house_centered_001.webp
object_hsk5_0959_dance_centered_001.webp,,,,/Users/mansur/universal_study_bot org/images omnis/vocab_images/assets_images/object_hsk5_0959_dance_centered_001.webp
object_hsk5_0966_to_show_centered_001.webp,,,,/Users/mansur/universal_study_bot org/images omnis/vocab_images/assets_images/object_hsk5_0966_to_show_centered_001.webp
object_hsk5_0974_thief_centered_001.webp,,,,/Users/mansur/universal_study_bot org/images omnis/vocab_images/assets_images/object_hsk5_0974_thief_centered_001.webp
object_hsk5_0978_bear_centered_001.webp,,,,/Users/mansur/universal_study_bot org/images omnis/vocab_images/assets_images/object_hsk5_0978_bear_centered_001.webp
object_hsk5_0980_subject_centered_001.webp,,,,/Users/mansur/universal_study_bot org/images omnis/vocab_images/assets_images/object_hsk5_0980_subject_centered_001.webp
object_hsk5_0982_to_seek_centered_001.webp,,,,/Users/mansur/universal_study_bot org/images omnis/vocab_images/assets_images/object_hsk5_0982_to_seek_centered_001.webp
object_hsk5_0990_according_to_centered_001.webp,,,,/Users/mansur/universal_study_bot org/images omnis/vocab_images/assets_images/object_hsk5_0990_according_to_centered_001.webp
object_hsk5_0992_a_sentence_centered_001.webp,,,,/Users/mansur/universal_study_bot org/images omnis/vocab_images/assets_images/object_hsk5_0992_a_sentence_centered_001.webp
object_hsk5_0996_whole_body_centered_001.webp,,,,/Users/mansur/universal_study_bot org/images omnis/vocab_images/assets_images/object_hsk5_0996_whole_body_centered_001.webp
object_hsk5_0997_should_centered_001.webp,,,,/Users/mansur/universal_study_bot org/images omnis/vocab_images/assets_images/object_hsk5_0997_should_centered_001.webp
object_hsk5_1006_beneficial_to_centered_001.webp,,,,/Users/mansur/universal_study_bot org/images omnis/vocab_images/assets_images/object_hsk5_1006_beneficial_to_centered_001.webp
object_hsk5_1009_preparation_centered_001.webp,,,,/Users/mansur/universal_study_bot org/images omnis/vocab_images/assets_images/object_hsk5_1009_preparation_centered_001.webp
object_hsk5_1013_wish_centered_001.webp,,,,/Users/mansur/universal_study_bot org/images omnis/vocab_images/assets_images/object_hsk5_1013_wish_centered_001.webp
object_hsk5_1015_moon_centered_001.webp,,,,/Users/mansur/universal_study_bot org/images omnis/vocab_images/assets_images/object_hsk5_1015_moon_centered_001.webp
object_hsk5_1018_disaster_centered_001.webp,,,,/Users/mansur/universal_study_bot org/images omnis/vocab_images/assets_images/object_hsk5_1018_disaster_centered_001.webp
object_hsk5_1020_again_centered_001.webp,,,,/Users/mansur/universal_study_bot org/images omnis/vocab_images/assets_images/object_hsk5_1020_again_centered_001.webp
object_hsk5_1023_inside_centered_001.webp,,,,/Users/mansur/universal_study_bot org/images omnis/vocab_images/assets_images/object_hsk5_1023_inside_centered_001.webp
object_hsk5_1024_pause_centered_001.webp,,,,/Users/mansur/universal_study_bot org/images omnis/vocab_images/assets_images/object_hsk5_1024_pause_centered_001.webp
object_hsk5_1025_bad_centered_001.webp,,,,/Users/mansur/universal_study_bot org/images omnis/vocab_images/assets_images/object_hsk5_1025_bad_centered_001.webp
object_hsk5_1026_early_stage_centered_001.webp,,,,/Users/mansur/universal_study_bot org/images omnis/vocab_images/assets_images/object_hsk5_1026_early_stage_centered_001.webp
object_hsk5_1027_increase_centered_001.webp,,,,/Users/mansur/universal_study_bot org/images omnis/vocab_images/assets_images/object_hsk5_1027_increase_centered_001.webp
object_hsk5_1032_to_give_as_a_gift_centered_001.webp,,,,/Users/mansur/universal_study_bot org/images omnis/vocab_images/assets_images/object_hsk5_1032_to_give_as_a_gift_centered_001.webp
object_hsk5_1042_outside_of_centered_001.webp,,,,/Users/mansur/universal_study_bot org/images omnis/vocab_images/assets_images/object_hsk5_1042_outside_of_centered_001.webp
object_hsk5_1046_just_centered_001.webp,,,,/Users/mansur/universal_study_bot org/images omnis/vocab_images/assets_images/object_hsk5_1046_just_centered_001.webp
object_hsk5_1051_traditional_chinese_medicine_centered_001.webp,,,,/Users/mansur/universal_study_bot org/images omnis/vocab_images/assets_images/object_hsk5_1051_traditional_chinese_medicine_centered_001.webp
object_hsk5_1053_many_centered_001.webp,,,,/Users/mansur/universal_study_bot org/images omnis/vocab_images/assets_images/object_hsk5_1053_many_centered_001.webp
object_hsk5_1056_transformation_centered_001.webp,,,,/Users/mansur/universal_study_bot org/images omnis/vocab_images/assets_images/object_hsk5_1056_transformation_centered_001.webp
object_hsk6_0002_sorry_centered_001.webp,,,,/Users/mansur/universal_study_bot org/images omnis/vocab_images/assets_images/object_hsk6_0002_sorry_centered_001.webp
object_hsk6_0005_ocean_centered_001.webp,,,,/Users/mansur/universal_study_bot org/images omnis/vocab_images/assets_images/object_hsk6_0005_ocean_centered_001.webp
object_hsk6_0009_happy_centered_001.webp,,,,/Users/mansur/universal_study_bot org/images omnis/vocab_images/assets_images/object_hsk6_0009_happy_centered_001.webp
object_hsk6_0010_and_centered_001.webp,,,,/Users/mansur/universal_study_bot org/images omnis/vocab_images/assets_images/object_hsk6_0010_and_centered_001.webp
object_hsk6_0015_evening_centered_001.webp,,,,/Users/mansur/universal_study_bot org/images omnis/vocab_images/assets_images/object_hsk6_0015_evening_centered_001.webp
object_hsk6_0017_convenient_centered_001.webp,,,,/Users/mansur/universal_study_bot org/images omnis/vocab_images/assets_images/object_hsk6_0017_convenient_centered_001.webp
object_hsk6_0025_seems_like_centered_001.webp,,,,/Users/mansur/universal_study_bot org/images omnis/vocab_images/assets_images/object_hsk6_0025_seems_like_centered_001.webp
object_hsk6_0040_to_pick_up_centered_001.webp,,,,/Users/mansur/universal_study_bot org/images omnis/vocab_images/assets_images/object_hsk6_0040_to_pick_up_centered_001.webp
object_hsk6_0043_military_centered_001.webp,,,,/Users/mansur/universal_study_bot org/images omnis/vocab_images/assets_images/object_hsk6_0043_military_centered_001.webp
object_hsk6_0045_steamed_bun_centered_001.webp,,,,/Users/mansur/universal_study_bot org/images omnis/vocab_images/assets_images/object_hsk6_0045_steamed_bun_centered_001.webp
object_hsk6_0055_practice_centered_001.webp,,,,/Users/mansur/universal_study_bot org/images omnis/vocab_images/assets_images/object_hsk6_0055_practice_centered_001.webp
object_hsk6_0083_flat_centered_001.webp,,,,/Users/mansur/universal_study_bot org/images omnis/vocab_images/assets_images/object_hsk6_0083_flat_centered_001.webp
object_hsk6_0087_adopt_centered_001.webp,,,,/Users/mansur/universal_study_bot org/images omnis/vocab_images/assets_images/object_hsk6_0087_adopt_centered_001.webp
object_hsk6_0108_birth_centered_001.webp,,,,/Users/mansur/universal_study_bot org/images omnis/vocab_images/assets_images/object_hsk6_0108_birth_centered_001.webp
object_hsk6_0111_to_arrive_centered_001.webp,,,,/Users/mansur/universal_study_bot org/images omnis/vocab_images/assets_images/object_hsk6_0111_to_arrive_centered_001.webp
object_hsk6_0114_to_fall_centered_001.webp,,,,/Users/mansur/universal_study_bot org/images omnis/vocab_images/assets_images/object_hsk6_0114_to_fall_centered_001.webp
object_hsk6_0136_position_centered_001.webp,,,,/Users/mansur/universal_study_bot org/images omnis/vocab_images/assets_images/object_hsk6_0136_position_centered_001.webp
object_hsk6_0155_patient_centered_001.webp,,,,/Users/mansur/universal_study_bot org/images omnis/vocab_images/assets_images/object_hsk6_0155_patient_centered_001.webp
object_hsk6_0158_chaos_centered_001.webp,,,,/Users/mansur/universal_study_bot org/images omnis/vocab_images/assets_images/object_hsk6_0158_chaos_centered_001.webp
object_hsk6_0165_to_give_centered_001.webp,,,,/Users/mansur/universal_study_bot org/images omnis/vocab_images/assets_images/object_hsk6_0165_to_give_centered_001.webp
object_hsk6_0199_ordinary_centered_001.webp,,,,/Users/mansur/universal_study_bot org/images omnis/vocab_images/assets_images/object_hsk6_0199_ordinary_centered_001.webp
object_hsk6_0210_bridge_centered_001.webp,,,,/Users/mansur/universal_study_bot org/images omnis/vocab_images/assets_images/object_hsk6_0210_bridge_centered_001.webp
object_hsk6_0221_review_centered_001.webp,,,,/Users/mansur/universal_study_bot org/images omnis/vocab_images/assets_images/object_hsk6_0221_review_centered_001.webp
object_hsk6_0223_sometimes_centered_001.webp,,,,/Users/mansur/universal_study_bot org/images omnis/vocab_images/assets_images/object_hsk6_0223_sometimes_centered_001.webp
object_hsk6_0224_collect_centered_001.webp,,,,/Users/mansur/universal_study_bot org/images omnis/vocab_images/assets_images/object_hsk6_0224_collect_centered_001.webp
object_hsk6_0232_discuss_centered_001.webp,,,,/Users/mansur/universal_study_bot org/images omnis/vocab_images/assets_images/object_hsk6_0232_discuss_centered_001.webp
object_hsk6_0233_to_take_out_centered_001.webp,,,,/Users/mansur/universal_study_bot org/images omnis/vocab_images/assets_images/object_hsk6_0233_to_take_out_centered_001.webp
object_hsk6_0242_approach_centered_001.webp,,,,/Users/mansur/universal_study_bot org/images omnis/vocab_images/assets_images/object_hsk6_0242_approach_centered_001.webp
object_hsk6_0248_dance_centered_001.webp,,,,/Users/mansur/universal_study_bot org/images omnis/vocab_images/assets_images/object_hsk6_0248_dance_centered_001.webp
object_hsk6_0257_negotiation_centered_001.webp,,,,/Users/mansur/universal_study_bot org/images omnis/vocab_images/assets_images/object_hsk6_0257_negotiation_centered_001.webp
object_hsk6_0261_salary_centered_001.webp,,,,/Users/mansur/universal_study_bot org/images omnis/vocab_images/assets_images/object_hsk6_0261_salary_centered_001.webp
object_hsk6_0285_encounter_centered_001.webp,,,,/Users/mansur/universal_study_bot org/images omnis/vocab_images/assets_images/object_hsk6_0285_encounter_centered_001.webp
object_hsk6_0300_support_centered_001.webp,,,,/Users/mansur/universal_study_bot org/images omnis/vocab_images/assets_images/object_hsk6_0300_support_centered_001.webp
object_hsk6_0301_support_centered_001.webp,,,,/Users/mansur/universal_study_bot org/images omnis/vocab_images/assets_images/object_hsk6_0301_support_centered_001.webp
object_hsk6_0305_everyone_centered_001.webp,,,,/Users/mansur/universal_study_bot org/images omnis/vocab_images/assets_images/object_hsk6_0305_everyone_centered_001.webp
object_hsk6_0308_equipment_centered_001.webp,,,,/Users/mansur/universal_study_bot org/images omnis/vocab_images/assets_images/object_hsk6_0308_equipment_centered_001.webp
object_hsk6_0314_grandfather_centered_001.webp,,,,/Users/mansur/universal_study_bot org/images omnis/vocab_images/assets_images/object_hsk6_0314_grandfather_centered_001.webp
object_hsk6_0317_next_to_centered_001.webp,,,,/Users/mansur/universal_study_bot org/images omnis/vocab_images/assets_images/object_hsk6_0317_next_to_centered_001.webp
object_hsk6_0320_thats_all_centered_001.webp,,,,/Users/mansur/universal_study_bot org/images omnis/vocab_images/assets_images/object_hsk6_0320_thats_all_centered_001.webp
object_hsk6_0324_office_centered_001.webp,,,,/Users/mansur/universal_study_bot org/images omnis/vocab_images/assets_images/object_hsk6_0324_office_centered_001.webp
object_hsk6_0330_storm_centered_001.webp,,,,/Users/mansur/universal_study_bot org/images omnis/vocab_images/assets_images/object_hsk6_0330_storm_centered_001.webp
object_hsk6_0335_running_centered_001.webp,,,,/Users/mansur/universal_study_bot org/images omnis/vocab_images/assets_images/object_hsk6_0335_running_centered_001.webp
object_hsk6_0336_local_centered_001.webp,,,,/Users/mansur/universal_study_bot org/images omnis/vocab_images/assets_images/object_hsk6_0336_local_centered_001.webp
object_hsk6_0338_local_centered_001.webp,,,,/Users/mansur/universal_study_bot org/images omnis/vocab_images/assets_images/object_hsk6_0338_local_centered_001.webp
object_hsk6_0343_close_centered_001.webp,,,,/Users/mansur/universal_study_bot org/images omnis/vocab_images/assets_images/object_hsk6_0343_close_centered_001.webp
object_hsk6_0345_change_centered_001.webp,,,,/Users/mansur/universal_study_bot org/images omnis/vocab_images/assets_images/object_hsk6_0345_change_centered_001.webp
object_hsk6_0346_transformation_centered_001.webp,,,,/Users/mansur/universal_study_bot org/images omnis/vocab_images/assets_images/object_hsk6_0346_transformation_centered_001.webp
object_hsk6_0347_transformation_centered_001.webp,,,,/Users/mansur/universal_study_bot org/images omnis/vocab_images/assets_images/object_hsk6_0347_transformation_centered_001.webp
object_hsk6_0349_everywhere_centered_001.webp,,,,/Users/mansur/universal_study_bot org/images omnis/vocab_images/assets_images/object_hsk6_0349_everywhere_centered_001.webp
object_hsk6_0353_to_make_a_phone_call_centered_001.webp,,,,/Users/mansur/universal_study_bot org/images omnis/vocab_images/assets_images/object_hsk6_0353_to_make_a_phone_call_centered_001.webp
object_hsk6_0355_broadcast_centered_001.webp,,,,/Users/mansur/universal_study_bot org/images omnis/vocab_images/assets_images/object_hsk6_0355_broadcast_centered_001.webp
object_hsk6_0363_subsidy_centered_001.webp,,,,/Users/mansur/universal_study_bot org/images omnis/vocab_images/assets_images/object_hsk6_0363_subsidy_centered_001.webp
object_hsk6_0366_not_just_centered_001.webp,,,,/Users/mansur/universal_study_bot org/images omnis/vocab_images/assets_images/object_hsk6_0366_not_just_centered_001.webp
object_hsk6_0375_meal_centered_001.webp,,,,/Users/mansur/universal_study_bot org/images omnis/vocab_images/assets_images/object_hsk6_0375_meal_centered_001.webp
object_hsk6_0377_tragic_centered_001.webp,,,,/Users/mansur/universal_study_bot org/images omnis/vocab_images/assets_images/object_hsk6_0377_tragic_centered_001.webp
object_hsk6_0379_side_centered_001.webp,,,,/Users/mansur/universal_study_bot org/images omnis/vocab_images/assets_images/object_hsk6_0379_side_centered_001.webp
object_hsk6_0380_determination_centered_001.webp,,,,/Users/mansur/universal_study_bot org/images omnis/vocab_images/assets_images/object_hsk6_0380_determination_centered_001.webp
object_hsk6_0381_aspect_centered_001.webp,,,,/Users/mansur/universal_study_bot org/images omnis/vocab_images/assets_images/object_hsk6_0381_aspect_centered_001.webp
object_hsk6_0382_difference_centered_001.webp,,,,/Users/mansur/universal_study_bot org/images omnis/vocab_images/assets_images/object_hsk6_0382_difference_centered_001.webp
object_hsk6_0383_to_find_out_centered_001.webp,,,,/Users/mansur/universal_study_bot org/images omnis/vocab_images/assets_images/object_hsk6_0383_to_find_out_centered_001.webp
object_hsk6_0397_scene_centered_001.webp,,,,/Users/mansur/universal_study_bot org/images omnis/vocab_images/assets_images/object_hsk6_0397_scene_centered_001.webp
object_hsk6_0398_super_centered_001.webp,,,,/Users/mansur/universal_study_bot org/images omnis/vocab_images/assets_images/object_hsk6_0398_super_centered_001.webp
object_hsk6_0399_exceed_centered_001.webp,,,,/Users/mansur/universal_study_bot org/images omnis/vocab_images/assets_images/object_hsk6_0399_exceed_centered_001.webp
object_hsk6_0408_urban_area_centered_001.webp,,,,/Users/mansur/universal_study_bot org/images omnis/vocab_images/assets_images/object_hsk6_0408_urban_area_centered_001.webp
object_hsk6_0413_reorganization_centered_001.webp,,,,/Users/mansur/universal_study_bot org/images omnis/vocab_images/assets_images/object_hsk6_0413_reorganization_centered_001.webp
object_hsk6_0421_to_issue_centered_001.webp,,,,/Users/mansur/universal_study_bot org/images omnis/vocab_images/assets_images/object_hsk6_0421_to_issue_centered_001.webp
object_hsk6_0422_travel_centered_001.webp,,,,/Users/mansur/universal_study_bot org/images omnis/vocab_images/assets_images/object_hsk6_0422_travel_centered_001.webp
object_hsk6_0425_everywhere_centered_001.webp,,,,/Users/mansur/universal_study_bot org/images omnis/vocab_images/assets_images/object_hsk6_0425_everywhere_centered_001.webp
object_hsk6_0428_media_centered_001.webp,,,,/Users/mansur/universal_study_bot org/images omnis/vocab_images/assets_images/object_hsk6_0428_media_centered_001.webp
object_hsk6_0430_rumor_centered_001.webp,,,,/Users/mansur/universal_study_bot org/images omnis/vocab_images/assets_images/object_hsk6_0430_rumor_centered_001.webp
object_hsk6_0434_window_centered_001.webp,,,,/Users/mansur/universal_study_bot org/images omnis/vocab_images/assets_images/object_hsk6_0434_window_centered_001.webp
object_hsk6_0435_establish_centered_001.webp,,,,/Users/mansur/universal_study_bot org/images omnis/vocab_images/assets_images/object_hsk6_0435_establish_centered_001.webp
object_hsk6_0436_create_centered_001.webp,,,,/Users/mansur/universal_study_bot org/images omnis/vocab_images/assets_images/object_hsk6_0436_create_centered_001.webp
object_hsk6_0444_never_centered_001.webp,,,,/Users/mansur/universal_study_bot org/images omnis/vocab_images/assets_images/object_hsk6_0444_never_centered_001.webp
object_hsk6_0445_never_centered_001.webp,,,,/Users/mansur/universal_study_bot org/images omnis/vocab_images/assets_images/object_hsk6_0445_never_centered_001.webp
object_hsk6_0453_to_create_centered_001.webp,,,,/Users/mansur/universal_study_bot org/images omnis/vocab_images/assets_images/object_hsk6_0453_to_create_centered_001.webp
object_hsk6_0457_rice_centered_001.webp,,,,/Users/mansur/universal_study_bot org/images omnis/vocab_images/assets_images/object_hsk6_0457_rice_centered_001.webp
object_hsk6_0459_competition_centered_001.webp,,,,/Users/mansur/universal_study_bot org/images omnis/vocab_images/assets_images/object_hsk6_0459_competition_centered_001.webp
object_hsk6_0462_later_centered_001.webp,,,,/Users/mansur/universal_study_bot org/images omnis/vocab_images/assets_images/object_hsk6_0462_later_centered_001.webp
object_hsk6_0463_worry_centered_001.webp,,,,/Users/mansur/universal_study_bot org/images omnis/vocab_images/assets_images/object_hsk6_0463_worry_centered_001.webp
object_hsk6_0468_file_or_record_centered_001.webp,,,,/Users/mansur/universal_study_bot org/images omnis/vocab_images/assets_images/object_hsk6_0468_file_or_record_centered_001.webp
object_hsk6_0482_research_centered_001.webp,,,,/Users/mansur/universal_study_bot org/images omnis/vocab_images/assets_images/object_hsk6_0482_research_centered_001.webp
object_hsk6_0487_city_centered_001.webp,,,,/Users/mansur/universal_study_bot org/images omnis/vocab_images/assets_images/object_hsk6_0487_city_centered_001.webp
object_hsk6_0505_court_centered_001.webp,,,,/Users/mansur/universal_study_bot org/images omnis/vocab_images/assets_images/object_hsk6_0505_court_centered_001.webp
object_hsk6_0507_tomato_centered_001.webp,,,,/Users/mansur/universal_study_bot org/images omnis/vocab_images/assets_images/object_hsk6_0507_tomato_centered_001.webp
object_hsk6_0508_response_centered_001.webp,,,,/Users/mansur/universal_study_bot org/images omnis/vocab_images/assets_images/object_hsk6_0508_response_centered_001.webp
object_hsk6_0512_prevention_centered_001.webp,,,,/Users/mansur/universal_study_bot org/images omnis/vocab_images/assets_images/object_hsk6_0512_prevention_centered_001.webp
object_hsk6_0520_to_wear_centered_001.webp,,,,/Users/mansur/universal_study_bot org/images omnis/vocab_images/assets_images/object_hsk6_0520_to_wear_centered_001.webp
object_hsk6_0524_negative_centered_001.webp,,,,/Users/mansur/universal_study_bot org/images omnis/vocab_images/assets_images/object_hsk6_0524_negative_centered_001.webp
object_hsk6_0525_revival_centered_001.webp,,,,/Users/mansur/universal_study_bot org/images omnis/vocab_images/assets_images/object_hsk6_0525_revival_centered_001.webp
object_hsk6_0527_wealthy_centered_001.webp,,,,/Users/mansur/universal_study_bot org/images omnis/vocab_images/assets_images/object_hsk6_0527_wealthy_centered_001.webp
object_hsk6_0532_hurry_up_centered_001.webp,,,,/Users/mansur/universal_study_bot org/images omnis/vocab_images/assets_images/object_hsk6_0532_hurry_up_centered_001.webp
object_hsk6_0534_dare_to_centered_001.webp,,,,/Users/mansur/universal_study_bot org/images omnis/vocab_images/assets_images/object_hsk6_0534_dare_to_centered_001.webp
object_hsk6_0536_just_right_centered_001.webp,,,,/Users/mansur/universal_study_bot org/images omnis/vocab_images/assets_images/object_hsk6_0536_just_right_centered_001.webp
object_hsk6_0543_singing_centered_001.webp,,,,/Users/mansur/universal_study_bot org/images omnis/vocab_images/assets_images/object_hsk6_0543_singing_centered_001.webp
object_hsk6_0546_innovation_centered_001.webp,,,,/Users/mansur/universal_study_bot org/images omnis/vocab_images/assets_images/object_hsk6_0546_innovation_centered_001.webp
object_hsk6_0549_public_centered_001.webp,,,,/Users/mansur/universal_study_bot org/images omnis/vocab_images/assets_images/object_hsk6_0549_public_centered_001.webp
object_hsk6_0550_public_security_centered_001.webp,,,,/Users/mansur/universal_study_bot org/images omnis/vocab_images/assets_images/object_hsk6_0550_public_security_centered_001.webp
object_hsk6_0552_the_public_centered_001.webp,,,,/Users/mansur/universal_study_bot org/images omnis/vocab_images/assets_images/object_hsk6_0552_the_public_centered_001.webp
object_hsk6_0553_palace_centered_001.webp,,,,/Users/mansur/universal_study_bot org/images omnis/vocab_images/assets_images/object_hsk6_0553_palace_centered_001.webp
object_hsk6_0554_to_build_centered_001.webp,,,,/Users/mansur/universal_study_bot org/images omnis/vocab_images/assets_images/object_hsk6_0554_to_build_centered_001.webp
object_hsk6_0557_to_take_care_of_centered_001.webp,,,,/Users/mansur/universal_study_bot org/images omnis/vocab_images/assets_images/object_hsk6_0557_to_take_care_of_centered_001.webp
object_hsk6_0561_association_centered_001.webp,,,,/Users/mansur/universal_study_bot org/images omnis/vocab_images/assets_images/object_hsk6_0561_association_centered_001.webp
object_hsk6_0562_lawsuit_centered_001.webp,,,,/Users/mansur/universal_study_bot org/images omnis/vocab_images/assets_images/object_hsk6_0562_lawsuit_centered_001.webp
object_hsk6_0570_afterwards_centered_001.webp,,,,/Users/mansur/universal_study_bot org/images omnis/vocab_images/assets_images/object_hsk6_0570_afterwards_centered_001.webp
object_hsk6_0571_outdated_centered_001.webp,,,,/Users/mansur/universal_study_bot org/images omnis/vocab_images/assets_images/object_hsk6_0571_outdated_centered_001.webp
object_hsk6_0579_seems_like_centered_001.webp,,,,/Users/mansur/universal_study_bot org/images omnis/vocab_images/assets_images/object_hsk6_0579_seems_like_centered_001.webp
object_hsk6_0580_improve_centered_001.webp,,,,/Users/mansur/universal_study_bot org/images omnis/vocab_images/assets_images/object_hsk6_0580_improve_centered_001.webp
object_hsk6_0582_contract_centered_001.webp,,,,/Users/mansur/universal_study_bot org/images omnis/vocab_images/assets_images/object_hsk6_0582_contract_centered_001.webp
object_hsk6_0584_fierce_centered_001.webp,,,,/Users/mansur/universal_study_bot org/images omnis/vocab_images/assets_images/object_hsk6_0584_fierce_centered_001.webp
object_hsk6_0585_measure_centered_001.webp,,,,/Users/mansur/universal_study_bot org/images omnis/vocab_images/assets_images/object_hsk6_0585_measure_centered_001.webp
object_hsk6_0586_grand_centered_001.webp,,,,/Users/mansur/universal_study_bot org/images omnis/vocab_images/assets_images/object_hsk6_0586_grand_centered_001.webp
object_hsk6_0590_expenditure_centered_001.webp,,,,/Users/mansur/universal_study_bot org/images omnis/vocab_images/assets_images/object_hsk6_0590_expenditure_centered_001.webp
object_hsk6_0593_response_centered_001.webp,,,,/Users/mansur/universal_study_bot org/images omnis/vocab_images/assets_images/object_hsk6_0593_response_centered_001.webp
object_hsk6_0594_to_destroy_centered_001.webp,,,,/Users/mansur/universal_study_bot org/images omnis/vocab_images/assets_images/object_hsk6_0594_to_destroy_centered_001.webp
object_hsk6_0595_meeting_centered_001.webp,,,,/Users/mansur/universal_study_bot org/images omnis/vocab_images/assets_images/object_hsk6_0595_meeting_centered_001.webp
object_hsk6_0598_dusk_centered_001.webp,,,,/Users/mansur/universal_study_bot org/images omnis/vocab_images/assets_images/object_hsk6_0598_dusk_centered_001.webp
object_hsk6_0601_organ_centered_001.webp,,,,/Users/mansur/universal_study_bot org/images omnis/vocab_images/assets_images/object_hsk6_0601_organ_centered_001.webp
object_hsk6_0603_auspicious_centered_001.webp,,,,/Users/mansur/universal_study_bot org/images omnis/vocab_images/assets_images/object_hsk6_0603_auspicious_centered_001.webp
object_hsk6_0609_holiday_centered_001.webp,,,,/Users/mansur/universal_study_bot org/images omnis/vocab_images/assets_images/object_hsk6_0609_holiday_centered_001.webp
object_hsk6_0612_introduction_centered_001.webp,,,,/Users/mansur/universal_study_bot org/images omnis/vocab_images/assets_images/object_hsk6_0612_introduction_centered_001.webp
object_hsk6_0620_receive_centered_001.webp,,,,/Users/mansur/universal_study_bot org/images omnis/vocab_images/assets_images/object_hsk6_0620_receive_centered_001.webp
object_hsk6_0621_to_reveal_centered_001.webp,,,,/Users/mansur/universal_study_bot org/images omnis/vocab_images/assets_images/object_hsk6_0621_to_reveal_centered_001.webp
object_hsk6_0623_holiday_centered_001.webp,,,,/Users/mansur/universal_study_bot org/images omnis/vocab_images/assets_images/object_hsk6_0623_holiday_centered_001.webp
object_hsk6_0626_explanation_centered_001.webp,,,,/Users/mansur/universal_study_bot org/images omnis/vocab_images/assets_images/object_hsk6_0626_explanation_centered_001.webp
object_hsk6_0627_boundary_centered_001.webp,,,,/Users/mansur/universal_study_bot org/images omnis/vocab_images/assets_images/object_hsk6_0627_boundary_centered_001.webp
object_hsk6_0629_money_centered_001.webp,,,,/Users/mansur/universal_study_bot org/images omnis/vocab_images/assets_images/object_hsk6_0629_money_centered_001.webp
object_hsk6_0633_amazing_centered_001.webp,,,,/Users/mansur/universal_study_bot org/images omnis/vocab_images/assets_images/object_hsk6_0633_amazing_centered_001.webp
object_hsk6_0635_essence_centered_001.webp,,,,/Users/mansur/universal_study_bot org/images omnis/vocab_images/assets_images/object_hsk6_0635_essence_centered_001.webp
object_hsk6_0636_exquisite_centered_001.webp,,,,/Users/mansur/universal_study_bot org/images omnis/vocab_images/assets_images/object_hsk6_0636_exquisite_centered_001.webp
object_hsk6_0638_scenery_centered_001.webp,,,,/Users/mansur/universal_study_bot org/images omnis/vocab_images/assets_images/object_hsk6_0638_scenery_centered_001.webp
object_hsk6_0640_clean_centered_001.webp,,,,/Users/mansur/universal_study_bot org/images omnis/vocab_images/assets_images/object_hsk6_0640_clean_centered_001.webp
object_hsk6_0643_rescue_centered_001.webp,,,,/Users/mansur/universal_study_bot org/images omnis/vocab_images/assets_images/object_hsk6_0643_rescue_centered_001.webp
object_hsk6_0644_assistance_centered_001.webp,,,,/Users/mansur/universal_study_bot org/images omnis/vocab_images/assets_images/object_hsk6_0644_assistance_centered_001.webp
object_hsk6_0646_even_if_centered_001.webp,,,,/Users/mansur/universal_study_bot org/images omnis/vocab_images/assets_images/object_hsk6_0646_even_if_centered_001.webp
object_hsk6_0647_drama_centered_001.webp,,,,/Users/mansur/universal_study_bot org/images omnis/vocab_images/assets_images/object_hsk6_0647_drama_centered_001.webp
object_hsk6_0648_according_to_centered_001.webp,,,,/Users/mansur/universal_study_bot org/images omnis/vocab_images/assets_images/object_hsk6_0648_according_to_centered_001.webp
object_hsk6_0652_absolute_centered_001.webp,,,,/Users/mansur/universal_study_bot org/images omnis/vocab_images/assets_images/object_hsk6_0652_absolute_centered_001.webp
object_hsk6_0657_to_establish_centered_001.webp,,,,/Users/mansur/universal_study_bot org/images omnis/vocab_images/assets_images/object_hsk6_0657_to_establish_centered_001.webp
object_hsk6_0658_open_up_centered_001.webp,,,,/Users/mansur/universal_study_bot org/images omnis/vocab_images/assets_images/object_hsk6_0658_open_up_centered_001.webp
object_hsk6_0666_rehabilitation_centered_001.webp,,,,/Users/mansur/universal_study_bot org/images omnis/vocab_images/assets_images/object_hsk6_0666_rehabilitation_centered_001.webp
object_hsk6_0668_exam_question_centered_001.webp,,,,/Users/mansur/universal_study_bot org/images omnis/vocab_images/assets_images/object_hsk6_0668_exam_question_centered_001.webp
object_hsk6_0674_cool_centered_001.webp,,,,/Users/mansur/universal_study_bot org/images omnis/vocab_images/assets_images/object_hsk6_0674_cool_centered_001.webp
object_hsk6_0680_to_rely_on_centered_001.webp,,,,/Users/mansur/universal_study_bot org/images omnis/vocab_images/assets_images/object_hsk6_0680_to_rely_on_centered_001.webp
object_hsk6_0683_prison_centered_001.webp,,,,/Users/mansur/universal_study_bot org/images omnis/vocab_images/assets_images/object_hsk6_0683_prison_centered_001.webp
object_hsk6_0688_principle_centered_001.webp,,,,/Users/mansur/universal_study_bot org/images omnis/vocab_images/assets_images/object_hsk6_0688_principle_centered_001.webp
object_hsk6_0690_benefit_centered_001.webp,,,,/Users/mansur/universal_study_bot org/images omnis/vocab_images/assets_images/object_hsk6_0690_benefit_centered_001.webp
object_hsk6_0694_both_sides_centered_001.webp,,,,/Users/mansur/universal_study_bot org/images omnis/vocab_images/assets_images/object_hsk6_0694_both_sides_centered_001.webp
object_hsk6_0700_to_receive_centered_001.webp,,,,/Users/mansur/universal_study_bot org/images omnis/vocab_images/assets_images/object_hsk6_0700_to_receive_centered_001.webp
object_hsk6_0705_building_centered_001.webp,,,,/Users/mansur/universal_study_bot org/images omnis/vocab_images/assets_images/object_hsk6_0705_building_centered_001.webp
object_hsk6_0722_fierce_centered_001.webp,,,,/Users/mansur/universal_study_bot org/images omnis/vocab_images/assets_images/object_hsk6_0722_fierce_centered_001.webp
object_hsk6_0723_cotton_centered_001.webp,,,,/Users/mansur/universal_study_bot org/images omnis/vocab_images/assets_images/object_hsk6_0723_cotton_centered_001.webp
object_hsk6_0725_facing_centered_001.webp,,,,/Users/mansur/universal_study_bot org/images omnis/vocab_images/assets_images/object_hsk6_0725_facing_centered_001.webp
object_hsk6_0726_wonderful_centered_001.webp,,,,/Users/mansur/universal_study_bot org/images omnis/vocab_images/assets_images/object_hsk6_0726_wonderful_centered_001.webp
object_hsk6_0731_public_opinion_centered_001.webp,,,,/Users/mansur/universal_study_bot org/images omnis/vocab_images/assets_images/object_hsk6_0731_public_opinion_centered_001.webp
object_hsk6_0734_tomorrow_centered_001.webp,,,,/Users/mansur/universal_study_bot org/images omnis/vocab_images/assets_images/object_hsk6_0734_tomorrow_centered_001.webp
object_hsk6_0735_fate_centered_001.webp,,,,/Users/mansur/universal_study_bot org/images omnis/vocab_images/assets_images/object_hsk6_0735_fate_centered_001.webp
object_hsk6_0739_mother_centered_001.webp,,,,/Users/mansur/universal_study_bot org/images omnis/vocab_images/assets_images/object_hsk6_0739_mother_centered_001.webp
object_hsk6_0753_twist_centered_001.webp,,,,/Users/mansur/universal_study_bot org/images omnis/vocab_images/assets_images/object_hsk6_0753_twist_centered_001.webp
object_hsk6_0755_send_out_centered_001.webp,,,,/Users/mansur/universal_study_bot org/images omnis/vocab_images/assets_images/object_hsk6_0755_send_out_centered_001.webp
object_hsk6_0756_to_judge_centered_001.webp,,,,/Users/mansur/universal_study_bot org/images omnis/vocab_images/assets_images/object_hsk6_0756_to_judge_centered_001.webp
object_hsk6_0759_accompany_centered_001.webp,,,,/Users/mansur/universal_study_bot org/images omnis/vocab_images/assets_images/object_hsk6_0759_accompany_centered_001.webp
object_hsk6_0766_platform_centered_001.webp,,,,/Users/mansur/universal_study_bot org/images omnis/vocab_images/assets_images/object_hsk6_0766_platform_centered_001.webp
object_hsk6_0768_selection_centered_001.webp,,,,/Users/mansur/universal_study_bot org/images omnis/vocab_images/assets_images/object_hsk6_0768_selection_centered_001.webp
object_hsk6_0771_just_right_centered_001.webp,,,,/Users/mansur/universal_study_bot org/images omnis/vocab_images/assets_images/object_hsk6_0771_just_right_centered_001.webp
object_hsk6_0774_to_come_over_centered_001.webp,,,,/Users/mansur/universal_study_bot org/images omnis/vocab_images/assets_images/object_hsk6_0774_to_come_over_centered_001.webp
object_hsk6_0778_strong_centered_001.webp,,,,/Users/mansur/universal_study_bot org/images omnis/vocab_images/assets_images/object_hsk6_0778_strong_centered_001.webp
object_hsk6_0780_relatives_centered_001.webp,,,,/Users/mansur/universal_study_bot org/images omnis/vocab_images/assets_images/object_hsk6_0780_relatives_centered_001.webp
object_hsk6_0782_clear_centered_001.webp,,,,/Users/mansur/universal_study_bot org/images omnis/vocab_images/assets_images/object_hsk6_0782_clear_centered_001.webp
object_hsk6_0792_remove_centered_001.webp,,,,/Users/mansur/universal_study_bot org/images omnis/vocab_images/assets_images/object_hsk6_0792_remove_centered_001.webp
object_hsk6_0795_brand_new_centered_001.webp,,,,/Users/mansur/universal_study_bot org/images omnis/vocab_images/assets_images/object_hsk6_0795_brand_new_centered_001.webp
object_hsk6_0805_day_and_night_centered_001.webp,,,,/Users/mansur/universal_study_bot org/images omnis/vocab_images/assets_images/object_hsk6_0805_day_and_night_centered_001.webp
object_hsk6_0809_like_centered_001.webp,,,,/Users/mansur/universal_study_bot org/images omnis/vocab_images/assets_images/object_hsk6_0809_like_centered_001.webp
object_hsk6_0812_to_enter_centered_001.webp,,,,/Users/mansur/universal_study_bot org/images omnis/vocab_images/assets_images/object_hsk6_0812_to_enter_centered_001.webp
object_hsk6_0814_if_centered_001.webp,,,,/Users/mansur/universal_study_bot org/images omnis/vocab_images/assets_images/object_hsk6_0814_if_centered_001.webp
object_hsk6_0816_competition_centered_001.webp,,,,/Users/mansur/universal_study_bot org/images omnis/vocab_images/assets_images/object_hsk6_0816_competition_centered_001.webp
object_hsk6_0825_shopping_mall_centered_001.webp,,,,/Users/mansur/universal_study_bot org/images omnis/vocab_images/assets_images/object_hsk6_0825_shopping_mall_centered_001.webp
object_hsk6_0831_children_centered_001.webp,,,,/Users/mansur/universal_study_bot org/images omnis/vocab_images/assets_images/object_hsk6_0831_children_centered_001.webp
object_hsk6_0837_appreciation_centered_001.webp,,,,/Users/mansur/universal_study_bot org/images omnis/vocab_images/assets_images/object_hsk6_0837_appreciation_centered_001.webp
object_hsk6_0843_season_centered_001.webp,,,,/Users/mansur/universal_study_bot org/images omnis/vocab_images/assets_images/object_hsk6_0843_season_centered_001.webp
object_hsk6_0845_fashion_centered_001.webp,,,,/Users/mansur/universal_study_bot org/images omnis/vocab_images/assets_images/object_hsk6_0845_fashion_centered_001.webp
object_hsk6_0848_appetite_centered_001.webp,,,,/Users/mansur/universal_study_bot org/images omnis/vocab_images/assets_images/object_hsk6_0848_appetite_centered_001.webp
object_hsk6_0849_citizen_centered_001.webp,,,,/Users/mansur/universal_study_bot org/images omnis/vocab_images/assets_images/object_hsk6_0849_citizen_centered_001.webp
object_hsk6_0852_appropriate_centered_001.webp,,,,/Users/mansur/universal_study_bot org/images omnis/vocab_images/assets_images/object_hsk6_0852_appropriate_centered_001.webp
object_hsk6_0853_to_collect_centered_001.webp,,,,/Users/mansur/universal_study_bot org/images omnis/vocab_images/assets_images/object_hsk6_0853_to_collect_centered_001.webp
object_hsk6_0869_everywhere_centered_001.webp,,,,/Users/mansur/universal_study_bot org/images omnis/vocab_images/assets_images/object_hsk6_0869_everywhere_centered_001.webp
object_hsk6_0870_temple_centered_001.webp,,,,/Users/mansur/universal_study_bot org/images omnis/vocab_images/assets_images/object_hsk6_0870_temple_centered_001.webp
object_hsk6_0875_although_centered_001.webp,,,,/Users/mansur/universal_study_bot org/images omnis/vocab_images/assets_images/object_hsk6_0875_although_centered_001.webp
object_hsk6_0876_age_centered_001.webp,,,,/Users/mansur/universal_study_bot org/images omnis/vocab_images/assets_images/object_hsk6_0876_age_centered_001.webp
object_hsk6_0877_to_step_on_centered_001.webp,,,,/Users/mansur/universal_study_bot org/images omnis/vocab_images/assets_images/object_hsk6_0877_to_step_on_centered_001.webp
object_hsk6_0880_special_centered_001.webp,,,,/Users/mansur/universal_study_bot org/images omnis/vocab_images/assets_images/object_hsk6_0880_special_centered_001.webp
object_hsk6_0889_the_world_centered_001.webp,,,,/Users/mansur/universal_study_bot org/images omnis/vocab_images/assets_images/object_hsk6_0889_the_world_centered_001.webp
object_hsk6_0890_to_add_centered_001.webp,,,,/Users/mansur/universal_study_bot org/images omnis/vocab_images/assets_images/object_hsk6_0890_to_add_centered_001.webp
object_hsk6_0892_diving_centered_001.webp,,,,/Users/mansur/universal_study_bot org/images omnis/vocab_images/assets_images/object_hsk6_0892_diving_centered_001.webp
object_hsk6_0893_to_listen_to_centered_001.webp,,,,/Users/mansur/universal_study_bot org/images omnis/vocab_images/assets_images/object_hsk6_0893_to_listen_to_centered_001.webp
object_hsk6_0894_notification_centered_001.webp,,,,/Users/mansur/universal_study_bot org/images omnis/vocab_images/assets_images/object_hsk6_0894_notification_centered_001.webp
object_hsk6_0899_same_centered_001.webp,,,,/Users/mansur/universal_study_bot org/images omnis/vocab_images/assets_images/object_hsk6_0899_same_centered_001.webp
object_hsk6_0902_the_same_centered_001.webp,,,,/Users/mansur/universal_study_bot org/images omnis/vocab_images/assets_images/object_hsk6_0902_the_same_centered_001.webp
object_hsk6_0905_books_centered_001.webp,,,,/Users/mansur/universal_study_bot org/images omnis/vocab_images/assets_images/object_hsk6_0905_books_centered_001.webp
object_hsk6_0906_team_centered_001.webp,,,,/Users/mansur/universal_study_bot org/images omnis/vocab_images/assets_images/object_hsk6_0906_team_centered_001.webp
object_hsk6_0907_to_launch_centered_001.webp,,,,/Users/mansur/universal_study_bot org/images omnis/vocab_images/assets_images/object_hsk6_0907_to_launch_centered_001.webp
object_hsk6_0917_appearance_centered_001.webp,,,,/Users/mansur/universal_study_bot org/images omnis/vocab_images/assets_images/object_hsk6_0917_appearance_centered_001.webp
object_hsk6_0918_surgery_centered_001.webp,,,,/Users/mansur/universal_study_bot org/images omnis/vocab_images/assets_images/object_hsk6_0918_surgery_centered_001.webp
object_hsk6_0920_outside_centered_001.webp,,,,/Users/mansur/universal_study_bot org/images omnis/vocab_images/assets_images/object_hsk6_0920_outside_centered_001.webp
object_hsk6_0925_queen_centered_001.webp,,,,/Users/mansur/universal_study_bot org/images omnis/vocab_images/assets_images/object_hsk6_0925_queen_centered_001.webp
object_hsk6_0928_from_now_on_centered_001.webp,,,,/Users/mansur/universal_study_bot org/images omnis/vocab_images/assets_images/object_hsk6_0928_from_now_on_centered_001.webp
object_hsk6_0934_why_centered_001.webp,,,,/Users/mansur/universal_study_bot org/images omnis/vocab_images/assets_images/object_hsk6_0934_why_centered_001.webp
object_hsk6_0941_item_centered_001.webp,,,,/Users/mansur/universal_study_bot org/images omnis/vocab_images/assets_images/object_hsk6_0941_item_centered_001.webp
object_hsk6_0942_mistake_centered_001.webp,,,,/Users/mansur/universal_study_bot org/images omnis/vocab_images/assets_images/object_hsk6_0942_mistake_centered_001.webp
object_hsk6_0948_to_show_centered_001.webp,,,,/Users/mansur/universal_study_bot org/images omnis/vocab_images/assets_images/object_hsk6_0948_to_show_centered_001.webp
object_hsk6_0949_danger_centered_001.webp,,,,/Users/mansur/universal_study_bot org/images omnis/vocab_images/assets_images/object_hsk6_0949_danger_centered_001.webp
object_hsk6_0955_to_know_centered_001.webp,,,,/Users/mansur/universal_study_bot org/images omnis/vocab_images/assets_images/object_hsk6_0955_to_know_centered_001.webp
object_hsk6_0957_smile_centered_001.webp,,,,/Users/mansur/universal_study_bot org/images omnis/vocab_images/assets_images/object_hsk6_0957_smile_centered_001.webp
object_hsk6_0961_wish_centered_001.webp,,,,/Users/mansur/universal_study_bot org/images omnis/vocab_images/assets_images/object_hsk6_0961_wish_centered_001.webp
object_hsk6_0967_form_or_shape_centered_001.webp,,,,/Users/mansur/universal_study_bot org/images omnis/vocab_images/assets_images/object_hsk6_0967_form_or_shape_centered_001.webp
object_hsk6_0973_student_centered_001.webp,,,,/Users/mansur/universal_study_bot org/images omnis/vocab_images/assets_images/object_hsk6_0973_student_centered_001.webp
object_hsk6_0975_blood_centered_001.webp,,,,/Users/mansur/universal_study_bot org/images omnis/vocab_images/assets_images/object_hsk6_0975_blood_centered_001.webp
object_hsk6_0985_medication_centered_001.webp,,,,/Users/mansur/universal_study_bot org/images omnis/vocab_images/assets_images/object_hsk6_0985_medication_centered_001.webp
object_hsk6_0986_otherwise_centered_001.webp,,,,/Users/mansur/universal_study_bot org/images omnis/vocab_images/assets_images/object_hsk6_0986_otherwise_centered_001.webp
object_hsk6_0992_in_order_centered_001.webp,,,,/Users/mansur/universal_study_bot org/images omnis/vocab_images/assets_images/object_hsk6_0992_in_order_centered_001.webp
object_hsk6_0994_a_generation_centered_001.webp,,,,/Users/mansur/universal_study_bot org/images omnis/vocab_images/assets_images/object_hsk6_0994_a_generation_centered_001.webp
object_hsk6_0997_a_turn_centered_001.webp,,,,/Users/mansur/universal_study_bot org/images omnis/vocab_images/assets_images/object_hsk6_0997_a_turn_centered_001.webp
object_hsk6_0999_together_centered_001.webp,,,,/Users/mansur/universal_study_bot org/images omnis/vocab_images/assets_images/object_hsk6_0999_together_centered_001.webp
object_hsk6_1001_together_centered_001.webp,,,,/Users/mansur/universal_study_bot org/images omnis/vocab_images/assets_images/object_hsk6_1001_together_centered_001.webp
object_hsk6_1007_cause_centered_001.webp,,,,/Users/mansur/universal_study_bot org/images omnis/vocab_images/assets_images/object_hsk6_1007_cause_centered_001.webp
object_hsk6_1008_shadow_centered_001.webp,,,,/Users/mansur/universal_study_bot org/images omnis/vocab_images/assets_images/object_hsk6_1008_shadow_centered_001.webp
object_hsk6_1009_volume_centered_001.webp,,,,/Users/mansur/universal_study_bot org/images omnis/vocab_images/assets_images/object_hsk6_1009_volume_centered_001.webp
object_hsk6_1011_to_hide_centered_001.webp,,,,/Users/mansur/universal_study_bot org/images omnis/vocab_images/assets_images/object_hsk6_1011_to_hide_centered_001.webp
object_hsk6_1020_usage_centered_001.webp,,,,/Users/mansur/universal_study_bot org/images omnis/vocab_images/assets_images/object_hsk6_1020_usage_centered_001.webp
object_hsk6_1024_tourist_centered_001.webp,,,,/Users/mansur/universal_study_bot org/images omnis/vocab_images/assets_images/object_hsk6_1024_tourist_centered_001.webp
object_hsk6_1028_related_to_centered_001.webp,,,,/Users/mansur/universal_study_bot org/images omnis/vocab_images/assets_images/object_hsk6_1028_related_to_centered_001.webp
object_hsk6_1031_at_in_on_centered_001.webp,,,,/Users/mansur/universal_study_bot org/images omnis/vocab_images/assets_images/object_hsk6_1031_at_in_on_centered_001.webp
object_hsk6_1034_appointment_centered_001.webp,,,,/Users/mansur/universal_study_bot org/images omnis/vocab_images/assets_images/object_hsk6_1034_appointment_centered_001.webp
object_hsk6_1035_garden_centered_001.webp,,,,/Users/mansur/universal_study_bot org/images omnis/vocab_images/assets_images/object_hsk6_1035_garden_centered_001.webp
object_hsk6_1039_assistance_centered_001.webp,,,,/Users/mansur/universal_study_bot org/images omnis/vocab_images/assets_images/object_hsk6_1039_assistance_centered_001.webp
object_hsk6_1043_agreement_centered_001.webp,,,,/Users/mansur/universal_study_bot org/images omnis/vocab_images/assets_images/object_hsk6_1043_agreement_centered_001.webp
object_hsk6_1045_operation_centered_001.webp,,,,/Users/mansur/universal_study_bot org/images omnis/vocab_images/assets_images/object_hsk6_1045_operation_centered_001.webp
object_hsk6_1050_to_suffer_centered_001.webp,,,,/Users/mansur/universal_study_bot org/images omnis/vocab_images/assets_images/object_hsk6_1050_to_suffer_centered_001.webp
object_hsk6_1060_platform_centered_001.webp,,,,/Users/mansur/universal_study_bot org/images omnis/vocab_images/assets_images/object_hsk6_1060_platform_centered_001.webp
object_hsk6_1063_account_centered_001.webp,,,,/Users/mansur/universal_study_bot org/images omnis/vocab_images/assets_images/object_hsk6_1063_account_centered_001.webp
object_hsk6_1073_responsibility_centered_001.webp,,,,/Users/mansur/universal_study_bot org/images omnis/vocab_images/assets_images/object_hsk6_1073_responsibility_centered_001.webp
object_hsk6_1074_stop_centered_001.webp,,,,/Users/mansur/universal_study_bot org/images omnis/vocab_images/assets_images/object_hsk6_1074_stop_centered_001.webp
object_hsk6_1079_finger_centered_001.webp,,,,/Users/mansur/universal_study_bot org/images omnis/vocab_images/assets_images/object_hsk6_1079_finger_centered_001.webp
object_hsk6_1086_loyalty_centered_001.webp,,,,/Users/mansur/universal_study_bot org/images omnis/vocab_images/assets_images/object_hsk6_1086_loyalty_centered_001.webp
object_hsk6_1087_hour_centered_001.webp,,,,/Users/mansur/universal_study_bot org/images omnis/vocab_images/assets_images/object_hsk6_1087_hour_centered_001.webp
object_hsk6_1090_jewelry_centered_001.webp,,,,/Users/mansur/universal_study_bot org/images omnis/vocab_images/assets_images/object_hsk6_1090_jewelry_centered_001.webp
object_hsk6_1091_host_centered_001.webp,,,,/Users/mansur/universal_study_bot org/images omnis/vocab_images/assets_images/object_hsk6_1091_host_centered_001.webp
object_hsk6_1095_wish_centered_001.webp,,,,/Users/mansur/universal_study_bot org/images omnis/vocab_images/assets_images/object_hsk6_1095_wish_centered_001.webp
object_hsk6_1106_director_centered_001.webp,,,,/Users/mansur/universal_study_bot org/images omnis/vocab_images/assets_images/object_hsk6_1106_director_centered_001.webp
object_hsk6_1108_total_amount_centered_001.webp,,,,/Users/mansur/universal_study_bot org/images omnis/vocab_images/assets_images/object_hsk6_1108_total_amount_centered_001.webp
object_hsk6_1110_rent_centered_001.webp,,,,/Users/mansur/universal_study_bot org/images omnis/vocab_images/assets_images/object_hsk6_1110_rent_centered_001.webp
object_hsk6_1111_foot_centered_001.webp,,,,/Users/mansur/universal_study_bot org/images omnis/vocab_images/assets_images/object_hsk6_1111_foot_centered_001.webp
object_hsk6_1112_ethnic_group_centered_001.webp,,,,/Users/mansur/universal_study_bot org/images omnis/vocab_images/assets_images/object_hsk6_1112_ethnic_group_centered_001.webp
object_hsk6_1115_best_centered_001.webp,,,,/Users/mansur/universal_study_bot org/images omnis/vocab_images/assets_images/object_hsk6_1115_best_centered_001.webp
object_hsk6_1122_night_centered_001.webp,,,,/Users/mansur/universal_study_bot org/images omnis/vocab_images/assets_images/object_hsk6_1122_night_centered_001.webp
object_hsk7_0017_key_centered_001.webp,,,,/Users/mansur/universal_study_bot org/images omnis/vocab_images/assets_images/object_hsk7_0017_key_centered_001.webp
object_hsk7_0029_not_necessarily_centered_001.webp,,,,/Users/mansur/universal_study_bot org/images omnis/vocab_images/assets_images/object_hsk7_0029_not_necessarily_centered_001.webp
object_hsk7_0051_building_centered_001.webp,,,,/Users/mansur/universal_study_bot org/images omnis/vocab_images/assets_images/object_hsk7_0051_building_centered_001.webp
object_hsk7_0053_be_careful_centered_001.webp,,,,/Users/mansur/universal_study_bot org/images omnis/vocab_images/assets_images/object_hsk7_0053_be_careful_centered_001.webp
object_hsk7_0065_bad_centered_001.webp,,,,/Users/mansur/universal_study_bot org/images omnis/vocab_images/assets_images/object_hsk7_0065_bad_centered_001.webp
object_hsk7_0076_congratulations_centered_001.webp,,,,/Users/mansur/universal_study_bot org/images omnis/vocab_images/assets_images/object_hsk7_0076_congratulations_centered_001.webp
object_hsk7_0091_no_need_to_centered_001.webp,,,,/Users/mansur/universal_study_bot org/images omnis/vocab_images/assets_images/object_hsk7_0091_no_need_to_centered_001.webp
object_hsk7_0101_to_wave_centered_001.webp,,,,/Users/mansur/universal_study_bot org/images omnis/vocab_images/assets_images/object_hsk7_0101_to_wave_centered_001.webp
object_hsk7_0110_part-time_job_centered_001.webp,,,,/Users/mansur/universal_study_bot org/images omnis/vocab_images/assets_images/object_hsk7_0110_part-time_job_centered_001.webp
object_hsk7_0124_taste_centered_001.webp,,,,/Users/mansur/universal_study_bot org/images omnis/vocab_images/assets_images/object_hsk7_0124_taste_centered_001.webp
object_hsk7_0180_naughty_centered_001.webp,,,,/Users/mansur/universal_study_bot org/images omnis/vocab_images/assets_images/object_hsk7_0180_naughty_centered_001.webp
object_hsk7_0193_do_not_centered_001.webp,,,,/Users/mansur/universal_study_bot org/images omnis/vocab_images/assets_images/object_hsk7_0193_do_not_centered_001.webp
object_hsk7_0218_then_centered_001.webp,,,,/Users/mansur/universal_study_bot org/images omnis/vocab_images/assets_images/object_hsk7_0218_then_centered_001.webp
object_hsk7_0225_check_centered_001.webp,,,,/Users/mansur/universal_study_bot org/images omnis/vocab_images/assets_images/object_hsk7_0225_check_centered_001.webp
object_hsk7_0237_expensive_centered_001.webp,,,,/Users/mansur/universal_study_bot org/images omnis/vocab_images/assets_images/object_hsk7_0237_expensive_centered_001.webp
object_hsk7_0243_handle_centered_001.webp,,,,/Users/mansur/universal_study_bot org/images omnis/vocab_images/assets_images/object_hsk7_0243_handle_centered_001.webp
object_hsk7_0246_please_centered_001.webp,,,,/Users/mansur/universal_study_bot org/images omnis/vocab_images/assets_images/object_hsk7_0246_please_centered_001.webp
object_hsk7_0286_change_centered_001.webp,,,,/Users/mansur/universal_study_bot org/images omnis/vocab_images/assets_images/object_hsk7_0286_change_centered_001.webp
object_hsk7_0344_dynasty_centered_001.webp,,,,/Users/mansur/universal_study_bot org/images omnis/vocab_images/assets_images/object_hsk7_0344_dynasty_centered_001.webp
object_hsk7_0353_to_set_off_centered_001.webp,,,,/Users/mansur/universal_study_bot org/images omnis/vocab_images/assets_images/object_hsk7_0353_to_set_off_centered_001.webp
object_hsk7_0408_generally_centered_001.webp,,,,/Users/mansur/universal_study_bot org/images omnis/vocab_images/assets_images/object_hsk7_0408_generally_centered_001.webp
object_hsk7_0414_birthday_centered_001.webp,,,,/Users/mansur/universal_study_bot org/images omnis/vocab_images/assets_images/object_hsk7_0414_birthday_centered_001.webp
object_hsk7_0442_to_establish_centered_001.webp,,,,/Users/mansur/universal_study_bot org/images omnis/vocab_images/assets_images/object_hsk7_0442_to_establish_centered_001.webp
object_hsk7_0457_set_off_centered_001.webp,,,,/Users/mansur/universal_study_bot org/images omnis/vocab_images/assets_images/object_hsk7_0457_set_off_centered_001.webp
object_hsk7_0469_comparison_centered_001.webp,,,,/Users/mansur/universal_study_bot org/images omnis/vocab_images/assets_images/object_hsk7_0469_comparison_centered_001.webp
object_hsk7_0471_immediately_centered_001.webp,,,,/Users/mansur/universal_study_bot org/images omnis/vocab_images/assets_images/object_hsk7_0471_immediately_centered_001.webp
object_hsk7_0483_development_centered_001.webp,,,,/Users/mansur/universal_study_bot org/images omnis/vocab_images/assets_images/object_hsk7_0483_development_centered_001.webp
object_hsk7_0485_busy_centered_001.webp,,,,/Users/mansur/universal_study_bot org/images omnis/vocab_images/assets_images/object_hsk7_0485_busy_centered_001.webp
object_hsk7_0531_to_raise_or_nurture_centered_001.webp,,,,/Users/mansur/universal_study_bot org/images omnis/vocab_images/assets_images/object_hsk7_0531_to_raise_or_nurture_centered_001.webp
object_hsk7_0544_improvement_centered_001.webp,,,,/Users/mansur/universal_study_bot org/images omnis/vocab_images/assets_images/object_hsk7_0544_improvement_centered_001.webp
object_hsk7_0570_fairness_centered_001.webp,,,,/Users/mansur/universal_study_bot org/images omnis/vocab_images/assets_images/object_hsk7_0570_fairness_centered_001.webp
object_hsk7_0590_certainly_centered_001.webp,,,,/Users/mansur/universal_study_bot org/images omnis/vocab_images/assets_images/object_hsk7_0590_certainly_centered_001.webp
object_hsk7_0604_return_centered_001.webp,,,,/Users/mansur/universal_study_bot org/images omnis/vocab_images/assets_images/object_hsk7_0604_return_centered_001.webp
object_hsk7_0643_lake_centered_001.webp,,,,/Users/mansur/universal_study_bot org/images omnis/vocab_images/assets_images/object_hsk7_0643_lake_centered_001.webp
object_hsk7_0662_destruction_centered_001.webp,,,,/Users/mansur/universal_study_bot org/images omnis/vocab_images/assets_images/object_hsk7_0662_destruction_centered_001.webp
object_hsk7_0666_whole_body_centered_001.webp,,,,/Users/mansur/universal_study_bot org/images omnis/vocab_images/assets_images/object_hsk7_0666_whole_body_centered_001.webp
object_hsk7_0683_level_centered_001.webp,,,,/Users/mansur/universal_study_bot org/images omnis/vocab_images/assets_images/object_hsk7_0683_level_centered_001.webp
object_hsk7_0710_insight_centered_001.webp,,,,/Users/mansur/universal_study_bot org/images omnis/vocab_images/assets_images/object_hsk7_0710_insight_centered_001.webp
object_hsk7_0714_to_splash_centered_001.webp,,,,/Users/mansur/universal_study_bot org/images omnis/vocab_images/assets_images/object_hsk7_0714_to_splash_centered_001.webp
object_hsk7_0718_intersection_centered_001.webp,,,,/Users/mansur/universal_study_bot org/images omnis/vocab_images/assets_images/object_hsk7_0718_intersection_centered_001.webp
object_hsk7_0719_negotiation_centered_001.webp,,,,/Users/mansur/universal_study_bot org/images omnis/vocab_images/assets_images/object_hsk7_0719_negotiation_centered_001.webp
object_hsk7_0728_all_centered_001.webp,,,,/Users/mansur/universal_study_bot org/images omnis/vocab_images/assets_images/object_hsk7_0728_all_centered_001.webp
object_hsk7_0741_urgent_centered_001.webp,,,,/Users/mansur/universal_study_bot org/images omnis/vocab_images/assets_images/object_hsk7_0741_urgent_centered_001.webp
object_hsk7_0743_promotion_centered_001.webp,,,,/Users/mansur/universal_study_bot org/images omnis/vocab_images/assets_images/object_hsk7_0743_promotion_centered_001.webp
object_hsk7_0752_accurate_centered_001.webp,,,,/Users/mansur/universal_study_bot org/images omnis/vocab_images/assets_images/object_hsk7_0752_accurate_centered_001.webp
object_hsk7_0762_alcohol_centered_001.webp,,,,/Users/mansur/universal_study_bot org/images omnis/vocab_images/assets_images/object_hsk7_0762_alcohol_centered_001.webp
object_hsk7_0788_to_publish_centered_001.webp,,,,/Users/mansur/universal_study_bot org/images omnis/vocab_images/assets_images/object_hsk7_0788_to_publish_centered_001.webp
object_hsk7_0807_fear_centered_001.webp,,,,/Users/mansur/universal_study_bot org/images omnis/vocab_images/assets_images/object_hsk7_0807_fear_centered_001.webp
object_hsk7_0815_to_cry_centered_001.webp,,,,/Users/mansur/universal_study_bot org/images omnis/vocab_images/assets_images/object_hsk7_0815_to_cry_centered_001.webp
object_hsk7_0835_willing_centered_001.webp,,,,/Users/mansur/universal_study_bot org/images omnis/vocab_images/assets_images/object_hsk7_0835_willing_centered_001.webp
object_hsk7_0847_always_centered_001.webp,,,,/Users/mansur/universal_study_bot org/images omnis/vocab_images/assets_images/object_hsk7_0847_always_centered_001.webp
object_hsk7_0858_understanding_centered_001.webp,,,,/Users/mansur/universal_study_bot org/images omnis/vocab_images/assets_images/object_hsk7_0858_understanding_centered_001.webp
object_hsk7_0867_understand_centered_001.webp,,,,/Users/mansur/universal_study_bot org/images omnis/vocab_images/assets_images/object_hsk7_0867_understand_centered_001.webp
object_hsk7_0870_understanding_centered_001.webp,,,,/Users/mansur/universal_study_bot org/images omnis/vocab_images/assets_images/object_hsk7_0870_understanding_centered_001.webp
object_hsk7_0874_be_careful_centered_001.webp,,,,/Users/mansur/universal_study_bot org/images omnis/vocab_images/assets_images/object_hsk7_0874_be_careful_centered_001.webp
object_hsk7_0901_busy_centered_001.webp,,,,/Users/mansur/universal_study_bot org/images omnis/vocab_images/assets_images/object_hsk7_0901_busy_centered_001.webp
object_hsk7_0918_seal_centered_001.webp,,,,/Users/mansur/universal_study_bot org/images omnis/vocab_images/assets_images/object_hsk7_0918_seal_centered_001.webp
object_hsk7_0965_judgment_centered_001.webp,,,,/Users/mansur/universal_study_bot org/images omnis/vocab_images/assets_images/object_hsk7_0965_judgment_centered_001.webp
object_hsk7_0972_criticism_centered_001.webp,,,,/Users/mansur/universal_study_bot org/images omnis/vocab_images/assets_images/object_hsk7_0972_criticism_centered_001.webp
object_hsk7_0976_for_example_centered_001.webp,,,,/Users/mansur/universal_study_bot org/images omnis/vocab_images/assets_images/object_hsk7_0976_for_example_centered_001.webp
object_hsk7_0985_to_taste_centered_001.webp,,,,/Users/mansur/universal_study_bot org/images omnis/vocab_images/assets_images/object_hsk7_0985_to_taste_centered_001.webp
object_hsk7_1014_equipment_centered_001.webp,,,,/Users/mansur/universal_study_bot org/images omnis/vocab_images/assets_images/object_hsk7_1014_equipment_centered_001.webp
object_hsk7_1016_negotiation_centered_001.webp,,,,/Users/mansur/universal_study_bot org/images omnis/vocab_images/assets_images/object_hsk7_1016_negotiation_centered_001.webp
object_hsk7_1017_just_right_centered_001.webp,,,,/Users/mansur/universal_study_bot org/images omnis/vocab_images/assets_images/object_hsk7_1017_just_right_centered_001.webp
object_hsk7_1039_clear_centered_001.webp,,,,/Users/mansur/universal_study_bot org/images omnis/vocab_images/assets_images/object_hsk7_1039_clear_centered_001.webp
object_hsk7_1064_personality_centered_001.webp,,,,/Users/mansur/universal_study_bot org/images omnis/vocab_images/assets_images/object_hsk7_1064_personality_centered_001.webp
object_hsk7_1073_increasingly_centered_001.webp,,,,/Users/mansur/universal_study_bot org/images omnis/vocab_images/assets_images/object_hsk7_1073_increasingly_centered_001.webp
object_hsk7_1134_must_centered_001.webp,,,,/Users/mansur/universal_study_bot org/images omnis/vocab_images/assets_images/object_hsk7_1134_must_centered_001.webp
object_hsk7_1138_item_centered_001.webp,,,,/Users/mansur/universal_study_bot org/images omnis/vocab_images/assets_images/object_hsk7_1138_item_centered_001.webp
object_hsk7_1143_suitable_centered_001.webp,,,,/Users/mansur/universal_study_bot org/images omnis/vocab_images/assets_images/object_hsk7_1143_suitable_centered_001.webp
object_hsk7_1159_to_establish_centered_001.webp,,,,/Users/mansur/universal_study_bot org/images omnis/vocab_images/assets_images/object_hsk7_1159_to_establish_centered_001.webp
object_hsk7_1186_to_request_centered_001.webp,,,,/Users/mansur/universal_study_bot org/images omnis/vocab_images/assets_images/object_hsk7_1186_to_request_centered_001.webp
object_hsk7_1198_if_centered_001.webp,,,,/Users/mansur/universal_study_bot org/images omnis/vocab_images/assets_images/object_hsk7_1198_if_centered_001.webp
object_hsk7_1208_understanding_centered_001.webp,,,,/Users/mansur/universal_study_bot org/images omnis/vocab_images/assets_images/object_hsk7_1208_understanding_centered_001.webp
object_hsk7_1211_talent_centered_001.webp,,,,/Users/mansur/universal_study_bot org/images omnis/vocab_images/assets_images/object_hsk7_1211_talent_centered_001.webp
object_hsk7_1223_popular_centered_001.webp,,,,/Users/mansur/universal_study_bot org/images omnis/vocab_images/assets_images/object_hsk7_1223_popular_centered_001.webp
object_hsk7_1226_all_centered_001.webp,,,,/Users/mansur/universal_study_bot org/images omnis/vocab_images/assets_images/object_hsk7_1226_all_centered_001.webp
object_hsk7_1242_appearance_centered_001.webp,,,,/Users/mansur/universal_study_bot org/images omnis/vocab_images/assets_images/object_hsk7_1242_appearance_centered_001.webp
object_hsk7_1245_complete_centered_001.webp,,,,/Users/mansur/universal_study_bot org/images omnis/vocab_images/assets_images/object_hsk7_1245_complete_centered_001.webp
object_hsk7_1247_thing_centered_001.webp,,,,/Users/mansur/universal_study_bot org/images omnis/vocab_images/assets_images/object_hsk7_1247_thing_centered_001.webp
object_hsk7_1250_to_save_centered_001.webp,,,,/Users/mansur/universal_study_bot org/images omnis/vocab_images/assets_images/object_hsk7_1250_to_save_centered_001.webp
object_hsk7_1262_only_centered_001.webp,,,,/Users/mansur/universal_study_bot org/images omnis/vocab_images/assets_images/object_hsk7_1262_only_centered_001.webp
object_hsk7_1266_fear_centered_001.webp,,,,/Users/mansur/universal_study_bot org/images omnis/vocab_images/assets_images/object_hsk7_1266_fear_centered_001.webp
object_hsk7_1284_must_centered_001.webp,,,,/Users/mansur/universal_study_bot org/images omnis/vocab_images/assets_images/object_hsk7_1284_must_centered_001.webp
object_hsk7_1306_difference_centered_001.webp,,,,/Users/mansur/universal_study_bot org/images omnis/vocab_images/assets_images/object_hsk7_1306_difference_centered_001.webp
object_hsk7_1312_always_centered_001.webp,,,,/Users/mansur/universal_study_bot org/images omnis/vocab_images/assets_images/object_hsk7_1312_always_centered_001.webp
object_hsk7_1319_benefit_centered_001.webp,,,,/Users/mansur/universal_study_bot org/images omnis/vocab_images/assets_images/object_hsk7_1319_benefit_centered_001.webp
object_hsk7_1330_novel_centered_001.webp,,,,/Users/mansur/universal_study_bot org/images omnis/vocab_images/assets_images/object_hsk7_1330_novel_centered_001.webp
object_hsk7_1331_trust_centered_001.webp,,,,/Users/mansur/universal_study_bot org/images omnis/vocab_images/assets_images/object_hsk7_1331_trust_centered_001.webp
object_hsk7_1343_false_centered_001.webp,,,,/Users/mansur/universal_study_bot org/images omnis/vocab_images/assets_images/object_hsk7_1343_false_centered_001.webp
object_hsk7_1355_theory_centered_001.webp,,,,/Users/mansur/universal_study_bot org/images omnis/vocab_images/assets_images/object_hsk7_1355_theory_centered_001.webp
object_hsk7_1369_speech_centered_001.webp,,,,/Users/mansur/universal_study_bot org/images omnis/vocab_images/assets_images/object_hsk7_1369_speech_centered_001.webp
object_hsk7_1388_key_point_centered_001.webp,,,,/Users/mansur/universal_study_bot org/images omnis/vocab_images/assets_images/object_hsk7_1388_key_point_centered_001.webp
object_hsk7_1399_to_leave_behind_centered_001.webp,,,,/Users/mansur/universal_study_bot org/images omnis/vocab_images/assets_images/object_hsk7_1399_to_leave_behind_centered_001.webp
object_hsk7_1402_to_cause_centered_001.webp,,,,/Users/mansur/universal_study_bot org/images omnis/vocab_images/assets_images/object_hsk7_1402_to_cause_centered_001.webp
object_hsk7_1403_also_centered_001.webp,,,,/Users/mansur/universal_study_bot org/images omnis/vocab_images/assets_images/object_hsk7_1403_also_centered_001.webp
object_hsk7_1420_support_centered_001.webp,,,,/Users/mansur/universal_study_bot org/images omnis/vocab_images/assets_images/object_hsk7_1420_support_centered_001.webp
object_hsk7_1429_like_centered_001.webp,,,,/Users/mansur/universal_study_bot org/images omnis/vocab_images/assets_images/object_hsk7_1429_like_centered_001.webp
object_hsk7_1457_to_care_about_centered_001.webp,,,,/Users/mansur/universal_study_bot org/images omnis/vocab_images/assets_images/object_hsk7_1457_to_care_about_centered_001.webp
object_hsk7_1464_to_add_centered_001.webp,,,,/Users/mansur/universal_study_bot org/images omnis/vocab_images/assets_images/object_hsk7_1464_to_add_centered_001.webp
object_hsk7_1491_serious_centered_001.webp,,,,/Users/mansur/universal_study_bot org/images omnis/vocab_images/assets_images/object_hsk7_1491_serious_centered_001.webp
object_hsk7_1494_fat_centered_001.webp,,,,/Users/mansur/universal_study_bot org/images omnis/vocab_images/assets_images/object_hsk7_1494_fat_centered_001.webp
object_hsk7_1504_speech_centered_001.webp,,,,/Users/mansur/universal_study_bot org/images omnis/vocab_images/assets_images/object_hsk7_1504_speech_centered_001.webp
object_hsk7_1505_to_cause_centered_001.webp,,,,/Users/mansur/universal_study_bot org/images omnis/vocab_images/assets_images/object_hsk7_1505_to_cause_centered_001.webp
object_hsk7_1517_surroundings_centered_001.webp,,,,/Users/mansur/universal_study_bot org/images omnis/vocab_images/assets_images/object_hsk7_1517_surroundings_centered_001.webp
object_hsk7_1565_to_follow_centered_001.webp,,,,/Users/mansur/universal_study_bot org/images omnis/vocab_images/assets_images/object_hsk7_1565_to_follow_centered_001.webp
object_hsk7_1572_door-to-door_centered_001.webp,,,,/Users/mansur/universal_study_bot org/images omnis/vocab_images/assets_images/object_hsk7_1572_door-to-door_centered_001.webp
object_hsk7_1573_cancer_centered_001.webp,,,,/Users/mansur/universal_study_bot org/images omnis/vocab_images/assets_images/object_hsk7_1573_cancer_centered_001.webp
object_hsk7_1578_stability_centered_001.webp,,,,/Users/mansur/universal_study_bot org/images omnis/vocab_images/assets_images/object_hsk7_1578_stability_centered_001.webp
object_hsk7_1600_to_give_up_centered_001.webp,,,,/Users/mansur/universal_study_bot org/images omnis/vocab_images/assets_images/object_hsk7_1600_to_give_up_centered_001.webp
object_hsk7_1607_to_place_centered_001.webp,,,,/Users/mansur/universal_study_bot org/images omnis/vocab_images/assets_images/object_hsk7_1607_to_place_centered_001.webp
object_hsk7_1611_to_pay_respects_centered_001.webp,,,,/Users/mansur/universal_study_bot org/images omnis/vocab_images/assets_images/object_hsk7_1611_to_pay_respects_centered_001.webp
object_hsk7_1616_section_centered_001.webp,,,,/Users/mansur/universal_study_bot org/images omnis/vocab_images/assets_images/object_hsk7_1616_section_centered_001.webp
object_hsk7_1621_on_the_way_centered_001.webp,,,,/Users/mansur/universal_study_bot org/images omnis/vocab_images/assets_images/object_hsk7_1621_on_the_way_centered_001.webp
object_hsk7_1630_to_tie_or_bind_centered_001.webp,,,,/Users/mansur/universal_study_bot org/images omnis/vocab_images/assets_images/object_hsk7_1630_to_tie_or_bind_centered_001.webp
object_hsk7_1632_tolerance_centered_001.webp,,,,/Users/mansur/universal_study_bot org/images omnis/vocab_images/assets_images/object_hsk7_1632_tolerance_centered_001.webp
object_hsk7_1638_treasure_centered_001.webp,,,,/Users/mansur/universal_study_bot org/images omnis/vocab_images/assets_images/object_hsk7_1638_treasure_centered_001.webp
object_hsk7_1653_firecracker_centered_001.webp,,,,/Users/mansur/universal_study_bot org/images omnis/vocab_images/assets_images/object_hsk7_1653_firecracker_centered_001.webp
object_hsk7_1660_back_side_centered_001.webp,,,,/Users/mansur/universal_study_bot org/images omnis/vocab_images/assets_images/object_hsk7_1660_back_side_centered_001.webp
object_hsk7_1665_nature_centered_001.webp,,,,/Users/mansur/universal_study_bot org/images omnis/vocab_images/assets_images/object_hsk7_1665_nature_centered_001.webp
object_hsk7_1673_approaching_centered_001.webp,,,,/Users/mansur/universal_study_bot org/images omnis/vocab_images/assets_images/object_hsk7_1673_approaching_centered_001.webp
object_hsk7_1675_everywhere_centered_001.webp,,,,/Users/mansur/universal_study_bot org/images omnis/vocab_images/assets_images/object_hsk7_1675_everywhere_centered_001.webp
object_hsk7_1678_competition_or_contest_centered_001.webp,,,,/Users/mansur/universal_study_bot org/images omnis/vocab_images/assets_images/object_hsk7_1678_competition_or_contest_centered_001.webp
object_hsk7_1686_number_centered_001.webp,,,,/Users/mansur/universal_study_bot org/images omnis/vocab_images/assets_images/object_hsk7_1686_number_centered_001.webp
object_hsk7_1688_arrangement_centered_001.webp,,,,/Users/mansur/universal_study_bot org/images omnis/vocab_images/assets_images/object_hsk7_1688_arrangement_centered_001.webp
object_hsk7_1689_to_write_centered_001.webp,,,,/Users/mansur/universal_study_bot org/images omnis/vocab_images/assets_images/object_hsk7_1689_to_write_centered_001.webp
object_hsk7_1692_transformation_centered_001.webp,,,,/Users/mansur/universal_study_bot org/images omnis/vocab_images/assets_images/object_hsk7_1692_transformation_centered_001.webp
object_hsk7_1697_convenient_centered_001.webp,,,,/Users/mansur/universal_study_bot org/images omnis/vocab_images/assets_images/object_hsk7_1697_convenient_centered_001.webp
object_hsk7_1699_distinguish_centered_001.webp,,,,/Users/mansur/universal_study_bot org/images omnis/vocab_images/assets_images/object_hsk7_1699_distinguish_centered_001.webp
object_hsk7_1709_expression_centered_001.webp,,,,/Users/mansur/universal_study_bot org/images omnis/vocab_images/assets_images/object_hsk7_1709_expression_centered_001.webp
object_hsk7_1716_coastal_centered_001.webp,,,,/Users/mansur/universal_study_bot org/images omnis/vocab_images/assets_images/object_hsk7_1716_coastal_centered_001.webp
object_hsk7_1717_colorful_centered_001.webp,,,,/Users/mansur/universal_study_bot org/images omnis/vocab_images/assets_images/object_hsk7_1717_colorful_centered_001.webp
object_hsk7_1724_symptom_centered_001.webp,,,,/Users/mansur/universal_study_bot org/images omnis/vocab_images/assets_images/object_hsk7_1724_symptom_centered_001.webp
object_hsk7_1729_setback_centered_001.webp,,,,/Users/mansur/universal_study_bot org/images omnis/vocab_images/assets_images/object_hsk7_1729_setback_centered_001.webp
object_hsk7_1746_supply_centered_001.webp,,,,/Users/mansur/universal_study_bot org/images omnis/vocab_images/assets_images/object_hsk7_1746_supply_centered_001.webp
object_hsk7_1758_inevitable_centered_001.webp,,,,/Users/mansur/universal_study_bot org/images omnis/vocab_images/assets_images/object_hsk7_1758_inevitable_centered_001.webp
object_hsk7_1760_ignore_centered_001.webp,,,,/Users/mansur/universal_study_bot org/images omnis/vocab_images/assets_images/object_hsk7_1760_ignore_centered_001.webp
object_hsk7_1777_not_allowed_centered_001.webp,,,,/Users/mansur/universal_study_bot org/images omnis/vocab_images/assets_images/object_hsk7_1777_not_allowed_centered_001.webp
object_hsk7_1779_component_centered_001.webp,,,,/Users/mansur/universal_study_bot org/images omnis/vocab_images/assets_images/object_hsk7_1779_component_centered_001.webp
object_hsk7_1781_speculation_centered_001.webp,,,,/Users/mansur/universal_study_bot org/images omnis/vocab_images/assets_images/object_hsk7_1781_speculation_centered_001.webp
object_hsk7_1782_talent_centered_001.webp,,,,/Users/mansur/universal_study_bot org/images omnis/vocab_images/assets_images/object_hsk7_1782_talent_centered_001.webp
object_hsk7_1786_to_cut_centered_001.webp,,,,/Users/mansur/universal_study_bot org/images omnis/vocab_images/assets_images/object_hsk7_1786_to_cut_centered_001.webp
object_hsk7_1790_mining_centered_001.webp,,,,/Users/mansur/universal_study_bot org/images omnis/vocab_images/assets_images/object_hsk7_1790_mining_centered_001.webp
object_hsk7_1801_severe_centered_001.webp,,,,/Users/mansur/universal_study_bot org/images omnis/vocab_images/assets_images/object_hsk7_1801_severe_centered_001.webp
object_hsk7_1802_fly_centered_001.webp,,,,/Users/mansur/universal_study_bot org/images omnis/vocab_images/assets_images/object_hsk7_1802_fly_centered_001.webp
object_hsk7_1804_to_hide_centered_001.webp,,,,/Users/mansur/universal_study_bot org/images omnis/vocab_images/assets_images/object_hsk7_1804_to_hide_centered_001.webp
object_hsk7_1807_control_centered_001.webp,,,,/Users/mansur/universal_study_bot org/images omnis/vocab_images/assets_images/object_hsk7_1807_control_centered_001.webp
object_hsk7_1810_emphasis_centered_001.webp,,,,/Users/mansur/universal_study_bot org/images omnis/vocab_images/assets_images/object_hsk7_1810_emphasis_centered_001.webp
object_hsk7_1813_error_centered_001.webp,,,,/Users/mansur/universal_study_bot org/images omnis/vocab_images/assets_images/object_hsk7_1813_error_centered_001.webp
object_hsk7_1822_to_search_centered_001.webp,,,,/Users/mansur/universal_study_bot org/images omnis/vocab_images/assets_images/object_hsk7_1822_to_search_centered_001.webp
object_hsk7_1827_to_wind_around_centered_001.webp,,,,/Users/mansur/universal_study_bot org/images omnis/vocab_images/assets_images/object_hsk7_1827_to_wind_around_centered_001.webp
object_hsk7_1828_to_produce_centered_001.webp,,,,/Users/mansur/universal_study_bot org/images omnis/vocab_images/assets_images/object_hsk7_1828_to_produce_centered_001.webp
object_hsk7_1830_product_centered_001.webp,,,,/Users/mansur/universal_study_bot org/images omnis/vocab_images/assets_images/object_hsk7_1830_product_centered_001.webp
object_hsk7_1858_wheel_centered_001.webp,,,,/Users/mansur/universal_study_bot org/images omnis/vocab_images/assets_images/object_hsk7_1858_wheel_centered_001.webp
object_hsk7_1869_addicted_centered_001.webp,,,,/Users/mansur/universal_study_bot org/images omnis/vocab_images/assets_images/object_hsk7_1869_addicted_centered_001.webp
object_hsk7_1874_to_be_called_centered_001.webp,,,,/Users/mansur/universal_study_bot org/images omnis/vocab_images/assets_images/object_hsk7_1874_to_be_called_centered_001.webp
object_hsk7_1877_adult_centered_001.webp,,,,/Users/mansur/universal_study_bot org/images omnis/vocab_images/assets_images/object_hsk7_1877_adult_centered_001.webp
object_hsk7_1887_punishment_centered_001.webp,,,,/Users/mansur/universal_study_bot org/images omnis/vocab_images/assets_images/object_hsk7_1887_punishment_centered_001.webp
object_hsk7_1899_perseverance_centered_001.webp,,,,/Users/mansur/universal_study_bot org/images omnis/vocab_images/assets_images/object_hsk7_1899_perseverance_centered_001.webp
object_hsk7_1910_overlap_centered_001.webp,,,,/Users/mansur/universal_study_bot org/images omnis/vocab_images/assets_images/object_hsk7_1910_overlap_centered_001.webp
object_hsk7_1913_to_advocate_centered_001.webp,,,,/Users/mansur/universal_study_bot org/images omnis/vocab_images/assets_images/object_hsk7_1913_to_advocate_centered_001.webp
object_hsk7_1918_hatred_centered_001.webp,,,,/Users/mansur/universal_study_bot org/images omnis/vocab_images/assets_images/object_hsk7_1918_hatred_centered_001.webp
object_hsk7_1919_enemy_centered_001.webp,,,,/Users/mansur/universal_study_bot org/images omnis/vocab_images/assets_images/object_hsk7_1919_enemy_centered_001.webp
object_hsk7_1925_planning_centered_001.webp,,,,/Users/mansur/universal_study_bot org/images omnis/vocab_images/assets_images/object_hsk7_1925_planning_centered_001.webp
object_hsk7_1928_ugly_centered_001.webp,,,,/Users/mansur/universal_study_bot org/images omnis/vocab_images/assets_images/object_hsk7_1928_ugly_centered_001.webp
object_hsk7_1936_to_show_off_centered_001.webp,,,,/Users/mansur/universal_study_bot org/images omnis/vocab_images/assets_images/object_hsk7_1936_to_show_off_centered_001.webp
object_hsk7_1939_issue_centered_001.webp,,,,/Users/mansur/universal_study_bot org/images omnis/vocab_images/assets_images/object_hsk7_1939_issue_centered_001.webp
object_hsk7_1941_to_malfunction_centered_001.webp,,,,/Users/mansur/universal_study_bot org/images omnis/vocab_images/assets_images/object_hsk7_1941_to_malfunction_centered_001.webp
object_hsk7_1953_outstanding_centered_001.webp,,,,/Users/mansur/universal_study_bot org/images omnis/vocab_images/assets_images/object_hsk7_1953_outstanding_centered_001.webp
object_hsk7_1961_remove_centered_001.webp,,,,/Users/mansur/universal_study_bot org/images omnis/vocab_images/assets_images/object_hsk7_1961_remove_centered_001.webp
object_hsk7_1966_touch_centered_001.webp,,,,/Users/mansur/universal_study_bot org/images omnis/vocab_images/assets_images/object_hsk7_1966_touch_centered_001.webp
object_hsk7_1969_speculation_centered_001.webp,,,,/Users/mansur/universal_study_bot org/images omnis/vocab_images/assets_images/object_hsk7_1969_speculation_centered_001.webp
object_hsk7_1972_to_pass_through_centered_001.webp,,,,/Users/mansur/universal_study_bot org/images omnis/vocab_images/assets_images/object_hsk7_1972_to_pass_through_centered_001.webp
object_hsk7_1974_clothing_centered_001.webp,,,,/Users/mansur/universal_study_bot org/images omnis/vocab_images/assets_images/object_hsk7_1974_clothing_centered_001.webp
object_hsk7_1975_inheritance_centered_001.webp,,,,/Users/mansur/universal_study_bot org/images omnis/vocab_images/assets_images/object_hsk7_1975_inheritance_centered_001.webp
object_hsk7_1976_legend_centered_001.webp,,,,/Users/mansur/universal_study_bot org/images omnis/vocab_images/assets_images/object_hsk7_1976_legend_centered_001.webp
object_hsk7_1979_rumor_centered_001.webp,,,,/Users/mansur/universal_study_bot org/images omnis/vocab_images/assets_images/object_hsk7_1979_rumor_centered_001.webp
object_hsk7_1986_to_create_centered_001.webp,,,,/Users/mansur/universal_study_bot org/images omnis/vocab_images/assets_images/object_hsk7_1986_to_create_centered_001.webp
object_hsk7_1993_simple_and_honest_centered_001.webp,,,,/Users/mansur/universal_study_bot org/images omnis/vocab_images/assets_images/object_hsk7_1993_simple_and_honest_centered_001.webp
object_hsk7_1995_foolish_centered_001.webp,,,,/Users/mansur/universal_study_bot org/images omnis/vocab_images/assets_images/object_hsk7_1995_foolish_centered_001.webp
object_hsk7_1999_ceramics_centered_001.webp,,,,/Users/mansur/universal_study_bot org/images omnis/vocab_images/assets_images/object_hsk7_1999_ceramics_centered_001.webp
object_hsk7_2000_word_or_phrase_centered_001.webp,,,,/Users/mansur/universal_study_bot org/images omnis/vocab_images/assets_images/object_hsk7_2000_word_or_phrase_centered_001.webp
object_hsk7_2003_dismissal_centered_001.webp,,,,/Users/mansur/universal_study_bot org/images omnis/vocab_images/assets_images/object_hsk7_2003_dismissal_centered_001.webp
object_hsk7_2006_rise_and_fall_centered_001.webp,,,,/Users/mansur/universal_study_bot org/images omnis/vocab_images/assets_images/object_hsk7_2006_rise_and_fall_centered_001.webp
object_hsk7_2010_embroidery_centered_001.webp,,,,/Users/mansur/universal_study_bot org/images omnis/vocab_images/assets_images/object_hsk7_2010_embroidery_centered_001.webp
object_hsk7_2015_from_now_on_centered_001.webp,,,,/Users/mansur/universal_study_bot org/images omnis/vocab_images/assets_images/object_hsk7_2015_from_now_on_centered_001.webp
object_hsk7_2016_never_centered_001.webp,,,,/Users/mansur/universal_study_bot org/images omnis/vocab_images/assets_images/object_hsk7_2016_never_centered_001.webp
object_hsk7_2019_never_centered_001.webp,,,,/Users/mansur/universal_study_bot org/images omnis/vocab_images/assets_images/object_hsk7_2019_never_centered_001.webp
object_hsk7_2024_by_chance_centered_001.webp,,,,/Users/mansur/universal_study_bot org/images omnis/vocab_images/assets_images/object_hsk7_2024_by_chance_centered_001.webp
object_hsk7_2026_rough_centered_001.webp,,,,/Users/mansur/universal_study_bot org/images omnis/vocab_images/assets_images/object_hsk7_2026_rough_centered_001.webp
object_hsk7_2032_destroy_centered_001.webp,,,,/Users/mansur/universal_study_bot org/images omnis/vocab_images/assets_images/object_hsk7_2032_destroy_centered_001.webp
object_hsk7_2034_to_store_centered_001.webp,,,,/Users/mansur/universal_study_bot org/images omnis/vocab_images/assets_images/object_hsk7_2034_to_store_centered_001.webp
object_hsk7_2035_intention_centered_001.webp,,,,/Users/mansur/universal_study_bot org/images omnis/vocab_images/assets_images/object_hsk7_2035_intention_centered_001.webp
object_hsk7_2042_to_take_a_vehicle_centered_001.webp,,,,/Users/mansur/universal_study_bot org/images omnis/vocab_images/assets_images/object_hsk7_2042_to_take_a_vehicle_centered_001.webp
object_hsk7_2046_to_overthrow_centered_001.webp,,,,/Users/mansur/universal_study_bot org/images omnis/vocab_images/assets_images/object_hsk7_2046_to_overthrow_centered_001.webp
object_hsk7_2048_disturb_centered_001.webp,,,,/Users/mansur/universal_study_bot org/images omnis/vocab_images/assets_images/object_hsk7_2048_disturb_centered_001.webp
object_hsk7_2056_the_earth_centered_001.webp,,,,/Users/mansur/universal_study_bot org/images omnis/vocab_images/assets_images/object_hsk7_2056_the_earth_centered_001.webp
object_hsk7_2070_atmosphere_centered_001.webp,,,,/Users/mansur/universal_study_bot org/images omnis/vocab_images/assets_images/object_hsk7_2070_atmosphere_centered_001.webp
object_hsk7_2072_generally_centered_001.webp,,,,/Users/mansur/universal_study_bot org/images omnis/vocab_images/assets_images/object_hsk7_2072_generally_centered_001.webp
object_hsk7_2081_agent_centered_001.webp,,,,/Users/mansur/universal_study_bot org/images omnis/vocab_images/assets_images/object_hsk7_2081_agent_centered_001.webp
object_hsk7_2085_take_the_lead_centered_001.webp,,,,/Users/mansur/universal_study_bot org/images omnis/vocab_images/assets_images/object_hsk7_2085_take_the_lead_centered_001.webp
object_hsk7_2086_leader_centered_001.webp,,,,/Users/mansur/universal_study_bot org/images omnis/vocab_images/assets_images/object_hsk7_2086_leader_centered_001.webp
object_hsk7_2087_to_wait_centered_001.webp,,,,/Users/mansur/universal_study_bot org/images omnis/vocab_images/assets_images/object_hsk7_2087_to_wait_centered_001.webp
object_hsk7_2091_to_bear_responsibility_centered_001.webp,,,,/Users/mansur/universal_study_bot org/images omnis/vocab_images/assets_images/object_hsk7_2091_to_bear_responsibility_centered_001.webp
object_hsk7_2092_one-sided_centered_001.webp,,,,/Users/mansur/universal_study_bot org/images omnis/vocab_images/assets_images/object_hsk7_2092_one-sided_centered_001.webp
object_hsk7_2094_one-sided_centered_001.webp,,,,/Users/mansur/universal_study_bot org/images omnis/vocab_images/assets_images/object_hsk7_2094_one-sided_centered_001.webp
object_hsk7_2095_single_centered_001.webp,,,,/Users/mansur/universal_study_bot org/images omnis/vocab_images/assets_images/object_hsk7_2095_single_centered_001.webp
object_hsk7_2102_immediately_centered_001.webp,,,,/Users/mansur/universal_study_bot org/images omnis/vocab_images/assets_images/object_hsk7_2102_immediately_centered_001.webp
object_hsk7_2103_nowadays_centered_001.webp,,,,/Users/mansur/universal_study_bot org/images omnis/vocab_images/assets_images/object_hsk7_2103_nowadays_centered_001.webp
object_hsk7_2106_in_front_of_centered_001.webp,,,,/Users/mansur/universal_study_bot org/images omnis/vocab_images/assets_images/object_hsk7_2106_in_front_of_centered_001.webp
object_hsk7_2115_collapse_centered_001.webp,,,,/Users/mansur/universal_study_bot org/images omnis/vocab_images/assets_images/object_hsk7_2115_collapse_centered_001.webp
object_hsk7_2116_fall_down_centered_001.webp,,,,/Users/mansur/universal_study_bot org/images omnis/vocab_images/assets_images/object_hsk7_2116_fall_down_centered_001.webp
object_hsk7_2117_in_the_end_centered_001.webp,,,,/Users/mansur/universal_study_bot org/images omnis/vocab_images/assets_images/object_hsk7_2117_in_the_end_centered_001.webp
object_hsk7_2121_to_steal_centered_001.webp,,,,/Users/mansur/universal_study_bot org/images omnis/vocab_images/assets_images/object_hsk7_2121_to_steal_centered_001.webp
object_hsk7_2124_straw_centered_001.webp,,,,/Users/mansur/universal_study_bot org/images omnis/vocab_images/assets_images/object_hsk7_2124_straw_centered_001.webp
object_hsk7_2125_appropriate_centered_001.webp,,,,/Users/mansur/universal_study_bot org/images omnis/vocab_images/assets_images/object_hsk7_2125_appropriate_centered_001.webp
object_hsk7_2128_appropriate_centered_001.webp,,,,/Users/mansur/universal_study_bot org/images omnis/vocab_images/assets_images/object_hsk7_2128_appropriate_centered_001.webp
object_hsk7_2142_below_centered_001.webp,,,,/Users/mansur/universal_study_bot org/images omnis/vocab_images/assets_images/object_hsk7_2142_below_centered_001.webp
object_hsk7_2146_conflict_centered_001.webp,,,,/Users/mansur/universal_study_bot org/images omnis/vocab_images/assets_images/object_hsk7_2146_conflict_centered_001.webp
object_hsk7_2158_region_centered_001.webp,,,,/Users/mansur/universal_study_bot org/images omnis/vocab_images/assets_images/object_hsk7_2158_region_centered_001.webp
object_hsk7_2165_overthrow_centered_001.webp,,,,/Users/mansur/universal_study_bot org/images omnis/vocab_images/assets_images/object_hsk7_2165_overthrow_centered_001.webp
object_hsk7_2166_peak_centered_001.webp,,,,/Users/mansur/universal_study_bot org/images omnis/vocab_images/assets_images/object_hsk7_2166_peak_centered_001.webp
object_hsk7_2167_model_centered_001.webp,,,,/Users/mansur/universal_study_bot org/images omnis/vocab_images/assets_images/object_hsk7_2167_model_centered_001.webp
object_hsk7_2171_idea_centered_001.webp,,,,/Users/mansur/universal_study_bot org/images omnis/vocab_images/assets_images/object_hsk7_2171_idea_centered_001.webp
object_hsk7_2182_to_make_things_difficult_centered_001.webp,,,,/Users/mansur/universal_study_bot org/images omnis/vocab_images/assets_images/object_hsk7_2182_to_make_things_difficult_centered_001.webp
object_hsk7_2183_carving_centered_001.webp,,,,/Users/mansur/universal_study_bot org/images omnis/vocab_images/assets_images/object_hsk7_2183_carving_centered_001.webp
object_hsk7_2184_revoke_centered_001.webp,,,,/Users/mansur/universal_study_bot org/images omnis/vocab_images/assets_images/object_hsk7_2184_revoke_centered_001.webp
object_hsk7_2189_dad_centered_001.webp,,,,/Users/mansur/universal_study_bot org/images omnis/vocab_images/assets_images/object_hsk7_2189_dad_centered_001.webp
object_hsk7_2192_nail_centered_001.webp,,,,/Users/mansur/universal_study_bot org/images omnis/vocab_images/assets_images/object_hsk7_2192_nail_centered_001.webp
object_hsk7_2196_order_centered_001.webp,,,,/Users/mansur/universal_study_bot org/images omnis/vocab_images/assets_images/object_hsk7_2196_order_centered_001.webp
object_hsk7_2197_order_centered_001.webp,,,,/Users/mansur/universal_study_bot org/images omnis/vocab_images/assets_images/object_hsk7_2197_order_centered_001.webp
object_hsk7_2200_nail_centered_001.webp,,,,/Users/mansur/universal_study_bot org/images omnis/vocab_images/assets_images/object_hsk7_2200_nail_centered_001.webp
object_hsk7_2201_deposit_centered_001.webp,,,,/Users/mansur/universal_study_bot org/images omnis/vocab_images/assets_images/object_hsk7_2201_deposit_centered_001.webp
object_hsk7_2203_conclusion_centered_001.webp,,,,/Users/mansur/universal_study_bot org/images omnis/vocab_images/assets_images/object_hsk7_2203_conclusion_centered_001.webp
object_hsk7_2208_to_throw_away_centered_001.webp,,,,/Users/mansur/universal_study_bot org/images omnis/vocab_images/assets_images/object_hsk7_2208_to_throw_away_centered_001.webp
object_hsk7_2209_to_lose_face_centered_001.webp,,,,/Users/mansur/universal_study_bot org/images omnis/vocab_images/assets_images/object_hsk7_2209_to_lose_face_centered_001.webp
object_hsk7_2213_director_centered_001.webp,,,,/Users/mansur/universal_study_bot org/images omnis/vocab_images/assets_images/object_hsk7_2213_director_centered_001.webp
object_hsk7_2221_trend_centered_001.webp,,,,/Users/mansur/universal_study_bot org/images omnis/vocab_images/assets_images/object_hsk7_2221_trend_centered_001.webp
object_hsk7_2222_to_utilize_centered_001.webp,,,,/Users/mansur/universal_study_bot org/images omnis/vocab_images/assets_images/object_hsk7_2222_to_utilize_centered_001.webp
object_hsk7_2224_pocket_centered_001.webp,,,,/Users/mansur/universal_study_bot org/images omnis/vocab_images/assets_images/object_hsk7_2224_pocket_centered_001.webp
object_hsk7_2226_shake_centered_001.webp,,,,/Users/mansur/universal_study_bot org/images omnis/vocab_images/assets_images/object_hsk7_2226_shake_centered_001.webp
object_hsk7_2233_alone_centered_001.webp,,,,/Users/mansur/universal_study_bot org/images omnis/vocab_images/assets_images/object_hsk7_2233_alone_centered_001.webp
object_hsk7_2237_single_centered_001.webp,,,,/Users/mansur/universal_study_bot org/images omnis/vocab_images/assets_images/object_hsk7_2237_single_centered_001.webp
object_hsk7_2239_jealousy_centered_001.webp,,,,/Users/mansur/universal_study_bot org/images omnis/vocab_images/assets_images/object_hsk7_2239_jealousy_centered_001.webp
object_hsk7_2240_vacation_centered_001.webp,,,,/Users/mansur/universal_study_bot org/images omnis/vocab_images/assets_images/object_hsk7_2240_vacation_centered_001.webp
object_hsk7_2248_formation_centered_001.webp,,,,/Users/mansur/universal_study_bot org/images omnis/vocab_images/assets_images/object_hsk7_2248_formation_centered_001.webp
object_hsk7_2249_dialogue_centered_001.webp,,,,/Users/mansur/universal_study_bot org/images omnis/vocab_images/assets_images/object_hsk7_2249_dialogue_centered_001.webp
object_hsk7_2252_confrontation_centered_001.webp,,,,/Users/mansur/universal_study_bot org/images omnis/vocab_images/assets_images/object_hsk7_2252_confrontation_centered_001.webp
object_hsk7_2289_to_excavate_centered_001.webp,,,,/Users/mansur/universal_study_bot org/images omnis/vocab_images/assets_images/object_hsk7_2289_to_excavate_centered_001.webp
object_hsk7_2293_fever_centered_001.webp,,,,/Users/mansur/universal_study_bot org/images omnis/vocab_images/assets_images/object_hsk7_2293_fever_centered_001.webp
object_hsk7_2295_promote_and_develop_centered_001.webp,,,,/Users/mansur/universal_study_bot org/images omnis/vocab_images/assets_images/object_hsk7_2295_promote_and_develop_centered_001.webp
object_hsk7_2297_outbreak_centered_001.webp,,,,/Users/mansur/universal_study_bot org/images omnis/vocab_images/assets_images/object_hsk7_2297_outbreak_centered_001.webp
object_hsk7_2305_all_centered_001.webp,,,,/Users/mansur/universal_study_bot org/images omnis/vocab_images/assets_images/object_hsk7_2305_all_centered_001.webp
object_hsk7_2310_on_the_contrary_centered_001.webp,,,,/Users/mansur/universal_study_bot org/images omnis/vocab_images/assets_images/object_hsk7_2310_on_the_contrary_centered_001.webp
object_hsk7_2314_self-reflection_centered_001.webp,,,,/Users/mansur/universal_study_bot org/images omnis/vocab_images/assets_images/object_hsk7_2314_self-reflection_centered_001.webp
object_hsk7_2315_return_centered_001.webp,,,,/Users/mansur/universal_study_bot org/images omnis/vocab_images/assets_images/object_hsk7_2315_return_centered_001.webp
object_hsk7_2322_protection_centered_001.webp,,,,/Users/mansur/universal_study_bot org/images omnis/vocab_images/assets_images/object_hsk7_2322_protection_centered_001.webp
object_hsk7_2324_defense_centered_001.webp,,,,/Users/mansur/universal_study_bot org/images omnis/vocab_images/assets_images/object_hsk7_2324_defense_centered_001.webp
object_hsk7_2327_interference_centered_001.webp,,,,/Users/mansur/universal_study_bot org/images omnis/vocab_images/assets_images/object_hsk7_2327_interference_centered_001.webp
object_hsk7_2331_interview_centered_001.webp,,,,/Users/mansur/universal_study_bot org/images omnis/vocab_images/assets_images/object_hsk7_2331_interview_centered_001.webp
object_hsk7_2335_screening_centered_001.webp,,,,/Users/mansur/universal_study_bot org/images omnis/vocab_images/assets_images/object_hsk7_2335_screening_centered_001.webp
object_hsk7_2336_to_place_centered_001.webp,,,,/Users/mansur/universal_study_bot org/images omnis/vocab_images/assets_images/object_hsk7_2336_to_place_centered_001.webp
object_hsk7_2339_fly_to_centered_001.webp,,,,/Users/mansur/universal_study_bot org/images omnis/vocab_images/assets_images/object_hsk7_2339_fly_to_centered_001.webp
object_hsk7_2340_must_centered_001.webp,,,,/Users/mansur/universal_study_bot org/images omnis/vocab_images/assets_images/object_hsk7_2340_must_centered_001.webp
object_hsk7_2341_extraordinary_centered_001.webp,,,,/Users/mansur/universal_study_bot org/images omnis/vocab_images/assets_images/object_hsk7_2341_extraordinary_centered_001.webp
object_hsk7_2345_waste_centered_001.webp,,,,/Users/mansur/universal_study_bot org/images omnis/vocab_images/assets_images/object_hsk7_2345_waste_centered_001.webp
object_hsk7_2347_waste_centered_001.webp,,,,/Users/mansur/universal_study_bot org/images omnis/vocab_images/assets_images/object_hsk7_2347_waste_centered_001.webp
object_hsk7_2351_division_centered_001.webp,,,,/Users/mansur/universal_study_bot org/images omnis/vocab_images/assets_images/object_hsk7_2351_division_centered_001.webp
object_hsk7_2354_branch_centered_001.webp,,,,/Users/mansur/universal_study_bot org/images omnis/vocab_images/assets_images/object_hsk7_2354_branch_centered_001.webp
object_hsk7_2356_atmosphere_centered_001.webp,,,,/Users/mansur/universal_study_bot org/images omnis/vocab_images/assets_images/object_hsk7_2356_atmosphere_centered_001.webp
object_hsk7_2357_grave_centered_001.webp,,,,/Users/mansur/universal_study_bot org/images omnis/vocab_images/assets_images/object_hsk7_2357_grave_centered_001.webp
object_hsk7_2361_extraordinary_centered_001.webp,,,,/Users/mansur/universal_study_bot org/images omnis/vocab_images/assets_images/object_hsk7_2361_extraordinary_centered_001.webp
object_hsk7_2362_share_centered_001.webp,,,,/Users/mansur/universal_study_bot org/images omnis/vocab_images/assets_images/object_hsk7_2362_share_centered_001.webp
object_hsk7_2363_strive_hard_centered_001.webp,,,,/Users/mansur/universal_study_bot org/images omnis/vocab_images/assets_images/object_hsk7_2363_strive_hard_centered_001.webp
object_hsk7_2371_elegance_and_charm_centered_001.webp,,,,/Users/mansur/universal_study_bot org/images omnis/vocab_images/assets_images/object_hsk7_2371_elegance_and_charm_centered_001.webp
object_hsk7_2388_cover_centered_001.webp,,,,/Users/mansur/universal_study_bot org/images omnis/vocab_images/assets_images/object_hsk7_2388_cover_centered_001.webp
object_hsk7_2402_capture_centered_001.webp,,,,/Users/mansur/universal_study_bot org/images omnis/vocab_images/assets_images/object_hsk7_2402_capture_centered_001.webp
object_hsk7_2410_corruption_centered_001.webp,,,,/Users/mansur/universal_study_bot org/images omnis/vocab_images/assets_images/object_hsk7_2410_corruption_centered_001.webp
object_hsk7_2411_payment_centered_001.webp,,,,/Users/mansur/universal_study_bot org/images omnis/vocab_images/assets_images/object_hsk7_2411_payment_centered_001.webp
object_hsk7_2412_negative_centered_001.webp,,,,/Users/mansur/universal_study_bot org/images omnis/vocab_images/assets_images/object_hsk7_2412_negative_centered_001.webp
object_hsk7_2413_to_bear_responsibility_centered_001.webp,,,,/Users/mansur/universal_study_bot org/images omnis/vocab_images/assets_images/object_hsk7_2413_to_bear_responsibility_centered_001.webp
object_hsk7_2417_to_go_to_centered_001.webp,,,,/Users/mansur/universal_study_bot org/images omnis/vocab_images/assets_images/object_hsk7_2417_to_go_to_centered_001.webp
object_hsk7_2430_adaptation_centered_001.webp,,,,/Users/mansur/universal_study_bot org/images omnis/vocab_images/assets_images/object_hsk7_2430_adaptation_centered_001.webp
object_hsk7_2435_change_to_centered_001.webp,,,,/Users/mansur/universal_study_bot org/images omnis/vocab_images/assets_images/object_hsk7_2435_change_to_centered_001.webp
object_hsk7_2440_introduction_centered_001.webp,,,,/Users/mansur/universal_study_bot org/images omnis/vocab_images/assets_images/object_hsk7_2440_introduction_centered_001.webp
object_hsk7_2447_feeling_centered_001.webp,,,,/Users/mansur/universal_study_bot org/images omnis/vocab_images/assets_images/object_hsk7_2447_feeling_centered_001.webp
object_hsk7_2456_outline_centered_001.webp,,,,/Users/mansur/universal_study_bot org/images omnis/vocab_images/assets_images/object_hsk7_2456_outline_centered_001.webp
object_hsk7_2459_port_centered_001.webp,,,,/Users/mansur/universal_study_bot org/images omnis/vocab_images/assets_images/object_hsk7_2459_port_centered_001.webp
object_hsk7_2468_noble_centered_001.webp,,,,/Users/mansur/universal_study_bot org/images omnis/vocab_images/assets_images/object_hsk7_2468_noble_centered_001.webp
object_hsk7_2476_elegant_centered_001.webp,,,,/Users/mansur/universal_study_bot org/images omnis/vocab_images/assets_images/object_hsk7_2476_elegant_centered_001.webp
object_hsk7_2480_notice_centered_001.webp,,,,/Users/mansur/universal_study_bot org/images omnis/vocab_images/assets_images/object_hsk7_2480_notice_centered_001.webp
object_hsk7_2491_case_centered_001.webp,,,,/Users/mansur/universal_study_bot org/images omnis/vocab_images/assets_images/object_hsk7_2491_case_centered_001.webp
object_hsk7_2499_change_centered_001.webp,,,,/Users/mansur/universal_study_bot org/images omnis/vocab_images/assets_images/object_hsk7_2499_change_centered_001.webp
object_hsk7_2509_bow_centered_001.webp,,,,/Users/mansur/universal_study_bot org/images omnis/vocab_images/assets_images/object_hsk7_2509_bow_centered_001.webp
object_hsk7_2517_public_centered_001.webp,,,,/Users/mansur/universal_study_bot org/images omnis/vocab_images/assets_images/object_hsk7_2517_public_centered_001.webp
object_hsk7_2526_agreement_centered_001.webp,,,,/Users/mansur/universal_study_bot org/images omnis/vocab_images/assets_images/object_hsk7_2526_agreement_centered_001.webp
object_hsk7_2528_achievement_centered_001.webp,,,,/Users/mansur/universal_study_bot org/images omnis/vocab_images/assets_images/object_hsk7_2528_achievement_centered_001.webp
object_hsk7_2531_skill_or_ability_centered_001.webp,,,,/Users/mansur/universal_study_bot org/images omnis/vocab_images/assets_images/object_hsk7_2531_skill_or_ability_centered_001.webp
object_hsk7_2533_to_attack_centered_001.webp,,,,/Users/mansur/universal_study_bot org/images omnis/vocab_images/assets_images/object_hsk7_2533_to_attack_centered_001.webp
object_hsk7_2536_to_provide_centered_001.webp,,,,/Users/mansur/universal_study_bot org/images omnis/vocab_images/assets_images/object_hsk7_2536_to_provide_centered_001.webp
object_hsk7_2537_heating_centered_001.webp,,,,/Users/mansur/universal_study_bot org/images omnis/vocab_images/assets_images/object_hsk7_2537_heating_centered_001.webp
object_hsk7_2543_community_centered_001.webp,,,,/Users/mansur/universal_study_bot org/images omnis/vocab_images/assets_images/object_hsk7_2543_community_centered_001.webp
object_hsk7_2546_hook_centered_001.webp,,,,/Users/mansur/universal_study_bot org/images omnis/vocab_images/assets_images/object_hsk7_2546_hook_centered_001.webp
object_hsk7_2548_hook_centered_001.webp,,,,/Users/mansur/universal_study_bot org/images omnis/vocab_images/assets_images/object_hsk7_2548_hook_centered_001.webp
object_hsk7_2549_conceptualization_centered_001.webp,,,,/Users/mansur/universal_study_bot org/images omnis/vocab_images/assets_images/object_hsk7_2549_conceptualization_centered_001.webp
object_hsk7_2550_purchase_centered_001.webp,,,,/Users/mansur/universal_study_bot org/images omnis/vocab_images/assets_images/object_hsk7_2550_purchase_centered_001.webp
object_hsk7_2552_estimate_centered_001.webp,,,,/Users/mansur/universal_study_bot org/images omnis/vocab_images/assets_images/object_hsk7_2552_estimate_centered_001.webp
object_hsk7_2565_cause_centered_001.webp,,,,/Users/mansur/universal_study_bot org/images omnis/vocab_images/assets_images/object_hsk7_2565_cause_centered_001.webp
object_hsk7_2571_employee_centered_001.webp,,,,/Users/mansur/universal_study_bot org/images omnis/vocab_images/assets_images/object_hsk7_2571_employee_centered_001.webp
object_hsk7_2576_hook_centered_001.webp,,,,/Users/mansur/universal_study_bot org/images omnis/vocab_images/assets_images/object_hsk7_2576_hook_centered_001.webp
object_hsk7_2581_strange_centered_001.webp,,,,/Users/mansur/universal_study_bot org/images omnis/vocab_images/assets_images/object_hsk7_2581_strange_centered_001.webp
object_hsk7_2586_observation_centered_001.webp,,,,/Users/mansur/universal_study_bot org/images omnis/vocab_images/assets_images/object_hsk7_2586_observation_centered_001.webp
object_hsk7_2595_official_centered_001.webp,,,,/Users/mansur/universal_study_bot org/images omnis/vocab_images/assets_images/object_hsk7_2595_official_centered_001.webp
object_hsk7_2598_discipline_centered_001.webp,,,,/Users/mansur/universal_study_bot org/images omnis/vocab_images/assets_images/object_hsk7_2598_discipline_centered_001.webp
object_hsk7_2600_effective_centered_001.webp,,,,/Users/mansur/universal_study_bot org/images omnis/vocab_images/assets_images/object_hsk7_2600_effective_centered_001.webp
object_hsk7_2608_compact_disc_centered_001.webp,,,,/Users/mansur/universal_study_bot org/images omnis/vocab_images/assets_images/object_hsk7_2608_compact_disc_centered_001.webp
object_hsk7_2618_home_centered_001.webp,,,,/Users/mansur/universal_study_bot org/images omnis/vocab_images/assets_images/object_hsk7_2618_home_centered_001.webp
object_hsk7_2620_daughter_centered_001.webp,,,,/Users/mansur/universal_study_bot org/images omnis/vocab_images/assets_images/object_hsk7_2620_daughter_centered_001.webp
object_hsk7_2627_stick_centered_001.webp,,,,/Users/mansur/universal_study_bot org/images omnis/vocab_images/assets_images/object_hsk7_2627_stick_centered_001.webp
object_hsk7_2628_stick_centered_001.webp,,,,/Users/mansur/universal_study_bot org/images omnis/vocab_images/assets_images/object_hsk7_2628_stick_centered_001.webp
object_hsk7_2633_territory_centered_001.webp,,,,/Users/mansur/universal_study_bot org/images omnis/vocab_images/assets_images/object_hsk7_2633_territory_centered_001.webp
object_hsk7_2637_indeed_centered_001.webp,,,,/Users/mansur/universal_study_bot org/images omnis/vocab_images/assets_images/object_hsk7_2637_indeed_centered_001.webp
object_hsk7_2642_corridor_centered_001.webp,,,,/Users/mansur/universal_study_bot org/images omnis/vocab_images/assets_images/object_hsk7_2642_corridor_centered_001.webp
object_hsk7_2649_past_events_centered_001.webp,,,,/Users/mansur/universal_study_bot org/images omnis/vocab_images/assets_images/object_hsk7_2649_past_events_centered_001.webp
object_hsk7_2659_beach_centered_001.webp,,,,/Users/mansur/universal_study_bot org/images omnis/vocab_images/assets_images/object_hsk7_2659_beach_centered_001.webp
object_hsk7_2672_to_cover_centered_001.webp,,,,/Users/mansur/universal_study_bot org/images omnis/vocab_images/assets_images/object_hsk7_2672_to_cover_centered_001.webp
object_hsk7_2674_sweat_centered_001.webp,,,,/Users/mansur/universal_study_bot org/images omnis/vocab_images/assets_images/object_hsk7_2674_sweat_centered_001.webp
object_hsk7_2675_drought_centered_001.webp,,,,/Users/mansur/universal_study_bot org/images omnis/vocab_images/assets_images/object_hsk7_2675_drought_centered_001.webp
object_hsk7_2683_not_at_all_centered_001.webp,,,,/Users/mansur/universal_study_bot org/images omnis/vocab_images/assets_images/object_hsk7_2683_not_at_all_centered_001.webp
object_hsk7_2685_like_centered_001.webp,,,,/Users/mansur/universal_study_bot org/images omnis/vocab_images/assets_images/object_hsk7_2685_like_centered_001.webp
object_hsk7_2710_where_centered_001.webp,,,,/Users/mansur/universal_study_bot org/images omnis/vocab_images/assets_images/object_hsk7_2710_where_centered_001.webp
object_hsk7_2715_river_centered_001.webp,,,,/Users/mansur/universal_study_bot org/images omnis/vocab_images/assets_images/object_hsk7_2715_river_centered_001.webp
object_hsk7_2720_to_check_centered_001.webp,,,,/Users/mansur/universal_study_bot org/images omnis/vocab_images/assets_images/object_hsk7_2720_to_check_centered_001.webp
object_hsk7_2736_horizontal_centered_001.webp,,,,/Users/mansur/universal_study_bot org/images omnis/vocab_images/assets_images/object_hsk7_2736_horizontal_centered_001.webp
object_hsk7_2744_prosperous_and_thriving_centered_001.webp,,,,/Users/mansur/universal_study_bot org/images omnis/vocab_images/assets_images/object_hsk7_2744_prosperous_and_thriving_centered_001.webp
object_hsk7_2749_loud_and_clear_centered_001.webp,,,,/Users/mansur/universal_study_bot org/images omnis/vocab_images/assets_images/object_hsk7_2749_loud_and_clear_centered_001.webp
object_hsk7_2755_background_centered_001.webp,,,,/Users/mansur/universal_study_bot org/images omnis/vocab_images/assets_images/object_hsk7_2755_background_centered_001.webp
object_hsk7_2780_pattern_centered_001.webp,,,,/Users/mansur/universal_study_bot org/images omnis/vocab_images/assets_images/object_hsk7_2780_pattern_centered_001.webp
object_hsk7_2786_slide_centered_001.webp,,,,/Users/mansur/universal_study_bot org/images omnis/vocab_images/assets_images/object_hsk7_2786_slide_centered_001.webp
object_hsk7_2796_speech_centered_001.webp,,,,/Users/mansur/universal_study_bot org/images omnis/vocab_images/assets_images/object_hsk7_2796_speech_centered_001.webp
object_hsk7_2807_repayment_centered_001.webp,,,,/Users/mansur/universal_study_bot org/images omnis/vocab_images/assets_images/object_hsk7_2807_repayment_centered_001.webp
object_hsk7_2808_global_centered_001.webp,,,,/Users/mansur/universal_study_bot org/images omnis/vocab_images/assets_images/object_hsk7_2808_global_centered_001.webp
object_hsk7_2810_slow_centered_001.webp,,,,/Users/mansur/universal_study_bot org/images omnis/vocab_images/assets_images/object_hsk7_2810_slow_centered_001.webp
object_hsk7_2812_slow_centered_001.webp,,,,/Users/mansur/universal_study_bot org/images omnis/vocab_images/assets_images/object_hsk7_2812_slow_centered_001.webp
object_hsk7_2815_change_to_centered_001.webp,,,,/Users/mansur/universal_study_bot org/images omnis/vocab_images/assets_images/object_hsk7_2815_change_to_centered_001.webp
object_hsk7_2824_desolate_centered_001.webp,,,,/Users/mansur/universal_study_bot org/images omnis/vocab_images/assets_images/object_hsk7_2824_desolate_centered_001.webp
object_hsk7_2825_absurd_centered_001.webp,,,,/Users/mansur/universal_study_bot org/images omnis/vocab_images/assets_images/object_hsk7_2825_absurd_centered_001.webp
object_hsk7_2830_lie_centered_001.webp,,,,/Users/mansur/universal_study_bot org/images omnis/vocab_images/assets_images/object_hsk7_2830_lie_centered_001.webp
object_hsk7_2831_lie_centered_001.webp,,,,/Users/mansur/universal_study_bot org/images omnis/vocab_images/assets_images/object_hsk7_2831_lie_centered_001.webp
object_hsk7_2833_return_centered_001.webp,,,,/Users/mansur/universal_study_bot org/images omnis/vocab_images/assets_images/object_hsk7_2833_return_centered_001.webp
object_hsk7_2835_feedback_centered_001.webp,,,,/Users/mansur/universal_study_bot org/images omnis/vocab_images/assets_images/object_hsk7_2835_feedback_centered_001.webp
object_hsk7_2842_to_destroy_centered_001.webp,,,,/Users/mansur/universal_study_bot org/images omnis/vocab_images/assets_images/object_hsk7_2842_to_destroy_centered_001.webp
object_hsk7_2847_meeting_centered_001.webp,,,,/Users/mansur/universal_study_bot org/images omnis/vocab_images/assets_images/object_hsk7_2847_meeting_centered_001.webp
object_hsk7_2852_soul_centered_001.webp,,,,/Users/mansur/universal_study_bot org/images omnis/vocab_images/assets_images/object_hsk7_2852_soul_centered_001.webp
object_hsk7_2854_to_open_up_centered_001.webp,,,,/Users/mansur/universal_study_bot org/images omnis/vocab_images/assets_images/object_hsk7_2854_to_open_up_centered_001.webp
object_hsk7_2866_rapidly_centered_001.webp,,,,/Users/mansur/universal_study_bot org/images omnis/vocab_images/assets_images/object_hsk7_2866_rapidly_centered_001.webp
object_hsk7_2867_meal_centered_001.webp,,,,/Users/mansur/universal_study_bot org/images omnis/vocab_images/assets_images/object_hsk7_2867_meal_centered_001.webp
object_hsk7_2870_goods_centered_001.webp,,,,/Users/mansur/universal_study_bot org/images omnis/vocab_images/assets_images/object_hsk7_2870_goods_centered_001.webp
object_hsk7_2872_to_win_centered_001.webp,,,,/Users/mansur/universal_study_bot org/images omnis/vocab_images/assets_images/object_hsk7_2872_to_win_centered_001.webp
object_hsk7_2876_open-minded_centered_001.webp,,,,/Users/mansur/universal_study_bot org/images omnis/vocab_images/assets_images/object_hsk7_2876_open-minded_centered_001.webp
object_hsk7_2878_cabin_centered_001.webp,,,,/Users/mansur/universal_study_bot org/images omnis/vocab_images/assets_images/object_hsk7_2878_cabin_centered_001.webp
object_hsk7_2879_skin_centered_001.webp,,,,/Users/mansur/universal_study_bot org/images omnis/vocab_images/assets_images/object_hsk7_2879_skin_centered_001.webp
object_hsk7_2882_savings_centered_001.webp,,,,/Users/mansur/universal_study_bot org/images omnis/vocab_images/assets_images/object_hsk7_2882_savings_centered_001.webp
object_hsk7_2893_and_centered_001.webp,,,,/Users/mansur/universal_study_bot org/images omnis/vocab_images/assets_images/object_hsk7_2893_and_centered_001.webp
object_hsk7_2898_extreme_centered_001.webp,,,,/Users/mansur/universal_study_bot org/images omnis/vocab_images/assets_images/object_hsk7_2898_extreme_centered_001.webp
object_hsk7_2899_to_do_ones_utmost_centered_001.webp,,,,/Users/mansur/universal_study_bot org/images omnis/vocab_images/assets_images/object_hsk7_2899_to_do_ones_utmost_centered_001.webp
object_hsk7_2901_extremely_centered_001.webp,,,,/Users/mansur/universal_study_bot org/images omnis/vocab_images/assets_images/object_hsk7_2901_extremely_centered_001.webp
object_hsk7_2910_meeting_centered_001.webp,,,,/Users/mansur/universal_study_bot org/images omnis/vocab_images/assets_images/object_hsk7_2910_meeting_centered_001.webp
object_hsk7_2911_gathering_centered_001.webp,,,,/Users/mansur/universal_study_bot org/images omnis/vocab_images/assets_images/object_hsk7_2911_gathering_centered_001.webp
object_hsk7_2915_compression_centered_001.webp,,,,/Users/mansur/universal_study_bot org/images omnis/vocab_images/assets_images/object_hsk7_2915_compression_centered_001.webp
object_hsk7_2917_to_calculate_centered_001.webp,,,,/Users/mansur/universal_study_bot org/images omnis/vocab_images/assets_images/object_hsk7_2917_to_calculate_centered_001.webp
object_hsk7_2918_strategy_centered_001.webp,,,,/Users/mansur/universal_study_bot org/images omnis/vocab_images/assets_images/object_hsk7_2918_strategy_centered_001.webp
object_hsk7_2925_anniversary_centered_001.webp,,,,/Users/mansur/universal_study_bot org/images omnis/vocab_images/assets_images/object_hsk7_2925_anniversary_centered_001.webp
object_hsk7_2932_then_centered_001.webp,,,,/Users/mansur/universal_study_bot org/images omnis/vocab_images/assets_images/object_hsk7_2932_then_centered_001.webp
object_hsk7_2938_intensify_centered_001.webp,,,,/Users/mansur/universal_study_bot org/images omnis/vocab_images/assets_images/object_hsk7_2938_intensify_centered_001.webp
object_hsk7_2941_festival_centered_001.webp,,,,/Users/mansur/universal_study_bot org/images omnis/vocab_images/assets_images/object_hsk7_2941_festival_centered_001.webp
object_hsk7_2948_family_centered_001.webp,,,,/Users/mansur/universal_study_bot org/images omnis/vocab_images/assets_images/object_hsk7_2948_family_centered_001.webp
object_hsk7_2950_assumption_centered_001.webp,,,,/Users/mansur/universal_study_bot org/images omnis/vocab_images/assets_images/object_hsk7_2950_assumption_centered_001.webp
object_hsk7_2952_if_centered_001.webp,,,,/Users/mansur/universal_study_bot org/images omnis/vocab_images/assets_images/object_hsk7_2952_if_centered_001.webp
object_hsk7_2963_perseverance_centered_001.webp,,,,/Users/mansur/universal_study_bot org/images omnis/vocab_images/assets_images/object_hsk7_2963_perseverance_centered_001.webp
object_hsk7_2966_to_bear_responsibility_centered_001.webp,,,,/Users/mansur/universal_study_bot org/images omnis/vocab_images/assets_images/object_hsk7_2966_to_bear_responsibility_centered_001.webp
object_hsk7_2969_hardship_centered_001.webp,,,,/Users/mansur/universal_study_bot org/images omnis/vocab_images/assets_images/object_hsk7_2969_hardship_centered_001.webp
object_hsk7_2970_supervision_centered_001.webp,,,,/Users/mansur/universal_study_bot org/images omnis/vocab_images/assets_images/object_hsk7_2970_supervision_centered_001.webp
object_hsk7_2971_supervision_centered_001.webp,,,,/Users/mansur/universal_study_bot org/images omnis/vocab_images/assets_images/object_hsk7_2971_supervision_centered_001.webp
object_hsk7_2980_weaken_centered_001.webp,,,,/Users/mansur/universal_study_bot org/images omnis/vocab_images/assets_images/object_hsk7_2980_weaken_centered_001.webp
object_hsk7_2992_witness_centered_001.webp,,,,/Users/mansur/universal_study_bot org/images omnis/vocab_images/assets_images/object_hsk7_2992_witness_centered_001.webp
object_hsk7_2993_interruption_centered_001.webp,,,,/Users/mansur/universal_study_bot org/images omnis/vocab_images/assets_images/object_hsk7_2993_interruption_centered_001.webp
object_hsk7_2994_gap_centered_001.webp,,,,/Users/mansur/universal_study_bot org/images omnis/vocab_images/assets_images/object_hsk7_2994_gap_centered_001.webp
object_hsk7_2998_building_centered_001.webp,,,,/Users/mansur/universal_study_bot org/images omnis/vocab_images/assets_images/object_hsk7_2998_building_centered_001.webp
object_hsk7_3007_explanation_centered_001.webp,,,,/Users/mansur/universal_study_bot org/images omnis/vocab_images/assets_images/object_hsk7_3007_explanation_centered_001.webp
object_hsk7_3013_award_centered_001.webp,,,,/Users/mansur/universal_study_bot org/images omnis/vocab_images/assets_images/object_hsk7_3013_award_centered_001.webp
object_hsk7_3014_confrontation_centered_001.webp,,,,/Users/mansur/universal_study_bot org/images omnis/vocab_images/assets_images/object_hsk7_3014_confrontation_centered_001.webp
object_hsk7_3016_intersection_centered_001.webp,,,,/Users/mansur/universal_study_bot org/images omnis/vocab_images/assets_images/object_hsk7_3016_intersection_centered_001.webp
object_hsk7_3018_border_centered_001.webp,,,,/Users/mansur/universal_study_bot org/images omnis/vocab_images/assets_images/object_hsk7_3018_border_centered_001.webp
object_hsk7_3019_pay_or_submit_centered_001.webp,,,,/Users/mansur/universal_study_bot org/images omnis/vocab_images/assets_images/object_hsk7_3019_pay_or_submit_centered_001.webp
object_hsk7_3045_textbook_centered_001.webp,,,,/Users/mansur/universal_study_bot org/images omnis/vocab_images/assets_images/object_hsk7_3045_textbook_centered_001.webp
object_hsk7_3047_social_class_centered_001.webp,,,,/Users/mansur/universal_study_bot org/images omnis/vocab_images/assets_images/object_hsk7_3047_social_class_centered_001.webp
object_hsk7_3052_one_after_another_centered_001.webp,,,,/Users/mansur/universal_study_bot org/images omnis/vocab_images/assets_images/object_hsk7_3052_one_after_another_centered_001.webp
object_hsk7_3055_to_meet_centered_001.webp,,,,/Users/mansur/universal_study_bot org/images omnis/vocab_images/assets_images/object_hsk7_3055_to_meet_centered_001.webp
object_hsk7_3064_reveal_centered_001.webp,,,,/Users/mansur/universal_study_bot org/images omnis/vocab_images/assets_images/object_hsk7_3064_reveal_centered_001.webp
object_hsk7_3065_to_announce_centered_001.webp,,,,/Users/mansur/universal_study_bot org/images omnis/vocab_images/assets_images/object_hsk7_3065_to_announce_centered_001.webp
object_hsk7_3070_robbery_centered_001.webp,,,,/Users/mansur/universal_study_bot org/images omnis/vocab_images/assets_images/object_hsk7_3070_robbery_centered_001.webp
object_hsk7_3075_ending_centered_001.webp,,,,/Users/mansur/universal_study_bot org/images omnis/vocab_images/assets_images/object_hsk7_3075_ending_centered_001.webp
object_hsk7_3078_to_do_ones_utmost_centered_001.webp,,,,/Users/mansur/universal_study_bot org/images omnis/vocab_images/assets_images/object_hsk7_3078_to_do_ones_utmost_centered_001.webp
object_hsk7_3079_answer_centered_001.webp,,,,/Users/mansur/universal_study_bot org/images omnis/vocab_images/assets_images/object_hsk7_3079_answer_centered_001.webp
object_hsk7_3081_rescue_centered_001.webp,,,,/Users/mansur/universal_study_bot org/images omnis/vocab_images/assets_images/object_hsk7_3081_rescue_centered_001.webp
object_hsk7_3082_liberation_centered_001.webp,,,,/Users/mansur/universal_study_bot org/images omnis/vocab_images/assets_images/object_hsk7_3082_liberation_centered_001.webp
object_hsk7_3084_analysis_centered_001.webp,,,,/Users/mansur/universal_study_bot org/images omnis/vocab_images/assets_images/object_hsk7_3084_analysis_centered_001.webp
object_hsk7_3085_intervention_centered_001.webp,,,,/Users/mansur/universal_study_bot org/images omnis/vocab_images/assets_images/object_hsk7_3085_intervention_centered_001.webp
object_hsk7_3087_between_centered_001.webp,,,,/Users/mansur/universal_study_bot org/images omnis/vocab_images/assets_images/object_hsk7_3087_between_centered_001.webp
object_hsk7_3089_at_that_time_centered_001.webp,,,,/Users/mansur/universal_study_bot org/images omnis/vocab_images/assets_images/object_hsk7_3089_at_that_time_centered_001.webp
object_hsk7_3091_boundary_centered_001.webp,,,,/Users/mansur/universal_study_bot org/images omnis/vocab_images/assets_images/object_hsk7_3091_boundary_centered_001.webp
object_hsk7_3093_to_borrow_centered_001.webp,,,,/Users/mansur/universal_study_bot org/images omnis/vocab_images/assets_images/object_hsk7_3093_to_borrow_centered_001.webp
object_hsk7_3094_gold_centered_001.webp,,,,/Users/mansur/universal_study_bot org/images omnis/vocab_images/assets_images/object_hsk7_3094_gold_centered_001.webp
object_hsk7_3101_as_soon_as_possible_centered_001.webp,,,,/Users/mansur/universal_study_bot org/images omnis/vocab_images/assets_images/object_hsk7_3101_as_soon_as_possible_centered_001.webp
object_hsk7_3108_end_centered_001.webp,,,,/Users/mansur/universal_study_bot org/images omnis/vocab_images/assets_images/object_hsk7_3108_end_centered_001.webp
object_hsk7_3110_process_centered_001.webp,,,,/Users/mansur/universal_study_bot org/images omnis/vocab_images/assets_images/object_hsk7_3110_process_centered_001.webp
object_hsk7_3113_progress_centered_001.webp,,,,/Users/mansur/universal_study_bot org/images omnis/vocab_images/assets_images/object_hsk7_3113_progress_centered_001.webp
object_hsk7_3117_taboo_centered_001.webp,,,,/Users/mansur/universal_study_bot org/images omnis/vocab_images/assets_images/object_hsk7_3117_taboo_centered_001.webp
object_hsk7_3119_to_pass_through_centered_001.webp,,,,/Users/mansur/universal_study_bot org/images omnis/vocab_images/assets_images/object_hsk7_3119_to_pass_through_centered_001.webp
object_hsk7_3123_to_endure_centered_001.webp,,,,/Users/mansur/universal_study_bot org/images omnis/vocab_images/assets_images/object_hsk7_3123_to_endure_centered_001.webp
object_hsk7_3125_surprised_centered_001.webp,,,,/Users/mansur/universal_study_bot org/images omnis/vocab_images/assets_images/object_hsk7_3125_surprised_centered_001.webp
object_hsk7_3136_exquisite_centered_001.webp,,,,/Users/mansur/universal_study_bot org/images omnis/vocab_images/assets_images/object_hsk7_3136_exquisite_centered_001.webp
object_hsk7_3138_exhausted_centered_001.webp,,,,/Users/mansur/universal_study_bot org/images omnis/vocab_images/assets_images/object_hsk7_3138_exhausted_centered_001.webp
object_hsk7_3140_essence_centered_001.webp,,,,/Users/mansur/universal_study_bot org/images omnis/vocab_images/assets_images/object_hsk7_3140_essence_centered_001.webp
object_hsk7_3141_meticulous_centered_001.webp,,,,/Users/mansur/universal_study_bot org/images omnis/vocab_images/assets_images/object_hsk7_3141_meticulous_centered_001.webp
object_hsk7_3143_neck_centered_001.webp,,,,/Users/mansur/universal_study_bot org/images omnis/vocab_images/assets_images/object_hsk7_3143_neck_centered_001.webp
object_hsk7_3147_police_officer_centered_001.webp,,,,/Users/mansur/universal_study_bot org/images omnis/vocab_images/assets_images/object_hsk7_3147_police_officer_centered_001.webp
object_hsk7_3150_competition_centered_001.webp,,,,/Users/mansur/universal_study_bot org/images omnis/vocab_images/assets_images/object_hsk7_3150_competition_centered_001.webp
object_hsk7_3152_unexpectedly_centered_001.webp,,,,/Users/mansur/universal_study_bot org/images omnis/vocab_images/assets_images/object_hsk7_3152_unexpectedly_centered_001.webp
object_hsk7_3153_dare_to_centered_001.webp,,,,/Users/mansur/universal_study_bot org/images omnis/vocab_images/assets_images/object_hsk7_3153_dare_to_centered_001.webp
object_hsk7_3154_respect_centered_001.webp,,,,/Users/mansur/universal_study_bot org/images omnis/vocab_images/assets_images/object_hsk7_3154_respect_centered_001.webp
object_hsk7_3158_admiration_centered_001.webp,,,,/Users/mansur/universal_study_bot org/images omnis/vocab_images/assets_images/object_hsk7_3158_admiration_centered_001.webp
object_hsk7_3163_situation_centered_001.webp,,,,/Users/mansur/universal_study_bot org/images omnis/vocab_images/assets_images/object_hsk7_3163_situation_centered_001.webp
object_hsk7_3174_having_a_meal_centered_001.webp,,,,/Users/mansur/universal_study_bot org/images omnis/vocab_images/assets_images/object_hsk7_3174_having_a_meal_centered_001.webp
object_hsk7_3175_on_the_spot_centered_001.webp,,,,/Users/mansur/universal_study_bot org/images omnis/vocab_images/assets_images/object_hsk7_3175_on_the_spot_centered_001.webp
object_hsk7_3177_to_take_office_centered_001.webp,,,,/Users/mansur/universal_study_bot org/images omnis/vocab_images/assets_images/object_hsk7_3177_to_take_office_centered_001.webp
object_hsk7_3182_residential_building_centered_001.webp,,,,/Users/mansur/universal_study_bot org/images omnis/vocab_images/assets_images/object_hsk7_3182_residential_building_centered_001.webp
object_hsk7_3185_report_centered_001.webp,,,,/Users/mansur/universal_study_bot org/images omnis/vocab_images/assets_images/object_hsk7_3185_report_centered_001.webp
object_hsk7_3204_distance_centered_001.webp,,,,/Users/mansur/universal_study_bot org/images omnis/vocab_images/assets_images/object_hsk7_3204_distance_centered_001.webp
object_hsk7_3206_gathering_centered_001.webp,,,,/Users/mansur/universal_study_bot org/images omnis/vocab_images/assets_images/object_hsk7_3206_gathering_centered_001.webp
object_hsk7_3211_farewell_centered_001.webp,,,,/Users/mansur/universal_study_bot org/images omnis/vocab_images/assets_images/object_hsk7_3211_farewell_centered_001.webp
object_hsk7_3212_trick_or_tip_centered_001.webp,,,,/Users/mansur/universal_study_bot org/images omnis/vocab_images/assets_images/object_hsk7_3212_trick_or_tip_centered_001.webp
object_hsk7_3213_competition_centered_001.webp,,,,/Users/mansur/universal_study_bot org/images omnis/vocab_images/assets_images/object_hsk7_3213_competition_centered_001.webp
object_hsk7_3216_special_skill_centered_001.webp,,,,/Users/mansur/universal_study_bot org/images omnis/vocab_images/assets_images/object_hsk7_3216_special_skill_centered_001.webp
object_hsk7_3217_rise_centered_001.webp,,,,/Users/mansur/universal_study_bot org/images omnis/vocab_images/assets_images/object_hsk7_3217_rise_centered_001.webp
object_hsk7_3219_stubborn_centered_001.webp,,,,/Users/mansur/universal_study_bot org/images omnis/vocab_images/assets_images/object_hsk7_3219_stubborn_centered_001.webp
object_hsk7_3221_balance_centered_001.webp,,,,/Users/mansur/universal_study_bot org/images omnis/vocab_images/assets_images/object_hsk7_3221_balance_centered_001.webp
object_hsk7_3222_handsome_centered_001.webp,,,,/Users/mansur/universal_study_bot org/images omnis/vocab_images/assets_images/object_hsk7_3222_handsome_centered_001.webp
object_hsk7_3226_card_centered_001.webp,,,,/Users/mansur/universal_study_bot org/images omnis/vocab_images/assets_images/object_hsk7_3226_card_centered_001.webp
object_hsk7_3236_to_open_centered_001.webp,,,,/Users/mansur/universal_study_bot org/images omnis/vocab_images/assets_images/object_hsk7_3236_to_open_centered_001.webp
object_hsk7_3239_expenditure_centered_001.webp,,,,/Users/mansur/universal_study_bot org/images omnis/vocab_images/assets_images/object_hsk7_3239_expenditure_centered_001.webp
object_hsk7_3242_model_centered_001.webp,,,,/Users/mansur/universal_study_bot org/images omnis/vocab_images/assets_images/object_hsk7_3242_model_centered_001.webp
object_hsk7_3251_to_value_centered_001.webp,,,,/Users/mansur/universal_study_bot org/images omnis/vocab_images/assets_images/object_hsk7_3251_to_value_centered_001.webp
object_hsk7_3252_to_value_centered_001.webp,,,,/Users/mansur/universal_study_bot org/images omnis/vocab_images/assets_images/object_hsk7_3252_to_value_centered_001.webp
object_hsk7_3254_resistance_centered_001.webp,,,,/Users/mansur/universal_study_bot org/images omnis/vocab_images/assets_images/object_hsk7_3254_resistance_centered_001.webp
object_hsk7_3256_struggle_centered_001.webp,,,,/Users/mansur/universal_study_bot org/images omnis/vocab_images/assets_images/object_hsk7_3256_struggle_centered_001.webp
object_hsk7_3257_consideration_centered_001.webp,,,,/Users/mansur/universal_study_bot org/images omnis/vocab_images/assets_images/object_hsk7_3257_consideration_centered_001.webp
object_hsk7_3262_shell_centered_001.webp,,,,/Users/mansur/universal_study_bot org/images omnis/vocab_images/assets_images/object_hsk7_3262_shell_centered_001.webp
object_hsk7_3263_sad_centered_001.webp,,,,/Users/mansur/universal_study_bot org/images omnis/vocab_images/assets_images/object_hsk7_3263_sad_centered_001.webp
object_hsk7_3265_opportune_moment_centered_001.webp,,,,/Users/mansur/universal_study_bot org/images omnis/vocab_images/assets_images/object_hsk7_3265_opportune_moment_centered_001.webp
object_hsk7_3268_precious_centered_001.webp,,,,/Users/mansur/universal_study_bot org/images omnis/vocab_images/assets_images/object_hsk7_3268_precious_centered_001.webp
object_hsk7_3301_deduction_centered_001.webp,,,,/Users/mansur/universal_study_bot org/images omnis/vocab_images/assets_images/object_hsk7_3301_deduction_centered_001.webp
object_hsk7_3302_detention_centered_001.webp,,,,/Users/mansur/universal_study_bot org/images omnis/vocab_images/assets_images/object_hsk7_3302_detention_centered_001.webp
object_hsk7_3304_detention_centered_001.webp,,,,/Users/mansur/universal_study_bot org/images omnis/vocab_images/assets_images/object_hsk7_3304_detention_centered_001.webp
object_hsk7_3315_praise_centered_001.webp,,,,/Users/mansur/universal_study_bot org/images omnis/vocab_images/assets_images/object_hsk7_3315_praise_centered_001.webp
object_hsk7_3318_collapse_centered_001.webp,,,,/Users/mansur/universal_study_bot org/images omnis/vocab_images/assets_images/object_hsk7_3318_collapse_centered_001.webp
object_hsk7_3324_forgiveness_centered_001.webp,,,,/Users/mansur/universal_study_bot org/images omnis/vocab_images/assets_images/object_hsk7_3324_forgiveness_centered_001.webp
object_hsk7_3334_confusion_centered_001.webp,,,,/Users/mansur/universal_study_bot org/images omnis/vocab_images/assets_images/object_hsk7_3334_confusion_centered_001.webp
object_hsk7_3336_expand_centered_001.webp,,,,/Users/mansur/universal_study_bot org/images omnis/vocab_images/assets_images/object_hsk7_3336_expand_centered_001.webp
object_hsk7_3337_expansion_centered_001.webp,,,,/Users/mansur/universal_study_bot org/images omnis/vocab_images/assets_images/object_hsk7_3337_expansion_centered_001.webp
object_hsk7_3346_guest_centered_001.webp,,,,/Users/mansur/universal_study_bot org/images omnis/vocab_images/assets_images/object_hsk7_3346_guest_centered_001.webp
object_hsk7_3348_visit_centered_001.webp,,,,/Users/mansur/universal_study_bot org/images omnis/vocab_images/assets_images/object_hsk7_3348_visit_centered_001.webp
object_hsk7_3349_round_trip_centered_001.webp,,,,/Users/mansur/universal_study_bot org/images omnis/vocab_images/assets_images/object_hsk7_3349_round_trip_centered_001.webp
object_hsk7_3350_arrival_centered_001.webp,,,,/Users/mansur/universal_study_bot org/images omnis/vocab_images/assets_images/object_hsk7_3350_arrival_centered_001.webp
object_hsk7_3352_next_year_centered_001.webp,,,,/Users/mansur/universal_study_bot org/images omnis/vocab_images/assets_images/object_hsk7_3352_next_year_centered_001.webp
object_hsk7_3354_bar_centered_001.webp,,,,/Users/mansur/universal_study_bot org/images omnis/vocab_images/assets_images/object_hsk7_3354_bar_centered_001.webp
object_hsk7_3360_abuse_centered_001.webp,,,,/Users/mansur/universal_study_bot org/images omnis/vocab_images/assets_images/object_hsk7_3360_abuse_centered_001.webp
object_hsk7_3363_wave_centered_001.webp,,,,/Users/mansur/universal_study_bot org/images omnis/vocab_images/assets_images/object_hsk7_3363_wave_centered_001.webp
object_hsk7_3365_tiredness_centered_001.webp,,,,/Users/mansur/universal_study_bot org/images omnis/vocab_images/assets_images/object_hsk7_3365_tiredness_centered_001.webp
object_hsk7_3372_aging_centered_001.webp,,,,/Users/mansur/universal_study_bot org/images omnis/vocab_images/assets_images/object_hsk7_3372_aging_centered_001.webp
object_hsk7_3373_elderly_person_centered_001.webp,,,,/Users/mansur/universal_study_bot org/images omnis/vocab_images/assets_images/object_hsk7_3373_elderly_person_centered_001.webp
object_hsk7_3384_category_centered_001.webp,,,,/Users/mansur/universal_study_bot org/images omnis/vocab_images/assets_images/object_hsk7_3384_category_centered_001.webp
object_hsk7_3396_gift_centered_001.webp,,,,/Users/mansur/universal_study_bot org/images omnis/vocab_images/assets_images/object_hsk7_3396_gift_centered_001.webp
object_hsk7_3398_understand_centered_001.webp,,,,/Users/mansur/universal_study_bot org/images omnis/vocab_images/assets_images/object_hsk7_3398_understand_centered_001.webp
object_hsk7_3400_concept_centered_001.webp,,,,/Users/mansur/universal_study_bot org/images omnis/vocab_images/assets_images/object_hsk7_3400_concept_centered_001.webp
object_hsk7_3401_director_centered_001.webp,,,,/Users/mansur/universal_study_bot org/images omnis/vocab_images/assets_images/object_hsk7_3401_director_centered_001.webp
object_hsk7_3402_rationality_centered_001.webp,,,,/Users/mansur/universal_study_bot org/images omnis/vocab_images/assets_images/object_hsk7_3402_rationality_centered_001.webp
object_hsk7_3405_process_centered_001.webp,,,,/Users/mansur/universal_study_bot org/images omnis/vocab_images/assets_images/object_hsk7_3405_process_centered_001.webp
object_hsk7_3415_continuous_centered_001.webp,,,,/Users/mansur/universal_study_bot org/images omnis/vocab_images/assets_images/object_hsk7_3415_continuous_centered_001.webp
object_hsk7_3420_curtain_centered_001.webp,,,,/Users/mansur/universal_study_bot org/images omnis/vocab_images/assets_images/object_hsk7_3420_curtain_centered_001.webp
object_hsk7_3424_cheap_centered_001.webp,,,,/Users/mansur/universal_study_bot org/images omnis/vocab_images/assets_images/object_hsk7_3424_cheap_centered_001.webp
object_hsk7_3425_integrity_and_honesty_centered_001.webp,,,,/Users/mansur/universal_study_bot org/images omnis/vocab_images/assets_images/object_hsk7_3425_integrity_and_honesty_centered_001.webp
object_hsk7_3430_good_centered_001.webp,,,,/Users/mansur/universal_study_bot org/images omnis/vocab_images/assets_images/object_hsk7_3430_good_centered_001.webp
object_hsk7_3433_a_couple_centered_001.webp,,,,/Users/mansur/universal_study_bot org/images omnis/vocab_images/assets_images/object_hsk7_3433_a_couple_centered_001.webp
object_hsk7_3442_to_conclude_centered_001.webp,,,,/Users/mansur/universal_study_bot org/images omnis/vocab_images/assets_images/object_hsk7_3442_to_conclude_centered_001.webp
object_hsk7_3445_cooking_centered_001.webp,,,,/Users/mansur/universal_study_bot org/images omnis/vocab_images/assets_images/object_hsk7_3445_cooking_centered_001.webp
object_hsk7_3447_disadvantage_centered_001.webp,,,,/Users/mansur/universal_study_bot org/images omnis/vocab_images/assets_images/object_hsk7_3447_disadvantage_centered_001.webp
object_hsk7_3458_nearby_centered_001.webp,,,,/Users/mansur/universal_study_bot org/images omnis/vocab_images/assets_images/object_hsk7_3458_nearby_centered_001.webp
object_hsk7_3465_team_leader_centered_001.webp,,,,/Users/mansur/universal_study_bot org/images omnis/vocab_images/assets_images/object_hsk7_3465_team_leader_centered_001.webp
object_hsk7_3467_appreciate_centered_001.webp,,,,/Users/mansur/universal_study_bot org/images omnis/vocab_images/assets_images/object_hsk7_3467_appreciate_centered_001.webp
object_hsk7_3472_pay_attention_centered_001.webp,,,,/Users/mansur/universal_study_bot org/images omnis/vocab_images/assets_images/object_hsk7_3472_pay_attention_centered_001.webp
object_hsk7_3473_pay_attention_centered_001.webp,,,,/Users/mansur/universal_study_bot org/images omnis/vocab_images/assets_images/object_hsk7_3473_pay_attention_centered_001.webp
object_hsk7_3474_fluent_centered_001.webp,,,,/Users/mansur/universal_study_bot org/images omnis/vocab_images/assets_images/object_hsk7_3474_fluent_centered_001.webp
object_hsk7_3475_process_centered_001.webp,,,,/Users/mansur/universal_study_bot org/images omnis/vocab_images/assets_images/object_hsk7_3475_process_centered_001.webp
object_hsk7_3478_loss_centered_001.webp,,,,/Users/mansur/universal_study_bot org/images omnis/vocab_images/assets_images/object_hsk7_3478_loss_centered_001.webp
object_hsk7_3480_to_flow_centered_001.webp,,,,/Users/mansur/universal_study_bot org/images omnis/vocab_images/assets_images/object_hsk7_3480_to_flow_centered_001.webp
object_hsk7_3484_circulation_centered_001.webp,,,,/Users/mansur/universal_study_bot org/images omnis/vocab_images/assets_images/object_hsk7_3484_circulation_centered_001.webp
object_hsk7_3494_stove_centered_001.webp,,,,/Users/mansur/universal_study_bot org/images omnis/vocab_images/assets_images/object_hsk7_3494_stove_centered_001.webp
object_hsk7_3497_recording_centered_001.webp,,,,/Users/mansur/universal_study_bot org/images omnis/vocab_images/assets_images/object_hsk7_3497_recording_centered_001.webp
object_hsk7_3511_repeatedly_centered_001.webp,,,,/Users/mansur/universal_study_bot org/images omnis/vocab_images/assets_images/object_hsk7_3511_repeatedly_centered_001.webp
object_hsk7_3517_egg_centered_001.webp,,,,/Users/mansur/universal_study_bot org/images omnis/vocab_images/assets_images/object_hsk7_3517_egg_centered_001.webp
object_hsk7_3523_rotation_centered_001.webp,,,,/Users/mansur/universal_study_bot org/images omnis/vocab_images/assets_images/object_hsk7_3523_rotation_centered_001.webp
object_hsk7_3524_discussion_centered_001.webp,,,,/Users/mansur/universal_study_bot org/images omnis/vocab_images/assets_images/object_hsk7_3524_discussion_centered_001.webp
object_hsk7_3533_fall_down_centered_001.webp,,,,/Users/mansur/universal_study_bot org/images omnis/vocab_images/assets_images/object_hsk7_3533_fall_down_centered_001.webp
object_hsk7_3539_toilet_centered_001.webp,,,,/Users/mansur/universal_study_bot org/images omnis/vocab_images/assets_images/object_hsk7_3539_toilet_centered_001.webp
object_hsk7_3545_show_off_centered_001.webp,,,,/Users/mansur/universal_study_bot org/images omnis/vocab_images/assets_images/object_hsk7_3545_show_off_centered_001.webp
object_hsk7_3557_dense_centered_001.webp,,,,/Users/mansur/universal_study_bot org/images omnis/vocab_images/assets_images/object_hsk7_3557_dense_centered_001.webp
object_hsk7_3564_maybe_centered_001.webp,,,,/Users/mansur/universal_study_bot org/images omnis/vocab_images/assets_images/object_hsk7_3564_maybe_centered_001.webp
object_hsk7_3574_delicious_centered_001.webp,,,,/Users/mansur/universal_study_bot org/images omnis/vocab_images/assets_images/object_hsk7_3574_delicious_centered_001.webp
object_hsk7_3586_suddenly_centered_001.webp,,,,/Users/mansur/universal_study_bot org/images omnis/vocab_images/assets_images/object_hsk7_3586_suddenly_centered_001.webp
object_hsk7_3591_riddle_centered_001.webp,,,,/Users/mansur/universal_study_bot org/images omnis/vocab_images/assets_images/object_hsk7_3591_riddle_centered_001.webp
object_hsk7_3593_mystery_centered_001.webp,,,,/Users/mansur/universal_study_bot org/images omnis/vocab_images/assets_images/object_hsk7_3593_mystery_centered_001.webp
object_hsk7_3597_dense_centered_001.webp,,,,/Users/mansur/universal_study_bot org/images omnis/vocab_images/assets_images/object_hsk7_3597_dense_centered_001.webp
object_hsk7_3601_inevitable_centered_001.webp,,,,/Users/mansur/universal_study_bot org/images omnis/vocab_images/assets_images/object_hsk7_3601_inevitable_centered_001.webp
object_hsk7_3612_temple_centered_001.webp,,,,/Users/mansur/universal_study_bot org/images omnis/vocab_images/assets_images/object_hsk7_3612_temple_centered_001.webp
object_hsk7_3614_extinction_centered_001.webp,,,,/Users/mansur/universal_study_bot org/images omnis/vocab_images/assets_images/object_hsk7_3614_extinction_centered_001.webp
object_hsk7_3618_the_public_centered_001.webp,,,,/Users/mansur/universal_study_bot org/images omnis/vocab_images/assets_images/object_hsk7_3618_the_public_centered_001.webp
object_hsk7_3622_reputation_centered_001.webp,,,,/Users/mansur/universal_study_bot org/images omnis/vocab_images/assets_images/object_hsk7_3622_reputation_centered_001.webp
object_hsk7_3627_to_remember_centered_001.webp,,,,/Users/mansur/universal_study_bot org/images omnis/vocab_images/assets_images/object_hsk7_3627_to_remember_centered_001.webp
object_hsk7_3635_decline_centered_001.webp,,,,/Users/mansur/universal_study_bot org/images omnis/vocab_images/assets_images/object_hsk7_3635_decline_centered_001.webp
object_hsk7_3638_indifferent_centered_001.webp,,,,/Users/mansur/universal_study_bot org/images omnis/vocab_images/assets_images/object_hsk7_3638_indifferent_centered_001.webp
object_hsk7_3653_destination_centered_001.webp,,,,/Users/mansur/universal_study_bot org/images omnis/vocab_images/assets_images/object_hsk7_3653_destination_centered_001.webp
object_hsk7_3661_curtain_centered_001.webp,,,,/Users/mansur/universal_study_bot org/images omnis/vocab_images/assets_images/object_hsk7_3661_curtain_centered_001.webp
object_hsk7_3665_shout_centered_001.webp,,,,/Users/mansur/universal_study_bot org/images omnis/vocab_images/assets_images/object_hsk7_3665_shout_centered_001.webp
object_hsk7_3666_to_include_centered_001.webp,,,,/Users/mansur/universal_study_bot org/images omnis/vocab_images/assets_images/object_hsk7_3666_to_include_centered_001.webp
object_hsk7_3669_to_be_centered_001.webp,,,,/Users/mansur/universal_study_bot org/images omnis/vocab_images/assets_images/object_hsk7_3669_to_be_centered_001.webp
object_hsk7_3671_durable_centered_001.webp,,,,/Users/mansur/universal_study_bot org/images omnis/vocab_images/assets_images/object_hsk7_3671_durable_centered_001.webp
object_hsk7_3673_patience_centered_001.webp,,,,/Users/mansur/universal_study_bot org/images omnis/vocab_images/assets_images/object_hsk7_3673_patience_centered_001.webp
object_hsk7_3686_brain_centered_001.webp,,,,/Users/mansur/universal_study_bot org/images omnis/vocab_images/assets_images/object_hsk7_3686_brain_centered_001.webp
object_hsk7_3687_disturbance_centered_001.webp,,,,/Users/mansur/universal_study_bot org/images omnis/vocab_images/assets_images/object_hsk7_3687_disturbance_centered_001.webp
object_hsk7_3689_memory_centered_001.webp,,,,/Users/mansur/universal_study_bot org/images omnis/vocab_images/assets_images/object_hsk7_3689_memory_centered_001.webp
object_hsk7_3699_soil_centered_001.webp,,,,/Users/mansur/universal_study_bot org/images omnis/vocab_images/assets_images/object_hsk7_3699_soil_centered_001.webp
object_hsk7_3701_opposite_centered_001.webp,,,,/Users/mansur/universal_study_bot org/images omnis/vocab_images/assets_images/object_hsk7_3701_opposite_centered_001.webp
object_hsk7_3712_thought_centered_001.webp,,,,/Users/mansur/universal_study_bot org/images omnis/vocab_images/assets_images/object_hsk7_3712_thought_centered_001.webp
object_hsk7_3713_mother_centered_001.webp,,,,/Users/mansur/universal_study_bot org/images omnis/vocab_images/assets_images/object_hsk7_3713_mother_centered_001.webp
object_hsk7_3714_brewing_centered_001.webp,,,,/Users/mansur/universal_study_bot org/images omnis/vocab_images/assets_images/object_hsk7_3714_brewing_centered_001.webp
object_hsk7_3717_distortion_centered_001.webp,,,,/Users/mansur/universal_study_bot org/images omnis/vocab_images/assets_images/object_hsk7_3717_distortion_centered_001.webp
object_hsk7_3723_crops_centered_001.webp,,,,/Users/mansur/universal_study_bot org/images omnis/vocab_images/assets_images/object_hsk7_3723_crops_centered_001.webp
object_hsk7_3734_license_centered_001.webp,,,,/Users/mansur/universal_study_bot org/images omnis/vocab_images/assets_images/object_hsk7_3734_license_centered_001.webp
object_hsk7_3738_to_sentence_centered_001.webp,,,,/Users/mansur/universal_study_bot org/images omnis/vocab_images/assets_images/object_hsk7_3738_to_sentence_centered_001.webp
object_hsk7_3739_determination_centered_001.webp,,,,/Users/mansur/universal_study_bot org/images omnis/vocab_images/assets_images/object_hsk7_3739_determination_centered_001.webp
object_hsk7_3740_to_hope_for_centered_001.webp,,,,/Users/mansur/universal_study_bot org/images omnis/vocab_images/assets_images/object_hsk7_3740_to_hope_for_centered_001.webp
object_hsk7_3743_to_throw_centered_001.webp,,,,/Users/mansur/universal_study_bot org/images omnis/vocab_images/assets_images/object_hsk7_3743_to_throw_centered_001.webp
object_hsk7_3744_to_throw_away_centered_001.webp,,,,/Users/mansur/universal_study_bot org/images omnis/vocab_images/assets_images/object_hsk7_3744_to_throw_away_centered_001.webp
object_hsk7_3758_cooking_centered_001.webp,,,,/Users/mansur/universal_study_bot org/images omnis/vocab_images/assets_images/object_hsk7_3758_cooking_centered_001.webp
object_hsk7_3761_expansion_centered_001.webp,,,,/Users/mansur/universal_study_bot org/images omnis/vocab_images/assets_images/object_hsk7_3761_expansion_centered_001.webp
object_hsk7_3764_by_chance_centered_001.webp,,,,/Users/mansur/universal_study_bot org/images omnis/vocab_images/assets_images/object_hsk7_3764_by_chance_centered_001.webp
object_hsk7_3765_to_encounter_centered_001.webp,,,,/Users/mansur/universal_study_bot org/images omnis/vocab_images/assets_images/object_hsk7_3765_to_encounter_centered_001.webp
object_hsk7_3774_for_example_centered_001.webp,,,,/Users/mansur/universal_study_bot org/images omnis/vocab_images/assets_images/object_hsk7_3774_for_example_centered_001.webp
object_hsk7_3777_tendency_centered_001.webp,,,,/Users/mansur/universal_study_bot org/images omnis/vocab_images/assets_images/object_hsk7_3777_tendency_centered_001.webp
object_hsk7_3782_float_or_drift_centered_001.webp,,,,/Users/mansur/universal_study_bot org/images omnis/vocab_images/assets_images/object_hsk7_3782_float_or_drift_centered_001.webp
object_hsk7_3785_poverty_centered_001.webp,,,,/Users/mansur/universal_study_bot org/images omnis/vocab_images/assets_images/object_hsk7_3785_poverty_centered_001.webp
object_hsk7_3787_quality_centered_001.webp,,,,/Users/mansur/universal_study_bot org/images omnis/vocab_images/assets_images/object_hsk7_3787_quality_centered_001.webp
object_hsk7_3790_appointment_centered_001.webp,,,,/Users/mansur/universal_study_bot org/images omnis/vocab_images/assets_images/object_hsk7_3790_appointment_centered_001.webp
object_hsk7_3791_employment_centered_001.webp,,,,/Users/mansur/universal_study_bot org/images omnis/vocab_images/assets_images/object_hsk7_3791_employment_centered_001.webp
object_hsk7_3799_evaluation_centered_001.webp,,,,/Users/mansur/universal_study_bot org/images omnis/vocab_images/assets_images/object_hsk7_3799_evaluation_centered_001.webp
object_hsk7_3801_judgment_centered_001.webp,,,,/Users/mansur/universal_study_bot org/images omnis/vocab_images/assets_images/object_hsk7_3801_judgment_centered_001.webp
object_hsk7_3802_review_centered_001.webp,,,,/Users/mansur/universal_study_bot org/images omnis/vocab_images/assets_images/object_hsk7_3802_review_centered_001.webp
object_hsk7_3812_to_eliminate_centered_001.webp,,,,/Users/mansur/universal_study_bot org/images omnis/vocab_images/assets_images/object_hsk7_3812_to_eliminate_centered_001.webp
object_hsk7_3813_breakthrough_centered_001.webp,,,,/Users/mansur/universal_study_bot org/images omnis/vocab_images/assets_images/object_hsk7_3813_breakthrough_centered_001.webp
object_hsk7_3816_collapse_centered_001.webp,,,,/Users/mansur/universal_study_bot org/images omnis/vocab_images/assets_images/object_hsk7_3816_collapse_centered_001.webp
object_hsk7_3817_broken_centered_001.webp,,,,/Users/mansur/universal_study_bot org/images omnis/vocab_images/assets_images/object_hsk7_3817_broken_centered_001.webp
object_hsk7_3823_score_centered_001.webp,,,,/Users/mansur/universal_study_bot org/images omnis/vocab_images/assets_images/object_hsk7_3823_score_centered_001.webp
object_hsk7_3826_to_look_forward_to_centered_001.webp,,,,/Users/mansur/universal_study_bot org/images omnis/vocab_images/assets_images/object_hsk7_3826_to_look_forward_to_centered_001.webp
object_hsk7_3827_fraud_centered_001.webp,,,,/Users/mansur/universal_study_bot org/images omnis/vocab_images/assets_images/object_hsk7_3827_fraud_centered_001.webp
object_hsk7_3838_inspiration_centered_001.webp,,,,/Users/mansur/universal_study_bot org/images omnis/vocab_images/assets_images/object_hsk7_3838_inspiration_centered_001.webp
object_hsk7_3840_set_off_centered_001.webp,,,,/Users/mansur/universal_study_bot org/images omnis/vocab_images/assets_images/object_hsk7_3840_set_off_centered_001.webp
object_hsk7_3841_energetic_centered_001.webp,,,,/Users/mansur/universal_study_bot org/images omnis/vocab_images/assets_images/object_hsk7_3841_energetic_centered_001.webp
object_hsk7_3843_angry_centered_001.webp,,,,/Users/mansur/universal_study_bot org/images omnis/vocab_images/assets_images/object_hsk7_3843_angry_centered_001.webp
object_hsk7_3849_up_to_now_centered_001.webp,,,,/Users/mansur/universal_study_bot org/images omnis/vocab_images/assets_images/object_hsk7_3849_up_to_now_centered_001.webp
object_hsk7_3850_opportune_moment_centered_001.webp,,,,/Users/mansur/universal_study_bot org/images omnis/vocab_images/assets_images/object_hsk7_3850_opportune_moment_centered_001.webp
object_hsk7_3851_contract_centered_001.webp,,,,/Users/mansur/universal_study_bot org/images omnis/vocab_images/assets_images/object_hsk7_3851_contract_centered_001.webp
object_hsk7_3853_card_centered_001.webp,,,,/Users/mansur/universal_study_bot org/images omnis/vocab_images/assets_images/object_hsk7_3853_card_centered_001.webp
object_hsk7_3856_just_right_centered_001.webp,,,,/Users/mansur/universal_study_bot org/images omnis/vocab_images/assets_images/object_hsk7_3856_just_right_centered_001.webp
object_hsk7_3864_involve_centered_001.webp,,,,/Users/mansur/universal_study_bot org/images omnis/vocab_images/assets_images/object_hsk7_3864_involve_centered_001.webp
object_hsk7_3865_take_the_lead_centered_001.webp,,,,/Users/mansur/universal_study_bot org/images omnis/vocab_images/assets_images/object_hsk7_3865_take_the_lead_centered_001.webp
object_hsk7_3866_lead_centered_001.webp,,,,/Users/mansur/universal_study_bot org/images omnis/vocab_images/assets_images/object_hsk7_3866_lead_centered_001.webp
object_hsk7_3867_senior_centered_001.webp,,,,/Users/mansur/universal_study_bot org/images omnis/vocab_images/assets_images/object_hsk7_3867_senior_centered_001.webp
object_hsk7_3870_early_stage_centered_001.webp,,,,/Users/mansur/universal_study_bot org/images omnis/vocab_images/assets_images/object_hsk7_3870_early_stage_centered_001.webp
object_hsk7_3883_potential_centered_001.webp,,,,/Users/mansur/universal_study_bot org/images omnis/vocab_images/assets_images/object_hsk7_3883_potential_centered_001.webp
object_hsk7_3885_potential_centered_001.webp,,,,/Users/mansur/universal_study_bot org/images omnis/vocab_images/assets_images/object_hsk7_3885_potential_centered_001.webp
object_hsk7_3886_lack_centered_001.webp,,,,/Users/mansur/universal_study_bot org/images omnis/vocab_images/assets_images/object_hsk7_3886_lack_centered_001.webp
object_hsk7_3888_apology_centered_001.webp,,,,/Users/mansur/universal_study_bot org/images omnis/vocab_images/assets_images/object_hsk7_3888_apology_centered_001.webp
object_hsk7_3894_strength_centered_001.webp,,,,/Users/mansur/universal_study_bot org/images omnis/vocab_images/assets_images/object_hsk7_3894_strength_centered_001.webp
object_hsk7_3896_firm_centered_001.webp,,,,/Users/mansur/universal_study_bot org/images omnis/vocab_images/assets_images/object_hsk7_3896_firm_centered_001.webp
object_hsk7_3903_to_look_down_on_centered_001.webp,,,,/Users/mansur/universal_study_bot org/images omnis/vocab_images/assets_images/object_hsk7_3903_to_look_down_on_centered_001.webp
object_hsk7_3909_and_also_centered_001.webp,,,,/Users/mansur/universal_study_bot org/images omnis/vocab_images/assets_images/object_hsk7_3909_and_also_centered_001.webp
object_hsk7_3911_theft_centered_001.webp,,,,/Users/mansur/universal_study_bot org/images omnis/vocab_images/assets_images/object_hsk7_3911_theft_centered_001.webp
object_hsk7_3916_close_to_centered_001.webp,,,,/Users/mansur/universal_study_bot org/images omnis/vocab_images/assets_images/object_hsk7_3916_close_to_centered_001.webp
object_hsk7_3919_in_person_centered_001.webp,,,,/Users/mansur/universal_study_bot org/images omnis/vocab_images/assets_images/object_hsk7_3919_in_person_centered_001.webp
object_hsk7_3924_diligent_and_hardworking_centered_001.webp,,,,/Users/mansur/universal_study_bot org/images omnis/vocab_images/assets_images/object_hsk7_3924_diligent_and_hardworking_centered_001.webp
object_hsk7_3925_bedroom_centered_001.webp,,,,/Users/mansur/universal_study_bot org/images omnis/vocab_images/assets_images/object_hsk7_3925_bedroom_centered_001.webp
object_hsk7_3936_list_centered_001.webp,,,,/Users/mansur/universal_study_bot org/images omnis/vocab_images/assets_images/object_hsk7_3936_list_centered_001.webp
object_hsk7_3940_fresh_centered_001.webp,,,,/Users/mansur/universal_study_bot org/images omnis/vocab_images/assets_images/object_hsk7_3940_fresh_centered_001.webp
object_hsk7_3947_couple_centered_001.webp,,,,/Users/mansur/universal_study_bot org/images omnis/vocab_images/assets_images/object_hsk7_3947_couple_centered_001.webp
object_hsk7_3950_willing_centered_001.webp,,,,/Users/mansur/universal_study_bot org/images omnis/vocab_images/assets_images/object_hsk7_3950_willing_centered_001.webp
object_hsk7_3952_celebrate_centered_001.webp,,,,/Users/mansur/universal_study_bot org/images omnis/vocab_images/assets_images/object_hsk7_3952_celebrate_centered_001.webp
object_hsk7_3965_replace_centered_001.webp,,,,/Users/mansur/universal_study_bot org/images omnis/vocab_images/assets_images/object_hsk7_3965_replace_centered_001.webp
object_hsk7_3966_replace_centered_001.webp,,,,/Users/mansur/universal_study_bot org/images omnis/vocab_images/assets_images/object_hsk7_3966_replace_centered_001.webp
object_hsk7_3970_to_win_centered_001.webp,,,,/Users/mansur/universal_study_bot org/images omnis/vocab_images/assets_images/object_hsk7_3970_to_win_centered_001.webp
object_hsk7_3972_remove_centered_001.webp,,,,/Users/mansur/universal_study_bot org/images omnis/vocab_images/assets_images/object_hsk7_3972_remove_centered_001.webp
object_hsk7_3983_fist_centered_001.webp,,,,/Users/mansur/universal_study_bot org/images omnis/vocab_images/assets_images/object_hsk7_3983_fist_centered_001.webp
object_hsk7_3985_persuasion_centered_001.webp,,,,/Users/mansur/universal_study_bot org/images omnis/vocab_images/assets_images/object_hsk7_3985_persuasion_centered_001.webp
object_hsk7_3991_natural_gas_centered_001.webp,,,,/Users/mansur/universal_study_bot org/images omnis/vocab_images/assets_images/object_hsk7_3991_natural_gas_centered_001.webp
object_hsk7_4023_hold_a_position_centered_001.webp,,,,/Users/mansur/universal_study_bot org/images omnis/vocab_images/assets_images/object_hsk7_4023_hold_a_position_centered_001.webp
object_hsk7_4027_recently_centered_001.webp,,,,/Users/mansur/universal_study_bot org/images omnis/vocab_images/assets_images/object_hsk7_4027_recently_centered_001.webp
object_hsk7_4028_increasingly_centered_001.webp,,,,/Users/mansur/universal_study_bot org/images omnis/vocab_images/assets_images/object_hsk7_4028_increasingly_centered_001.webp
object_hsk7_4032_to_allow_centered_001.webp,,,,/Users/mansur/universal_study_bot org/images omnis/vocab_images/assets_images/object_hsk7_4032_to_allow_centered_001.webp
object_hsk7_4033_appearance_centered_001.webp,,,,/Users/mansur/universal_study_bot org/images omnis/vocab_images/assets_images/object_hsk7_4033_appearance_centered_001.webp
object_hsk7_4034_melt_centered_001.webp,,,,/Users/mansur/universal_study_bot org/images omnis/vocab_images/assets_images/object_hsk7_4034_melt_centered_001.webp
object_hsk7_4042_confucianism_centered_001.webp,,,,/Users/mansur/universal_study_bot org/images omnis/vocab_images/assets_images/object_hsk7_4042_confucianism_centered_001.webp
object_hsk7_4044_admission_ticket_centered_001.webp,,,,/Users/mansur/universal_study_bot org/images omnis/vocab_images/assets_images/object_hsk7_4044_admission_ticket_centered_001.webp
object_hsk7_4046_invasion_centered_001.webp,,,,/Users/mansur/universal_study_bot org/images omnis/vocab_images/assets_images/object_hsk7_4046_invasion_centered_001.webp
object_hsk7_4049_weak_centered_001.webp,,,,/Users/mansur/universal_study_bot org/images omnis/vocab_images/assets_images/object_hsk7_4049_weak_centered_001.webp
object_hsk7_4052_moist_centered_001.webp,,,,/Users/mansur/universal_study_bot org/images omnis/vocab_images/assets_images/object_hsk7_4052_moist_centered_001.webp
object_hsk7_4054_to_scatter_centered_001.webp,,,,/Users/mansur/universal_study_bot org/images omnis/vocab_images/assets_images/object_hsk7_4054_to_scatter_centered_001.webp
object_hsk7_4057_repeatedly_centered_001.webp,,,,/Users/mansur/universal_study_bot org/images omnis/vocab_images/assets_images/object_hsk7_4057_repeatedly_centered_001.webp
object_hsk7_4059_three-dimensional_centered_001.webp,,,,/Users/mansur/universal_study_bot org/images omnis/vocab_images/assets_images/object_hsk7_4059_three-dimensional_centered_001.webp
object_hsk7_4062_disturbance_centered_001.webp,,,,/Users/mansur/universal_study_bot org/images omnis/vocab_images/assets_images/object_hsk7_4062_disturbance_centered_001.webp
object_hsk7_4066_disappointment_centered_001.webp,,,,/Users/mansur/universal_study_bot org/images omnis/vocab_images/assets_images/object_hsk7_4066_disappointment_centered_001.webp
object_hsk7_4068_to_kill_centered_001.webp,,,,/Users/mansur/universal_study_bot org/images omnis/vocab_images/assets_images/object_hsk7_4068_to_kill_centered_001.webp
object_hsk7_4083_to_delete_centered_001.webp,,,,/Users/mansur/universal_study_bot org/images omnis/vocab_images/assets_images/object_hsk7_4083_to_delete_centered_001.webp
object_hsk7_4094_merchant_centered_001.webp,,,,/Users/mansur/universal_study_bot org/images omnis/vocab_images/assets_images/object_hsk7_4094_merchant_centered_001.webp
object_hsk7_4095_discuss_centered_001.webp,,,,/Users/mansur/universal_study_bot org/images omnis/vocab_images/assets_images/object_hsk7_4095_discuss_centered_001.webp
object_hsk7_4098_above_centered_001.webp,,,,/Users/mansur/universal_study_bot org/images omnis/vocab_images/assets_images/object_hsk7_4098_above_centered_001.webp
object_hsk7_4105_superior_centered_001.webp,,,,/Users/mansur/universal_study_bot org/images omnis/vocab_images/assets_images/object_hsk7_4105_superior_centered_001.webp
object_hsk7_4106_appeal_centered_001.webp,,,,/Users/mansur/universal_study_bot org/images omnis/vocab_images/assets_images/object_hsk7_4106_appeal_centered_001.webp
object_hsk7_4107_increase_centered_001.webp,,,,/Users/mansur/universal_study_bot org/images omnis/vocab_images/assets_images/object_hsk7_4107_increase_centered_001.webp
object_hsk7_4112_to_value_centered_001.webp,,,,/Users/mansur/universal_study_bot org/images omnis/vocab_images/assets_images/object_hsk7_4112_to_value_centered_001.webp
object_hsk7_4116_later_centered_001.webp,,,,/Users/mansur/universal_study_bot org/images omnis/vocab_images/assets_images/object_hsk7_4116_later_centered_001.webp
object_hsk7_4118_a_little_bit_centered_001.webp,,,,/Users/mansur/universal_study_bot org/images omnis/vocab_images/assets_images/object_hsk7_4118_a_little_bit_centered_001.webp
object_hsk7_4119_inevitable_centered_001.webp,,,,/Users/mansur/universal_study_bot org/images omnis/vocab_images/assets_images/object_hsk7_4119_inevitable_centered_001.webp
object_hsk7_4130_social_interaction_centered_001.webp,,,,/Users/mansur/universal_study_bot org/images omnis/vocab_images/assets_images/object_hsk7_4130_social_interaction_centered_001.webp
object_hsk7_4132_association_centered_001.webp,,,,/Users/mansur/universal_study_bot org/images omnis/vocab_images/assets_images/object_hsk7_4132_association_centered_001.webp
object_hsk7_4142_body_centered_001.webp,,,,/Users/mansur/universal_study_bot org/images omnis/vocab_images/assets_images/object_hsk7_4142_body_centered_001.webp
object_hsk7_4145_body_centered_001.webp,,,,/Users/mansur/universal_study_bot org/images omnis/vocab_images/assets_images/object_hsk7_4145_body_centered_001.webp
object_hsk7_4155_approval_centered_001.webp,,,,/Users/mansur/universal_study_bot org/images omnis/vocab_images/assets_images/object_hsk7_4155_approval_centered_001.webp
object_hsk7_4156_review_centered_001.webp,,,,/Users/mansur/universal_study_bot org/images omnis/vocab_images/assets_images/object_hsk7_4156_review_centered_001.webp
object_hsk7_4157_approval_centered_001.webp,,,,/Users/mansur/universal_study_bot org/images omnis/vocab_images/assets_images/object_hsk7_4157_approval_centered_001.webp
object_hsk7_4167_life_and_death_centered_001.webp,,,,/Users/mansur/universal_study_bot org/images omnis/vocab_images/assets_images/object_hsk7_4167_life_and_death_centered_001.webp
object_hsk7_4171_prestige_centered_001.webp,,,,/Users/mansur/universal_study_bot org/images omnis/vocab_images/assets_images/object_hsk7_4171_prestige_centered_001.webp
object_hsk7_4176_grand_centered_001.webp,,,,/Users/mansur/universal_study_bot org/images omnis/vocab_images/assets_images/object_hsk7_4176_grand_centered_001.webp
object_hsk7_4182_defeat_centered_001.webp,,,,/Users/mansur/universal_study_bot org/images omnis/vocab_images/assets_images/object_hsk7_4182_defeat_centered_001.webp
object_hsk7_4184_malfunction_centered_001.webp,,,,/Users/mansur/universal_study_bot org/images omnis/vocab_images/assets_images/object_hsk7_4184_malfunction_centered_001.webp
object_hsk7_4187_failure_centered_001.webp,,,,/Users/mansur/universal_study_bot org/images omnis/vocab_images/assets_images/object_hsk7_4187_failure_centered_001.webp
object_hsk7_4192_to_implement_centered_001.webp,,,,/Users/mansur/universal_study_bot org/images omnis/vocab_images/assets_images/object_hsk7_4192_to_implement_centered_001.webp
object_hsk7_4195_intersection_centered_001.webp,,,,/Users/mansur/universal_study_bot org/images omnis/vocab_images/assets_images/object_hsk7_4195_intersection_centered_001.webp
object_hsk7_4196_from_time_to_time_centered_001.webp,,,,/Users/mansur/universal_study_bot org/images omnis/vocab_images/assets_images/object_hsk7_4196_from_time_to_time_centered_001.webp
object_hsk7_4200_schedule_centered_001.webp,,,,/Users/mansur/universal_study_bot org/images omnis/vocab_images/assets_images/object_hsk7_4200_schedule_centered_001.webp
object_hsk7_4203_on-site_centered_001.webp,,,,/Users/mansur/universal_study_bot org/images omnis/vocab_images/assets_images/object_hsk7_4203_on-site_centered_001.webp
object_hsk7_4205_live_broadcast_centered_001.webp,,,,/Users/mansur/universal_study_bot org/images omnis/vocab_images/assets_images/object_hsk7_4205_live_broadcast_centered_001.webp
object_hsk7_4220_office_centered_001.webp,,,,/Users/mansur/universal_study_bot org/images omnis/vocab_images/assets_images/object_hsk7_4220_office_centered_001.webp
object_hsk7_4221_matter_centered_001.webp,,,,/Users/mansur/universal_study_bot org/images omnis/vocab_images/assets_images/object_hsk7_4221_matter_centered_001.webp
object_hsk7_4225_trial_centered_001.webp,,,,/Users/mansur/universal_study_bot org/images omnis/vocab_images/assets_images/object_hsk7_4225_trial_centered_001.webp
object_hsk7_4227_inspection_centered_001.webp,,,,/Users/mansur/universal_study_bot org/images omnis/vocab_images/assets_images/object_hsk7_4227_inspection_centered_001.webp
object_hsk7_4229_vision_centered_001.webp,,,,/Users/mansur/universal_study_bot org/images omnis/vocab_images/assets_images/object_hsk7_4229_vision_centered_001.webp
object_hsk7_4234_hobby_centered_001.webp,,,,/Users/mansur/universal_study_bot org/images omnis/vocab_images/assets_images/object_hsk7_4234_hobby_centered_001.webp
object_hsk7_4254_capital_centered_001.webp,,,,/Users/mansur/universal_study_bot org/images omnis/vocab_images/assets_images/object_hsk7_4254_capital_centered_001.webp
object_hsk7_4259_bribery_centered_001.webp,,,,/Users/mansur/universal_study_bot org/images omnis/vocab_images/assets_images/object_hsk7_4259_bribery_centered_001.webp
object_hsk7_4263_to_be_deceived_centered_001.webp,,,,/Users/mansur/universal_study_bot org/images omnis/vocab_images/assets_images/object_hsk7_4263_to_be_deceived_centered_001.webp
object_hsk7_4264_to_benefit_centered_001.webp,,,,/Users/mansur/universal_study_bot org/images omnis/vocab_images/assets_images/object_hsk7_4264_to_benefit_centered_001.webp
object_hsk7_4269_writing_centered_001.webp,,,,/Users/mansur/universal_study_bot org/images omnis/vocab_images/assets_images/object_hsk7_4269_writing_centered_001.webp
object_hsk7_4272_comb_centered_001.webp,,,,/Users/mansur/universal_study_bot org/images omnis/vocab_images/assets_images/object_hsk7_4272_comb_centered_001.webp
object_hsk7_4278_transportation_centered_001.webp,,,,/Users/mansur/universal_study_bot org/images omnis/vocab_images/assets_images/object_hsk7_4278_transportation_centered_001.webp
object_hsk7_4282_summer_vacation_centered_001.webp,,,,/Users/mansur/universal_study_bot org/images omnis/vocab_images/assets_images/object_hsk7_4282_summer_vacation_centered_001.webp
object_hsk7_4283_concept_centered_001.webp,,,,/Users/mansur/universal_study_bot org/images omnis/vocab_images/assets_images/object_hsk7_4283_concept_centered_001.webp
object_hsk7_4284_dawn_centered_001.webp,,,,/Users/mansur/universal_study_bot org/images omnis/vocab_images/assets_images/object_hsk7_4284_dawn_centered_001.webp
object_hsk7_4292_decay_centered_001.webp,,,,/Users/mansur/universal_study_bot org/images omnis/vocab_images/assets_images/object_hsk7_4292_decay_centered_001.webp
object_hsk7_4300_double_centered_001.webp,,,,/Users/mansur/universal_study_bot org/images omnis/vocab_images/assets_images/object_hsk7_4300_double_centered_001.webp
object_hsk7_4304_sink_centered_001.webp,,,,/Users/mansur/universal_study_bot org/images omnis/vocab_images/assets_images/object_hsk7_4304_sink_centered_001.webp
object_hsk7_4309_crystal_centered_001.webp,,,,/Users/mansur/universal_study_bot org/images omnis/vocab_images/assets_images/object_hsk7_4309_crystal_centered_001.webp
object_hsk7_4318_level_centered_001.webp,,,,/Users/mansur/universal_study_bot org/images omnis/vocab_images/assets_images/object_hsk7_4318_level_centered_001.webp
object_hsk7_4320_tax_centered_001.webp,,,,/Users/mansur/universal_study_bot org/images omnis/vocab_images/assets_images/object_hsk7_4320_tax_centered_001.webp
object_hsk7_4326_on_the_way_centered_001.webp,,,,/Users/mansur/universal_study_bot org/images omnis/vocab_images/assets_images/object_hsk7_4326_on_the_way_centered_001.webp
object_hsk7_4331_to_comply_with_centered_001.webp,,,,/Users/mansur/universal_study_bot org/images omnis/vocab_images/assets_images/object_hsk7_4331_to_comply_with_centered_001.webp
object_hsk7_4335_in_the_end_centered_001.webp,,,,/Users/mansur/universal_study_bot org/images omnis/vocab_images/assets_images/object_hsk7_4335_in_the_end_centered_001.webp
object_hsk7_4338_to_lie_centered_001.webp,,,,/Users/mansur/universal_study_bot org/images omnis/vocab_images/assets_images/object_hsk7_4338_to_lie_centered_001.webp
object_hsk7_4346_silk_centered_001.webp,,,,/Users/mansur/universal_study_bot org/images omnis/vocab_images/assets_images/object_hsk7_4346_silk_centered_001.webp
object_hsk7_4349_private_centered_001.webp,,,,/Users/mansur/universal_study_bot org/images omnis/vocab_images/assets_images/object_hsk7_4349_private_centered_001.webp
object_hsk7_4353_private_centered_001.webp,,,,/Users/mansur/universal_study_bot org/images omnis/vocab_images/assets_images/object_hsk7_4353_private_centered_001.webp
object_hsk7_4368_farewell_centered_001.webp,,,,/Users/mansur/universal_study_bot org/images omnis/vocab_images/assets_images/object_hsk7_4368_farewell_centered_001.webp
object_hsk7_4369_search_centered_001.webp,,,,/Users/mansur/universal_study_bot org/images omnis/vocab_images/assets_images/object_hsk7_4369_search_centered_001.webp
object_hsk7_4372_search_centered_001.webp,,,,/Users/mansur/universal_study_bot org/images omnis/vocab_images/assets_images/object_hsk7_4372_search_centered_001.webp
object_hsk7_4376_common_saying_centered_001.webp,,,,/Users/mansur/universal_study_bot org/images omnis/vocab_images/assets_images/object_hsk7_4376_common_saying_centered_001.webp
object_hsk7_4378_to_tell_centered_001.webp,,,,/Users/mansur/universal_study_bot org/images omnis/vocab_images/assets_images/object_hsk7_4378_to_tell_centered_001.webp
object_hsk7_4381_material_centered_001.webp,,,,/Users/mansur/universal_study_bot org/images omnis/vocab_images/assets_images/object_hsk7_4381_material_centered_001.webp
object_hsk7_4388_although_centered_001.webp,,,,/Users/mansur/universal_study_bot org/images omnis/vocab_images/assets_images/object_hsk7_4388_although_centered_001.webp
object_hsk7_4389_everywhere_centered_001.webp,,,,/Users/mansur/universal_study_bot org/images omnis/vocab_images/assets_images/object_hsk7_4389_everywhere_centered_001.webp
object_hsk7_4406_others_centered_001.webp,,,,/Users/mansur/universal_study_bot org/images omnis/vocab_images/assets_images/object_hsk7_4406_others_centered_001.webp
object_hsk7_4407_step_on_centered_001.webp,,,,/Users/mansur/universal_study_bot org/images omnis/vocab_images/assets_images/object_hsk7_4407_step_on_centered_001.webp
object_hsk7_4411_tai_chi_centered_001.webp,,,,/Users/mansur/universal_study_bot org/images omnis/vocab_images/assets_images/object_hsk7_4411_tai_chi_centered_001.webp
object_hsk7_4412_peaceful_centered_001.webp,,,,/Users/mansur/universal_study_bot org/images omnis/vocab_images/assets_images/object_hsk7_4412_peaceful_centered_001.webp
object_hsk7_4413_greed_centered_001.webp,,,,/Users/mansur/universal_study_bot org/images omnis/vocab_images/assets_images/object_hsk7_4413_greed_centered_001.webp
object_hsk7_4415_paralysis_centered_001.webp,,,,/Users/mansur/universal_study_bot org/images omnis/vocab_images/assets_images/object_hsk7_4415_paralysis_centered_001.webp
object_hsk7_4419_discuss_centered_001.webp,,,,/Users/mansur/universal_study_bot org/images omnis/vocab_images/assets_images/object_hsk7_4419_discuss_centered_001.webp
object_hsk7_4422_frankness_centered_001.webp,,,,/Users/mansur/universal_study_bot org/images omnis/vocab_images/assets_images/object_hsk7_4422_frankness_centered_001.webp
object_hsk7_4429_exploration_centered_001.webp,,,,/Users/mansur/universal_study_bot org/images omnis/vocab_images/assets_images/object_hsk7_4429_exploration_centered_001.webp
object_hsk7_4430_exploration_centered_001.webp,,,,/Users/mansur/universal_study_bot org/images omnis/vocab_images/assets_images/object_hsk7_4430_exploration_centered_001.webp
object_hsk7_4433_hall_centered_001.webp,,,,/Users/mansur/universal_study_bot org/images omnis/vocab_images/assets_images/object_hsk7_4433_hall_centered_001.webp
object_hsk7_4438_escape_centered_001.webp,,,,/Users/mansur/universal_study_bot org/images omnis/vocab_images/assets_images/object_hsk7_4438_escape_centered_001.webp
object_hsk7_4439_escape_centered_001.webp,,,,/Users/mansur/universal_study_bot org/images omnis/vocab_images/assets_images/object_hsk7_4439_escape_centered_001.webp
object_hsk7_4440_cultivate_centered_001.webp,,,,/Users/mansur/universal_study_bot org/images omnis/vocab_images/assets_images/object_hsk7_4440_cultivate_centered_001.webp
object_hsk7_4452_to_eliminate_centered_001.webp,,,,/Users/mansur/universal_study_bot org/images omnis/vocab_images/assets_images/object_hsk7_4452_to_eliminate_centered_001.webp
object_hsk7_4457_early_centered_001.webp,,,,/Users/mansur/universal_study_bot org/images omnis/vocab_images/assets_images/object_hsk7_4457_early_centered_001.webp
object_hsk7_4460_system_centered_001.webp,,,,/Users/mansur/universal_study_bot org/images omnis/vocab_images/assets_images/object_hsk7_4460_system_centered_001.webp
object_hsk7_4471_overpass_centered_001.webp,,,,/Users/mansur/universal_study_bot org/images omnis/vocab_images/assets_images/object_hsk7_4471_overpass_centered_001.webp
object_hsk7_4476_add_centered_001.webp,,,,/Users/mansur/universal_study_bot org/images omnis/vocab_images/assets_images/object_hsk7_4476_add_centered_001.webp
object_hsk7_4477_sweet_centered_001.webp,,,,/Users/mansur/universal_study_bot org/images omnis/vocab_images/assets_images/object_hsk7_4477_sweet_centered_001.webp
object_hsk7_4480_fill_in_centered_001.webp,,,,/Users/mansur/universal_study_bot org/images omnis/vocab_images/assets_images/object_hsk7_4480_fill_in_centered_001.webp
object_hsk7_4481_filling_centered_001.webp,,,,/Users/mansur/universal_study_bot org/images omnis/vocab_images/assets_images/object_hsk7_4481_filling_centered_001.webp
object_hsk7_4483_regulation_centered_001.webp,,,,/Users/mansur/universal_study_bot org/images omnis/vocab_images/assets_images/object_hsk7_4483_regulation_centered_001.webp
object_hsk7_4491_close_to_centered_001.webp,,,,/Users/mansur/universal_study_bot org/images omnis/vocab_images/assets_images/object_hsk7_4491_close_to_centered_001.webp
object_hsk7_4492_appropriate_centered_001.webp,,,,/Users/mansur/universal_study_bot org/images omnis/vocab_images/assets_images/object_hsk7_4492_appropriate_centered_001.webp
object_hsk7_4498_parking_centered_001.webp,,,,/Users/mansur/universal_study_bot org/images omnis/vocab_images/assets_images/object_hsk7_4498_parking_centered_001.webp
object_hsk7_4500_smooth_and_unobstructed_centered_001.webp,,,,/Users/mansur/universal_study_bot org/images omnis/vocab_images/assets_images/object_hsk7_4500_smooth_and_unobstructed_centered_001.webp
object_hsk7_4503_announcement_centered_001.webp,,,,/Users/mansur/universal_study_bot org/images omnis/vocab_images/assets_images/object_hsk7_4503_announcement_centered_001.webp
object_hsk7_4505_all_centered_001.webp,,,,/Users/mansur/universal_study_bot org/images omnis/vocab_images/assets_images/object_hsk7_4505_all_centered_001.webp
object_hsk7_4506_leading_to_centered_001.webp,,,,/Users/mansur/universal_study_bot org/images omnis/vocab_images/assets_images/object_hsk7_4506_leading_to_centered_001.webp
object_hsk7_4508_pass_centered_001.webp,,,,/Users/mansur/universal_study_bot org/images omnis/vocab_images/assets_images/object_hsk7_4508_pass_centered_001.webp
object_hsk7_4511_equal_centered_001.webp,,,,/Users/mansur/universal_study_bot org/images omnis/vocab_images/assets_images/object_hsk7_4511_equal_centered_001.webp
object_hsk7_4515_alliance_centered_001.webp,,,,/Users/mansur/universal_study_bot org/images omnis/vocab_images/assets_images/object_hsk7_4515_alliance_centered_001.webp
object_hsk7_4527_head_centered_001.webp,,,,/Users/mansur/universal_study_bot org/images omnis/vocab_images/assets_images/object_hsk7_4527_head_centered_001.webp
object_hsk7_4532_title_centered_001.webp,,,,/Users/mansur/universal_study_bot org/images omnis/vocab_images/assets_images/object_hsk7_4532_title_centered_001.webp
object_hsk7_4549_image_centered_001.webp,,,,/Users/mansur/universal_study_bot org/images omnis/vocab_images/assets_images/object_hsk7_4549_image_centered_001.webp
object_hsk7_4551_drawing_centered_001.webp,,,,/Users/mansur/universal_study_bot org/images omnis/vocab_images/assets_images/object_hsk7_4551_drawing_centered_001.webp
object_hsk7_4553_apply_centered_001.webp,,,,/Users/mansur/universal_study_bot org/images omnis/vocab_images/assets_images/object_hsk7_4553_apply_centered_001.webp
object_hsk7_4558_reunion_centered_001.webp,,,,/Users/mansur/universal_study_bot org/images omnis/vocab_images/assets_images/object_hsk7_4558_reunion_centered_001.webp
object_hsk7_4560_inference_centered_001.webp,,,,/Users/mansur/universal_study_bot org/images omnis/vocab_images/assets_images/object_hsk7_4560_inference_centered_001.webp
object_hsk7_4562_calculate_centered_001.webp,,,,/Users/mansur/universal_study_bot org/images omnis/vocab_images/assets_images/object_hsk7_4562_calculate_centered_001.webp
object_hsk7_4565_transition_centered_001.webp,,,,/Users/mansur/universal_study_bot org/images omnis/vocab_images/assets_images/object_hsk7_4565_transition_centered_001.webp
object_hsk7_4567_return_centered_001.webp,,,,/Users/mansur/universal_study_bot org/images omnis/vocab_images/assets_images/object_hsk7_4567_return_centered_001.webp
object_hsk7_4569_concession_centered_001.webp,,,,/Users/mansur/universal_study_bot org/images omnis/vocab_images/assets_images/object_hsk7_4569_concession_centered_001.webp
object_hsk7_4573_retirement_centered_001.webp,,,,/Users/mansur/universal_study_bot org/images omnis/vocab_images/assets_images/object_hsk7_4573_retirement_centered_001.webp
object_hsk7_4575_entrust_centered_001.webp,,,,/Users/mansur/universal_study_bot org/images omnis/vocab_images/assets_images/object_hsk7_4575_entrust_centered_001.webp
object_hsk7_4581_escape_centered_001.webp,,,,/Users/mansur/universal_study_bot org/images omnis/vocab_images/assets_images/object_hsk7_4581_escape_centered_001.webp
object_hsk7_4584_appropriate_centered_001.webp,,,,/Users/mansur/universal_study_bot org/images omnis/vocab_images/assets_images/object_hsk7_4584_appropriate_centered_001.webp
object_hsk7_4586_expansion_centered_001.webp,,,,/Users/mansur/universal_study_bot org/images omnis/vocab_images/assets_images/object_hsk7_4586_expansion_centered_001.webp
object_hsk7_4593_appearance_centered_001.webp,,,,/Users/mansur/universal_study_bot org/images omnis/vocab_images/assets_images/object_hsk7_4593_appearance_centered_001.webp
object_hsk7_4594_maternal_grandmother_centered_001.webp,,,,/Users/mansur/universal_study_bot org/images omnis/vocab_images/assets_images/object_hsk7_4594_maternal_grandmother_centered_001.webp
object_hsk7_4597_appearance_centered_001.webp,,,,/Users/mansur/universal_study_bot org/images omnis/vocab_images/assets_images/object_hsk7_4597_appearance_centered_001.webp
object_hsk7_4601_play_centered_001.webp,,,,/Users/mansur/universal_study_bot org/images omnis/vocab_images/assets_images/object_hsk7_4601_play_centered_001.webp
object_hsk7_4603_evening_centered_001.webp,,,,/Users/mansur/universal_study_bot org/images omnis/vocab_images/assets_images/object_hsk7_4603_evening_centered_001.webp
object_hsk7_4604_old_age_centered_001.webp,,,,/Users/mansur/universal_study_bot org/images omnis/vocab_images/assets_images/object_hsk7_4604_old_age_centered_001.webp
object_hsk7_4608_ten_thousand_centered_001.webp,,,,/Users/mansur/universal_study_bot org/images omnis/vocab_images/assets_images/object_hsk7_4608_ten_thousand_centered_001.webp
object_hsk7_4618_forget_centered_001.webp,,,,/Users/mansur/universal_study_bot org/images omnis/vocab_images/assets_images/object_hsk7_4618_forget_centered_001.webp
object_hsk7_4619_prosperous_centered_001.webp,,,,/Users/mansur/universal_study_bot org/images omnis/vocab_images/assets_images/object_hsk7_4619_prosperous_centered_001.webp
object_hsk7_4622_hope_centered_001.webp,,,,/Users/mansur/universal_study_bot org/images omnis/vocab_images/assets_images/object_hsk7_4622_hope_centered_001.webp
object_hsk7_4628_weak_centered_001.webp,,,,/Users/mansur/universal_study_bot org/images omnis/vocab_images/assets_images/object_hsk7_4628_weak_centered_001.webp
object_hsk7_4634_only_centered_001.webp,,,,/Users/mansur/universal_study_bot org/images omnis/vocab_images/assets_images/object_hsk7_4634_only_centered_001.webp
object_hsk7_4647_seat_centered_001.webp,,,,/Users/mansur/universal_study_bot org/images omnis/vocab_images/assets_images/object_hsk7_4647_seat_centered_001.webp
object_hsk7_4651_to_reward_centered_001.webp,,,,/Users/mansur/universal_study_bot org/images omnis/vocab_images/assets_images/object_hsk7_4651_to_reward_centered_001.webp
object_hsk7_4655_review_centered_001.webp,,,,/Users/mansur/universal_study_bot org/images omnis/vocab_images/assets_images/object_hsk7_4655_review_centered_001.webp
object_hsk7_4667_stable_centered_001.webp,,,,/Users/mansur/universal_study_bot org/images omnis/vocab_images/assets_images/object_hsk7_4667_stable_centered_001.webp
object_hsk7_4669_stable_centered_001.webp,,,,/Users/mansur/universal_study_bot org/images omnis/vocab_images/assets_images/object_hsk7_4669_stable_centered_001.webp
object_hsk7_4672_lie_down_centered_001.webp,,,,/Users/mansur/universal_study_bot org/images omnis/vocab_images/assets_images/object_hsk7_4672_lie_down_centered_001.webp
object_hsk7_4689_powerless_centered_001.webp,,,,/Users/mansur/universal_study_bot org/images omnis/vocab_images/assets_images/object_hsk7_4689_powerless_centered_001.webp
object_hsk7_4694_infinite_centered_001.webp,,,,/Users/mansur/universal_study_bot org/images omnis/vocab_images/assets_images/object_hsk7_4694_infinite_centered_001.webp
object_hsk7_4700_radio_centered_001.webp,,,,/Users/mansur/universal_study_bot org/images omnis/vocab_images/assets_images/object_hsk7_4700_radio_centered_001.webp
object_hsk7_4703_no_need_centered_001.webp,,,,/Users/mansur/universal_study_bot org/images omnis/vocab_images/assets_images/object_hsk7_4703_no_need_centered_001.webp
object_hsk7_4706_insignificant_centered_001.webp,,,,/Users/mansur/universal_study_bot org/images omnis/vocab_images/assets_images/object_hsk7_4706_insignificant_centered_001.webp
object_hsk7_4710_to_cover_centered_001.webp,,,,/Users/mansur/universal_study_bot org/images omnis/vocab_images/assets_images/object_hsk7_4710_to_cover_centered_001.webp
object_hsk7_4713_logistics_centered_001.webp,,,,/Users/mansur/universal_study_bot org/images omnis/vocab_images/assets_images/object_hsk7_4713_logistics_centered_001.webp
object_hsk7_4714_object_centered_001.webp,,,,/Users/mansur/universal_study_bot org/images omnis/vocab_images/assets_images/object_hsk7_4714_object_centered_001.webp
object_hsk7_4718_absorb_centered_001.webp,,,,/Users/mansur/universal_study_bot org/images omnis/vocab_images/assets_images/object_hsk7_4718_absorb_centered_001.webp
object_hsk7_4720_rare_centered_001.webp,,,,/Users/mansur/universal_study_bot org/images omnis/vocab_images/assets_images/object_hsk7_4720_rare_centered_001.webp
object_hsk7_4721_rare_centered_001.webp,,,,/Users/mansur/universal_study_bot org/images omnis/vocab_images/assets_images/object_hsk7_4721_rare_centered_001.webp
object_hsk7_4723_rare_centered_001.webp,,,,/Users/mansur/universal_study_bot org/images omnis/vocab_images/assets_images/object_hsk7_4723_rare_centered_001.webp
object_hsk7_4728_seat_centered_001.webp,,,,/Users/mansur/universal_study_bot org/images omnis/vocab_images/assets_images/object_hsk7_4728_seat_centered_001.webp
object_hsk7_4729_seat_centered_001.webp,,,,/Users/mansur/universal_study_bot org/images omnis/vocab_images/assets_images/object_hsk7_4729_seat_centered_001.webp
object_hsk7_4735_joy_centered_001.webp,,,,/Users/mansur/universal_study_bot org/images omnis/vocab_images/assets_images/object_hsk7_4735_joy_centered_001.webp
object_hsk7_4742_careful_centered_001.webp,,,,/Users/mansur/universal_study_bot org/images omnis/vocab_images/assets_images/object_hsk7_4742_careful_centered_001.webp
object_hsk7_4745_narrow_centered_001.webp,,,,/Users/mansur/universal_study_bot org/images omnis/vocab_images/assets_images/object_hsk7_4745_narrow_centered_001.webp
object_hsk7_4747_decline_centered_001.webp,,,,/Users/mansur/universal_study_bot org/images omnis/vocab_images/assets_images/object_hsk7_4747_decline_centered_001.webp
object_hsk7_4751_subordinate_centered_001.webp,,,,/Users/mansur/universal_study_bot org/images omnis/vocab_images/assets_images/object_hsk7_4751_subordinate_centered_001.webp
object_hsk7_4754_fall_centered_001.webp,,,,/Users/mansur/universal_study_bot org/images omnis/vocab_images/assets_images/object_hsk7_4754_fall_centered_001.webp
object_hsk7_4766_fall_centered_001.webp,,,,/Users/mansur/universal_study_bot org/images omnis/vocab_images/assets_images/object_hsk7_4766_fall_centered_001.webp
object_hsk7_4767_to_scare_centered_001.webp,,,,/Users/mansur/universal_study_bot org/images omnis/vocab_images/assets_images/object_hsk7_4767_to_scare_centered_001.webp
object_hsk7_4768_scary_centered_001.webp,,,,/Users/mansur/universal_study_bot org/images omnis/vocab_images/assets_images/object_hsk7_4768_scary_centered_001.webp
object_hsk7_4773_lift_centered_001.webp,,,,/Users/mansur/universal_study_bot org/images omnis/vocab_images/assets_images/object_hsk7_4773_lift_centered_001.webp
object_hsk7_4774_fresh_centered_001.webp,,,,/Users/mansur/universal_study_bot org/images omnis/vocab_images/assets_images/object_hsk7_4774_fresh_centered_001.webp
object_hsk7_4776_blood_centered_001.webp,,,,/Users/mansur/universal_study_bot org/images omnis/vocab_images/assets_images/object_hsk7_4776_blood_centered_001.webp
object_hsk7_4777_to_dislike_centered_001.webp,,,,/Users/mansur/universal_study_bot org/images omnis/vocab_images/assets_images/object_hsk7_4777_to_dislike_centered_001.webp
object_hsk7_4778_obvious_centered_001.webp,,,,/Users/mansur/universal_study_bot org/images omnis/vocab_images/assets_images/object_hsk7_4778_obvious_centered_001.webp
object_hsk7_4784_current_centered_001.webp,,,,/Users/mansur/universal_study_bot org/images omnis/vocab_images/assets_images/object_hsk7_4784_current_centered_001.webp
object_hsk7_4785_limit_centered_001.webp,,,,/Users/mansur/universal_study_bot org/images omnis/vocab_images/assets_images/object_hsk7_4785_limit_centered_001.webp
object_hsk7_4787_limit_centered_001.webp,,,,/Users/mansur/universal_study_bot org/images omnis/vocab_images/assets_images/object_hsk7_4787_limit_centered_001.webp
object_hsk7_4788_limited_to_centered_001.webp,,,,/Users/mansur/universal_study_bot org/images omnis/vocab_images/assets_images/object_hsk7_4788_limited_to_centered_001.webp
object_hsk7_4790_trap_centered_001.webp,,,,/Users/mansur/universal_study_bot org/images omnis/vocab_images/assets_images/object_hsk7_4790_trap_centered_001.webp
object_hsk7_4795_accompanying_centered_001.webp,,,,/Users/mansur/universal_study_bot org/images omnis/vocab_images/assets_images/object_hsk7_4795_accompanying_centered_001.webp
object_hsk7_4798_equivalent_to_centered_001.webp,,,,/Users/mansur/universal_study_bot org/images omnis/vocab_images/assets_images/object_hsk7_4798_equivalent_to_centered_001.webp
object_hsk7_4806_encounter_centered_001.webp,,,,/Users/mansur/universal_study_bot org/images omnis/vocab_images/assets_images/object_hsk7_4806_encounter_centered_001.webp
object_hsk7_4813_inlay_centered_001.webp,,,,/Users/mansur/universal_study_bot org/images omnis/vocab_images/assets_images/object_hsk7_4813_inlay_centered_001.webp
object_hsk7_4816_enjoy_centered_001.webp,,,,/Users/mansur/universal_study_bot org/images omnis/vocab_images/assets_images/object_hsk7_4816_enjoy_centered_001.webp
object_hsk7_4817_enjoy_centered_001.webp,,,,/Users/mansur/universal_study_bot org/images omnis/vocab_images/assets_images/object_hsk7_4817_enjoy_centered_001.webp
object_hsk7_4822_eliminate_centered_001.webp,,,,/Users/mansur/universal_study_bot org/images omnis/vocab_images/assets_images/object_hsk7_4822_eliminate_centered_001.webp
object_hsk7_4826_sell_centered_001.webp,,,,/Users/mansur/universal_study_bot org/images omnis/vocab_images/assets_images/object_hsk7_4826_sell_centered_001.webp
object_hsk7_4830_look_down_on_centered_001.webp,,,,/Users/mansur/universal_study_bot org/images omnis/vocab_images/assets_images/object_hsk7_4830_look_down_on_centered_001.webp
object_hsk7_4840_filial_piety_centered_001.webp,,,,/Users/mansur/universal_study_bot org/images omnis/vocab_images/assets_images/object_hsk7_4840_filial_piety_centered_001.webp
object_hsk7_4842_effectiveness_centered_001.webp,,,,/Users/mansur/universal_study_bot org/images omnis/vocab_images/assets_images/object_hsk7_4842_effectiveness_centered_001.webp
object_hsk7_4843_effect_centered_001.webp,,,,/Users/mansur/universal_study_bot org/images omnis/vocab_images/assets_images/object_hsk7_4843_effect_centered_001.webp
object_hsk7_4844_agreement_centered_001.webp,,,,/Users/mansur/universal_study_bot org/images omnis/vocab_images/assets_images/object_hsk7_4844_agreement_centered_001.webp
object_hsk7_4852_leak_centered_001.webp,,,,/Users/mansur/universal_study_bot org/images omnis/vocab_images/assets_images/object_hsk7_4852_leak_centered_001.webp
object_hsk7_4855_diarrhea_centered_001.webp,,,,/Users/mansur/universal_study_bot org/images omnis/vocab_images/assets_images/object_hsk7_4855_diarrhea_centered_001.webp
object_hsk7_4860_heart_centered_001.webp,,,,/Users/mansur/universal_study_bot org/images omnis/vocab_images/assets_images/object_hsk7_4860_heart_centered_001.webp
object_hsk7_4867_worry_centered_001.webp,,,,/Users/mansur/universal_study_bot org/images omnis/vocab_images/assets_images/object_hsk7_4867_worry_centered_001.webp
object_hsk7_4872_intention_centered_001.webp,,,,/Users/mansur/universal_study_bot org/images omnis/vocab_images/assets_images/object_hsk7_4872_intention_centered_001.webp
object_hsk7_4875_joy_centered_001.webp,,,,/Users/mansur/universal_study_bot org/images omnis/vocab_images/assets_images/object_hsk7_4875_joy_centered_001.webp
object_hsk7_4884_letter_centered_001.webp,,,,/Users/mansur/universal_study_bot org/images omnis/vocab_images/assets_images/object_hsk7_4884_letter_centered_001.webp
object_hsk7_4887_rise_centered_001.webp,,,,/Users/mansur/universal_study_bot org/images omnis/vocab_images/assets_images/object_hsk7_4887_rise_centered_001.webp
object_hsk7_4891_exercise_centered_001.webp,,,,/Users/mansur/universal_study_bot org/images omnis/vocab_images/assets_images/object_hsk7_4891_exercise_centered_001.webp
object_hsk7_4892_walk_centered_001.webp,,,,/Users/mansur/universal_study_bot org/images omnis/vocab_images/assets_images/object_hsk7_4892_walk_centered_001.webp
object_hsk7_4897_awakening_centered_001.webp,,,,/Users/mansur/universal_study_bot org/images omnis/vocab_images/assets_images/object_hsk7_4897_awakening_centered_001.webp
object_hsk7_4898_interest_centered_001.webp,,,,/Users/mansur/universal_study_bot org/images omnis/vocab_images/assets_images/object_hsk7_4898_interest_centered_001.webp
object_hsk7_4901_escape_centered_001.webp,,,,/Users/mansur/universal_study_bot org/images omnis/vocab_images/assets_images/object_hsk7_4901_escape_centered_001.webp
object_hsk7_4903_temperament_centered_001.webp,,,,/Users/mansur/universal_study_bot org/images omnis/vocab_images/assets_images/object_hsk7_4903_temperament_centered_001.webp
object_hsk7_4904_surname_centered_001.webp,,,,/Users/mansur/universal_study_bot org/images omnis/vocab_images/assets_images/object_hsk7_4904_surname_centered_001.webp
object_hsk7_4905_ferocious_centered_001.webp,,,,/Users/mansur/universal_study_bot org/images omnis/vocab_images/assets_images/object_hsk7_4905_ferocious_centered_001.webp
object_hsk7_4906_fierce_centered_001.webp,,,,/Users/mansur/universal_study_bot org/images omnis/vocab_images/assets_images/object_hsk7_4906_fierce_centered_001.webp
object_hsk7_4907_fierce_centered_001.webp,,,,/Users/mansur/universal_study_bot org/images omnis/vocab_images/assets_images/object_hsk7_4907_fierce_centered_001.webp
object_hsk7_4909_shock_centered_001.webp,,,,/Users/mansur/universal_study_bot org/images omnis/vocab_images/assets_images/object_hsk7_4909_shock_centered_001.webp
object_hsk7_4913_repair_centered_001.webp,,,,/Users/mansur/universal_study_bot org/images omnis/vocab_images/assets_images/object_hsk7_4913_repair_centered_001.webp
object_hsk7_4914_slender_centered_001.webp,,,,/Users/mansur/universal_study_bot org/images omnis/vocab_images/assets_images/object_hsk7_4914_slender_centered_001.webp
object_hsk7_4919_beautiful_centered_001.webp,,,,/Users/mansur/universal_study_bot org/images omnis/vocab_images/assets_images/object_hsk7_4919_beautiful_centered_001.webp
object_hsk7_4923_must_centered_001.webp,,,,/Users/mansur/universal_study_bot org/images omnis/vocab_images/assets_images/object_hsk7_4923_must_centered_001.webp
object_hsk7_4928_weakness_centered_001.webp,,,,/Users/mansur/universal_study_bot org/images omnis/vocab_images/assets_images/object_hsk7_4928_weakness_centered_001.webp
object_hsk7_4930_gradually_centered_001.webp,,,,/Users/mansur/universal_study_bot org/images omnis/vocab_images/assets_images/object_hsk7_4930_gradually_centered_001.webp
object_hsk7_4931_allow_centered_001.webp,,,,/Users/mansur/universal_study_bot org/images omnis/vocab_images/assets_images/object_hsk7_4931_allow_centered_001.webp
object_hsk7_4932_license_centered_001.webp,,,,/Users/mansur/universal_study_bot org/images omnis/vocab_images/assets_images/object_hsk7_4932_license_centered_001.webp
object_hsk7_4936_continuation_centered_001.webp,,,,/Users/mansur/universal_study_bot org/images omnis/vocab_images/assets_images/object_hsk7_4936_continuation_centered_001.webp
object_hsk7_4940_declaration_centered_001.webp,,,,/Users/mansur/universal_study_bot org/images omnis/vocab_images/assets_images/object_hsk7_4940_declaration_centered_001.webp
object_hsk7_4942_declaration_centered_001.webp,,,,/Users/mansur/universal_study_bot org/images omnis/vocab_images/assets_images/object_hsk7_4942_declaration_centered_001.webp
object_hsk7_4943_noisy_centered_001.webp,,,,/Users/mansur/universal_study_bot org/images omnis/vocab_images/assets_images/object_hsk7_4943_noisy_centered_001.webp
object_hsk7_4944_mysterious_centered_001.webp,,,,/Users/mansur/universal_study_bot org/images omnis/vocab_images/assets_images/object_hsk7_4944_mysterious_centered_001.webp
object_hsk7_4945_mystery_centered_001.webp,,,,/Users/mansur/universal_study_bot org/images omnis/vocab_images/assets_images/object_hsk7_4945_mystery_centered_001.webp
object_hsk7_4950_selection_centered_001.webp,,,,/Users/mansur/universal_study_bot org/images omnis/vocab_images/assets_images/object_hsk7_4950_selection_centered_001.webp
object_hsk7_4954_school_centered_001.webp,,,,/Users/mansur/universal_study_bot org/images omnis/vocab_images/assets_images/object_hsk7_4954_school_centered_001.webp
object_hsk7_4957_student_centered_001.webp,,,,/Users/mansur/universal_study_bot org/images omnis/vocab_images/assets_images/object_hsk7_4957_student_centered_001.webp
object_hsk7_4964_seek_centered_001.webp,,,,/Users/mansur/universal_study_bot org/images omnis/vocab_images/assets_images/object_hsk7_4964_seek_centered_001.webp
object_hsk7_4965_ordinary_centered_001.webp,,,,/Users/mansur/universal_study_bot org/images omnis/vocab_images/assets_images/object_hsk7_4965_ordinary_centered_001.webp
object_hsk7_4966_train_centered_001.webp,,,,/Users/mansur/universal_study_bot org/images omnis/vocab_images/assets_images/object_hsk7_4966_train_centered_001.webp
object_hsk7_4974_throat_centered_001.webp,,,,/Users/mansur/universal_study_bot org/images omnis/vocab_images/assets_images/object_hsk7_4974_throat_centered_001.webp
object_hsk7_4977_flood_centered_001.webp,,,,/Users/mansur/universal_study_bot org/images omnis/vocab_images/assets_images/object_hsk7_4977_flood_centered_001.webp
object_hsk7_4978_extend_centered_001.webp,,,,/Users/mansur/universal_study_bot org/images omnis/vocab_images/assets_images/object_hsk7_4978_extend_centered_001.webp
object_hsk7_4982_speech_centered_001.webp,,,,/Users/mansur/universal_study_bot org/images omnis/vocab_images/assets_images/object_hsk7_4982_speech_centered_001.webp
object_hsk7_4984_inflammation_centered_001.webp,,,,/Users/mansur/universal_study_bot org/images omnis/vocab_images/assets_images/object_hsk7_4984_inflammation_centered_001.webp
object_hsk7_4985_coastal_centered_001.webp,,,,/Users/mansur/universal_study_bot org/images omnis/vocab_images/assets_images/object_hsk7_4985_coastal_centered_001.webp
object_hsk7_4996_drill_centered_001.webp,,,,/Users/mansur/universal_study_bot org/images omnis/vocab_images/assets_images/object_hsk7_4996_drill_centered_001.webp
object_hsk7_4997_demonstration_centered_001.webp,,,,/Users/mansur/universal_study_bot org/images omnis/vocab_images/assets_images/object_hsk7_4997_demonstration_centered_001.webp
object_hsk7_4998_speech_centered_001.webp,,,,/Users/mansur/universal_study_bot org/images omnis/vocab_images/assets_images/object_hsk7_4998_speech_centered_001.webp
object_hsk7_5003_throat_centered_001.webp,,,,/Users/mansur/universal_study_bot org/images omnis/vocab_images/assets_images/object_hsk7_5003_throat_centered_001.webp
object_hsk7_5004_gorgeous_centered_001.webp,,,,/Users/mansur/universal_study_bot org/images omnis/vocab_images/assets_images/object_hsk7_5004_gorgeous_centered_001.webp
object_hsk7_5005_test_centered_001.webp,,,,/Users/mansur/universal_study_bot org/images omnis/vocab_images/assets_images/object_hsk7_5005_test_centered_001.webp
object_hsk7_5010_positive_centered_001.webp,,,,/Users/mansur/universal_study_bot org/images omnis/vocab_images/assets_images/object_hsk7_5010_positive_centered_001.webp
object_hsk7_5013_to_support_centered_001.webp,,,,/Users/mansur/universal_study_bot org/images omnis/vocab_images/assets_images/object_hsk7_5013_to_support_centered_001.webp
object_hsk7_5018_oxygen_centered_001.webp,,,,/Users/mansur/universal_study_bot org/images omnis/vocab_images/assets_images/object_hsk7_5018_oxygen_centered_001.webp
object_hsk7_5019_sample_centered_001.webp,,,,/Users/mansur/universal_study_bot org/images omnis/vocab_images/assets_images/object_hsk7_5019_sample_centered_001.webp
object_hsk7_5023_shake_centered_001.webp,,,,/Users/mansur/universal_study_bot org/images omnis/vocab_images/assets_images/object_hsk7_5023_shake_centered_001.webp
object_hsk7_5030_important_centered_001.webp,,,,/Users/mansur/universal_study_bot org/images omnis/vocab_images/assets_images/object_hsk7_5030_important_centered_001.webp
object_hsk7_5040_industry_centered_001.webp,,,,/Users/mansur/universal_study_bot org/images omnis/vocab_images/assets_images/object_hsk7_5040_industry_centered_001.webp
object_hsk7_5041_performance_centered_001.webp,,,,/Users/mansur/universal_study_bot org/images omnis/vocab_images/assets_images/object_hsk7_5041_performance_centered_001.webp
object_hsk7_5044_night_centered_001.webp,,,,/Users/mansur/universal_study_bot org/images omnis/vocab_images/assets_images/object_hsk7_5044_night_centered_001.webp
object_hsk7_5046_day_and_night_centered_001.webp,,,,/Users/mansur/universal_study_bot org/images omnis/vocab_images/assets_images/object_hsk7_5046_day_and_night_centered_001.webp
object_hsk7_5053_clothing_centered_001.webp,,,,/Users/mansur/universal_study_bot org/images omnis/vocab_images/assets_images/object_hsk7_5053_clothing_centered_001.webp
object_hsk7_5055_rely_on_centered_001.webp,,,,/Users/mansur/universal_study_bot org/images omnis/vocab_images/assets_images/object_hsk7_5055_rely_on_centered_001.webp
object_hsk7_5058_instant_centered_001.webp,,,,/Users/mansur/universal_study_bot org/images omnis/vocab_images/assets_images/object_hsk7_5058_instant_centered_001.webp
object_hsk7_5066_one_side_centered_001.webp,,,,/Users/mansur/universal_study_bot org/images omnis/vocab_images/assets_images/object_hsk7_5066_one_side_centered_001.webp
object_hsk7_5082_ruins_centered_001.webp,,,,/Users/mansur/universal_study_bot org/images omnis/vocab_images/assets_images/object_hsk7_5082_ruins_centered_001.webp
object_hsk7_5084_doubt_centered_001.webp,,,,/Users/mansur/universal_study_bot org/images omnis/vocab_images/assets_images/object_hsk7_5084_doubt_centered_001.webp
object_hsk7_5085_doubt_centered_001.webp,,,,/Users/mansur/universal_study_bot org/images omnis/vocab_images/assets_images/object_hsk7_5085_doubt_centered_001.webp
object_hsk7_5088_already_centered_001.webp,,,,/Users/mansur/universal_study_bot org/images omnis/vocab_images/assets_images/object_hsk7_5088_already_centered_001.webp
object_hsk7_5097_family_centered_001.webp,,,,/Users/mansur/universal_study_bot org/images omnis/vocab_images/assets_images/object_hsk7_5097_family_centered_001.webp
object_hsk7_5098_once_centered_001.webp,,,,/Users/mansur/universal_study_bot org/images omnis/vocab_images/assets_images/object_hsk7_5098_once_centered_001.webp
object_hsk7_5107_beside_centered_001.webp,,,,/Users/mansur/universal_study_bot org/images omnis/vocab_images/assets_images/object_hsk7_5107_beside_centered_001.webp
object_hsk7_5112_all_day_long_centered_001.webp,,,,/Users/mansur/universal_study_bot org/images omnis/vocab_images/assets_images/object_hsk7_5112_all_day_long_centered_001.webp
object_hsk7_5122_early_morning_centered_001.webp,,,,/Users/mansur/universal_study_bot org/images omnis/vocab_images/assets_images/object_hsk7_5122_early_morning_centered_001.webp
object_hsk7_5123_volunteer_centered_001.webp,,,,/Users/mansur/universal_study_bot org/images omnis/vocab_images/assets_images/object_hsk7_5123_volunteer_centered_001.webp
object_hsk7_5124_discussion_centered_001.webp,,,,/Users/mansur/universal_study_bot org/images omnis/vocab_images/assets_images/object_hsk7_5124_discussion_centered_001.webp
object_hsk7_5137_translation_centered_001.webp,,,,/Users/mansur/universal_study_bot org/images omnis/vocab_images/assets_images/object_hsk7_5137_translation_centered_001.webp
object_hsk7_5138_can_centered_001.webp,,,,/Users/mansur/universal_study_bot org/images omnis/vocab_images/assets_images/object_hsk7_5138_can_centered_001.webp
object_hsk7_5140_benefit_centered_001.webp,,,,/Users/mansur/universal_study_bot org/images omnis/vocab_images/assets_images/object_hsk7_5140_benefit_centered_001.webp
object_hsk7_5145_negative_centered_001.webp,,,,/Users/mansur/universal_study_bot org/images omnis/vocab_images/assets_images/object_hsk7_5145_negative_centered_001.webp
object_hsk7_5146_diligent_centered_001.webp,,,,/Users/mansur/universal_study_bot org/images omnis/vocab_images/assets_images/object_hsk7_5146_diligent_centered_001.webp
object_hsk7_5147_screen_centered_001.webp,,,,/Users/mansur/universal_study_bot org/images omnis/vocab_images/assets_images/object_hsk7_5147_screen_centered_001.webp
object_hsk7_5150_lead_centered_001.webp,,,,/Users/mansur/universal_study_bot org/images omnis/vocab_images/assets_images/object_hsk7_5150_lead_centered_001.webp
object_hsk7_5153_introduction_centered_001.webp,,,,/Users/mansur/universal_study_bot org/images omnis/vocab_images/assets_images/object_hsk7_5153_introduction_centered_001.webp
object_hsk7_5162_printing_centered_001.webp,,,,/Users/mansur/universal_study_bot org/images omnis/vocab_images/assets_images/object_hsk7_5162_printing_centered_001.webp
object_hsk7_5163_seal_centered_001.webp,,,,/Users/mansur/universal_study_bot org/images omnis/vocab_images/assets_images/object_hsk7_5163_seal_centered_001.webp
object_hsk7_5168_welcome_centered_001.webp,,,,/Users/mansur/universal_study_bot org/images omnis/vocab_images/assets_images/object_hsk7_5168_welcome_centered_001.webp
object_hsk7_5171_rescue_centered_001.webp,,,,/Users/mansur/universal_study_bot org/images omnis/vocab_images/assets_images/object_hsk7_5171_rescue_centered_001.webp
object_hsk7_5172_create_centered_001.webp,,,,/Users/mansur/universal_study_bot org/images omnis/vocab_images/assets_images/object_hsk7_5172_create_centered_001.webp
object_hsk7_5174_image_centered_001.webp,,,,/Users/mansur/universal_study_bot org/images omnis/vocab_images/assets_images/object_hsk7_5174_image_centered_001.webp
object_hsk7_5175_reflection_centered_001.webp,,,,/Users/mansur/universal_study_bot org/images omnis/vocab_images/assets_images/object_hsk7_5175_reflection_centered_001.webp
object_hsk7_5179_never_centered_001.webp,,,,/Users/mansur/universal_study_bot org/images omnis/vocab_images/assets_images/object_hsk7_5179_never_centered_001.webp
object_hsk7_5186_personnel_centered_001.webp,,,,/Users/mansur/universal_study_bot org/images omnis/vocab_images/assets_images/object_hsk7_5186_personnel_centered_001.webp
object_hsk7_5187_intention_centered_001.webp,,,,/Users/mansur/universal_study_bot org/images omnis/vocab_images/assets_images/object_hsk7_5187_intention_centered_001.webp
object_hsk7_5188_excellent_centered_001.webp,,,,/Users/mansur/universal_study_bot org/images omnis/vocab_images/assets_images/object_hsk7_5188_excellent_centered_001.webp
object_hsk7_5190_elegant_centered_001.webp,,,,/Users/mansur/universal_study_bot org/images omnis/vocab_images/assets_images/object_hsk7_5190_elegant_centered_001.webp
object_hsk7_5191_melancholy_centered_001.webp,,,,/Users/mansur/universal_study_bot org/images omnis/vocab_images/assets_images/object_hsk7_5191_melancholy_centered_001.webp
object_hsk7_5192_worry_centered_001.webp,,,,/Users/mansur/universal_study_bot org/images omnis/vocab_images/assets_images/object_hsk7_5192_worry_centered_001.webp
object_hsk7_5193_leisure_centered_001.webp,,,,/Users/mansur/universal_study_bot org/images omnis/vocab_images/assets_images/object_hsk7_5193_leisure_centered_001.webp
object_hsk7_5194_especially_centered_001.webp,,,,/Users/mansur/universal_study_bot org/images omnis/vocab_images/assets_images/object_hsk7_5194_especially_centered_001.webp
object_hsk7_5197_origin_centered_001.webp,,,,/Users/mansur/universal_study_bot org/images omnis/vocab_images/assets_images/object_hsk7_5197_origin_centered_001.webp
object_hsk7_5204_friendship_centered_001.webp,,,,/Users/mansur/universal_study_bot org/images omnis/vocab_images/assets_images/object_hsk7_5204_friendship_centered_001.webp
object_hsk7_5205_friend_centered_001.webp,,,,/Users/mansur/universal_study_bot org/images omnis/vocab_images/assets_images/object_hsk7_5205_friend_centered_001.webp
object_hsk7_5206_friendly_centered_001.webp,,,,/Users/mansur/universal_study_bot org/images omnis/vocab_images/assets_images/object_hsk7_5206_friendly_centered_001.webp
object_hsk7_5213_to_have_centered_001.webp,,,,/Users/mansur/universal_study_bot org/images omnis/vocab_images/assets_images/object_hsk7_5213_to_have_centered_001.webp
object_hsk7_5219_beneficial_centered_001.webp,,,,/Users/mansur/universal_study_bot org/images omnis/vocab_images/assets_images/object_hsk7_5219_beneficial_centered_001.webp
object_hsk7_5220_intention_centered_001.webp,,,,/Users/mansur/universal_study_bot org/images omnis/vocab_images/assets_images/object_hsk7_5220_intention_centered_001.webp
object_hsk7_5227_room_centered_001.webp,,,,/Users/mansur/universal_study_bot org/images omnis/vocab_images/assets_images/object_hsk7_5227_room_centered_001.webp
object_hsk7_5228_balance_centered_001.webp,,,,/Users/mansur/universal_study_bot org/images omnis/vocab_images/assets_images/object_hsk7_5228_balance_centered_001.webp
object_hsk7_5232_at_the_same_time_centered_001.webp,,,,/Users/mansur/universal_study_bot org/images omnis/vocab_images/assets_images/object_hsk7_5232_at_the_same_time_centered_001.webp
object_hsk7_5236_to_give_centered_001.webp,,,,/Users/mansur/universal_study_bot org/images omnis/vocab_images/assets_images/object_hsk7_5236_to_give_centered_001.webp
object_hsk7_5237_bathroom_centered_001.webp,,,,/Users/mansur/universal_study_bot org/images omnis/vocab_images/assets_images/object_hsk7_5237_bathroom_centered_001.webp
object_hsk7_5238_reservation_centered_001.webp,,,,/Users/mansur/universal_study_bot org/images omnis/vocab_images/assets_images/object_hsk7_5238_reservation_centered_001.webp
object_hsk7_5246_encounter_centered_001.webp,,,,/Users/mansur/universal_study_bot org/images omnis/vocab_images/assets_images/object_hsk7_5246_encounter_centered_001.webp
object_hsk7_5250_increasingly_centered_001.webp,,,,/Users/mansur/universal_study_bot org/images omnis/vocab_images/assets_images/object_hsk7_5250_increasingly_centered_001.webp
object_hsk7_5251_intensify_centered_001.webp,,,,/Users/mansur/universal_study_bot org/images omnis/vocab_images/assets_images/object_hsk7_5251_intensify_centered_001.webp
object_hsk7_5253_origin_centered_001.webp,,,,/Users/mansur/universal_study_bot org/images omnis/vocab_images/assets_images/object_hsk7_5253_origin_centered_001.webp
object_hsk7_5260_authentic_centered_001.webp,,,,/Users/mansur/universal_study_bot org/images omnis/vocab_images/assets_images/object_hsk7_5260_authentic_centered_001.webp
object_hsk7_5262_circle_centered_001.webp,,,,/Users/mansur/universal_study_bot org/images omnis/vocab_images/assets_images/object_hsk7_5262_circle_centered_001.webp
object_hsk7_5263_fate_centered_001.webp,,,,/Users/mansur/universal_study_bot org/images omnis/vocab_images/assets_images/object_hsk7_5263_fate_centered_001.webp
object_hsk7_5264_source_centered_001.webp,,,,/Users/mansur/universal_study_bot org/images omnis/vocab_images/assets_images/object_hsk7_5264_source_centered_001.webp
object_hsk7_5272_complaint_centered_001.webp,,,,/Users/mansur/universal_study_bot org/images omnis/vocab_images/assets_images/object_hsk7_5272_complaint_centered_001.webp
object_hsk7_5279_experience_centered_001.webp,,,,/Users/mansur/universal_study_bot org/images omnis/vocab_images/assets_images/object_hsk7_5279_experience_centered_001.webp
object_hsk7_5281_increasingly_centered_001.webp,,,,/Users/mansur/universal_study_bot org/images omnis/vocab_images/assets_images/object_hsk7_5281_increasingly_centered_001.webp
object_hsk7_5287_transportation_centered_001.webp,,,,/Users/mansur/universal_study_bot org/images omnis/vocab_images/assets_images/object_hsk7_5287_transportation_centered_001.webp
object_hsk7_5289_operation_centered_001.webp,,,,/Users/mansur/universal_study_bot org/images omnis/vocab_images/assets_images/object_hsk7_5289_operation_centered_001.webp
object_hsk7_5290_charm_centered_001.webp,,,,/Users/mansur/universal_study_bot org/images omnis/vocab_images/assets_images/object_hsk7_5290_charm_centered_001.webp
object_hsk7_5293_to_plant_centered_001.webp,,,,/Users/mansur/universal_study_bot org/images omnis/vocab_images/assets_images/object_hsk7_5293_to_plant_centered_001.webp
object_hsk7_5294_again_centered_001.webp,,,,/Users/mansur/universal_study_bot org/images omnis/vocab_images/assets_images/object_hsk7_5294_again_centered_001.webp
object_hsk7_5295_reproduction_centered_001.webp,,,,/Users/mansur/universal_study_bot org/images omnis/vocab_images/assets_images/object_hsk7_5295_reproduction_centered_001.webp
object_hsk7_5296_online_centered_001.webp,,,,/Users/mansur/universal_study_bot org/images omnis/vocab_images/assets_images/object_hsk7_5296_online_centered_001.webp
object_hsk7_5299_temporary_centered_001.webp,,,,/Users/mansur/universal_study_bot org/images omnis/vocab_images/assets_images/object_hsk7_5299_temporary_centered_001.webp
object_hsk7_5302_agree_centered_001.webp,,,,/Users/mansur/universal_study_bot org/images omnis/vocab_images/assets_images/object_hsk7_5302_agree_centered_001.webp
object_hsk7_5303_praise_centered_001.webp,,,,/Users/mansur/universal_study_bot org/images omnis/vocab_images/assets_images/object_hsk7_5303_praise_centered_001.webp
object_hsk7_5304_praise_centered_001.webp,,,,/Users/mansur/universal_study_bot org/images omnis/vocab_images/assets_images/object_hsk7_5304_praise_centered_001.webp
object_hsk7_5309_as_soon_as_possible_centered_001.webp,,,,/Users/mansur/universal_study_bot org/images omnis/vocab_images/assets_images/object_hsk7_5309_as_soon_as_possible_centered_001.webp
object_hsk7_5314_cultivate_centered_001.webp,,,,/Users/mansur/universal_study_bot org/images omnis/vocab_images/assets_images/object_hsk7_5314_cultivate_centered_001.webp
object_hsk7_5316_noise_centered_001.webp,,,,/Users/mansur/universal_study_bot org/images omnis/vocab_images/assets_images/object_hsk7_5316_noise_centered_001.webp
object_hsk7_5326_touch_centered_001.webp,,,,/Users/mansur/universal_study_bot org/images omnis/vocab_images/assets_images/object_hsk7_5326_touch_centered_001.webp
object_hsk7_5328_chop_centered_001.webp,,,,/Users/mansur/universal_study_bot org/images omnis/vocab_images/assets_images/object_hsk7_5328_chop_centered_001.webp
object_hsk7_5330_cup_centered_001.webp,,,,/Users/mansur/universal_study_bot org/images omnis/vocab_images/assets_images/object_hsk7_5330_cup_centered_001.webp
object_hsk7_5331_exhibition_centered_001.webp,,,,/Users/mansur/universal_study_bot org/images omnis/vocab_images/assets_images/object_hsk7_5331_exhibition_centered_001.webp
object_hsk7_5332_exhibition_centered_001.webp,,,,/Users/mansur/universal_study_bot org/images omnis/vocab_images/assets_images/object_hsk7_5332_exhibition_centered_001.webp
object_hsk7_5333_occupy_centered_001.webp,,,,/Users/mansur/universal_study_bot org/images omnis/vocab_images/assets_images/object_hsk7_5333_occupy_centered_001.webp
object_hsk7_5335_bloom_centered_001.webp,,,,/Users/mansur/universal_study_bot org/images omnis/vocab_images/assets_images/object_hsk7_5335_bloom_centered_001.webp
object_hsk7_5340_appearance_centered_001.webp,,,,/Users/mansur/universal_study_bot org/images omnis/vocab_images/assets_images/object_hsk7_5340_appearance_centered_001.webp
object_hsk7_5344_account_centered_001.webp,,,,/Users/mansur/universal_study_bot org/images omnis/vocab_images/assets_images/object_hsk7_5344_account_centered_001.webp
object_hsk7_5346_reception_centered_001.webp,,,,/Users/mansur/universal_study_bot org/images omnis/vocab_images/assets_images/object_hsk7_5346_reception_centered_001.webp
object_hsk7_5347_recruit_centered_001.webp,,,,/Users/mansur/universal_study_bot org/images omnis/vocab_images/assets_images/object_hsk7_5347_recruit_centered_001.webp
object_hsk7_5350_move_centered_001.webp,,,,/Users/mansur/universal_study_bot org/images omnis/vocab_images/assets_images/object_hsk7_5350_move_centered_001.webp
object_hsk7_5353_convene_centered_001.webp,,,,/Users/mansur/universal_study_bot org/images omnis/vocab_images/assets_images/object_hsk7_5353_convene_centered_001.webp
object_hsk7_5354_omen_centered_001.webp,,,,/Users/mansur/universal_study_bot org/images omnis/vocab_images/assets_images/object_hsk7_5354_omen_centered_001.webp
object_hsk7_5355_comply_with_centered_001.webp,,,,/Users/mansur/universal_study_bot org/images omnis/vocab_images/assets_images/object_hsk7_5355_comply_with_centered_001.webp
object_hsk7_5356_as_usual_centered_001.webp,,,,/Users/mansur/universal_study_bot org/images omnis/vocab_images/assets_images/object_hsk7_5356_as_usual_centered_001.webp
object_hsk7_5357_care_centered_001.webp,,,,/Users/mansur/universal_study_bot org/images omnis/vocab_images/assets_images/object_hsk7_5357_care_centered_001.webp
object_hsk7_5358_lighting_centered_001.webp,,,,/Users/mansur/universal_study_bot org/images omnis/vocab_images/assets_images/object_hsk7_5358_lighting_centered_001.webp
object_hsk7_5359_cover_centered_001.webp,,,,/Users/mansur/universal_study_bot org/images omnis/vocab_images/assets_images/object_hsk7_5359_cover_centered_001.webp
object_hsk7_5360_cause_trouble_centered_001.webp,,,,/Users/mansur/universal_study_bot org/images omnis/vocab_images/assets_images/object_hsk7_5360_cause_trouble_centered_001.webp
object_hsk7_5361_cover_centered_001.webp,,,,/Users/mansur/universal_study_bot org/images omnis/vocab_images/assets_images/object_hsk7_5361_cover_centered_001.webp
object_hsk7_5362_cover_centered_001.webp,,,,/Users/mansur/universal_study_bot org/images omnis/vocab_images/assets_images/object_hsk7_5362_cover_centered_001.webp
object_hsk7_5365_discount_centered_001.webp,,,,/Users/mansur/universal_study_bot org/images omnis/vocab_images/assets_images/object_hsk7_5365_discount_centered_001.webp
object_hsk7_5372_treasure_centered_001.webp,,,,/Users/mansur/universal_study_bot org/images omnis/vocab_images/assets_images/object_hsk7_5372_treasure_centered_001.webp
object_hsk7_5373_cherish_centered_001.webp,,,,/Users/mansur/universal_study_bot org/images omnis/vocab_images/assets_images/object_hsk7_5373_cherish_centered_001.webp
object_hsk7_5374_cherish_centered_001.webp,,,,/Users/mansur/universal_study_bot org/images omnis/vocab_images/assets_images/object_hsk7_5374_cherish_centered_001.webp
object_hsk7_5378_really_centered_001.webp,,,,/Users/mansur/universal_study_bot org/images omnis/vocab_images/assets_images/object_hsk7_5378_really_centered_001.webp
object_hsk7_5383_earthquake_centered_001.webp,,,,/Users/mansur/universal_study_bot org/images omnis/vocab_images/assets_images/object_hsk7_5383_earthquake_centered_001.webp
object_hsk7_5384_vibration_centered_001.webp,,,,/Users/mansur/universal_study_bot org/images omnis/vocab_images/assets_images/object_hsk7_5384_vibration_centered_001.webp
object_hsk7_5385_quarrel_centered_001.webp,,,,/Users/mansur/universal_study_bot org/images omnis/vocab_images/assets_images/object_hsk7_5385_quarrel_centered_001.webp
object_hsk7_5388_dispute_centered_001.webp,,,,/Users/mansur/universal_study_bot org/images omnis/vocab_images/assets_images/object_hsk7_5388_dispute_centered_001.webp
object_hsk7_5393_save_centered_001.webp,,,,/Users/mansur/universal_study_bot org/images omnis/vocab_images/assets_images/object_hsk7_5393_save_centered_001.webp
object_hsk7_5395_clean_centered_001.webp,,,,/Users/mansur/universal_study_bot org/images omnis/vocab_images/assets_images/object_hsk7_5395_clean_centered_001.webp
object_hsk7_5397_positive_centered_001.webp,,,,/Users/mansur/universal_study_bot org/images omnis/vocab_images/assets_images/object_hsk7_5397_positive_centered_001.webp
object_hsk7_5400_integrity_centered_001.webp,,,,/Users/mansur/universal_study_bot org/images omnis/vocab_images/assets_images/object_hsk7_5400_integrity_centered_001.webp
object_hsk7_5401_witness_centered_001.webp,,,,/Users/mansur/universal_study_bot org/images omnis/vocab_images/assets_images/object_hsk7_5401_witness_centered_001.webp
object_hsk7_5413_direct_centered_001.webp,,,,/Users/mansur/universal_study_bot org/images omnis/vocab_images/assets_images/object_hsk7_5413_direct_centered_001.webp
object_hsk7_5419_authority_centered_001.webp,,,,/Users/mansur/universal_study_bot org/images omnis/vocab_images/assets_images/object_hsk7_5419_authority_centered_001.webp
object_hsk7_5421_employee_centered_001.webp,,,,/Users/mansur/universal_study_bot org/images omnis/vocab_images/assets_images/object_hsk7_5421_employee_centered_001.webp
object_hsk7_5422_stop_centered_001.webp,,,,/Users/mansur/universal_study_bot org/images omnis/vocab_images/assets_images/object_hsk7_5422_stop_centered_001.webp
object_hsk7_5426_guidance_centered_001.webp,,,,/Users/mansur/universal_study_bot org/images omnis/vocab_images/assets_images/object_hsk7_5426_guidance_centered_001.webp
object_hsk7_5427_guidance_centered_001.webp,,,,/Users/mansur/universal_study_bot org/images omnis/vocab_images/assets_images/object_hsk7_5427_guidance_centered_001.webp
object_hsk7_5428_guide_centered_001.webp,,,,/Users/mansur/universal_study_bot org/images omnis/vocab_images/assets_images/object_hsk7_5428_guide_centered_001.webp
object_hsk7_5430_point_to_centered_001.webp,,,,/Users/mansur/universal_study_bot org/images omnis/vocab_images/assets_images/object_hsk7_5430_point_to_centered_001.webp
object_hsk7_5431_guidance_centered_001.webp,,,,/Users/mansur/universal_study_bot org/images omnis/vocab_images/assets_images/object_hsk7_5431_guidance_centered_001.webp
object_hsk7_5432_so_far_centered_001.webp,,,,/Users/mansur/universal_study_bot org/images omnis/vocab_images/assets_images/object_hsk7_5432_so_far_centered_001.webp
object_hsk7_5434_system_centered_001.webp,,,,/Users/mansur/universal_study_bot org/images omnis/vocab_images/assets_images/object_hsk7_5434_system_centered_001.webp
object_hsk7_5435_product_centered_001.webp,,,,/Users/mansur/universal_study_bot org/images omnis/vocab_images/assets_images/object_hsk7_5435_product_centered_001.webp
object_hsk7_5440_scholarship_centered_001.webp,,,,/Users/mansur/universal_study_bot org/images omnis/vocab_images/assets_images/object_hsk7_5440_scholarship_centered_001.webp
object_hsk7_5443_get_rich_centered_001.webp,,,,/Users/mansur/universal_study_bot org/images omnis/vocab_images/assets_images/object_hsk7_5443_get_rich_centered_001.webp
object_hsk7_5449_place_centered_001.webp,,,,/Users/mansur/universal_study_bot org/images omnis/vocab_images/assets_images/object_hsk7_5449_place_centered_001.webp
object_hsk7_5453_neutral_centered_001.webp,,,,/Users/mansur/universal_study_bot org/images omnis/vocab_images/assets_images/object_hsk7_5453_neutral_centered_001.webp
object_hsk7_5455_termination_centered_001.webp,,,,/Users/mansur/universal_study_bot org/images omnis/vocab_images/assets_images/object_hsk7_5455_termination_centered_001.webp
object_hsk7_5457_loyalty_centered_001.webp,,,,/Users/mansur/universal_study_bot org/images omnis/vocab_images/assets_images/object_hsk7_5457_loyalty_centered_001.webp
object_hsk7_5458_end_centered_001.webp,,,,/Users/mansur/universal_study_bot org/images omnis/vocab_images/assets_images/object_hsk7_5458_end_centered_001.webp
object_hsk7_5467_heavy_centered_001.webp,,,,/Users/mansur/universal_study_bot org/images omnis/vocab_images/assets_images/object_hsk7_5467_heavy_centered_001.webp
object_hsk7_5469_to_deal_with_centered_001.webp,,,,/Users/mansur/universal_study_bot org/images omnis/vocab_images/assets_images/object_hsk7_5469_to_deal_with_centered_001.webp
object_hsk7_5471_suddenly_centered_001.webp,,,,/Users/mansur/universal_study_bot org/images omnis/vocab_images/assets_images/object_hsk7_5471_suddenly_centered_001.webp
object_hsk7_5473_many_centered_001.webp,,,,/Users/mansur/universal_study_bot org/images omnis/vocab_images/assets_images/object_hsk7_5473_many_centered_001.webp
object_hsk7_5476_main_centered_001.webp,,,,/Users/mansur/universal_study_bot org/images omnis/vocab_images/assets_images/object_hsk7_5476_main_centered_001.webp
object_hsk7_5484_home_centered_001.webp,,,,/Users/mansur/universal_study_bot org/images omnis/vocab_images/assets_images/object_hsk7_5484_home_centered_001.webp
object_hsk7_5489_household_centered_001.webp,,,,/Users/mansur/universal_study_bot org/images omnis/vocab_images/assets_images/object_hsk7_5489_household_centered_001.webp
object_hsk7_5491_address_centered_001.webp,,,,/Users/mansur/universal_study_bot org/images omnis/vocab_images/assets_images/object_hsk7_5491_address_centered_001.webp
object_hsk7_5492_storage_centered_001.webp,,,,/Users/mansur/universal_study_bot org/images omnis/vocab_images/assets_images/object_hsk7_5492_storage_centered_001.webp
object_hsk7_5493_note_centered_001.webp,,,,/Users/mansur/universal_study_bot org/images omnis/vocab_images/assets_images/object_hsk7_5493_note_centered_001.webp
object_hsk7_5495_injection_centered_001.webp,,,,/Users/mansur/universal_study_bot org/images omnis/vocab_images/assets_images/object_hsk7_5495_injection_centered_001.webp
object_hsk7_5496_build_centered_001.webp,,,,/Users/mansur/universal_study_bot org/images omnis/vocab_images/assets_images/object_hsk7_5496_build_centered_001.webp
object_hsk7_5498_counter_centered_001.webp,,,,/Users/mansur/universal_study_bot org/images omnis/vocab_images/assets_images/object_hsk7_5498_counter_centered_001.webp
object_hsk7_5504_focus_centered_001.webp,,,,/Users/mansur/universal_study_bot org/images omnis/vocab_images/assets_images/object_hsk7_5504_focus_centered_001.webp
object_hsk7_5506_broadcast_centered_001.webp,,,,/Users/mansur/universal_study_bot org/images omnis/vocab_images/assets_images/object_hsk7_5506_broadcast_centered_001.webp
object_hsk7_5507_transfer_centered_001.webp,,,,/Users/mansur/universal_study_bot org/images omnis/vocab_images/assets_images/object_hsk7_5507_transfer_centered_001.webp
object_hsk7_5508_hand_over_centered_001.webp,,,,/Users/mansur/universal_study_bot org/images omnis/vocab_images/assets_images/object_hsk7_5508_hand_over_centered_001.webp
object_hsk7_5509_transformation_centered_001.webp,,,,/Users/mansur/universal_study_bot org/images omnis/vocab_images/assets_images/object_hsk7_5509_transformation_centered_001.webp
object_hsk7_5513_turning_point_centered_001.webp,,,,/Users/mansur/universal_study_bot org/images omnis/vocab_images/assets_images/object_hsk7_5513_turning_point_centered_001.webp
object_hsk7_5516_write_centered_001.webp,,,,/Users/mansur/universal_study_bot org/images omnis/vocab_images/assets_images/object_hsk7_5516_write_centered_001.webp
object_hsk7_5518_pile_centered_001.webp,,,,/Users/mansur/universal_study_bot org/images omnis/vocab_images/assets_images/object_hsk7_5518_pile_centered_001.webp
object_hsk7_5519_dress_up_centered_001.webp,,,,/Users/mansur/universal_study_bot org/images omnis/vocab_images/assets_images/object_hsk7_5519_dress_up_centered_001.webp
object_hsk7_5520_strong_centered_001.webp,,,,/Users/mansur/universal_study_bot org/images omnis/vocab_images/assets_images/object_hsk7_5520_strong_centered_001.webp
object_hsk7_5521_expand_centered_001.webp,,,,/Users/mansur/universal_study_bot org/images omnis/vocab_images/assets_images/object_hsk7_5521_expand_centered_001.webp
object_hsk7_5523_sturdy_centered_001.webp,,,,/Users/mansur/universal_study_bot org/images omnis/vocab_images/assets_images/object_hsk7_5523_sturdy_centered_001.webp
object_hsk7_5525_impact_centered_001.webp,,,,/Users/mansur/universal_study_bot org/images omnis/vocab_images/assets_images/object_hsk7_5525_impact_centered_001.webp
object_hsk7_5529_follow_centered_001.webp,,,,/Users/mansur/universal_study_bot org/images omnis/vocab_images/assets_images/object_hsk7_5529_follow_centered_001.webp
object_hsk7_5532_chase_centered_001.webp,,,,/Users/mansur/universal_study_bot org/images omnis/vocab_images/assets_images/object_hsk7_5532_chase_centered_001.webp
object_hsk7_5533_tracking_centered_001.webp,,,,/Users/mansur/universal_study_bot org/images omnis/vocab_images/assets_images/object_hsk7_5533_tracking_centered_001.webp
object_hsk7_5539_focus_centered_001.webp,,,,/Users/mansur/universal_study_bot org/images omnis/vocab_images/assets_images/object_hsk7_5539_focus_centered_001.webp
object_hsk7_5540_landing_centered_001.webp,,,,/Users/mansur/universal_study_bot org/images omnis/vocab_images/assets_images/object_hsk7_5540_landing_centered_001.webp
object_hsk7_5541_really_centered_001.webp,,,,/Users/mansur/universal_study_bot org/images omnis/vocab_images/assets_images/object_hsk7_5541_really_centered_001.webp
object_hsk7_5544_this_centered_001.webp,,,,/Users/mansur/universal_study_bot org/images omnis/vocab_images/assets_images/object_hsk7_5544_this_centered_001.webp
object_hsk7_5547_information_centered_001.webp,,,,/Users/mansur/universal_study_bot org/images omnis/vocab_images/assets_images/object_hsk7_5547_information_centered_001.webp
object_hsk7_5548_descendants_centered_001.webp,,,,/Users/mansur/universal_study_bot org/images omnis/vocab_images/assets_images/object_hsk7_5548_descendants_centered_001.webp
object_hsk7_5549_descendants_centered_001.webp,,,,/Users/mansur/universal_study_bot org/images omnis/vocab_images/assets_images/object_hsk7_5549_descendants_centered_001.webp
object_hsk7_5554_self-reliance_centered_001.webp,,,,/Users/mansur/universal_study_bot org/images omnis/vocab_images/assets_images/object_hsk7_5554_self-reliance_centered_001.webp
object_hsk7_5557_nature_centered_001.webp,,,,/Users/mansur/universal_study_bot org/images omnis/vocab_images/assets_images/object_hsk7_5557_nature_centered_001.webp
object_hsk7_5558_comfortable_centered_001.webp,,,,/Users/mansur/universal_study_bot org/images omnis/vocab_images/assets_images/object_hsk7_5558_comfortable_centered_001.webp
object_hsk7_5559_from_beginning_to_end_centered_001.webp,,,,/Users/mansur/universal_study_bot org/images omnis/vocab_images/assets_images/object_hsk7_5559_from_beginning_to_end_centered_001.webp
object_hsk7_5563_self-confidence_centered_001.webp,,,,/Users/mansur/universal_study_bot org/images omnis/vocab_images/assets_images/object_hsk7_5563_self-confidence_centered_001.webp
object_hsk7_5573_word_centered_001.webp,,,,/Users/mansur/universal_study_bot org/images omnis/vocab_images/assets_images/object_hsk7_5573_word_centered_001.webp
object_hsk7_5575_in_summary_centered_001.webp,,,,/Users/mansur/universal_study_bot org/images omnis/vocab_images/assets_images/object_hsk7_5575_in_summary_centered_001.webp
object_hsk7_5577_total_amount_centered_001.webp,,,,/Users/mansur/universal_study_bot org/images omnis/vocab_images/assets_images/object_hsk7_5577_total_amount_centered_001.webp
object_hsk7_5587_approach_centered_001.webp,,,,/Users/mansur/universal_study_bot org/images omnis/vocab_images/assets_images/object_hsk7_5587_approach_centered_001.webp
object_hsk7_5590_effective_centered_001.webp,,,,/Users/mansur/universal_study_bot org/images omnis/vocab_images/assets_images/object_hsk7_5590_effective_centered_001.webp
object_hsk7_5594_resistance_centered_001.webp,,,,/Users/mansur/universal_study_bot org/images omnis/vocab_images/assets_images/object_hsk7_5594_resistance_centered_001.webp
object_hsk7_5595_establish_centered_001.webp,,,,/Users/mansur/universal_study_bot org/images omnis/vocab_images/assets_images/object_hsk7_5595_establish_centered_001.webp
object_hsk7_5602_noble_centered_001.webp,,,,/Users/mansur/universal_study_bot org/images omnis/vocab_images/assets_images/object_hsk7_5602_noble_centered_001.webp
object_hsk7_5603_comply_with_centered_001.webp,,,,/Users/mansur/universal_study_bot org/images omnis/vocab_images/assets_images/object_hsk7_5603_comply_with_centered_001.webp
object_hsk7_5605_seasoning_centered_001.webp,,,,/Users/mansur/universal_study_bot org/images omnis/vocab_images/assets_images/object_hsk7_5605_seasoning_centered_001.webp
object_hsk7_5606_oppose_centered_001.webp,,,,/Users/mansur/universal_study_bot org/images omnis/vocab_images/assets_images/object_hsk7_5606_oppose_centered_001.webp
object_hsk7_5611_doing_business_centered_001.webp,,,,/Users/mansur/universal_study_bot org/images omnis/vocab_images/assets_images/object_hsk7_5611_doing_business_centered_001.webp
object_person_child_centered_001.webp,,,,/Users/mansur/universal_study_bot org/images omnis/vocab_images/assets_images/object_person_child_centered_001.webp
object_person_dad_centered_001.webp,,,,/Users/mansur/universal_study_bot org/images omnis/vocab_images/assets_images/object_person_dad_centered_001.webp
object_person_doctor_centered_001.webp,,,,/Users/mansur/universal_study_bot org/images omnis/vocab_images/assets_images/object_person_doctor_centered_001.webp
object_person_friend_centered_001.webp,,,,/Users/mansur/universal_study_bot org/images omnis/vocab_images/assets_images/object_person_friend_centered_001.webp
object_person_mother_centered_001.webp,,,,/Users/mansur/universal_study_bot org/images omnis/vocab_images/assets_images/object_person_mother_centered_001.webp
object_person_teacher_centered_001.webp,,,,/Users/mansur/universal_study_bot org/images omnis/vocab_images/assets_images/object_person_teacher_centered_001.webp
object_time_evening_centered_001.webp,,,,/Users/mansur/universal_study_bot org/images omnis/vocab_images/assets_images/object_time_evening_centered_001.webp
object_vehicle_airplane_centered_001.webp,,,,/Users/mansur/universal_study_bot org/images omnis/vocab_images/assets_images/object_vehicle_airplane_centered_001.webp
object_vehicle_bicycle_side_001.webp,,,,/Users/mansur/universal_study_bot org/images omnis/vocab_images/assets_images/object_vehicle_bicycle_side_001.webp
object_vehicle_car_centered_001.webp,,,,/Users/mansur/universal_study_bot org/images omnis/vocab_images/assets_images/object_vehicle_car_centered_001.webp
object_vehicle_car_suv_front3q_001.webp,,,,/Users/mansur/universal_study_bot org/images omnis/vocab_images/assets_images/object_vehicle_car_suv_front3q_001.webp
object_vehicle_get_on_the_bus_centered_001.webp,,,,/Users/mansur/universal_study_bot org/images omnis/vocab_images/assets_images/object_vehicle_get_on_the_bus_centered_001.webp
object_vehicle_plane_ticket_centered_001.webp,,,,/Users/mansur/universal_study_bot org/images omnis/vocab_images/assets_images/object_vehicle_plane_ticket_centered_001.webp
object_vehicle_train_centered_001.webp,,,,/Users/mansur/universal_study_bot org/images omnis/vocab_images/assets_images/object_vehicle_train_centered_001.webp
object_vehicle_train_ticket_centered_001.webp,,,,/Users/mansur/universal_study_bot org/images omnis/vocab_images/assets_images/object_vehicle_train_ticket_centered_001.webp
symbol_emotion_happy_sun_001.webp,,,,/Users/mansur/universal_study_bot org/images omnis/vocab_images/assets_images/symbol_emotion_happy_sun_001.webp
